date,stadium,race_no,upset,n_picks,picks,max_edge,rank1,rank2,rank3,wind,wave,result,hit,payout,profit,note,model_version,tansho,pick_detail,shadow_version,shadow_picks,shadow_p_win,shadow_tags
2026-07-08,桐生,1,🌊最高(大荒),10,1-4-2 / 1-2-4 / 4-1-2 / 4-2-1 / 2-1-4 / 2-4-1 / 1-4-5 / 1-5-4 / 5-1-4 / 5-4-1,,1号菊池 峰晴,4号久富 政弘,2号永井 源,2.0,1.0,1-4-3,×,2400,-1000,,,,,,,,
2026-07-08,桐生,2,△中,6,1-6-5 / 1-5-6 / 6-1-5 / 6-5-1 / 5-1-6 / 5-6-1,,1号鶴田 勇雄,6号吉田 凌太朗,5号上村 純一,2.0,1.0,6-2-3,×,105060,-600,,,,,,,,
2026-07-08,桐生,3,✅低(堅),6,1-6-4 / 1-4-6 / 6-1-4 / 6-4-1 / 4-1-6 / 4-6-1,,1号小林 一樹,6号川原 祐明,4号田中 駿兵,3.0,2.0,4-5-6,×,4130,-600,,,,,,,,
2026-07-08,桐生,4,✅低(堅),6,1-5-6 / 1-6-5 / 5-1-6 / 5-6-1 / 6-1-5 / 6-5-1,,1号麻生 慎介,5号三村 岳人,6号深川 真二,3.0,2.0,3-6-4,×,39350,-600,,,,,,,,
2026-07-08,桐生,5,✅低(堅),6,1-2-5 / 1-5-2 / 2-1-5 / 2-5-1 / 5-1-2 / 5-2-1,,1号藤原 仙二,2号林 祐介,5号中村 泰平,3.0,2.0,5-3-6,×,21000,-600,,,,,,,,
2026-07-08,桐生,6,✅低(堅),6,1-4-5 / 1-5-4 / 4-1-5 / 4-5-1 / 5-1-4 / 5-4-1,,1号栗城 匠,4号浮田 圭浩,5号村上 彰一,3.0,2.0,1-4-2,×,2700,-600,,,,,,,,
2026-07-08,桐生,7,✅低(堅),6,1-3-6 / 1-6-3 / 3-1-6 / 3-6-1 / 6-1-3 / 6-3-1,,1号鈴木 博,3号久富 政弘,6号立具 敬司,2.0,1.0,3-1-4,×,3810,-600,,,,,,,,
2026-07-08,桐生,8,△中,6,1-5-6 / 1-6-5 / 5-1-6 / 5-6-1 / 6-1-5 / 6-5-1,,1号岡田 憲行,5号永井 源,6号生方 靖亜,2.0,1.0,1-5-6,○,3130,2530,,,,,,,,
2026-07-08,桐生,9,✅低(堅),6,1-3-4 / 1-4-3 / 3-1-4 / 3-4-1 / 4-1-3 / 4-3-1,,1号深川 真二,3号田中 駿兵,4号中村 泰平,2.0,1.0,1-5-2,×,16120,-600,,,,,,,,
2026-07-08,桐生,10,✅低(堅),6,1-3-2 / 1-2-3 / 3-1-2 / 3-2-1 / 2-1-3 / 2-3-1,,1号竹田 和哉,3号栗城 匠,2号上村 純一,2.0,1.0,3-1-5,×,10550,-600,,,,,,,,
2026-07-08,桐生,11,✅低(堅),6,1-2-3 / 1-3-2 / 2-1-3 / 2-3-1 / 3-1-2 / 3-2-1,,1号川原 祐明,2号鈴木 博,3号麻生 慎介,2.0,1.0,1-4-5,×,4990,-600,,,,,,,,
2026-07-08,桐生,12,△中,6,1-5-2 / 1-2-5 / 5-1-2 / 5-2-1 / 2-1-5 / 2-5-1,,1号國崎 良春,5号岡田 憲行,2号宇留田 翔平,2.0,1.0,2-3-5,×,2760,-600,,,,,,,,
2026-07-08,戸田,1,✅低(堅),6,1-2-6 / 1-6-2 / 2-1-6 / 2-6-1 / 6-1-2 / 6-2-1,,1号菊地 孝平,2号山田 康二,6号渡邉 俊介,4.0,3.0,1-2-3,×,530,-600,,,,,,,,
2026-07-08,戸田,2,✅低(堅),6,1-6-2 / 1-2-6 / 6-1-2 / 6-2-1 / 2-1-6 / 2-6-1,,1号小林 泰,6号桑原 悠,2号益田 啓司,1.0,1.0,1-3-5,×,1910,-600,,,,,,,,
2026-07-08,戸田,3,⚠高(荒),10,1-3-5 / 1-5-3 / 3-1-5 / 3-5-1 / 5-1-3 / 5-3-1 / 1-3-4 / 1-4-3 / 4-1-3 / 4-3-1,,1号鹿島 敏弘,3号平本 真之,5号佐藤 翼,1.0,1.0,5-1-3,○,12270,11270,,,,,,,,
2026-07-08,戸田,4,✅低(堅),6,1-3-2 / 1-2-3 / 3-1-2 / 3-2-1 / 2-1-3 / 2-3-1,,1号山口 剛,3号毒島 誠,2号飯山 泰,1.0,1.0,1-6-4,×,4520,-600,,,,,,,,
2026-07-08,戸田,5,✅低(堅),6,1-2-4 / 1-4-2 / 2-1-4 / 2-4-1 / 4-1-2 / 4-2-1,,1号遠藤 エミ,2号今井 美亜,4号櫻本 あゆみ,2.0,1.0,1-3-6,×,10080,-600,,,,,,,,
2026-07-08,戸田,6,✅低(堅),6,1-3-2 / 1-2-3 / 3-1-2 / 3-2-1 / 2-1-3 / 2-3-1,,1号石渡 鉄兵,3号関 浩哉,2号渡邉 俊介,2.0,1.0,5-3-6,×,8530,-600,,,,,,,,
2026-07-08,戸田,7,✅低(堅),6,1-2-3 / 1-3-2 / 2-1-3 / 2-3-1 / 3-1-2 / 3-2-1,,1号市橋 卓士,2号新開 航,3号濱野谷 憲吾,0.0,0.0,3-4-6,×,4750,-600,,,,,,,,
2026-07-08,戸田,8,△中,6,1-6-2 / 1-2-6 / 6-1-2 / 6-2-1 / 2-1-6 / 2-6-1,,1号金子 和之,6号山田 康二,2号太田 和美,2.0,1.0,3-4-5,×,10760,-600,,,,,,,,
2026-07-08,戸田,9,✅低(堅),6,1-6-5 / 1-5-6 / 6-1-5 / 6-5-1 / 5-1-6 / 5-6-1,,1号大池 佑来,6号井口 佳典,5号桑原 悠,0.0,0.0,1-6-5,○,3540,2940,,,,,,,,
2026-07-08,戸田,10,✅低(堅),6,1-4-3 / 1-3-4 / 4-1-3 / 4-3-1 / 3-1-4 / 3-4-1,,1号上條 暢嵩,4号遠藤 エミ,3号磯部 誠,0.0,0.0,3-2-4,×,14020,-600,,,,,,,,
2026-07-08,戸田,11,✅低(堅),6,1-2-4 / 1-4-2 / 2-1-4 / 2-4-1 / 4-1-2 / 4-2-1,,1号馬場 貴也,2号仲谷 颯仁,4号吉田 拡郎,2.0,1.0,1-4-3,×,1180,-600,,,,,,,,
2026-07-08,戸田,12,✅低(堅),6,1-2-3 / 1-3-2 / 2-1-3 / 2-3-1 / 3-1-2 / 3-2-1,,1号佐藤 翼,2号石渡 鉄兵,3号中村 日向,3.0,2.0,1-4-2,×,2340,-600,,,,,,,,
2026-07-08,多摩川,1,🌊最高(大荒),10,1-3-5 / 1-5-3 / 3-1-5 / 3-5-1 / 5-1-3 / 5-3-1 / 1-3-4 / 1-4-3 / 4-1-3 / 4-3-1,,1号杢野 誓良,3号久田 武,5号岩橋 裕馬,3.0,2.0,1-3-2,×,1040,-1000,,,,,,,,
2026-07-08,多摩川,2,🌊最高(大荒),10,1-5-4 / 1-4-5 / 5-1-4 / 5-4-1 / 4-1-5 / 4-5-1 / 1-5-3 / 1-3-5 / 3-1-5 / 3-5-1,,1号池田 雷太,5号寺本 重宣,4号河合 三弘,3.0,2.0,2-1-3,×,8350,-1000,,,,,,,,
2026-07-08,多摩川,3,✅低(堅),6,1-6-3 / 1-3-6 / 6-1-3 / 6-3-1 / 3-1-6 / 3-6-1,,1号小坂 宗司,6号山崎 郡,3号渡辺 真至,1.0,2.0,1-6-2,×,1820,-600,,,,,,,,
2026-07-08,多摩川,4,✅低(堅),6,1-4-2 / 1-2-4 / 4-1-2 / 4-2-1 / 2-1-4 / 2-4-1,,1号石田 貴洋,4号盛本 真輔,2号品田 直樹,0.0,2.0,1-2-3,×,1100,-600,,,,,,,,
2026-07-08,多摩川,5,✅低(堅),6,1-3-2 / 1-2-3 / 3-1-2 / 3-2-1 / 2-1-3 / 2-3-1,,1号佐々木 翔斗,3号山地 正樹,2号古場 輝義,0.0,2.0,4-2-5,×,70440,-600,,,,,,,,
2026-07-08,多摩川,6,✅低(堅),6,1-2-6 / 1-6-2 / 2-1-6 / 2-6-1 / 6-1-2 / 6-2-1,,1号松下 一也,2号岩川 仁士,6号岩瀬 裕亮,1.0,2.0,4-6-1,×,7370,-600,,,,,,,,
2026-07-08,多摩川,7,⚠高(荒),10,1-5-3 / 1-3-5 / 5-1-3 / 5-3-1 / 3-1-5 / 3-5-1 / 1-5-4 / 1-4-5 / 4-1-5 / 4-5-1,,1号岩橋 裕馬,5号桑原 将光,3号大澤 大夢,2.0,2.0,1-4-5,○,1070,70,,,,,,,,
2026-07-08,多摩川,8,🌊最高(大荒),10,1-2-3 / 1-3-2 / 2-1-3 / 2-3-1 / 3-1-2 / 3-2-1 / 1-2-5 / 1-5-2 / 5-1-2 / 5-2-1,,1号吉永 浩則,2号川崎 智幸,3号木山 誠一,1.0,2.0,2-1-4,×,2460,-1000,,,,,,,,
2026-07-08,多摩川,9,⚠高(荒),10,1-4-5 / 1-5-4 / 4-1-5 / 4-5-1 / 5-1-4 / 5-4-1 / 1-4-2 / 1-2-4 / 2-1-4 / 2-4-1,,1号長畑 友輔,4号宇佐見 淳,5号品田 直樹,0.0,2.0,3-1-4,×,6400,-1000,,,,,,,,
2026-07-08,多摩川,10,🌊最高(大荒),10,1-4-6 / 1-6-4 / 4-1-6 / 4-6-1 / 6-1-4 / 6-4-1 / 1-4-5 / 1-5-4 / 5-1-4 / 5-4-1,,1号夏山 亮平,4号久田 武,6号佐々木 翔斗,2.0,2.0,1-3-4,×,1000,-1000,,,,,,,,
2026-07-08,多摩川,11,✅低(堅),6,1-4-2 / 1-2-4 / 4-1-2 / 4-2-1 / 2-1-4 / 2-4-1,,1号一瀬 明,4号岩瀬 裕亮,2号寺本 重宣,2.0,1.0,6-3-1,×,148390,-600,,,,,,,,
2026-07-08,多摩川,12,✅低(堅),6,1-6-5 / 1-5-6 / 6-1-5 / 6-5-1 / 5-1-6 / 5-6-1,,1号山崎 郡,6号石田 貴洋,5号岩川 仁士,4.0,2.0,1-6-3,×,1650,-600,,,,,,,,
2026-07-08,常滑,1,✅低(堅),6,1-6-5 / 1-5-6 / 6-1-5 / 6-5-1 / 5-1-6 / 5-6-1,,1号竹下 大樹,6号菅沼 佳昭,5号高橋 涼夏,3.0,1.0,1-3-6,×,890,-600,,,,,,,,
2026-07-08,常滑,2,🌊最高(大荒),10,5-2-1 / 5-1-2 / 2-5-1 / 2-1-5 / 1-5-2 / 1-2-5 / 5-2-4 / 5-4-2 / 4-5-2 / 4-2-5,,5号葛原 大陽,2号烏野 賢太,1号濱崎 寿里矢,3.0,1.0,4-5-2,○,3710,2710,,,,,,,,
2026-07-08,常滑,3,🌊最高(大荒),10,1-5-3 / 1-3-5 / 5-1-3 / 5-3-1 / 3-1-5 / 3-5-1 / 1-5-2 / 1-2-5 / 2-1-5 / 2-5-1,,1号川北 浩貴,5号田中 和也,3号横川 聖志,2.0,1.0,1-2-3,×,1140,-1000,,,,,,,,
2026-07-08,常滑,4,✅低(堅),6,1-4-6 / 1-6-4 / 4-1-6 / 4-6-1 / 6-1-4 / 6-4-1,,1号三嶌 誠司,4号吉川 昭男,6号荒井 翔伍,3.0,1.0,1-3-2,×,1180,-600,,,,,,,,
2026-07-08,常滑,5,🌊最高(大荒),10,1-3-6 / 1-6-3 / 3-1-6 / 3-6-1 / 6-1-3 / 6-3-1 / 1-3-4 / 1-4-3 / 4-1-3 / 4-3-1,,1号中里 優子,3号清埜 翔子,6号前田 翔,3.0,1.0,1-6-3,○,2470,1470,,,,,,,,
2026-07-08,常滑,6,✅低(堅),6,1-2-3 / 1-3-2 / 2-1-3 / 2-3-1 / 3-1-2 / 3-2-1,,1号新田 泰章,2号河野 真也,3号荻野 裕介,3.0,1.0,1-3-2,○,540,-60,,,,,,,,
2026-07-08,常滑,7,🌊最高(大荒),10,1-5-6 / 1-6-5 / 5-1-6 / 5-6-1 / 6-1-5 / 6-5-1 / 1-5-2 / 1-2-5 / 2-1-5 / 2-5-1,,1号胡本 悟志,5号中山 翔太,6号萬 正嗣,3.0,1.0,1-2-3,×,2920,-1000,,,,,,,,
2026-07-08,常滑,8,⚠高(荒),10,1-5-2 / 1-2-5 / 5-1-2 / 5-2-1 / 2-1-5 / 2-5-1 / 1-5-4 / 1-4-5 / 4-1-5 / 4-5-1,,1号三宅 健太,5号北川 潤二,2号荒井 翔伍,3.0,1.0,1-4-2,×,4030,-1000,,,,,,,,
2026-07-08,常滑,9,✅低(堅),6,1-5-2 / 1-2-5 / 5-1-2 / 5-2-1 / 2-1-5 / 2-5-1,,1号吉川 昭男,5号清水 攻二,2号田中 和也,3.0,1.0,1-4-2,×,1340,-600,,,,,,,,
2026-07-08,常滑,10,△中,6,1-5-6 / 1-6-5 / 5-1-6 / 5-6-1 / 6-1-5 / 6-5-1,,1号野間 大樹,5号長田 頼宗,6号清埜 翔子,3.0,1.0,1-3-2,×,4530,-600,,,,,,,,
2026-07-08,常滑,11,✅低(堅),6,1-5-6 / 1-6-5 / 5-1-6 / 5-6-1 / 6-1-5 / 6-5-1,,1号中山 翔太,5号竹下 大樹,6号横川 聖志,3.0,1.0,1-6-3,×,8190,-600,,,,,,,,
2026-07-08,常滑,12,✅低(堅),6,1-5-4 / 1-4-5 / 5-1-4 / 5-4-1 / 4-1-5 / 4-5-1,,1号北川 潤二,5号三嶌 誠司,4号新田 泰章,3.0,1.0,1-3-5,×,2430,-600,,,,,,,,
2026-07-08,三国,1,✅低(堅),6,1-2-6 / 1-6-2 / 2-1-6 / 2-6-1 / 6-1-2 / 6-2-1,,1号繁野谷 圭介,2号岡部 哲,6号村越 篤,2.0,2.0,1-4-2,×,1650,-600,,,,,,,,
2026-07-08,三国,2,✅低(堅),6,1-5-3 / 1-3-5 / 5-1-3 / 5-3-1 / 3-1-5 / 3-5-1,,1号田頭 実,5号室田 泰史,3号佐々木 英樹,3.0,3.0,1-4-3,×,5200,-600,,,,,,,,
2026-07-08,三国,3,🌊最高(大荒),10,1-2-5 / 1-5-2 / 2-1-5 / 2-5-1 / 5-1-2 / 5-2-1 / 1-2-3 / 1-3-2 / 3-1-2 / 3-2-1,,1号富永 正人,2号山本 修一,5号鳥居塚 孝博,3.0,3.0,2-4-5,×,5140,-1000,,,,,,,,
2026-07-08,三国,4,△中,6,1-3-2 / 1-2-3 / 3-1-2 / 3-2-1 / 2-1-3 / 2-3-1,,1号平石 和男,3号佐々木 康幸,2号高橋 勲,4.0,4.0,2-1-5,×,7000,-600,,,,,,,,
2026-07-08,三国,5,🌊最高(大荒),10,1-4-2 / 1-2-4 / 4-1-2 / 4-2-1 / 2-1-4 / 2-4-1 / 1-4-5 / 1-5-4 / 5-1-4 / 5-4-1,,1号濱崎 誠,4号柳瀬 興志,2号萩原 秀人,4.0,4.0,2-4-1,○,1850,850,,,,,,,,
2026-07-08,三国,6,🌊最高(大荒),10,1-6-3 / 1-3-6 / 6-1-3 / 6-3-1 / 3-1-6 / 3-6-1 / 1-6-2 / 1-2-6 / 2-1-6 / 2-6-1,,1号森林 太,6号仲口 博崇,3号山一 鉄也,4.0,4.0,3-1-6,○,1610,610,,,,,,,,
2026-07-08,三国,7,⚠高(荒),10,1-5-3 / 1-3-5 / 5-1-3 / 5-3-1 / 3-1-5 / 3-5-1 / 1-5-6 / 1-6-5 / 6-1-5 / 6-5-1,,1号飯山 晃三,5号武田 光史,3号長谷川 充,3.0,3.0,1-3-4,×,3160,-1000,,,,,,,,
2026-07-08,三国,8,⚠高(荒),10,1-5-2 / 1-2-5 / 5-1-2 / 5-2-1 / 2-1-5 / 2-5-1 / 1-5-4 / 1-4-5 / 4-1-5 / 4-5-1,,1号津留 浩一郎,5号平石 和男,2号三角 哲男,1.0,1.0,2-1-5,○,760,-240,,,,,,,,
2026-07-08,三国,9,🌊最高(大荒),10,1-6-5 / 1-5-6 / 6-1-5 / 6-5-1 / 5-1-6 / 5-6-1 / 1-6-3 / 1-3-6 / 3-1-6 / 3-6-1,,1号廣中 良一,6号萩原 秀人,5号宮地 博士,1.0,1.0,6-1-4,×,1370,-1000,,,,,,,,
2026-07-08,三国,10,⚠高(荒),10,1-3-6 / 1-6-3 / 3-1-6 / 3-6-1 / 6-1-3 / 6-3-1 / 1-3-5 / 1-5-3 / 5-1-3 / 5-3-1,,1号浦田 信義,3号田頭 実,6号山一 鉄也,1.0,1.0,3-4-5,×,6700,-1000,,,,,,,,
2026-07-08,三国,11,🌊最高(大荒),10,1-2-6 / 1-6-2 / 2-1-6 / 2-6-1 / 6-1-2 / 6-2-1 / 1-2-4 / 1-4-2 / 4-1-2 / 4-2-1,,1号中村 真,2号鳥居塚 孝博,6号佐々木 康幸,1.0,1.0,2-5-6,×,16220,-1000,,,,,,,,
2026-07-08,三国,12,✅低(堅),6,1-2-3 / 1-3-2 / 2-1-3 / 2-3-1 / 3-1-2 / 3-2-1,,1号三角 哲男,2号樋口 範政,3号繁野谷 圭介,1.0,1.0,1-3-4,×,510,-600,,,,,,,,
2026-07-08,びわこ,1,🌊最高(大荒),10,1-5-3 / 1-3-5 / 5-1-3 / 5-3-1 / 3-1-5 / 3-5-1 / 1-5-4 / 1-4-5 / 4-1-5 / 4-5-1,,1号水口 由紀,5号湯淺 紀香,3号赤井 星璃菜,2.0,2.0,1-2-5,×,1580,-1000,,,,,,,,
2026-07-08,びわこ,2,🌊最高(大荒),10,2-4-1 / 2-1-4 / 4-2-1 / 4-1-2 / 1-2-4 / 1-4-2 / 2-4-6 / 2-6-4 / 6-2-4 / 6-4-2,,2号田口 節子,4号山下 夏鈴,1号池田 紫乃,2.0,2.0,4-3-6,×,22620,-1000,,,,,,,,
2026-07-08,びわこ,3,🌊最高(大荒),10,6-2-1 / 6-1-2 / 2-6-1 / 2-1-6 / 1-6-2 / 1-2-6 / 6-2-4 / 6-4-2 / 4-6-2 / 4-2-6,,6号小芦 るり華,2号中川 りな,1号根岸 真優,2.0,2.0,1-5-6,×,37450,-1000,,,,,,,,
2026-07-08,びわこ,4,⚠高(荒),10,1-2-3 / 1-3-2 / 2-1-3 / 2-3-1 / 3-1-2 / 3-2-1 / 1-2-6 / 1-6-2 / 6-1-2 / 6-2-1,,1号宮崎 安奈,2号高憧 四季,3号藤堂 里香,2.0,2.0,2-5-3,×,1900,-1000,,,,,,,,
2026-07-08,びわこ,5,✅低(堅),6,1-6-4 / 1-4-6 / 6-1-4 / 6-4-1 / 4-1-6 / 4-6-1,,1号海野 ゆかり,6号倉持 莉々,4号土屋 南,2.0,2.0,1-2-4,×,1570,-600,,,,,,,,
2026-07-08,びわこ,6,⚠高(荒),10,1-5-4 / 1-4-5 / 5-1-4 / 5-4-1 / 4-1-5 / 4-5-1 / 1-5-6 / 1-6-5 / 6-1-5 / 6-5-1,,1号中北 涼,5号堀之内 紀代子,4号赤井 星璃菜,2.0,2.0,2-3-1,×,2450,-1000,,,,,,,,
2026-07-08,びわこ,7,🌊最高(大荒),10,4-2-6 / 4-6-2 / 2-4-6 / 2-6-4 / 6-4-2 / 6-2-4 / 4-2-1 / 4-1-2 / 1-4-2 / 1-2-4,,4号井上 遥妃,2号北村 寧々,6号寺田 空詩,2.0,2.0,4-3-2,×,4730,-1000,,,,,,,,
2026-07-08,びわこ,8,🌊最高(大荒),10,1-5-2 / 1-2-5 / 5-1-2 / 5-2-1 / 2-1-5 / 2-5-1 / 1-5-4 / 1-4-5 / 4-1-5 / 4-5-1,,1号森下 愛梨,5号清水 愛海,2号平川 香織,2.0,2.0,1-5-2,○,1110,110,,,,,,,,
2026-07-08,びわこ,9,△中,6,1-3-2 / 1-2-3 / 3-1-2 / 3-2-1 / 2-1-3 / 2-3-1,,1号土屋 南,3号小芦 るり華,2号山下 夏鈴,2.0,2.0,2-1-3,○,1390,790,,,,,,,,
2026-07-08,びわこ,10,△中,6,1-6-4 / 1-4-6 / 6-1-4 / 6-4-1 / 4-1-6 / 4-6-1,,1号堀之内 紀代子,6号高憧 四季,4号山口 真喜子,2.0,2.0,3-6-4,×,23650,-600,,,,,,,,
2026-07-08,びわこ,11,✅低(堅),6,1-6-2 / 1-2-6 / 6-1-2 / 6-2-1 / 2-1-6 / 2-6-1,,1号井上 遥妃,6号中川 りな,2号片岡 恵里,2.0,2.0,1-2-6,○,3340,2740,,,,,,,,
2026-07-08,びわこ,12,✅低(堅),6,1-2-3 / 1-3-2 / 2-1-3 / 2-3-1 / 3-1-2 / 3-2-1,,1号清水 愛海,2号倉持 莉々,3号香川 素子,2.0,2.0,5-1-4,×,20310,-600,,,,,,,,
2026-07-08,住之江,1,⚠高(荒),10,1-2-5 / 1-5-2 / 2-1-5 / 2-5-1 / 5-1-2 / 5-2-1 / 1-2-3 / 1-3-2 / 3-1-2 / 3-2-1,,1号占部 一真,2号松下 知幸,5号倉田 茂将,0.0,1.0,1-5-4,×,6820,-1000,,,,,,,,
2026-07-08,住之江,2,🌊最高(大荒),10,1-5-6 / 1-6-5 / 5-1-6 / 5-6-1 / 6-1-5 / 6-5-1 / 1-5-2 / 1-2-5 / 2-1-5 / 2-5-1,,1号五反田 忍,5号大谷 健太,6号片岡 大地,1.0,1.0,1-2-6,×,1140,-1000,,,,,,,,
2026-07-08,住之江,3,⚠高(荒),10,1-5-2 / 1-2-5 / 5-1-2 / 5-2-1 / 2-1-5 / 2-5-1 / 1-5-4 / 1-4-5 / 4-1-5 / 4-5-1,,1号村田 敦,5号中村 有裕,2号土屋 太朗,1.0,1.0,1-2-5,○,870,-130,,,,,,,,
2026-07-08,住之江,4,🌊最高(大荒),10,6-1-3 / 6-3-1 / 1-6-3 / 1-3-6 / 3-6-1 / 3-1-6 / 6-1-4 / 6-4-1 / 4-6-1 / 4-1-6,,6号渡邉 優美,1号宮嵜 隆太郎,3号杉山 正樹,0.0,1.0,1-3-6,○,1210,210,,,,,,,,
2026-07-08,住之江,5,✅低(堅),6,1-6-3 / 1-3-6 / 6-1-3 / 6-3-1 / 3-1-6 / 3-6-1,,1号寺田 千恵,6号前田 篤哉,3号土屋 実沙希,1.0,1.0,1-6-2,×,1510,-600,,,,,,,,
2026-07-08,住之江,6,✅低(堅),6,1-4-2 / 1-2-4 / 4-1-2 / 4-2-1 / 2-1-4 / 2-4-1,,1号佐々木 和伸,4号中村 裕将,2号天野 友和,0.0,1.0,1-2-5,×,1400,-600,,,,,,,,
2026-07-08,住之江,7,✅低(堅),6,1-6-2 / 1-2-6 / 6-1-2 / 6-2-1 / 2-1-6 / 2-6-1,,1号大瀧 明日香,6号市川 哲也,2号赤澤 文香,0.0,1.0,1-6-3,×,3790,-600,,,,,,,,
2026-07-08,住之江,8,✅低(堅),6,1-6-2 / 1-2-6 / 6-1-2 / 6-2-1 / 2-1-6 / 2-6-1,,1号倉尾 大介,6号占部 一真,2号大谷 健太,2.0,1.0,3-1-4,×,7940,-600,,,,,,,,
2026-07-08,住之江,9,✅低(堅),6,1-4-3 / 1-3-4 / 4-1-3 / 4-3-1 / 3-1-4 / 3-4-1,,1号中村 有裕,4号田村 隆信,3号松尾 光広,2.0,1.0,1-2-3,×,1310,-600,,,,,,,,
2026-07-08,住之江,10,⚠高(荒),10,4-2-6 / 4-6-2 / 2-4-6 / 2-6-4 / 6-4-2 / 6-2-4 / 4-2-3 / 4-3-2 / 3-4-2 / 3-2-4,,4号杉山 正樹,2号佐々木 和伸,6号天野 友和,0.0,1.0,5-4-2,×,34060,-1000,,,,,,,,
2026-07-08,住之江,11,✅低(堅),6,1-6-2 / 1-2-6 / 6-1-2 / 6-2-1 / 2-1-6 / 2-6-1,,1号前田 篤哉,6号大澤 普司,2号大瀧 明日香,0.0,1.0,1-6-3,×,5590,-600,,,,,,,,
2026-07-08,住之江,12,△中,6,1-6-5 / 1-5-6 / 6-1-5 / 6-5-1 / 5-1-6 / 5-6-1,,1号中辻 博訓,6号深井 利寿,5号小山 勉,0.0,1.0,3-4-2,×,47700,-600,,,,,,,,
2026-07-08,尼崎,1,🌊最高(大荒),10,1-3-4 / 1-4-3 / 3-1-4 / 3-4-1 / 4-1-3 / 4-3-1 / 1-3-6 / 1-6-3 / 6-1-3 / 6-3-1,,1号森作 雄大,3号大場 敏,4号西川 新太郎,5.0,3.0,1-6-4,×,12600,-1000,,,,,,,,
2026-07-08,尼崎,2,⚠高(荒),10,1-3-5 / 1-5-3 / 3-1-5 / 3-5-1 / 5-1-3 / 5-3-1 / 1-3-4 / 1-4-3 / 4-1-3 / 4-3-1,,1号柴田 直哉,3号堤 啓輔,5号東口 晃,1.0,0.0,1-4-3,○,1030,30,,,,,,,,
2026-07-08,尼崎,3,⚠高(荒),10,1-6-2 / 1-2-6 / 6-1-2 / 6-2-1 / 2-1-6 / 2-6-1 / 1-6-4 / 1-4-6 / 4-1-6 / 4-6-1,,1号榮田 将彦,6号鈴木 雅希,2号中村 かなえ,3.0,0.0,4-1-6,○,3030,2030,,,,,,,,
2026-07-08,尼崎,4,✅低(堅),6,1-4-5 / 1-5-4 / 4-1-5 / 4-5-1 / 5-1-4 / 5-4-1,,1号宮下 元胤,4号今泉 友吾,5号幸田 智裕,3.0,0.0,1-4-2,×,720,-600,,,,,,,,
2026-07-08,尼崎,5,✅低(堅),6,1-4-5 / 1-5-4 / 4-1-5 / 4-5-1 / 5-1-4 / 5-4-1,,1号平山 智加,4号中澤 宏奈,5号三嶌 さらら,4.0,0.0,1-3-2,×,1170,-600,,,,,,,,
2026-07-08,尼崎,6,△中,6,1-2-4 / 1-4-2 / 2-1-4 / 2-4-1 / 4-1-2 / 4-2-1,,1号島川 光男,2号塩崎 優司,4号関野 文,5.0,3.0,1-4-6,×,1860,-600,,,,,,,,
2026-07-08,尼崎,7,✅低(堅),6,1-5-6 / 1-6-5 / 5-1-6 / 5-6-1 / 6-1-5 / 6-5-1,,1号浜本 裕己,5号中村 かなえ,6号庄司 樹良々,5.0,3.0,5-1-6,○,10820,10220,,,,,,,,
2026-07-08,尼崎,8,🌊最高(大荒),10,1-4-6 / 1-6-4 / 4-1-6 / 4-6-1 / 6-1-4 / 6-4-1 / 1-4-3 / 1-3-4 / 3-1-4 / 3-4-1,,1号山川 雄大,4号渡邊 雄一郎,6号渡邉 雄朗,7.0,5.0,4-5-6,×,2060,-1000,,,,,,,,
2026-07-08,尼崎,9,✅低(堅),6,1-2-3 / 1-3-2 / 2-1-3 / 2-3-1 / 3-1-2 / 3-2-1,,1号鈴木 雅希,2号橋本 明,3号中澤 宏奈,5.0,3.0,1-2-3,○,600,0,,,,,,,,
2026-07-08,尼崎,10,🌊最高(大荒),10,1-2-4 / 1-4-2 / 2-1-4 / 2-4-1 / 4-1-2 / 4-2-1 / 1-2-5 / 1-5-2 / 5-1-2 / 5-2-1,,1号幸田 智裕,2号今泉 友吾,4号島川 光男,4.0,0.0,2-4-1,○,5590,4590,,,,,,,,
2026-07-08,尼崎,11,△中,6,1-4-6 / 1-6-4 / 4-1-6 / 4-6-1 / 6-1-4 / 6-4-1,,1号関野 文,4号大場 敏,6号榮田 将彦,4.0,0.0,2-3-1,×,4320,-600,,,,,,,,
2026-07-08,尼崎,12,✅低(堅),6,1-5-2 / 1-2-5 / 5-1-2 / 5-2-1 / 2-1-5 / 2-5-1,,1号松井 繁,5号原田 佑実,2号岡村 慶太,5.0,3.0,4-1-3,×,3960,-600,,,,,,,,
2026-07-08,徳山,1,✅低(堅),6,1-6-3 / 1-3-6 / 6-1-3 / 6-3-1 / 3-1-6 / 3-6-1,,1号山田 亮太,6号橋本 年光,3号梶原 正,5.0,5.0,1-3-6,○,670,70,,,,,,,,
2026-07-08,徳山,2,✅低(堅),6,1-2-6 / 1-6-2 / 2-1-6 / 2-6-1 / 6-1-2 / 6-2-1,,1号野末 智一,2号小林 孝彰,6号柳生 泰二,3.0,3.0,2-1-3,×,13070,-600,,,,,,,,
2026-07-08,徳山,3,✅低(堅),6,1-4-2 / 1-2-4 / 4-1-2 / 4-2-1 / 2-1-4 / 2-4-1,,1号徳増 秀樹,4号真庭 明志,2号竹之内 極,3.0,3.0,2-1-3,×,2800,-600,,,,,,,,
2026-07-08,徳山,4,△中,6,1-2-5 / 1-5-2 / 2-1-5 / 2-5-1 / 5-1-2 / 5-2-1,,1号江本 真治,2号小林 文彦,5号表 憲一,4.0,4.0,2-1-4,×,4250,-600,,,,,,,,
2026-07-08,徳山,5,△中,6,1-6-2 / 1-2-6 / 6-1-2 / 6-2-1 / 2-1-6 / 2-6-1,,1号若林 樹蘭,6号林 美憲,2号牟田 奨太,4.0,4.0,4-5-3,×,71480,-600,,,,,,,,
2026-07-08,徳山,6,🌊最高(大荒),10,1-6-4 / 1-4-6 / 6-1-4 / 6-4-1 / 4-1-6 / 4-6-1 / 1-6-5 / 1-5-6 / 5-1-6 / 5-6-1,,1号片岡 秀樹,6号馬袋 義則,4号吉田 一郎,4.0,4.0,5-2-6,×,16000,-1000,,,,,,,,
2026-07-08,徳山,7,🌊最高(大荒),10,1-2-3 / 1-3-2 / 2-1-3 / 2-3-1 / 3-1-2 / 3-2-1 / 1-2-5 / 1-5-2 / 5-1-2 / 5-2-1,,1号松田 憲幸,2号岡部 浩,3号宮内 由紀英,4.0,4.0,1-5-2,○,1690,690,,,,,,,,
2026-07-08,徳山,8,⚠高(荒),10,1-6-4 / 1-4-6 / 6-1-4 / 6-4-1 / 4-1-6 / 4-6-1 / 1-6-2 / 1-2-6 / 2-1-6 / 2-6-1,,1号松村 康太,6号原田 幸哉,4号伏田 裕隆,4.0,4.0,4-6-2,×,8420,-1000,,,,,,,,
2026-07-08,徳山,9,✅低(堅),6,1-6-4 / 1-4-6 / 6-1-4 / 6-4-1 / 4-1-6 / 4-6-1,,1号尾崎 雄二,6号三苫 晃幸,4号上之 晃弘,5.0,5.0,1-6-2,×,2520,-600,,,,,,,,
2026-07-08,徳山,10,✅低(堅),6,1-4-5 / 1-5-4 / 4-1-5 / 4-5-1 / 5-1-4 / 5-4-1,,1号馬袋 義則,4号谷川 将太,5号江本 真治,5.0,5.0,1-3-5,×,2050,-600,,,,,,,,
2026-07-08,徳山,11,✅低(堅),6,1-4-5 / 1-5-4 / 4-1-5 / 4-5-1 / 5-1-4 / 5-4-1,,1号柳生 泰二,4号徳増 秀樹,5号竹之内 極,4.0,4.0,1-3-4,×,1170,-600,,,,,,,,
2026-07-08,徳山,12,✅低(堅),6,1-3-4 / 1-4-3 / 3-1-4 / 3-4-1 / 4-1-3 / 4-3-1,,1号原田 幸哉,3号藤田 浩人,4号野末 智一,4.0,4.0,1-2-4,×,600,-600,,,,,,,,
2026-07-08,若松,1,🌊最高(大荒),10,1-5-3 / 1-3-5 / 5-1-3 / 5-3-1 / 3-1-5 / 3-5-1 / 1-5-6 / 1-6-5 / 6-1-5 / 6-5-1,,1号橋本 久和,5号原 豊土,3号花田 和明,4.0,4.0,2-6-5,×,45030,-1000,,,,,,,,
2026-07-08,若松,2,🌊最高(大荒),10,1-3-5 / 1-5-3 / 3-1-5 / 3-5-1 / 5-1-3 / 5-3-1 / 1-3-6 / 1-6-3 / 6-1-3 / 6-3-1,,1号柳瀬 幹太,3号北野 輝季,5号山下 和彦,3.0,3.0,4-3-5,×,8840,-1000,,,,,,,,
2026-07-08,若松,3,🌊最高(大荒),10,1-4-2 / 1-2-4 / 4-1-2 / 4-2-1 / 2-1-4 / 2-4-1 / 1-4-6 / 1-6-4 / 6-1-4 / 6-4-1,,1号佐竹 太一,4号小池 修平,2号楠 将太郎,2.0,2.0,4-2-1,○,5130,4130,,,,,,,,
2026-07-08,若松,4,🌊最高(大荒),10,1-6-3 / 1-3-6 / 6-1-3 / 6-3-1 / 3-1-6 / 3-6-1 / 1-6-5 / 1-5-6 / 5-1-6 / 5-6-1,,1号松本 真広,6号池田 雄祐,3号土屋 智則,3.0,3.0,2-3-6,×,3540,-1000,,,,,,,,
2026-07-08,若松,5,✅低(堅),6,1-4-2 / 1-2-4 / 4-1-2 / 4-2-1 / 2-1-4 / 2-4-1,,1号森野 正弘,4号高橋 竜矢,2号大野 芳顕,3.0,3.0,4-3-5,×,36280,-600,,,,,,,,
2026-07-08,若松,6,🌊最高(大荒),10,5-1-6 / 5-6-1 / 1-5-6 / 1-6-5 / 6-5-1 / 6-1-5 / 5-1-3 / 5-3-1 / 3-5-1 / 3-1-5,,5号篠崎 元志,1号海老澤 泰行,6号坂口 周,3.0,3.0,3-5-2,×,4130,-1000,,,,,,,,
2026-07-08,若松,7,✅低(堅),6,1-6-2 / 1-2-6 / 6-1-2 / 6-2-1 / 2-1-6 / 2-6-1,,1号津田 陸翔,6号西山 貴浩,2号後藤 隼之,3.0,3.0,3-6-2,×,3880,-600,,,,,,,,
2026-07-08,若松,8,△中,6,1-3-2 / 1-2-3 / 3-1-2 / 3-2-1 / 2-1-3 / 2-3-1,,1号庄司 孝輔,3号小池 修平,2号大神 康司,4.0,4.0,2-1-3,○,3310,2710,,,,,,,,
2026-07-08,若松,9,⚠高(荒),10,1-4-6 / 1-6-4 / 4-1-6 / 4-6-1 / 6-1-4 / 6-4-1 / 1-4-3 / 1-3-4 / 3-1-4 / 3-4-1,,1号原 豊土,4号飯島 昌弘,6号吉田 裕平,3.0,3.0,1-3-2,×,3210,-1000,,,,,,,,
2026-07-08,若松,10,✅低(堅),6,1-4-3 / 1-3-4 / 4-1-3 / 4-3-1 / 3-1-4 / 3-4-1,,1号大野 芳顕,4号土屋 智則,3号野長瀬 正孝,4.0,4.0,3-1-2,×,5590,-600,,,,,,,,
2026-07-08,若松,11,△中,6,1-2-5 / 1-5-2 / 2-1-5 / 2-5-1 / 5-1-2 / 5-2-1,,1号高橋 竜矢,2号北野 輝季,5号岩崎 正哉,4.0,4.0,1-2-4,×,450,-600,,,,,,,,
2026-07-08,若松,12,△中,6,1-5-4 / 1-4-5 / 5-1-4 / 5-4-1 / 4-1-5 / 4-5-1,,1号篠崎 元志,5号森野 正弘,4号山下 和彦,4.0,4.0,4-1-5,○,5910,5310,,,,,,,,
2026-07-08,大村,1,⚠高(荒),10,1-2-6 / 1-6-2 / 2-1-6 / 2-6-1 / 6-1-2 / 6-2-1 / 1-2-5 / 1-5-2 / 5-1-2 / 5-2-1,,1号大塚 康雅,2号谷川 祐一,6号高木 圭大,1.0,1.0,1-2-6,○,900,-100,,,,,,,,
2026-07-08,大村,2,⚠高(荒),10,3-6-2 / 3-2-6 / 6-3-2 / 6-2-3 / 2-3-6 / 2-6-3 / 3-6-5 / 3-5-6 / 5-3-6 / 5-6-3,,3号岩崎 芳美,6号廣瀬 凜,2号小野寺 智洋,1.0,1.0,2-5-1,×,4830,-1000,,,,,,,,
2026-07-08,大村,3,△中,6,1-5-3 / 1-3-5 / 5-1-3 / 5-3-1 / 3-1-5 / 3-5-1,,1号野村 誠,5号水谷 理人,3号鳥飼 眞,1.0,1.0,5-4-3,×,16420,-600,,,,,,,,
2026-07-08,大村,4,✅低(堅),6,1-3-5 / 1-5-3 / 3-1-5 / 3-5-1 / 5-1-3 / 5-3-1,,1号笠原 亮,3号村田 修次,5号山田 祐也,1.0,1.0,1-5-2,×,1260,-600,,,,,,,,
2026-07-08,大村,5,✅低(堅),6,1-5-6 / 1-6-5 / 5-1-6 / 5-6-1 / 6-1-5 / 6-5-1,,1号石橋 道友,5号木谷 賢太,6号井上 尚悟,1.0,1.0,1-4-3,×,1280,-600,,,,,,,,
2026-07-08,大村,6,✅低(堅),6,1-5-2 / 1-2-5 / 5-1-2 / 5-2-1 / 2-1-5 / 2-5-1,,1号細川 裕子,5号黒野 元基,2号山田 雄太,1.0,1.0,5-2-4,×,7460,-600,,,,,,,,
2026-07-08,大村,7,✅低(堅),6,1-4-5 / 1-5-4 / 4-1-5 / 4-5-1 / 5-1-4 / 5-4-1,,1号北村 征嗣,4号泥谷 一毅,5号齋藤 智裕,1.0,1.0,4-5-1,○,7050,6450,,,,,,,,
2026-07-08,大村,8,△中,6,1-5-4 / 1-4-5 / 5-1-4 / 5-4-1 / 4-1-5 / 4-5-1,,1号佃 來紀,5号中谷 朋子,4号加木 郁,1.0,1.0,1-2-4,×,560,-600,,,,,,,,
2026-07-08,大村,9,✅低(堅),6,1-2-5 / 1-5-2 / 2-1-5 / 2-5-1 / 5-1-2 / 5-2-1,,1号水谷 理人,2号笠原 亮,5号小野寺 智洋,1.0,1.0,1-2-6,×,3090,-600,,,,,,,,
2026-07-08,大村,10,✅低(堅),6,1-6-4 / 1-4-6 / 6-1-4 / 6-4-1 / 4-1-6 / 4-6-1,,1号黒野 元基,6号山田 雄太,4号鳥飼 眞,1.0,1.0,1-2-5,×,660,-600,,,,,,,,
2026-07-08,大村,11,✅低(堅),6,1-4-3 / 1-3-4 / 4-1-3 / 4-3-1 / 3-1-4 / 3-4-1,,1号山田 祐也,4号岩崎 芳美,3号木谷 賢太,1.0,1.0,1-5-3,×,1980,-600,,,,,,,,
2026-07-08,大村,12,✅低(堅),6,1-6-3 / 1-3-6 / 6-1-3 / 6-3-1 / 3-1-6 / 3-6-1,,1号廣瀬 凜,6号佃 來紀,3号吉田 和仁,1.0,1.0,,,,,,,,,,,,
2026-07-09,桐生,1,🌊最高(大荒),10,1-3-4 / 1-4-3 / 3-1-4 / 3-4-1 / 4-1-3 / 4-3-1 / 1-3-2 / 1-2-3 / 2-1-3 / 2-3-1,,1号今泉 徹,3号村岡 賢,4号永井 源,3.0,2.0,1-4-3,○,1540,540,,,,,,,,
2026-07-09,桐生,2,🌊最高(大荒),10,1-2-6 / 1-6-2 / 2-1-6 / 2-6-1 / 6-1-2 / 6-2-1 / 1-2-3 / 1-3-2 / 3-1-2 / 3-2-1,,1号林 祐介,2号宇留田 翔平,6号淺香 文武,3.0,2.0,1-3-2,○,1720,720,,,,,,,,
2026-07-09,桐生,3,🌊最高(大荒),10,1-4-3 / 1-3-4 / 4-1-3 / 4-3-1 / 3-1-4 / 3-4-1 / 1-4-5 / 1-5-4 / 5-1-4 / 5-4-1,,1号越智 照浩,4号中村 泰平,3号國崎 良春,4.0,3.0,1-2-3,×,3390,-1000,,,,,,,,
2026-07-09,桐生,4,△中,6,1-2-6 / 1-6-2 / 2-1-6 / 2-6-1 / 6-1-2 / 6-2-1,,1号鶴田 勇雄,2号田中 駿兵,6号岡田 憲行,3.0,2.0,1-6-2,○,3040,2440,,,,,,,,
2026-07-09,桐生,5,△中,6,1-3-6 / 1-6-3 / 3-1-6 / 3-6-1 / 6-1-3 / 6-3-1,,1号久富 政弘,3号麻生 慎介,6号吉田 凌太朗,3.0,2.0,3-5-6,×,5640,-600,,,,,,,,
2026-07-09,桐生,6,✅低(堅),6,1-5-2 / 1-2-5 / 5-1-2 / 5-2-1 / 2-1-5 / 2-5-1,,1号藤原 仙二,5号村岡 賢,2号吉田 宗弘,3.0,2.0,1-3-4,×,1900,-600,,,,,,,,
2026-07-09,桐生,7,✅低(堅),6,1-3-6 / 1-6-3 / 3-1-6 / 3-6-1 / 6-1-3 / 6-3-1,,1号上村 純一,3号鈴木 博,6号生方 靖亜,3.0,2.0,1-3-2,×,500,-600,,,,,,,,
2026-07-09,桐生,8,△中,6,1-5-2 / 1-2-5 / 5-1-2 / 5-2-1 / 2-1-5 / 2-5-1,,1号永井 源,5号國崎 良春,2号大谷 直弘,3.0,2.0,1-4-5,×,1970,-600,,,,,,,,
2026-07-09,桐生,9,△中,6,1-4-2 / 1-2-4 / 4-1-2 / 4-2-1 / 2-1-4 / 2-4-1,,1号宇留田 翔平,4号鋤柄 貴俊,2号村上 彰一,3.0,2.0,,,,,,,,,,,,
2026-07-09,桐生,10,🌊最高(大荒),10,1-5-4 / 1-4-5 / 5-1-4 / 5-4-1 / 4-1-5 / 4-5-1 / 1-5-6 / 1-6-5 / 6-1-5 / 6-5-1,,1号黒柳 浩孝,5号田中 駿兵,4号麻生 慎介,3.0,2.0,,,,,,,,,,,,
2026-07-09,桐生,11,△中,6,1-3-2 / 1-2-3 / 3-1-2 / 3-2-1 / 2-1-3 / 2-3-1,,1号三村 岳人,3号中村 泰平,2号鈴木 博,3.0,2.0,,,,,,,,,,,,
2026-07-09,桐生,12,✅低(堅),6,1-2-4 / 1-4-2 / 2-1-4 / 2-4-1 / 4-1-2 / 4-2-1,,1号川原 祐明,2号深川 真二,4号竹田 和哉,3.0,2.0,,,,,,,,,,,,
2026-07-09,戸田,1,✅低(堅),6,1-4-3 / 1-3-4 / 4-1-3 / 4-3-1 / 3-1-4 / 3-4-1,,1号西橋 奈未,4号上條 暢嵩,3号桑原 悠,2.0,1.0,3-5-4,×,5050,-600,,,,,,,,
2026-07-09,戸田,2,🌊最高(大荒),10,1-2-6 / 1-6-2 / 2-1-6 / 2-6-1 / 6-1-2 / 6-2-1 / 1-2-5 / 1-5-2 / 5-1-2 / 5-2-1,,1号村上 奈穂,2号白井 英治,6号中村 日向,2.0,1.0,2-6-3,×,3750,-1000,,,,,,,,
2026-07-09,戸田,3,△中,6,1-3-4 / 1-4-3 / 3-1-4 / 3-4-1 / 4-1-3 / 4-3-1,,1号門間 雄大,3号遠藤 エミ,4号金子 和之,1.0,1.0,3-1-4,○,3250,2650,,,,,,,,
2026-07-09,戸田,4,✅低(堅),6,1-4-6 / 1-6-4 / 4-1-6 / 4-6-1 / 6-1-4 / 6-4-1,,1号島村 隆幸,4号馬場 貴也,6号大池 佑来,3.0,1.0,1-4-5,×,6750,-600,,,,,,,,
2026-07-09,戸田,5,✅低(堅),6,1-2-3 / 1-3-2 / 2-1-3 / 2-3-1 / 3-1-2 / 3-2-1,,1号今井 美亜,2号毒島 誠,3号松田 竜馬,2.0,1.0,1-3-4,×,8460,-600,,,,,,,,
2026-07-09,戸田,6,🌊最高(大荒),10,4-1-5 / 4-5-1 / 1-4-5 / 1-5-4 / 5-4-1 / 5-1-4 / 4-1-6 / 4-6-1 / 6-4-1 / 6-1-4,,4号関 浩哉,1号高橋 直哉,5号新開 航,1.0,1.0,4-6-5,×,5860,-1000,,,,,,,,
2026-07-09,戸田,7,✅低(堅),6,1-5-6 / 1-6-5 / 5-1-6 / 5-6-1 / 6-1-5 / 6-5-1,,1号大峯 豊,5号山田 康二,6号平本 真之,2.0,1.0,1-5-6,○,920,320,,,,,,,,
2026-07-09,戸田,8,✅低(堅),6,1-5-3 / 1-3-5 / 5-1-3 / 5-3-1 / 3-1-5 / 3-5-1,,1号池永 太,5号新田 雄史,3号上條 暢嵩,2.0,1.0,1-2-3,×,7360,-600,,,,,,,,
2026-07-09,戸田,9,✅低(堅),6,1-5-3 / 1-3-5 / 5-1-3 / 5-3-1 / 3-1-5 / 3-5-1,,1号益田 啓司,5号門間 雄大,3号吉川 元浩,3.0,1.0,3-1-6,×,2150,-600,,,,,,,,
2026-07-09,戸田,10,✅低(堅),6,1-2-6 / 1-6-2 / 2-1-6 / 2-6-1 / 6-1-2 / 6-2-1,,1号中田 竜太,2号馬場 貴也,6号小林 泰,3.0,2.0,3-4-1,×,13170,-600,,,,,,,,
2026-07-09,戸田,11,✅低(堅),6,1-4-5 / 1-5-4 / 4-1-5 / 4-5-1 / 5-1-4 / 5-4-1,,1号吉田 拡郎,4号山田 康二,5号島村 隆幸,3.0,2.0,1-5-3,×,9180,-600,,,,,,,,
2026-07-09,戸田,12,✅低(堅),6,1-5-6 / 1-6-5 / 5-1-6 / 5-6-1 / 6-1-5 / 6-5-1,,1号新田 雄史,5号櫻本 あゆみ,6号丸野 一樹,3.0,1.0,6-1-2,×,11680,-600,,,,,,,,
2026-07-09,多摩川,1,🌊最高(大荒),10,1-4-6 / 1-6-4 / 4-1-6 / 4-6-1 / 6-1-4 / 6-4-1 / 1-4-5 / 1-5-4 / 5-1-4 / 5-4-1,,1号秋田 健太郎,4号古場 輝義,6号川崎 智幸,1.0,2.0,2-6-4,×,4600,-1000,,,,,,,,
2026-07-09,多摩川,2,⚠高(荒),10,1-3-4 / 1-4-3 / 3-1-4 / 3-4-1 / 4-1-3 / 4-3-1 / 1-3-2 / 1-2-3 / 2-1-3 / 2-3-1,,1号岩川 仁士,3号宇佐見 淳,4号桑原 将光,4.0,2.0,1-5-3,×,3970,-1000,,,,,,,,
2026-07-09,多摩川,3,△中,6,1-6-4 / 1-4-6 / 6-1-4 / 6-4-1 / 4-1-6 / 4-6-1,,1号品田 直樹,6号松下 一也,4号山地 正樹,2.0,2.0,6-4-3,×,23220,-600,,,,,,,,
2026-07-09,多摩川,4,⚠高(荒),10,1-3-4 / 1-4-3 / 3-1-4 / 3-4-1 / 4-1-3 / 4-3-1 / 1-3-5 / 1-5-3 / 5-1-3 / 5-3-1,,1号泉 啓文,3号岩瀬 裕亮,4号池田 雷太,3.0,2.0,5-3-6,×,25340,-1000,,,,,,,,
2026-07-09,多摩川,5,⚠高(荒),10,1-5-4 / 1-4-5 / 5-1-4 / 5-4-1 / 4-1-5 / 4-5-1 / 1-5-6 / 1-6-5 / 6-1-5 / 6-5-1,,1号安田 吉宏,5号久田 武,4号中野 夢斗,3.0,2.0,3-2-4,×,7790,-1000,,,,,,,,
2026-07-09,多摩川,6,🌊最高(大荒),10,5-6-4 / 5-4-6 / 6-5-4 / 6-4-5 / 4-5-6 / 4-6-5 / 5-6-3 / 5-3-6 / 3-5-6 / 3-6-5,,5号寺本 重宣,6号荒井 輝年,4号大澤 大夢,2.0,2.0,3-4-5,×,3090,-1000,,,,,,,,
2026-07-09,多摩川,7,🌊最高(大荒),10,1-4-6 / 1-6-4 / 4-1-6 / 4-6-1 / 6-1-4 / 6-4-1 / 1-4-3 / 1-3-4 / 3-1-4 / 3-4-1,,1号川合 理司,4号渡辺 真至,6号岩橋 裕馬,3.0,2.0,6-2-4,×,13440,-1000,,,,,,,,
2026-07-09,多摩川,8,✅低(堅),6,1-5-2 / 1-2-5 / 5-1-2 / 5-2-1 / 2-1-5 / 2-5-1,,1号桑原 将光,5号加藤 高史,2号間嶋 仁志,4.0,2.0,1-2-4,×,820,-600,,,,,,,,
2026-07-09,多摩川,9,△中,6,1-4-6 / 1-6-4 / 4-1-6 / 4-6-1 / 6-1-4 / 6-4-1,,1号川崎 智幸,4号宇佐見 淳,6号品田 直樹,3.0,2.0,1-3-4,×,1880,-600,,,,,,,,
2026-07-09,多摩川,10,✅低(堅),6,1-4-2 / 1-2-4 / 4-1-2 / 4-2-1 / 2-1-4 / 2-4-1,,1号荒井 輝年,4号岩瀬 裕亮,2号寺本 重宣,2.0,2.0,1-4-2,○,570,-30,,,,,,,,
2026-07-09,多摩川,11,✅低(堅),6,1-5-6 / 1-6-5 / 5-1-6 / 5-6-1 / 6-1-5 / 6-5-1,,1号一瀬 明,5号佐々木 翔斗,6号岩川 仁士,1.0,2.0,5-1-2,×,11730,-600,,,,,,,,
2026-07-09,多摩川,12,✅低(堅),6,1-3-2 / 1-2-3 / 3-1-2 / 3-2-1 / 2-1-3 / 2-3-1,,1号山崎 郡,3号小坂 宗司,2号夏山 亮平,2.0,2.0,1-3-2,○,1000,400,,,,,,,,
2026-07-09,常滑,1,△中,6,1-5-4 / 1-4-5 / 5-1-4 / 5-4-1 / 4-1-5 / 4-5-1,,1号横川 聖志,5号井上 未都,4号大森 翼,3.0,1.0,1-3-4,×,480,-600,,,,,,,,
2026-07-09,常滑,2,🌊最高(大荒),10,1-4-3 / 1-3-4 / 4-1-3 / 4-3-1 / 3-1-4 / 3-4-1 / 1-4-5 / 1-5-4 / 5-1-4 / 5-4-1,,1号西村 勝,4号中山 翔太,3号三嶌 誠司,2.0,1.0,4-1-2,×,6610,-1000,,,,,,,,
2026-07-09,常滑,3,🌊最高(大荒),10,1-3-5 / 1-5-3 / 3-1-5 / 3-5-1 / 5-1-3 / 5-3-1 / 1-3-4 / 1-4-3 / 4-1-3 / 4-3-1,,1号塚田 修二,3号竹下 大樹,5号清埜 翔子,2.0,1.0,3-4-2,×,1920,-1000,,,,,,,,
2026-07-09,常滑,4,🌊最高(大荒),10,1-4-3 / 1-3-4 / 4-1-3 / 4-3-1 / 3-1-4 / 3-4-1 / 1-4-2 / 1-2-4 / 2-1-4 / 2-4-1,,1号久保原 秀人,4号長田 頼宗,3号清水 攻二,2.0,1.0,1-3-4,○,2010,1010,,,,,,,,
2026-07-09,常滑,5,△中,6,1-6-5 / 1-5-6 / 6-1-5 / 6-5-1 / 5-1-6 / 5-6-1,,1号上田 健太,6号田中 和也,5号河野 真也,2.0,1.0,1-6-2,×,2560,-600,,,,,,,,
2026-07-09,常滑,6,✅低(堅),6,1-5-2 / 1-2-5 / 5-1-2 / 5-2-1 / 2-1-5 / 2-5-1,,1号新田 泰章,5号吉川 昭男,2号野間 大樹,2.0,1.0,1-5-3,×,1960,-600,,,,,,,,
2026-07-09,常滑,7,⚠高(荒),10,2-1-4 / 2-4-1 / 1-2-4 / 1-4-2 / 4-2-1 / 4-1-2 / 2-1-6 / 2-6-1 / 6-2-1 / 6-1-2,,2号前田 翔,1号小川 竜太朗,4号角 ひとみ,2.0,1.0,2-1-4,○,1430,430,,,,,,,,
2026-07-09,常滑,8,⚠高(荒),10,1-2-4 / 1-4-2 / 2-1-4 / 2-4-1 / 4-1-2 / 4-2-1 / 1-2-3 / 1-3-2 / 3-1-2 / 3-2-1,,1号増田 進,2号北川 潤二,4号横川 聖志,3.0,1.0,4-2-3,×,2940,-1000,,,,,,,,
2026-07-09,常滑,9,✅低(堅),6,1-3-6 / 1-6-3 / 3-1-6 / 3-6-1 / 6-1-3 / 6-3-1,,1号清水 攻二,3号葛原 大陽,6号井上 未都,2.0,1.0,1-2-3,×,1000,-600,,,,,,,,
2026-07-09,常滑,10,✅低(堅),6,1-3-2 / 1-2-3 / 3-1-2 / 3-2-1 / 2-1-3 / 2-3-1,,1号清埜 翔子,3号烏野 賢太,2号三嶌 誠司,3.0,1.0,1-2-5,×,710,-600,,,,,,,,
2026-07-09,常滑,11,✅低(堅),6,1-4-5 / 1-5-4 / 4-1-5 / 4-5-1 / 5-1-4 / 5-4-1,,1号前田 翔,4号川北 浩貴,5号荒井 翔伍,3.0,1.0,1-3-4,×,550,-600,,,,,,,,
2026-07-09,常滑,12,✅低(堅),6,1-2-6 / 1-6-2 / 2-1-6 / 2-6-1 / 6-1-2 / 6-2-1,,1号長田 頼宗,2号小宮 涼雅,6号竹下 大樹,3.0,1.0,1-3-2,×,720,-600,,,,,,,,
2026-07-09,三国,1,△中,6,1-6-3 / 1-3-6 / 6-1-3 / 6-3-1 / 3-1-6 / 3-6-1,,1号武田 光史,6号飯山 晃三,3号津留 浩一郎,1.0,1.0,1-2-4,×,1520,-600,,,,,,,,
2026-07-09,三国,2,⚠高(荒),10,1-5-2 / 1-2-5 / 5-1-2 / 5-2-1 / 2-1-5 / 2-5-1 / 1-5-6 / 1-6-5 / 6-1-5 / 6-5-1,,1号中嶋 誠一郎,5号福田 雅一,2号吉原 聖人,2.0,2.0,1-2-4,×,1690,-1000,,,,,,,,
2026-07-09,三国,3,✅低(堅),6,1-2-6 / 1-6-2 / 2-1-6 / 2-6-1 / 6-1-2 / 6-2-1,,1号佐々木 康幸,2号長谷川 充,6号宮地 博士,3.0,3.0,1-4-2,×,740,-600,,,,,,,,
2026-07-09,三国,4,✅低(堅),6,1-6-4 / 1-4-6 / 6-1-4 / 6-4-1 / 4-1-6 / 4-6-1,,1号萩原 秀人,6号橋口 真樹,4号池本 輝明,4.0,4.0,1-2-6,×,1710,-600,,,,,,,,
2026-07-09,三国,5,🌊最高(大荒),10,1-5-4 / 1-4-5 / 5-1-4 / 5-4-1 / 4-1-5 / 4-5-1 / 1-5-6 / 1-6-5 / 6-1-5 / 6-5-1,,1号渡辺 豊,5号田頭 実,4号山本 修一,2.0,2.0,5-1-4,○,2090,1090,,,,,,,,
2026-07-09,三国,6,⚠高(荒),10,1-6-2 / 1-2-6 / 6-1-2 / 6-2-1 / 2-1-6 / 2-6-1 / 1-6-3 / 1-3-6 / 3-1-6 / 3-6-1,,1号福田 雅一,6号室田 泰史,2号繁野谷 圭介,2.0,2.0,1-2-6,○,1090,90,,,,,,,,
2026-07-09,三国,7,⚠高(荒),10,1-5-3 / 1-3-5 / 5-1-3 / 5-3-1 / 3-1-5 / 3-5-1 / 1-5-4 / 1-4-5 / 4-1-5 / 4-5-1,,1号山本 兼士,5号仲口 博崇,3号西田 靖,1.0,1.0,1-5-6,×,2240,-1000,,,,,,,,
2026-07-09,三国,8,⚠高(荒),10,1-6-2 / 1-2-6 / 6-1-2 / 6-2-1 / 2-1-6 / 2-6-1 / 1-6-5 / 1-5-6 / 5-1-6 / 5-6-1,,1号岡部 哲,6号平石 和男,2号武田 光史,1.0,1.0,1-6-2,○,5960,4960,,,,,,,,
2026-07-09,三国,9,🌊最高(大荒),10,1-2-6 / 1-6-2 / 2-1-6 / 2-6-1 / 6-1-2 / 6-2-1 / 1-2-5 / 1-5-2 / 5-1-2 / 5-2-1,,1号信濃 由行,2号山一 鉄也,6号三角 哲男,2.0,2.0,3-2-6,×,7420,-1000,,,,,,,,
2026-07-09,三国,10,🌊最高(大荒),10,1-5-3 / 1-3-5 / 5-1-3 / 5-3-1 / 3-1-5 / 3-5-1 / 1-5-6 / 1-6-5 / 6-1-5 / 6-5-1,,1号富山 弘幸,5号山本 修一,3号萩原 秀人,3.0,3.0,3-1-4,×,1080,-1000,,,,,,,,
2026-07-09,三国,11,⚠高(荒),10,1-2-3 / 1-3-2 / 2-1-3 / 2-3-1 / 3-1-2 / 3-2-1 / 1-2-6 / 1-6-2 / 6-1-2 / 6-2-1,,1号長野 道臣,2号田頭 実,3号繁野谷 圭介,1.0,1.0,1-2-3,○,1040,40,,,,,,,,
2026-07-09,三国,12,✅低(堅),6,1-6-3 / 1-3-6 / 6-1-3 / 6-3-1 / 3-1-6 / 3-6-1,,1号仲口 博崇,6号柳瀬 興志,3号平石 和男,2.0,2.0,1-3-5,×,890,-600,,,,,,,,
2026-07-09,びわこ,1,🌊最高(大荒),10,1-3-2 / 1-2-3 / 3-1-2 / 3-2-1 / 2-1-3 / 2-3-1 / 1-3-4 / 1-4-3 / 4-1-3 / 4-3-1,,1号谷川 里江,3号鈴木 祐美子,2号水口 由紀,2.0,2.0,5-1-4,×,9980,-1000,,,,,,,,
2026-07-09,びわこ,2,⚠高(荒),10,1-5-3 / 1-3-5 / 5-1-3 / 5-3-1 / 3-1-5 / 3-5-1 / 1-5-2 / 1-2-5 / 2-1-5 / 2-5-1,,1号来田 衣織,5号高憧 四季,3号片岡 恵里,2.0,2.0,3-5-2,×,6840,-1000,,,,,,,,
2026-07-09,びわこ,3,⚠高(荒),10,1-5-6 / 1-6-5 / 5-1-6 / 5-6-1 / 6-1-5 / 6-5-1 / 1-5-3 / 1-3-5 / 3-1-5 / 3-5-1,,1号高田 綾,5号土屋 南,6号森下 愛梨,3.0,3.0,1-3-2,×,3700,-1000,,,,,,,,
2026-07-09,びわこ,4,⚠高(荒),10,6-2-1 / 6-1-2 / 2-6-1 / 2-1-6 / 1-6-2 / 1-2-6 / 6-2-3 / 6-3-2 / 3-6-2 / 3-2-6,,6号海野 ゆかり,2号山田 理央,1号永田 楽,3.0,3.0,3-5-1,×,4810,-1000,,,,,,,,
2026-07-09,びわこ,5,✅低(堅),6,1-5-2 / 1-2-5 / 5-1-2 / 5-2-1 / 2-1-5 / 2-5-1,,1号田口 節子,5号井上 遥妃,2号喜多須 杏奈,2.0,2.0,1-2-4,×,1810,-600,,,,,,,,
2026-07-09,びわこ,6,✅低(堅),6,1-2-4 / 1-4-2 / 2-1-4 / 2-4-1 / 4-1-2 / 4-2-1,,1号倉持 莉々,2号赤井 星璃菜,4号中川 りな,3.0,3.0,1-5-3,×,2030,-600,,,,,,,,
2026-07-09,びわこ,7,🌊最高(大荒),10,2-5-4 / 2-4-5 / 5-2-4 / 5-4-2 / 4-2-5 / 4-5-2 / 2-5-1 / 2-1-5 / 1-2-5 / 1-5-2,,2号香川 素子,5号宮崎 安奈,4号湯淺 紀香,3.0,3.0,2-5-1,○,6890,5890,,,,,,,,
2026-07-09,びわこ,8,△中,6,1-2-5 / 1-5-2 / 2-1-5 / 2-5-1 / 5-1-2 / 5-2-1,,1号平川 香織,2号藤堂 里香,5号根岸 真優,3.0,3.0,3-1-2,×,3120,-600,,,,,,,,
2026-07-09,びわこ,9,🌊最高(大荒),10,1-6-2 / 1-2-6 / 6-1-2 / 6-2-1 / 2-1-6 / 2-6-1 / 1-6-5 / 1-5-6 / 5-1-6 / 5-6-1,,1号大石 真央,6号山田 理央,2号井上 遥妃,3.0,3.0,2-1-3,×,1900,-1000,,,,,,,,
2026-07-09,びわこ,10,△中,6,1-3-6 / 1-6-3 / 3-1-6 / 3-6-1 / 6-1-3 / 6-3-1,,1号中川 りな,3号海野 ゆかり,6号清水 愛海,3.0,3.0,1-4-6,×,1700,-600,,,,,,,,
2026-07-09,びわこ,11,✅低(堅),6,1-4-6 / 1-6-4 / 4-1-6 / 4-6-1 / 6-1-4 / 6-4-1,,1号高憧 四季,4号倉持 莉々,6号香川 素子,3.0,3.0,3-2-4,×,46910,-600,,,,,,,,
2026-07-09,びわこ,12,✅低(堅),6,1-4-3 / 1-3-4 / 4-1-3 / 4-3-1 / 3-1-4 / 3-4-1,,1号小芦 るり華,4号田口 節子,3号森下 愛梨,3.0,3.0,1-4-6,×,1910,-600,,,,,,,,
2026-07-09,鳴門,1,△中,6,1-3-2 / 1-2-3 / 3-1-2 / 3-2-1 / 2-1-3 / 2-3-1,,1号丸尾 義孝,3号中渡 修作,2号倉富 大誠,4.0,4.0,5-1-4,×,13670,-600,,,,,,,,
2026-07-09,鳴門,2,🌊最高(大荒),10,1-5-2 / 1-2-5 / 5-1-2 / 5-2-1 / 2-1-5 / 2-5-1 / 1-5-3 / 1-3-5 / 3-1-5 / 3-5-1,,1号齊藤 優,5号森永 隆,2号村松 修二,3.0,3.0,2-5-4,×,8840,-1000,,,,,,,,
2026-07-09,鳴門,3,✅低(堅),6,1-4-2 / 1-2-4 / 4-1-2 / 4-2-1 / 2-1-4 / 2-4-1,,1号笹木 香吾,4号向後 龍一,2号前田 聖文,3.0,3.0,4-1-2,○,3530,2930,,,,,,,,
2026-07-09,鳴門,4,✅低(堅),6,1-2-5 / 1-5-2 / 2-1-5 / 2-5-1 / 5-1-2 / 5-2-1,,1号三宅 潤,2号松本 純平,5号三木 晴斗,4.0,4.0,2-1-5,○,1170,570,,,,,,,,
2026-07-09,鳴門,5,✅低(堅),6,1-6-4 / 1-4-6 / 6-1-4 / 6-4-1 / 4-1-6 / 4-6-1,,1号後藤 美翼,6号山本 梨菜,4号西岡 成美,4.0,4.0,6-2-4,×,7490,-600,,,,,,,,
2026-07-09,鳴門,6,⚠高(荒),10,1-2-3 / 1-3-2 / 2-1-3 / 2-3-1 / 3-1-2 / 3-2-1 / 1-2-6 / 1-6-2 / 6-1-2 / 6-2-1,,1号坪内 実,2号木田 峰由季,3号荒木 颯斗,4.0,4.0,4-3-5,×,26970,-1000,,,,,,,,
2026-07-09,鳴門,7,⚠高(荒),10,1-4-2 / 1-2-4 / 4-1-2 / 4-2-1 / 2-1-4 / 2-4-1 / 1-4-6 / 1-6-4 / 6-1-4 / 6-4-1,,1号野相 弘司,4号加藤 翔馬,2号深水 慎一郎,3.0,3.0,4-5-2,×,2320,-1000,,,,,,,,
2026-07-09,鳴門,8,🌊最高(大荒),10,1-5-3 / 1-3-5 / 5-1-3 / 5-3-1 / 3-1-5 / 3-5-1 / 1-5-2 / 1-2-5 / 2-1-5 / 2-5-1,,1号折下 寛法,5号村松 修二,3号鈴木 孝明,3.0,3.0,3-2-1,×,3850,-1000,,,,,,,,
2026-07-09,鳴門,9,🌊最高(大荒),10,1-5-2 / 1-2-5 / 5-1-2 / 5-2-1 / 2-1-5 / 2-5-1 / 1-5-4 / 1-4-5 / 4-1-5 / 4-5-1,,1号汐崎 正則,5号島川 海輝,2号石原 翼,4.0,4.0,4-1-5,○,10510,9510,,,,,,,,
2026-07-09,鳴門,10,⚠高(荒),10,1-6-5 / 1-5-6 / 6-1-5 / 6-5-1 / 5-1-6 / 5-6-1 / 1-6-3 / 1-3-6 / 3-1-6 / 3-6-1,,1号平瀬 城啓,6号青木 蓮,5号笹木 香吾,4.0,4.0,6-3-2,×,36120,-1000,,,,,,,,
2026-07-09,鳴門,11,△中,6,1-3-6 / 1-6-3 / 3-1-6 / 3-6-1 / 6-1-3 / 6-3-1,,1号荒木 颯斗,3号森永 隆,6号向後 龍一,4.0,4.0,1-3-2,×,1050,-600,,,,,,,,
2026-07-09,鳴門,12,✅低(堅),6,1-4-5 / 1-5-4 / 4-1-5 / 4-5-1 / 5-1-4 / 5-4-1,,1号加藤 翔馬,4号松本 純平,5号丸尾 義孝,4.0,4.0,1-3-4,×,1330,-600,,,,,,,,
2026-07-09,丸亀,1,🌊最高(大荒),10,1-6-5 / 1-5-6 / 6-1-5 / 6-5-1 / 5-1-6 / 5-6-1 / 1-6-2 / 1-2-6 / 2-1-6 / 2-6-1,,1号長谷川 親王,6号坪井 爽佑,5号吉川 勇作,2.0,2.0,4-2-5,×,10350,-1000,,,,,,,,
2026-07-09,丸亀,2,⚠高(荒),10,6-3-1 / 6-1-3 / 3-6-1 / 3-1-6 / 1-6-3 / 1-3-6 / 6-3-5 / 6-5-3 / 5-6-3 / 5-3-6,,6号松田 淳平,3号山田 佑樹,1号瀬川 大地,3.0,3.0,1-3-2,×,6460,-1000,,,,,,,,
2026-07-09,丸亀,3,⚠高(荒),10,1-4-2 / 1-2-4 / 4-1-2 / 4-2-1 / 2-1-4 / 2-4-1 / 1-4-6 / 1-6-4 / 6-1-4 / 6-4-1,,1号齋藤 勇,4号後藤 正宗,2号櫻井 優,3.0,3.0,1-2-4,○,1640,640,,,,,,,,
2026-07-09,丸亀,4,⚠高(荒),10,1-4-3 / 1-3-4 / 4-1-3 / 4-3-1 / 3-1-4 / 3-4-1 / 1-4-2 / 1-2-4 / 2-1-4 / 2-4-1,,1号秋末 秦悟,4号中野 希一,3号芝田 浩治,2.0,2.0,4-3-5,×,1870,-1000,,,,,,,,
2026-07-09,丸亀,5,🌊最高(大荒),10,1-3-5 / 1-5-3 / 3-1-5 / 3-5-1 / 5-1-3 / 5-3-1 / 1-3-2 / 1-2-3 / 2-1-3 / 2-3-1,,1号岡本 大,3号砂長 知輝,5号角谷 健吾,2.0,2.0,1-5-3,○,2100,1100,,,,,,,,
2026-07-09,丸亀,6,△中,6,1-6-5 / 1-5-6 / 6-1-5 / 6-5-1 / 5-1-6 / 5-6-1,,1号石岡 将太,6号大上 卓人,5号柘植 政浩,2.0,2.0,5-6-1,○,2640,2040,,,,,,,,
2026-07-09,丸亀,7,🌊最高(大荒),10,1-4-6 / 1-6-4 / 4-1-6 / 4-6-1 / 6-1-4 / 6-4-1 / 1-4-3 / 1-3-4 / 3-1-4 / 3-4-1,,1号香川 颯太,4号重成 一人,6号清水 敦揮,2.0,2.0,3-1-4,○,2420,1420,,,,,,,,
2026-07-09,丸亀,8,✅低(堅),6,1-2-4 / 1-4-2 / 2-1-4 / 2-4-1 / 4-1-2 / 4-2-1,,1号久田 敏之,2号奥田 誠,4号沢田 昭宏,2.0,2.0,1-5-2,×,1490,-600,,,,,,,,
2026-07-09,丸亀,9,△中,6,1-2-3 / 1-3-2 / 2-1-3 / 2-3-1 / 3-1-2 / 3-2-1,,1号芝田 浩治,2号大久保 信一郎,3号櫻井 優,2.0,2.0,,,,,,,,,,,,
2026-07-09,丸亀,10,△中,6,1-2-5 / 1-5-2 / 2-1-5 / 2-5-1 / 5-1-2 / 5-2-1,,1号角谷 健吾,2号末永 祐輝,5号石岡 将太,2.0,2.0,,,,,,,,,,,,
2026-07-09,丸亀,11,✅低(堅),6,1-2-3 / 1-3-2 / 2-1-3 / 2-3-1 / 3-1-2 / 3-2-1,,1号中野 希一,2号柘植 政浩,3号清水 敦揮,2.0,2.0,,,,,,,,,,,,
2026-07-09,丸亀,12,✅低(堅),6,1-2-6 / 1-6-2 / 2-1-6 / 2-6-1 / 6-1-2 / 6-2-1,,1号重成 一人,2号久田 敏之,6号砂長 知輝,2.0,2.0,,,,,,,,,,,,
2026-07-09,児島,1,✅低(堅),6,1-3-4 / 1-4-3 / 3-1-4 / 3-4-1 / 4-1-3 / 4-3-1,,1号若林 義人,3号岩下 巧斗,4号廣瀬 篤哉,3.0,3.0,1-6-5,×,10310,-600,,,,,,,,
2026-07-09,児島,2,✅低(堅),6,1-4-6 / 1-6-4 / 4-1-6 / 4-6-1 / 6-1-4 / 6-4-1,,1号喜井 つかさ,4号藤原 菜希,6号山下 奈緒,3.0,3.0,1-4-2,×,470,-600,,,,,,,,
2026-07-09,児島,3,△中,6,3-5-4 / 3-4-5 / 5-3-4 / 5-4-3 / 4-3-5 / 4-5-3,,3号石川 真二,5号西野 翔太,4号岸本 隆,4.0,3.0,5-3-1,×,4360,-600,,,,,,,,
2026-07-09,児島,4,🌊最高(大荒),10,1-4-3 / 1-3-4 / 4-1-3 / 4-3-1 / 3-1-4 / 3-4-1 / 1-4-5 / 1-5-4 / 5-1-4 / 5-4-1,,1号森下 勇,4号竹田 辰也,3号峰重 力也,3.0,3.0,1-2-5,×,4650,-1000,,,,,,,,
2026-07-09,児島,5,🌊最高(大荒),10,3-1-4 / 3-4-1 / 1-3-4 / 1-4-3 / 4-3-1 / 4-1-3 / 3-1-5 / 3-5-1 / 5-3-1 / 5-1-3,,3号佐藤 航,1号西村 豪洋,4号伊久間 陽優,4.0,3.0,4-3-5,×,2640,-1000,,,,,,,,
2026-07-09,児島,6,🌊最高(大荒),10,1-2-6 / 1-6-2 / 2-1-6 / 2-6-1 / 6-1-2 / 6-2-1 / 1-2-5 / 1-5-2 / 5-1-2 / 5-2-1,,1号新井 英孝,2号青木 玄太,6号川原 涼,4.0,3.0,1-2-3,×,550,-1000,,,,,,,,
2026-07-09,児島,7,🌊最高(大荒),10,3-2-4 / 3-4-2 / 2-3-4 / 2-4-3 / 4-3-2 / 4-2-3 / 3-2-1 / 3-1-2 / 1-3-2 / 1-2-3,,3号畑田 汰一,2号長谷川 雅和,4号上平 真二,5.0,5.0,2-1-4,×,4620,-1000,,,,,,,,
2026-07-09,児島,8,🌊最高(大荒),10,5-1-6 / 5-6-1 / 1-5-6 / 1-6-5 / 6-5-1 / 6-1-5 / 5-1-4 / 5-4-1 / 4-5-1 / 4-1-5,,5号川原 正明,1号福田 理,6号半田 尚也,3.0,3.0,5-1-6,○,2120,1120,,,,,,,,
2026-07-09,児島,9,△中,6,1-4-6 / 1-6-4 / 4-1-6 / 4-6-1 / 6-1-4 / 6-4-1,,1号岸本 隆,4号西川 拓利,6号藤原 菜希,4.0,3.0,1-4-6,○,1060,460,,,,,,,,
2026-07-09,児島,10,✅低(堅),6,1-5-6 / 1-6-5 / 5-1-6 / 5-6-1 / 6-1-5 / 6-5-1,,1号中村 栄治,5号石川 真二,6号峰重 力也,3.0,3.0,5-3-6,×,5470,-600,,,,,,,,
2026-07-09,児島,11,✅低(堅),6,1-2-3 / 1-3-2 / 2-1-3 / 2-3-1 / 3-1-2 / 3-2-1,,1号畑田 汰一,2号喜井 つかさ,3号四宮 与寛,3.0,3.0,1-5-4,×,11310,-600,,,,,,,,
2026-07-09,児島,12,✅低(堅),6,1-4-5 / 1-5-4 / 4-1-5 / 4-5-1 / 5-1-4 / 5-4-1,,1号上平 真二,4号青木 玄太,5号若林 義人,3.0,3.0,1-2-4,×,1380,-600,,,,,,,,
2026-07-09,徳山,1,✅低(堅),6,1-2-5 / 1-5-2 / 2-1-5 / 2-5-1 / 5-1-2 / 5-2-1,,1号藤田 浩人,2号坂井 滉哉,5号岡部 浩,4.0,4.0,1-2-6,×,1380,-600,,,,,,,,
2026-07-09,徳山,2,✅低(堅),6,1-4-6 / 1-6-4 / 4-1-6 / 4-6-1 / 6-1-4 / 6-4-1,,1号真庭 明志,4号松村 康太,6号徳増 秀樹,3.0,3.0,1-2-4,×,1070,-600,,,,,,,,
2026-07-09,徳山,3,✅低(堅),6,1-6-5 / 1-5-6 / 6-1-5 / 6-5-1 / 5-1-6 / 5-6-1,,1号吉田 一郎,6号山崎 昂介,5号若林 樹蘭,3.0,3.0,3-5-1,×,20190,-600,,,,,,,,
2026-07-09,徳山,4,△中,6,1-3-2 / 1-2-3 / 3-1-2 / 3-2-1 / 2-1-3 / 2-3-1,,1号三苫 晃幸,3号牟田 奨太,2号山崎 祥,3.0,3.0,1-3-2,○,1840,1240,,,,,,,,
2026-07-09,徳山,5,✅低(堅),6,1-6-3 / 1-3-6 / 6-1-3 / 6-3-1 / 3-1-6 / 3-6-1,,1号尾崎 雄二,6号野末 智一,3号小林 孝彰,2.0,2.0,1-2-3,×,500,-600,,,,,,,,
2026-07-09,徳山,6,🌊最高(大荒),10,1-4-6 / 1-6-4 / 4-1-6 / 4-6-1 / 6-1-4 / 6-4-1 / 1-4-5 / 1-5-4 / 5-1-4 / 5-4-1,,1号橋本 年光,4号林 美憲,6号江本 真治,2.0,2.0,6-4-2,×,35460,-1000,,,,,,,,
2026-07-09,徳山,7,⚠高(荒),10,1-5-4 / 1-4-5 / 5-1-4 / 5-4-1 / 4-1-5 / 4-5-1 / 1-5-3 / 1-3-5 / 3-1-5 / 3-5-1,,1号竹之内 極,5号大場 広孝,4号表 憲一,5.0,5.0,1-4-2,×,970,-1000,,,,,,,,
2026-07-09,徳山,8,🌊最高(大荒),10,3-1-5 / 3-5-1 / 1-3-5 / 1-5-3 / 5-3-1 / 5-1-3 / 3-1-4 / 3-4-1 / 4-3-1 / 4-1-3,,3号若林 樹蘭,1号上之 晃弘,5号山崎 祥,5.0,5.0,1-4-5,×,4710,-1000,,,,,,,,
2026-07-09,徳山,9,⚠高(荒),10,1-2-4 / 1-4-2 / 2-1-4 / 2-4-1 / 4-1-2 / 4-2-1 / 1-2-3 / 1-3-2 / 3-1-2 / 3-2-1,,1号山崎 昂介,2号三苫 晃幸,4号小林 孝彰,5.0,5.0,3-2-1,○,11200,10200,,,,,,,,
2026-07-09,徳山,10,✅低(堅),6,1-2-3 / 1-3-2 / 2-1-3 / 2-3-1 / 3-1-2 / 3-2-1,,1号野末 智一,2号江本 真治,3号松村 康太,4.0,4.0,1-6-2,×,8900,-600,,,,,,,,
2026-07-09,徳山,11,✅低(堅),6,1-4-6 / 1-6-4 / 4-1-6 / 4-6-1 / 6-1-4 / 6-4-1,,1号徳増 秀樹,4号松田 憲幸,6号尾崎 雄二,2.0,2.0,1-2-4,×,2970,-600,,,,,,,,
2026-07-09,徳山,12,✅低(堅),6,1-5-3 / 1-3-5 / 5-1-3 / 5-3-1 / 3-1-5 / 3-5-1,,1号原田 幸哉,5号小林 文彦,3号馬袋 義則,3.0,3.0,3-1-2,×,5950,-600,,,,,,,,
2026-07-09,若松,1,🌊最高(大荒),10,1-4-6 / 1-6-4 / 4-1-6 / 4-6-1 / 6-1-4 / 6-4-1 / 1-4-3 / 1-3-4 / 3-1-4 / 3-4-1,,1号石塚 裕介,4号田川 大貴,6号花田 和明,5.0,5.0,2-1-3,×,4100,-1000,,,,,,,,
2026-07-09,若松,2,🌊最高(大荒),10,5-4-2 / 5-2-4 / 4-5-2 / 4-2-5 / 2-5-4 / 2-4-5 / 5-4-1 / 5-1-4 / 1-5-4 / 1-4-5,,5号坂口 周,4号大神 康司,2号丹下 将,4.0,4.0,2-3-5,×,9080,-1000,,,,,,,,
2026-07-09,若松,3,🌊最高(大荒),10,1-5-3 / 1-3-5 / 5-1-3 / 5-3-1 / 3-1-5 / 3-5-1 / 1-5-6 / 1-6-5 / 6-1-5 / 6-5-1,,1号石井 孝之,5号野長瀬 正孝,3号原 豊土,5.0,5.0,2-3-1,×,2670,-1000,,,,,,,,
2026-07-09,若松,4,🌊最高(大荒),10,1-5-3 / 1-3-5 / 5-1-3 / 5-3-1 / 3-1-5 / 3-5-1 / 1-5-2 / 1-2-5 / 2-1-5 / 2-5-1,,1号川島 拓郎,5号吉田 裕平,3号大野 芳顕,5.0,5.0,1-2-6,×,3550,-1000,,,,,,,,
2026-07-09,若松,5,△中,6,1-2-4 / 1-4-2 / 2-1-4 / 2-4-1 / 4-1-2 / 4-2-1,,1号赤坂 俊輔,2号高橋 竜矢,4号出畑 孝典,5.0,5.0,1-2-3,×,700,-600,,,,,,,,
2026-07-09,若松,6,🌊最高(大荒),10,1-4-2 / 1-2-4 / 4-1-2 / 4-2-1 / 2-1-4 / 2-4-1 / 1-4-6 / 1-6-4 / 6-1-4 / 6-4-1,,1号安田 政彦,4号西山 貴浩,2号池田 雄祐,5.0,5.0,4-1-6,×,3020,-1000,,,,,,,,
2026-07-09,若松,7,⚠高(荒),10,1-6-5 / 1-5-6 / 6-1-5 / 6-5-1 / 5-1-6 / 5-6-1 / 1-6-4 / 1-4-6 / 4-1-6 / 4-6-1,,1号飯島 昌弘,6号土屋 智則,5号津田 陸翔,5.0,5.0,4-1-5,×,4360,-1000,,,,,,,,
2026-07-09,若松,8,⚠高(荒),10,1-2-3 / 1-3-2 / 2-1-3 / 2-3-1 / 3-1-2 / 3-2-1 / 1-2-6 / 1-6-2 / 6-1-2 / 6-2-1,,1号山下 和彦,2号小池 修平,3号北野 輝季,5.0,5.0,1-3-2,○,720,-280,,,,,,,,
2026-07-09,若松,9,⚠高(荒),10,1-6-3 / 1-3-6 / 6-1-3 / 6-3-1 / 3-1-6 / 3-6-1 / 1-6-5 / 1-5-6 / 5-1-6 / 5-6-1,,1号野長瀬 正孝,6号篠崎 元志,3号楠 将太郎,5.0,5.0,,,,,,,,,,,,
2026-07-09,若松,10,△中,6,1-5-4 / 1-4-5 / 5-1-4 / 5-4-1 / 4-1-5 / 4-5-1,,1号山口 達也,5号高橋 竜矢,4号大野 芳顕,5.0,5.0,,,,,,,,,,,,
2026-07-09,若松,11,△中,6,1-3-4 / 1-4-3 / 3-1-4 / 3-4-1 / 4-1-3 / 4-3-1,,1号西山 貴浩,3号坂口 周,4号赤坂 俊輔,5.0,5.0,,,,,,,,,,,,
2026-07-09,若松,12,△中,6,1-4-3 / 1-3-4 / 4-1-3 / 4-3-1 / 3-1-4 / 3-4-1,,1号小池 修平,4号森野 正弘,3号吉田 裕平,5.0,5.0,,,,,,,,,,,,
2026-07-09,大村,1,🌊最高(大荒),10,1-6-4 / 1-4-6 / 6-1-4 / 6-4-1 / 4-1-6 / 4-6-1 / 1-6-2 / 1-2-6 / 2-1-6 / 2-6-1,,1号蒲原 健太,6号山本 光雄,4号竹田 広樹,2.0,1.0,1-3-4,×,1080,-1000,,,,,,,,
2026-07-09,大村,2,🌊最高(大荒),10,1-2-4 / 1-4-2 / 2-1-4 / 2-4-1 / 4-1-2 / 4-2-1 / 1-2-3 / 1-3-2 / 3-1-2 / 3-2-1,,1号高木 圭大,2号泥谷 一毅,4号杉山 勝匡,2.0,1.0,1-2-3,○,700,-300,,,,,,,,
2026-07-09,大村,3,🌊最高(大荒),10,1-6-4 / 1-4-6 / 6-1-4 / 6-4-1 / 4-1-6 / 4-6-1 / 1-6-3 / 1-3-6 / 3-1-6 / 3-6-1,,1号井上 尚悟,6号大塚 康雅,4号川添 英正,2.0,1.0,2-1-3,×,9060,-1000,,,,,,,,
2026-07-09,大村,4,△中,6,1-5-2 / 1-2-5 / 5-1-2 / 5-2-1 / 2-1-5 / 2-5-1,,1号小野寺 智洋,5号木谷 賢太,2号北村 征嗣,2.0,1.0,1-2-5,○,460,-140,,,,,,,,
2026-07-09,大村,5,△中,6,1-2-5 / 1-5-2 / 2-1-5 / 2-5-1 / 5-1-2 / 5-2-1,,1号岩崎 芳美,2号乙藤 智史,5号野村 誠,2.0,1.0,,,,,,,,,,,,
2026-07-09,大村,6,△中,6,1-2-6 / 1-6-2 / 2-1-6 / 2-6-1 / 6-1-2 / 6-2-1,,1号山田 雄太,2号細川 裕子,6号石橋 道友,2.0,1.0,,,,,,,,,,,,
2026-07-09,大村,7,△中,6,1-4-5 / 1-5-4 / 4-1-5 / 4-5-1 / 5-1-4 / 5-4-1,,1号鳥飼 眞,4号蒲原 健太,5号小林 孝弘,2.0,1.0,,,,,,,,,,,,
2026-07-09,大村,8,△中,6,1-3-4 / 1-4-3 / 3-1-4 / 3-4-1 / 4-1-3 / 4-3-1,,1号村田 修次,3号佃 來紀,4号井上 尚悟,2.0,1.0,,,,,,,,,,,,
2026-07-09,大村,9,🌊最高(大荒),10,1-4-5 / 1-5-4 / 4-1-5 / 4-5-1 / 5-1-4 / 5-4-1 / 1-4-3 / 1-3-4 / 3-1-4 / 3-4-1,,1号土屋 蘭,4号廣瀬 凜,5号泥谷 一毅,2.0,1.0,,,,,,,,,,,,
2026-07-09,大村,10,✅低(堅),6,1-5-6 / 1-6-5 / 5-1-6 / 5-6-1 / 6-1-5 / 6-5-1,,1号石橋 道友,5号岩崎 芳美,6号小野寺 智洋,2.0,1.0,,,,,,,,,,,,
2026-07-09,大村,11,✅低(堅),6,1-2-3 / 1-3-2 / 2-1-3 / 2-3-1 / 3-1-2 / 3-2-1,,1号山田 祐也,2号黒野 元基,3号水谷 理人,2.0,1.0,,,,,,,,,,,,
2026-07-09,大村,12,✅低(堅),6,1-6-3 / 1-3-6 / 6-1-3 / 6-3-1 / 3-1-6 / 3-6-1,,1号木谷 賢太,6号山田 雄太,3号鳥飼 眞,2.0,1.0,,,,,,,,,,,,
2026-07-10,戸田,1,✅低(堅),6,1-6-4 / 1-4-6 / 6-1-4 / 6-4-1 / 4-1-6 / 4-6-1,,1号河合 佑樹,6号濱野谷 憲吾,4号太田 和美,0.0,0.0,6-5-2,×,11120,-600,,,,,,,,
2026-07-10,戸田,2,✅低(堅),6,1-6-2 / 1-2-6 / 6-1-2 / 6-2-1 / 2-1-6 / 2-6-1,,1号飯山 泰,6号新開 航,2号丸野 一樹,0.0,0.0,2-1-4,×,1940,-600,,,,,,,,
2026-07-10,戸田,3,✅低(堅),6,1-6-2 / 1-2-6 / 6-1-2 / 6-2-1 / 2-1-6 / 2-6-1,,1号櫻本 あゆみ,6号吉田 拡郎,2号佐藤 翼,0.0,0.0,2-5-4,×,4190,-600,,,,,,,,
2026-07-10,戸田,4,✅低(堅),6,1-6-5 / 1-5-6 / 6-1-5 / 6-5-1 / 5-1-6 / 5-6-1,,1号松田 祐季,6号仲谷 颯仁,5号井口 佳典,0.0,0.0,5-2-6,×,3210,-600,,,,,,,,
2026-07-10,戸田,5,△中,6,1-5-4 / 1-4-5 / 5-1-4 / 5-4-1 / 4-1-5 / 4-5-1,,1号上原 健次郎,5号上條 暢嵩,4号平本 真之,0.0,0.0,3-5-4,×,5300,-600,,,,,,,,
2026-07-10,戸田,6,✅低(堅),6,1-6-4 / 1-4-6 / 6-1-4 / 6-4-1 / 4-1-6 / 4-6-1,,1号桑原 悠,6号大峯 豊,4号中田 竜太,0.0,0.0,1-6-5,×,3350,-600,,,,,,,,
2026-07-10,戸田,7,✅低(堅),6,1-2-5 / 1-5-2 / 2-1-5 / 2-5-1 / 5-1-2 / 5-2-1,,1号太田 和美,2号関 浩哉,5号渡邉 俊介,0.0,0.0,2-1-4,×,1450,-600,,,,,,,,
2026-07-10,戸田,8,✅低(堅),6,1-4-2 / 1-2-4 / 4-1-2 / 4-2-1 / 2-1-4 / 2-4-1,,1号米丸 乃絵,4号佐藤 翼,2号中村 日向,0.0,0.0,4-2-5,×,1510,-600,,,,,,,,
2026-07-10,戸田,9,✅低(堅),6,1-5-3 / 1-3-5 / 5-1-3 / 5-3-1 / 3-1-5 / 3-5-1,,1号平本 真之,5号毒島 誠,3号仲谷 颯仁,0.0,0.0,1-5-2,×,1330,-600,,,,,,,,
2026-07-10,戸田,10,✅低(堅),6,1-3-2 / 1-2-3 / 3-1-2 / 3-2-1 / 2-1-3 / 2-3-1,,1号井口 佳典,3号新開 航,2号大峯 豊,0.0,0.0,3-1-2,○,6300,5700,,,,,,,,
2026-07-10,戸田,11,✅低(堅),6,1-5-4 / 1-4-5 / 5-1-4 / 5-4-1 / 4-1-5 / 4-5-1,,1号山田 康二,5号大池 佑来,4号丸野 一樹,0.0,0.0,1-6-2,×,16180,-600,,,,,,,,
2026-07-10,戸田,12,✅低(堅),6,1-3-6 / 1-6-3 / 3-1-6 / 3-6-1 / 6-1-3 / 6-3-1,,1号白井 英治,3号吉田 拡郎,6号石渡 鉄兵,0.0,0.0,1-3-2,×,1490,-600,,,,,,,,
2026-07-10,浜名湖,1,🌊最高(大荒),10,1-3-5 / 1-5-3 / 3-1-5 / 3-5-1 / 5-1-3 / 5-3-1 / 1-3-2 / 1-2-3 / 2-1-3 / 2-3-1,,1号倉田 郁美,3号内山 七海,5号藤原 早菜,0.0,0.0,5-2-6,×,20940,-1000,,,,,,,,
2026-07-10,浜名湖,2,🌊最高(大荒),10,1-6-4 / 1-4-6 / 6-1-4 / 6-4-1 / 4-1-6 / 4-6-1 / 1-6-3 / 1-3-6 / 3-1-6 / 3-6-1,,1号金子 良昭,6号若林 将,4号郷原 章平,0.0,0.0,6-1-4,○,9920,8920,,,,,,,,
2026-07-10,浜名湖,3,✅低(堅),6,1-2-5 / 1-5-2 / 2-1-5 / 2-5-1 / 5-1-2 / 5-2-1,,1号大橋 純一郎,2号前川 守嗣,5号上野 拓馬,0.0,0.0,1-2-3,×,840,-600,,,,,,,,
2026-07-10,浜名湖,4,🌊最高(大荒),10,1-2-4 / 1-4-2 / 2-1-4 / 2-4-1 / 4-1-2 / 4-2-1 / 1-2-3 / 1-3-2 / 3-1-2 / 3-2-1,,1号加藤 綾,2号山下 友貴,4号津田 裕絵,0.0,0.0,1-2-3,○,1210,210,,,,,,,,
2026-07-10,浜名湖,5,🌊最高(大荒),10,1-6-4 / 1-4-6 / 6-1-4 / 6-4-1 / 4-1-6 / 4-6-1 / 1-6-5 / 1-5-6 / 5-1-6 / 5-6-1,,1号塩崎 桐加,6号川野 芽唯,4号豊田 結,0.0,0.0,1-3-5,×,4320,-1000,,,,,,,,
2026-07-10,浜名湖,6,🌊最高(大荒),10,1-3-5 / 1-5-3 / 3-1-5 / 3-5-1 / 5-1-3 / 5-3-1 / 1-3-4 / 1-4-3 / 4-1-3 / 4-3-1,,1号牧山 敦也,3号金田 諭,5号杉山 貴博,0.0,0.0,1-5-4,×,5840,-1000,,,,,,,,
2026-07-10,浜名湖,7,🌊最高(大荒),10,1-5-2 / 1-2-5 / 5-1-2 / 5-2-1 / 2-1-5 / 2-5-1 / 1-5-3 / 1-3-5 / 3-1-5 / 3-5-1,,1号和田 操拓,5号永井 彪也,2号郷原 章平,0.0,0.0,1-2-5,○,1000,0,,,,,,,,
2026-07-10,浜名湖,8,△中,6,1-4-5 / 1-5-4 / 4-1-5 / 4-5-1 / 5-1-4 / 5-4-1,,1号藤原 早菜,4号長嶋 万記,5号倉田 郁美,0.0,0.0,4-5-6,×,3820,-600,,,,,,,,
2026-07-10,浜名湖,9,🌊最高(大荒),10,1-2-3 / 1-3-2 / 2-1-3 / 2-3-1 / 3-1-2 / 3-2-1 / 1-2-4 / 1-4-2 / 4-1-2 / 4-2-1,,1号豊田 結,2号平田 さやか,3号向井 美鈴,0.0,0.0,3-1-2,○,4050,3050,,,,,,,,
2026-07-10,浜名湖,10,△中,6,1-5-3 / 1-3-5 / 5-1-3 / 5-3-1 / 3-1-5 / 3-5-1,,1号藤田 竜弘,5号百武 翔,3号杉山 貴博,0.0,0.0,6-5-1,×,18190,-600,,,,,,,,
2026-07-10,浜名湖,11,✅低(堅),6,1-3-2 / 1-2-3 / 3-1-2 / 3-2-1 / 2-1-3 / 2-3-1,,1号永井 彪也,3号若林 将,2号大橋 純一郎,0.0,0.0,1-2-4,×,1230,-600,,,,,,,,
2026-07-10,浜名湖,12,🌊最高(大荒),10,1-3-5 / 1-5-3 / 3-1-5 / 3-5-1 / 5-1-3 / 5-3-1 / 1-3-4 / 1-4-3 / 4-1-3 / 4-3-1,,1号長嶋 万記,3号川野 芽唯,5号山下 友貴,0.0,0.0,5-2-3,×,31710,-1000,,,,,,,,
2026-07-10,常滑,1,✅低(堅),6,1-4-2 / 1-2-4 / 4-1-2 / 4-2-1 / 2-1-4 / 2-4-1,,1号烏野 賢太,4号荻野 裕介,2号萬 正嗣,0.0,0.0,4-5-1,×,4300,-600,,,,,,,,
2026-07-10,常滑,2,🌊最高(大荒),10,1-5-3 / 1-3-5 / 5-1-3 / 5-3-1 / 3-1-5 / 3-5-1 / 1-5-4 / 1-4-5 / 4-1-5 / 4-5-1,,1号吉岡 誠,5号前田 翔,3号河野 真也,0.0,0.0,2-1-5,×,2060,-1000,,,,,,,,
2026-07-10,常滑,3,🌊最高(大荒),10,1-5-3 / 1-3-5 / 5-1-3 / 5-3-1 / 3-1-5 / 3-5-1 / 1-5-2 / 1-2-5 / 2-1-5 / 2-5-1,,1号中越 博紀,5号長田 頼宗,3号角 ひとみ,0.0,0.0,1-5-3,○,1320,320,,,,,,,,
2026-07-10,常滑,4,🌊最高(大荒),10,1-5-3 / 1-3-5 / 5-1-3 / 5-3-1 / 3-1-5 / 3-5-1 / 1-5-4 / 1-4-5 / 4-1-5 / 4-5-1,,1号泉 具巳,5号田中 和也,3号荒井 翔伍,0.0,0.0,3-5-4,×,1710,-1000,,,,,,,,
2026-07-10,常滑,5,✅低(堅),6,1-3-2 / 1-2-3 / 3-1-2 / 3-2-1 / 2-1-3 / 2-3-1,,1号中山 翔太,3号清埜 翔子,2号三宅 健太,0.0,0.0,1-3-5,×,850,-600,,,,,,,,
2026-07-10,常滑,6,✅低(堅),6,1-3-4 / 1-4-3 / 3-1-4 / 3-4-1 / 4-1-3 / 4-3-1,,1号北川 潤二,3号吉川 昭男,4号烏野 賢太,0.0,0.0,1-3-4,○,640,40,,,,,,,,
2026-07-10,常滑,7,🌊最高(大荒),10,1-2-4 / 1-4-2 / 2-1-4 / 2-4-1 / 4-1-2 / 4-2-1 / 1-2-3 / 1-3-2 / 3-1-2 / 3-2-1,,1号飯塚 響,2号竹下 大樹,4号前田 翔,0.0,0.0,5-2-4,×,7930,-1000,,,,,,,,
2026-07-10,常滑,8,🌊最高(大荒),10,1-6-4 / 1-4-6 / 6-1-4 / 6-4-1 / 4-1-6 / 4-6-1 / 1-6-2 / 1-2-6 / 2-1-6 / 2-6-1,,1号菅沼 佳昭,6号新田 泰章,4号荒井 翔伍,0.0,0.0,1-2-3,×,2010,-1000,,,,,,,,
2026-07-10,常滑,9,△中,6,1-5-4 / 1-4-5 / 5-1-4 / 5-4-1 / 4-1-5 / 4-5-1,,1号河野 真也,5号中山 翔太,4号三嶌 誠司,0.0,0.0,1-2-5,×,2190,-600,,,,,,,,
2026-07-10,常滑,10,🌊最高(大荒),10,1-4-6 / 1-6-4 / 4-1-6 / 4-6-1 / 6-1-4 / 6-4-1 / 1-4-2 / 1-2-4 / 2-1-4 / 2-4-1,,1号井上 未都,4号清埜 翔子,6号角 ひとみ,0.0,0.0,1-3-4,×,2520,-1000,,,,,,,,
2026-07-10,常滑,11,✅低(堅),6,1-4-5 / 1-5-4 / 4-1-5 / 4-5-1 / 5-1-4 / 5-4-1,,1号長田 頼宗,4号竹下 大樹,5号北川 潤二,0.0,0.0,1-4-2,×,1680,-600,,,,,,,,
2026-07-10,常滑,12,✅低(堅),6,1-2-3 / 1-3-2 / 2-1-3 / 2-3-1 / 3-1-2 / 3-2-1,,1号田中 和也,2号吉川 昭男,3号新田 泰章,0.0,0.0,1-2-3,○,580,-20,,,,,,,,
2026-07-10,津,1,△中,6,1-4-2 / 1-2-4 / 4-1-2 / 4-2-1 / 2-1-4 / 2-4-1,,1号藤山 雅弘,4号妻鳥 晋也,2号中野 孝二,0.0,0.0,1-4-2,○,930,330,,,,,,,,
2026-07-10,津,2,🌊最高(大荒),10,1-4-3 / 1-3-4 / 4-1-3 / 4-3-1 / 3-1-4 / 3-4-1 / 1-4-2 / 1-2-4 / 2-1-4 / 2-4-1,,1号乃村 康友,4号岡 暢祐,3号中里 昌志,0.0,0.0,2-1-4,○,6940,5940,,,,,,,,
2026-07-10,津,3,🌊最高(大荒),10,1-4-2 / 1-2-4 / 4-1-2 / 4-2-1 / 2-1-4 / 2-4-1 / 1-4-3 / 1-3-4 / 3-1-4 / 3-4-1,,1号石原 光,4号安河内 鈴之介,2号濱本 優一,0.0,0.0,1-2-4,○,740,-260,,,,,,,,
2026-07-10,津,4,🌊最高(大荒),10,1-6-3 / 1-3-6 / 6-1-3 / 6-3-1 / 3-1-6 / 3-6-1 / 1-6-2 / 1-2-6 / 2-1-6 / 2-6-1,,1号石川 吉鎬,6号下寺 秀和,3号古川 誠之,0.0,0.0,4-1-2,×,16030,-1000,,,,,,,,
2026-07-10,津,5,✅低(堅),6,1-2-4 / 1-4-2 / 2-1-4 / 2-4-1 / 4-1-2 / 4-2-1,,1号松山 将吾,2号松竹 大輔,4号中村 守成,0.0,0.0,1-2-3,×,330,-600,,,,,,,,
2026-07-10,津,6,🌊最高(大荒),10,1-3-4 / 1-4-3 / 3-1-4 / 3-4-1 / 4-1-3 / 4-3-1 / 1-3-5 / 1-5-3 / 5-1-3 / 5-3-1,,1号栗原 一馬,3号藤原 碧生,4号中嶋 健一郎,0.0,0.0,1-3-4,○,2300,1300,,,,,,,,
2026-07-10,津,7,🌊最高(大荒),10,1-6-2 / 1-2-6 / 6-1-2 / 6-2-1 / 2-1-6 / 2-6-1 / 1-6-3 / 1-3-6 / 3-1-6 / 3-6-1,,1号網代 良芽,6号野口 勝弘,2号藤田 靖弘,0.0,0.0,6-3-1,×,4750,-1000,,,,,,,,
2026-07-10,津,8,🌊最高(大荒),10,1-3-4 / 1-4-3 / 3-1-4 / 3-4-1 / 4-1-3 / 4-3-1 / 1-3-6 / 1-6-3 / 6-1-3 / 6-3-1,,1号中島 浩哉,3号渡邉 和将,4号牧 宏次,0.0,0.0,5-6-3,×,55990,-1000,,,,,,,,
2026-07-10,津,9,△中,6,1-6-4 / 1-4-6 / 6-1-4 / 6-4-1 / 4-1-6 / 4-6-1,,1号安河内 鈴之介,6号古川 誠之,4号坪口 竜也,0.0,0.0,1-6-2,×,4260,-600,,,,,,,,
2026-07-10,津,10,△中,6,1-2-4 / 1-4-2 / 2-1-4 / 2-4-1 / 4-1-2 / 4-2-1,,1号谷口 知優,2号宗行 治哉,4号岡部 大輝,0.0,0.0,4-3-2,×,30820,-600,,,,,,,,
2026-07-10,津,11,△中,6,1-3-6 / 1-6-3 / 3-1-6 / 3-6-1 / 6-1-3 / 6-3-1,,1号中嶋 健一郎,3号宮脇 遼太,6号藤田 靖弘,0.0,0.0,1-6-2,×,5840,-600,,,,,,,,
2026-07-10,津,12,✅低(堅),6,1-6-2 / 1-2-6 / 6-1-2 / 6-2-1 / 2-1-6 / 2-6-1,,1号渡邉 和将,6号藤原 碧生,2号下寺 秀和,0.0,0.0,1-3-2,×,730,-600,,,,,,,,
2026-07-10,三国,1,△中,6,1-5-4 / 1-4-5 / 5-1-4 / 5-4-1 / 4-1-5 / 4-5-1,,1号鳥居塚 孝博,5号富山 弘幸,4号岡部 哲,0.0,0.0,1-5-4,○,2470,1870,,,,,,,,
2026-07-10,三国,2,🌊最高(大荒),10,1-4-2 / 1-2-4 / 4-1-2 / 4-2-1 / 2-1-4 / 2-4-1 / 1-4-6 / 1-6-4 / 6-1-4 / 6-4-1,,1号桑原 啓,4号繁野谷 圭介,2号室田 泰史,0.0,0.0,1-2-6,×,4600,-1000,,,,,,,,
2026-07-10,三国,3,△中,6,1-5-3 / 1-3-5 / 5-1-3 / 5-3-1 / 3-1-5 / 3-5-1,,1号柳瀬 興志,5号武田 光史,3号竹腰 正樹,0.0,0.0,1-4-3,×,6840,-600,,,,,,,,
2026-07-10,三国,4,△中,6,1-3-5 / 1-5-3 / 3-1-5 / 3-5-1 / 5-1-3 / 5-3-1,,1号山本 修一,3号平石 和男,5号濱崎 誠,0.0,0.0,1-3-2,×,1260,-600,,,,,,,,
2026-07-10,三国,5,🌊最高(大荒),10,1-6-3 / 1-3-6 / 6-1-3 / 6-3-1 / 3-1-6 / 3-6-1 / 1-6-2 / 1-2-6 / 2-1-6 / 2-6-1,,1号宮地 博士,6号佐々木 康幸,3号山一 鉄也,0.0,0.0,4-6-3,×,10730,-1000,,,,,,,,
2026-07-10,三国,6,🌊最高(大荒),10,1-5-4 / 1-4-5 / 5-1-4 / 5-4-1 / 4-1-5 / 4-5-1 / 1-5-6 / 1-6-5 / 6-1-5 / 6-5-1,,1号中島 友和,5号仲口 博崇,4号鳥居塚 孝博,0.0,0.0,5-3-4,×,4000,-1000,,,,,,,,
2026-07-10,三国,7,🌊最高(大荒),10,1-6-3 / 1-3-6 / 6-1-3 / 6-3-1 / 3-1-6 / 3-6-1 / 1-6-2 / 1-2-6 / 2-1-6 / 2-6-1,,1号橋口 真樹,6号三角 哲男,3号高橋 勲,0.0,0.0,2-6-1,○,5410,4410,,,,,,,,
2026-07-10,三国,8,🌊最高(大荒),10,1-5-3 / 1-3-5 / 5-1-3 / 5-3-1 / 3-1-5 / 3-5-1 / 1-5-2 / 1-2-5 / 2-1-5 / 2-5-1,,1号堂原 洋史,5号田頭 実,3号池本 輝明,0.0,0.0,2-5-3,×,3910,-1000,,,,,,,,
2026-07-10,三国,9,🌊最高(大荒),10,1-2-6 / 1-6-2 / 2-1-6 / 2-6-1 / 6-1-2 / 6-2-1 / 1-2-3 / 1-3-2 / 3-1-2 / 3-2-1,,1号谷 勝幸,2号佐々木 康幸,6号繁野谷 圭介,0.0,0.0,2-1-6,○,1190,190,,,,,,,,
2026-07-10,三国,10,🌊最高(大荒),10,1-2-3 / 1-3-2 / 2-1-3 / 2-3-1 / 3-1-2 / 3-2-1 / 1-2-6 / 1-6-2 / 6-1-2 / 6-2-1,,1号樋口 範政,2号仲口 博崇,3号柳瀬 興志,0.0,0.0,2-1-6,×,5120,-1000,,,,,,,,
2026-07-10,三国,11,🌊最高(大荒),10,1-6-2 / 1-2-6 / 6-1-2 / 6-2-1 / 2-1-6 / 2-6-1 / 1-6-3 / 1-3-6 / 3-1-6 / 3-6-1,,1号吉原 聖人,6号萩原 秀人,2号平石 和男,0.0,0.0,6-4-2,×,8100,-1000,,,,,,,,
2026-07-10,三国,12,✅低(堅),6,1-5-3 / 1-3-5 / 5-1-3 / 5-3-1 / 3-1-5 / 3-5-1,,1号三角 哲男,5号山一 鉄也,3号武田 光史,0.0,0.0,1-2-3,×,690,-600,,,,,,,,
2026-07-10,びわこ,1,🌊最高(大荒),10,1-2-3 / 1-3-2 / 2-1-3 / 2-3-1 / 3-1-2 / 3-2-1 / 1-2-4 / 1-4-2 / 4-1-2 / 4-2-1,,1号小林 愛実,2号小芦 るり華,3号片岡 恵里,0.0,0.0,2-4-1,×,2970,-1000,,,,,,,,
2026-07-10,びわこ,2,🌊最高(大荒),10,1-4-2 / 1-2-4 / 4-1-2 / 4-2-1 / 2-1-4 / 2-4-1 / 1-4-5 / 1-5-4 / 5-1-4 / 5-4-1,,1号西岡 育未,4号倉持 莉々,2号山口 真喜子,0.0,0.0,1-4-3,×,2910,-1000,,,,,,,,
2026-07-10,びわこ,3,🌊最高(大荒),10,4-1-5 / 4-5-1 / 1-4-5 / 1-5-4 / 5-4-1 / 5-1-4 / 4-1-6 / 4-6-1 / 6-4-1 / 6-1-4,,4号平川 香織,1号本部 めぐみ,5号井上 遥妃,0.0,0.0,4-3-5,×,2800,-1000,,,,,,,,
2026-07-10,びわこ,4,🌊最高(大荒),10,1-2-6 / 1-6-2 / 2-1-6 / 2-6-1 / 6-1-2 / 6-2-1 / 1-2-3 / 1-3-2 / 3-1-2 / 3-2-1,,1号中曽 瑠華,2号山田 理央,6号堀之内 紀代子,0.0,0.0,2-3-6,×,1230,-1000,,,,,,,,
2026-07-10,びわこ,5,✅低(堅),6,1-4-3 / 1-3-4 / 4-1-3 / 4-3-1 / 3-1-4 / 3-4-1,,1号海野 ゆかり,4号田口 節子,3号山下 夏鈴,0.0,0.0,4-3-1,○,1600,1000,,,,,,,,
2026-07-10,びわこ,6,🌊最高(大荒),10,1-4-2 / 1-2-4 / 4-1-2 / 4-2-1 / 2-1-4 / 2-4-1 / 1-4-3 / 1-3-4 / 3-1-4 / 3-4-1,,1号赤井 星璃菜,4号清水 愛海,2号土屋 南,0.0,0.0,2-4-3,×,720,-1000,,,,,,,,
2026-07-10,びわこ,7,△中,6,1-3-4 / 1-4-3 / 3-1-4 / 3-4-1 / 4-1-3 / 4-3-1,,1号山口 真喜子,3号高憧 四季,4号寺田 空詩,0.0,0.0,3-4-1,○,820,220,,,,,,,,
2026-07-10,びわこ,8,△中,6,1-3-2 / 1-2-3 / 3-1-2 / 3-2-1 / 2-1-3 / 2-3-1,,1号片岡 恵里,3号山田 理央,2号来田 衣織,0.0,0.0,1-2-3,○,1540,940,,,,,,,,
2026-07-10,びわこ,9,✅低(堅),6,1-3-6 / 1-6-3 / 3-1-6 / 3-6-1 / 6-1-3 / 6-3-1,,1号田口 節子,3号中川 りな,6号谷川 里江,0.0,0.0,1-2-4,×,1220,-600,,,,,,,,
2026-07-10,びわこ,10,✅低(堅),6,1-5-2 / 1-2-5 / 5-1-2 / 5-2-1 / 2-1-5 / 2-5-1,,1号倉持 莉々,5号海野 ゆかり,2号北村 寧々,0.0,0.0,2-1-3,×,7710,-600,,,,,,,,
2026-07-10,びわこ,11,✅低(堅),6,1-2-4 / 1-4-2 / 2-1-4 / 2-4-1 / 4-1-2 / 4-2-1,,1号清水 愛海,2号平川 香織,4号高憧 四季,0.0,0.0,1-6-4,×,4190,-600,,,,,,,,
2026-07-10,びわこ,12,✅低(堅),6,1-4-2 / 1-2-4 / 4-1-2 / 4-2-1 / 2-1-4 / 2-4-1,,1号井上 遥妃,4号小芦 るり華,2号香川 素子,0.0,0.0,5-3-2,×,141260,-600,,,,,,,,
2026-07-10,鳴門,1,△中,6,1-3-2 / 1-2-3 / 3-1-2 / 3-2-1 / 2-1-3 / 2-3-1,,1号島川 海輝,3号村松 遥輝,2号大塚 浩二,0.0,0.0,1-6-4,×,5050,-600,,,,,,,,
2026-07-10,鳴門,2,🌊最高(大荒),10,1-3-6 / 1-6-3 / 3-1-6 / 3-6-1 / 6-1-3 / 6-3-1 / 1-3-2 / 1-2-3 / 2-1-3 / 2-3-1,,1号小玉 啓太,3号丸尾 義孝,6号笹木 香吾,0.0,0.0,3-2-4,×,8160,-1000,,,,,,,,
2026-07-10,鳴門,3,✅低(堅),6,1-3-2 / 1-2-3 / 3-1-2 / 3-2-1 / 2-1-3 / 2-3-1,,1号木田 峰由季,3号石原 翼,2号横田 茂,0.0,0.0,1-3-2,○,630,30,,,,,,,,
2026-07-10,鳴門,4,△中,6,1-5-2 / 1-2-5 / 5-1-2 / 5-2-1 / 2-1-5 / 2-5-1,,1号山本 梨菜,5号加藤 翔馬,2号青木 蓮,0.0,0.0,1-2-3,×,1170,-600,,,,,,,,
2026-07-10,鳴門,5,🌊最高(大荒),10,3-2-1 / 3-1-2 / 2-3-1 / 2-1-3 / 1-3-2 / 1-2-3 / 3-2-6 / 3-6-2 / 6-3-2 / 6-2-3,,3号松本 純平,2号向後 龍一,1号西岡 成美,0.0,0.0,1-2-3,○,690,-310,,,,,,,,
2026-07-10,鳴門,6,🌊最高(大荒),10,1-5-2 / 1-2-5 / 5-1-2 / 5-2-1 / 2-1-5 / 2-5-1 / 1-5-3 / 1-3-5 / 3-1-5 / 3-5-1,,1号小澤 学,5号鈴木 孝明,2号後藤 美翼,0.0,0.0,4-5-3,×,9910,-1000,,,,,,,,
2026-07-10,鳴門,7,🌊最高(大荒),10,1-4-5 / 1-5-4 / 4-1-5 / 4-5-1 / 5-1-4 / 5-4-1 / 1-4-2 / 1-2-4 / 2-1-4 / 2-4-1,,1号中渡 修作,4号森永 隆,5号前田 聖文,0.0,0.0,4-1-2,×,2240,-1000,,,,,,,,
2026-07-10,鳴門,8,🌊最高(大荒),10,1-2-6 / 1-6-2 / 2-1-6 / 2-6-1 / 6-1-2 / 6-2-1 / 1-2-5 / 1-5-2 / 5-1-2 / 5-2-1,,1号上瀧 絢也,2号丸尾 義孝,6号深水 慎一郎,0.0,0.0,1-6-2,○,3480,2480,,,,,,,,
2026-07-10,鳴門,9,△中,6,1-3-2 / 1-2-3 / 3-1-2 / 3-2-1 / 2-1-3 / 2-3-1,,1号村松 修二,3号加藤 翔馬,2号三宅 潤,0.0,0.0,1-4-3,×,2990,-600,,,,,,,,
2026-07-10,鳴門,10,🌊最高(大荒),10,1-4-3 / 1-3-4 / 4-1-3 / 4-3-1 / 3-1-4 / 3-4-1 / 1-4-6 / 1-6-4 / 6-1-4 / 6-4-1,,1号深見 亜由美,4号山本 梨菜,3号木田 峰由季,0.0,0.0,4-6-3,×,2340,-1000,,,,,,,,
2026-07-10,鳴門,11,△中,6,1-2-4 / 1-4-2 / 2-1-4 / 2-4-1 / 4-1-2 / 4-2-1,,1号青木 蓮,2号森永 隆,4号鈴木 孝明,0.0,0.0,1-2-3,×,900,-600,,,,,,,,
2026-07-10,鳴門,12,✅低(堅),6,1-4-3 / 1-3-4 / 4-1-3 / 4-3-1 / 3-1-4 / 3-4-1,,1号松本 純平,4号前田 聖文,3号島川 海輝,0.0,0.0,1-2-4,×,1020,-600,,,,,,,,
2026-07-10,丸亀,1,🌊最高(大荒),10,1-3-5 / 1-5-3 / 3-1-5 / 3-5-1 / 5-1-3 / 5-3-1 / 1-3-4 / 1-4-3 / 4-1-3 / 4-3-1,,1号加藤 雅之,3号川上 聡介,5号秋末 秦悟,0.0,0.0,2-3-6,×,11060,-1000,,,,,,,,
2026-07-10,丸亀,2,🌊最高(大荒),10,1-6-2 / 1-2-6 / 6-1-2 / 6-2-1 / 2-1-6 / 2-6-1 / 1-6-3 / 1-3-6 / 3-1-6 / 3-6-1,,1号高橋 真吾,6号奥田 誠,2号山田 佑樹,0.0,0.0,2-1-4,×,3810,-1000,,,,,,,,
2026-07-10,丸亀,3,🌊最高(大荒),10,1-5-6 / 1-6-5 / 5-1-6 / 5-6-1 / 6-1-5 / 6-5-1 / 1-5-3 / 1-3-5 / 3-1-5 / 3-5-1,,1号細川 明人,5号荒川 健太,6号大久保 信一郎,0.0,0.0,4-5-6,×,41530,-1000,,,,,,,,
2026-07-10,丸亀,4,🌊最高(大荒),10,1-5-2 / 1-2-5 / 5-1-2 / 5-2-1 / 2-1-5 / 2-5-1 / 1-5-3 / 1-3-5 / 3-1-5 / 3-5-1,,1号岸蔭 亮,5号重成 一人,2号石岡 将太,0.0,0.0,6-2-5,×,10750,-1000,,,,,,,,
2026-07-10,丸亀,5,🌊最高(大荒),10,1-4-3 / 1-3-4 / 4-1-3 / 4-3-1 / 3-1-4 / 3-4-1 / 1-4-6 / 1-6-4 / 6-1-4 / 6-4-1,,1号渡邊 伸太郎,4号砂長 知輝,3号柘植 政浩,0.0,0.0,1-3-4,○,1160,160,,,,,,,,
2026-07-10,丸亀,6,△中,6,1-6-5 / 1-5-6 / 6-1-5 / 6-5-1 / 5-1-6 / 5-6-1,,1号櫻井 優,6号角谷 健吾,5号末永 祐輝,0.0,0.0,1-4-3,×,4880,-600,,,,,,,,
2026-07-10,丸亀,7,🌊最高(大荒),10,1-5-3 / 1-3-5 / 5-1-3 / 5-3-1 / 3-1-5 / 3-5-1 / 1-5-6 / 1-6-5 / 6-1-5 / 6-5-1,,1号星 栄爾,5号大上 卓人,3号奥田 誠,0.0,0.0,3-1-6,×,13760,-1000,,,,,,,,
2026-07-10,丸亀,8,✅低(堅),6,1-2-4 / 1-4-2 / 2-1-4 / 2-4-1 / 4-1-2 / 4-2-1,,1号後藤 正宗,2号清水 敦揮,4号大久保 信一郎,0.0,0.0,1-2-6,×,9790,-600,,,,,,,,
2026-07-10,丸亀,9,△中,6,1-3-2 / 1-2-3 / 3-1-2 / 3-2-1 / 2-1-3 / 2-3-1,,1号柘植 政浩,3号中野 希一,2号重成 一人,0.0,0.0,1-4-3,×,6020,-600,,,,,,,,
2026-07-10,丸亀,10,✅低(堅),6,1-3-2 / 1-2-3 / 3-1-2 / 3-2-1 / 2-1-3 / 2-3-1,,1号松田 淳平,3号久田 敏之,2号角谷 健吾,0.0,0.0,1-3-2,○,480,-120,,,,,,,,
2026-07-10,丸亀,11,✅低(堅),6,1-2-4 / 1-4-2 / 2-1-4 / 2-4-1 / 4-1-2 / 4-2-1,,1号砂長 知輝,2号荒川 健太,4号末永 祐輝,0.0,0.0,1-2-6,×,2320,-600,,,,,,,,
2026-07-10,丸亀,12,✅低(堅),6,1-2-3 / 1-3-2 / 2-1-3 / 2-3-1 / 3-1-2 / 3-2-1,,1号大上 卓人,2号後藤 正宗,3号石岡 将太,0.0,0.0,1-2-4,×,640,-600,,,,,,,,
2026-07-10,児島,1,△中,6,1-2-6 / 1-6-2 / 2-1-6 / 2-6-1 / 6-1-2 / 6-2-1,,1号西川 拓利,2号赤池 修平,6号福田 理,0.0,0.0,6-2-1,○,36030,35430,,,,,,,,
2026-07-10,児島,2,△中,6,1-4-5 / 1-5-4 / 4-1-5 / 4-5-1 / 5-1-4 / 5-4-1,,1号四宮 与寛,4号西野 翔太,5号川原 涼,0.0,0.0,4-5-2,×,4720,-600,,,,,,,,
2026-07-10,児島,3,△中,6,1-2-4 / 1-4-2 / 2-1-4 / 2-4-1 / 4-1-2 / 4-2-1,,1号茶谷 信次,2号佐藤 航,4号峰重 力也,0.0,0.0,1-2-3,×,1750,-600,,,,,,,,
2026-07-10,児島,4,🌊最高(大荒),10,1-4-6 / 1-6-4 / 4-1-6 / 4-6-1 / 6-1-4 / 6-4-1 / 1-4-2 / 1-2-4 / 2-1-4 / 2-4-1,,1号半田 尚也,4号竹田 辰也,6号畑田 汰一,0.0,0.0,1-2-4,○,2820,1820,,,,,,,,
2026-07-10,児島,5,🌊最高(大荒),10,1-4-5 / 1-5-4 / 4-1-5 / 4-5-1 / 5-1-4 / 5-4-1 / 1-4-3 / 1-3-4 / 3-1-4 / 3-4-1,,1号石井 裕美,4号石川 真二,5号上平 真二,0.0,0.0,5-4-2,×,3570,-1000,,,,,,,,
2026-07-10,児島,6,🌊最高(大荒),10,1-2-4 / 1-4-2 / 2-1-4 / 2-4-1 / 4-1-2 / 4-2-1 / 1-2-5 / 1-5-2 / 5-1-2 / 5-2-1,,1号武重 雄介,2号若林 義人,4号喜井 つかさ,0.0,0.0,1-2-5,○,970,-30,,,,,,,,
2026-07-10,児島,7,🌊最高(大荒),10,1-3-6 / 1-6-3 / 3-1-6 / 3-6-1 / 6-1-3 / 6-3-1 / 1-3-2 / 1-2-3 / 2-1-3 / 2-3-1,,1号廣瀬 篤哉,3号青木 玄太,6号岸本 隆,0.0,0.0,3-1-2,×,1390,-1000,,,,,,,,
2026-07-10,児島,8,🌊最高(大荒),10,1-2-6 / 1-6-2 / 2-1-6 / 2-6-1 / 6-1-2 / 6-2-1 / 1-2-5 / 1-5-2 / 5-1-2 / 5-2-1,,1号長谷川 雅和,2号岩下 巧斗,6号石川 哲秀,0.0,0.0,1-3-2,×,600,-1000,,,,,,,,
2026-07-10,児島,9,△中,6,1-2-5 / 1-5-2 / 2-1-5 / 2-5-1 / 5-1-2 / 5-2-1,,1号伊久間 陽優,2号西野 翔太,5号西川 拓利,0.0,0.0,1-2-4,×,1460,-600,,,,,,,,
2026-07-10,児島,10,🌊最高(大荒),10,1-4-5 / 1-5-4 / 4-1-5 / 4-5-1 / 5-1-4 / 5-4-1 / 1-4-2 / 1-2-4 / 2-1-4 / 2-4-1,,1号川原 正明,4号佐藤 航,5号畑田 汰一,0.0,0.0,1-4-5,○,1290,290,,,,,,,,
2026-07-10,児島,11,✅低(堅),6,1-2-6 / 1-6-2 / 2-1-6 / 2-6-1 / 6-1-2 / 6-2-1,,1号竹田 辰也,2号上平 真二,6号中村 栄治,0.0,0.0,1-3-2,×,1150,-600,,,,,,,,
2026-07-10,児島,12,✅低(堅),6,1-2-4 / 1-4-2 / 2-1-4 / 2-4-1 / 4-1-2 / 4-2-1,,1号青木 玄太,2号石川 真二,4号若林 義人,0.0,0.0,2-5-4,×,6050,-600,,,,,,,,
2026-07-10,下関,1,🌊最高(大荒),10,1-6-4 / 1-4-6 / 6-1-4 / 6-4-1 / 4-1-6 / 4-6-1 / 1-6-3 / 1-3-6 / 3-1-6 / 3-6-1,,1号大田 直弥,6号服部 達哉,4号大江 純,0.0,0.0,3-4-2,×,13690,-1000,,,,,,,,
2026-07-10,下関,2,🌊最高(大荒),10,1-6-5 / 1-5-6 / 6-1-5 / 6-5-1 / 5-1-6 / 5-6-1 / 1-6-2 / 1-2-6 / 2-1-6 / 2-6-1,,1号村田 浩司,6号高岡 竜也,5号島崎 丈一朗,0.0,0.0,1-2-3,×,2000,-1000,,,,,,,,
2026-07-10,下関,3,△中,6,1-4-3 / 1-3-4 / 4-1-3 / 4-3-1 / 3-1-4 / 3-4-1,,1号是澤 孝宏,4号大場 恒季,3号篠田 優也,0.0,0.0,4-1-3,○,1750,1150,,,,,,,,
2026-07-10,下関,4,△中,6,1-5-3 / 1-3-5 / 5-1-3 / 5-3-1 / 3-1-5 / 3-5-1,,1号東 潤樹,5号平田 忠則,3号鈴木 裕隆,0.0,0.0,5-1-3,○,2670,2070,,,,,,,,
2026-07-10,下関,5,✅低(堅),6,1-6-4 / 1-4-6 / 6-1-4 / 6-4-1 / 4-1-6 / 4-6-1,,1号河村 了,6号長谷川 晴哉,4号西丸 敦基,0.0,0.0,1-4-6,○,690,90,,,,,,,,
2026-07-10,下関,6,✅低(堅),6,1-3-6 / 1-6-3 / 3-1-6 / 3-6-1 / 6-1-3 / 6-3-1,,1号大澤 風葵,3号中島 昂章,6号北山 康介,0.0,0.0,1-6-2,×,2340,-600,,,,,,,,
2026-07-10,下関,7,△中,6,1-6-3 / 1-3-6 / 6-1-3 / 6-3-1 / 3-1-6 / 3-6-1,,1号森 智也,6号尾上 雅也,3号山ノ内 雅人,0.0,0.0,1-2-6,×,2330,-600,,,,,,,,
2026-07-10,下関,8,△中,6,1-4-2 / 1-2-4 / 4-1-2 / 4-2-1 / 2-1-4 / 2-4-1,,1号照屋 厚仁,4号島崎 丈一朗,2号須藤 隆雄,0.0,0.0,5-1-4,×,10460,-600,,,,,,,,
2026-07-10,下関,9,△中,6,1-6-5 / 1-5-6 / 6-1-5 / 6-5-1 / 5-1-6 / 5-6-1,,1号仲道 大輔,6号土井 歩夢,5号鈴木 裕隆,0.0,0.0,1-4-5,×,1710,-600,,,,,,,,
2026-07-10,下関,10,△中,6,1-6-3 / 1-3-6 / 6-1-3 / 6-3-1 / 3-1-6 / 3-6-1,,1号中島 昂章,6号西丸 敦基,3号服部 達哉,0.0,0.0,1-3-6,○,1170,570,,,,,,,,
2026-07-10,下関,11,✅低(堅),6,1-4-2 / 1-2-4 / 4-1-2 / 4-2-1 / 2-1-4 / 2-4-1,,1号大場 恒季,4号長谷川 晴哉,2号北山 康介,0.0,0.0,1-4-2,○,790,190,,,,,,,,
2026-07-10,下関,12,✅低(堅),6,1-2-3 / 1-3-2 / 2-1-3 / 2-3-1 / 3-1-2 / 3-2-1,,1号平田 忠則,2号河村 了,3号高岡 竜也,0.0,0.0,1-4-5,×,1720,-600,,,,,,,,
2026-07-10,若松,1,🌊最高(大荒),10,1-3-6 / 1-6-3 / 3-1-6 / 3-6-1 / 6-1-3 / 6-3-1 / 1-3-2 / 1-2-3 / 2-1-3 / 2-3-1,,1号関根 彰人,3号堤 昇,6号川島 拓郎,0.0,0.0,3-2-6,×,8650,-1000,,,,,,,,
2026-07-10,若松,2,🌊最高(大荒),10,1-6-3 / 1-3-6 / 6-1-3 / 6-3-1 / 3-1-6 / 3-6-1 / 1-6-5 / 1-5-6 / 5-1-6 / 5-6-1,,1号花田 和明,6号西山 貴浩,3号池田 雄祐,0.0,0.0,2-3-6,×,9180,-1000,,,,,,,,
2026-07-10,若松,3,🌊最高(大荒),10,1-4-5 / 1-5-4 / 4-1-5 / 4-5-1 / 5-1-4 / 5-4-1 / 1-4-6 / 1-6-4 / 6-1-4 / 6-4-1,,1号田川 大貴,4号吉田 裕平,5号山口 達也,0.0,0.0,4-1-3,×,9890,-1000,,,,,,,,
2026-07-10,若松,4,🌊最高(大荒),10,1-2-6 / 1-6-2 / 2-1-6 / 2-6-1 / 6-1-2 / 6-2-1 / 1-2-5 / 1-5-2 / 5-1-2 / 5-2-1,,1号阿波 勝哉,2号森野 正弘,6号大神 康司,0.0,0.0,1-2-3,×,3820,-1000,,,,,,,,
2026-07-10,若松,5,✅低(堅),6,1-2-4 / 1-4-2 / 2-1-4 / 2-4-1 / 4-1-2 / 4-2-1,,1号北野 輝季,2号岩崎 正哉,4号津田 陸翔,0.0,0.0,1-4-2,○,600,0,,,,,,,,
2026-07-10,若松,6,🌊最高(大荒),10,1-2-4 / 1-4-2 / 2-1-4 / 2-4-1 / 4-1-2 / 4-2-1 / 1-2-3 / 1-3-2 / 3-1-2 / 3-2-1,,1号伯母 芳恒,2号篠崎 元志,4号坂口 周,0.0,0.0,2-1-3,×,960,-1000,,,,,,,,
2026-07-10,若松,7,△中,6,1-5-6 / 1-6-5 / 5-1-6 / 5-6-1 / 6-1-5 / 6-5-1,,1号楠 将太郎,5号土屋 智則,6号飯島 昌弘,0.0,0.0,1-4-3,×,3390,-600,,,,,,,,
2026-07-10,若松,8,△中,6,1-3-2 / 1-2-3 / 3-1-2 / 3-2-1 / 2-1-3 / 2-3-1,,1号丹下 将,3号高橋 竜矢,2号大神 康司,0.0,0.0,1-3-4,×,770,-600,,,,,,,,
2026-07-10,若松,9,△中,6,1-6-5 / 1-5-6 / 6-1-5 / 6-5-1 / 5-1-6 / 5-6-1,,1号後藤 隼之,6号小池 修平,5号北野 輝季,0.0,0.0,6-1-4,×,30570,-600,,,,,,,,
2026-07-10,若松,10,✅低(堅),6,1-3-4 / 1-4-3 / 3-1-4 / 3-4-1 / 4-1-3 / 4-3-1,,1号吉田 裕平,3号坂口 周,4号岩崎 正哉,0.0,0.0,1-3-2,×,1080,-600,,,,,,,,
2026-07-10,若松,11,✅低(堅),6,1-3-5 / 1-5-3 / 3-1-5 / 3-5-1 / 5-1-3 / 5-3-1,,1号篠崎 元志,3号森野 正弘,5号池田 雄祐,0.0,0.0,1-4-2,×,1410,-600,,,,,,,,
2026-07-10,若松,12,△中,6,1-5-2 / 1-2-5 / 5-1-2 / 5-2-1 / 2-1-5 / 2-5-1,,1号庄司 孝輔,5号西山 貴浩,2号土屋 智則,0.0,0.0,6-2-5,×,2890,-600,,,,,,,,
2026-07-10,福岡,1,✅低(堅),6,1-2-5 / 1-5-2 / 2-1-5 / 2-5-1 / 5-1-2 / 5-2-1,,1号渡辺 浩司,2号下河 雅史,5号齊藤 廉,0.0,0.0,2-1-5,○,7370,6770,,,,,,,,
2026-07-10,福岡,2,🌊最高(大荒),10,1-2-3 / 1-3-2 / 2-1-3 / 2-3-1 / 3-1-2 / 3-2-1 / 1-2-4 / 1-4-2 / 4-1-2 / 4-2-1,,1号渡辺 崇,2号高橋 龍治,3号楠原 翔太,0.0,0.0,1-4-3,×,2610,-1000,,,,,,,,
2026-07-10,福岡,3,🌊最高(大荒),10,1-3-4 / 1-4-3 / 3-1-4 / 3-4-1 / 4-1-3 / 4-3-1 / 1-3-2 / 1-2-3 / 2-1-3 / 2-3-1,,1号村本 大成,3号前田 将太,4号上野 俊樹,0.0,0.0,1-3-4,○,1310,310,,,,,,,,
2026-07-10,福岡,4,🌊最高(大荒),10,1-2-5 / 1-5-2 / 2-1-5 / 2-5-1 / 5-1-2 / 5-2-1 / 1-2-4 / 1-4-2 / 4-1-2 / 4-2-1,,1号山口 広樹,2号木下 大將,5号青木 幸太郎,0.0,0.0,2-3-5,×,1540,-1000,,,,,,,,
2026-07-10,福岡,5,🌊最高(大荒),10,1-4-2 / 1-2-4 / 4-1-2 / 4-2-1 / 2-1-4 / 2-4-1 / 1-4-5 / 1-5-4 / 5-1-4 / 5-4-1,,1号長尾 京志郎,4号里岡 右貴,2号松崎 祐太郎,0.0,0.0,4-1-2,○,4180,3180,,,,,,,,
2026-07-10,福岡,6,🌊最高(大荒),10,1-2-3 / 1-3-2 / 2-1-3 / 2-3-1 / 3-1-2 / 3-2-1 / 1-2-4 / 1-4-2 / 4-1-2 / 4-2-1,,1号小松 卓司,2号高倉 和士,3号植田 太一,0.0,0.0,3-1-2,○,8110,7110,,,,,,,,
2026-07-10,福岡,7,△中,6,1-6-3 / 1-3-6 / 6-1-3 / 6-3-1 / 3-1-6 / 3-6-1,,1号田中 京介,6号永田 啓二,3号関 裕也,0.0,0.0,4-1-6,×,8300,-600,,,,,,,,
2026-07-10,福岡,8,✅低(堅),6,1-5-2 / 1-2-5 / 5-1-2 / 5-2-1 / 2-1-5 / 2-5-1,,1号松村 敏,5号木下 大將,2号齊藤 廉,0.0,0.0,1-2-3,×,980,-600,,,,,,,,
2026-07-10,福岡,9,△中,6,1-6-2 / 1-2-6 / 6-1-2 / 6-2-1 / 2-1-6 / 2-6-1,,1号古澤 光紀,6号古賀 智之,2号青木 幸太郎,0.0,0.0,1-3-4,×,1280,-600,,,,,,,,
2026-07-10,福岡,10,△中,6,1-2-4 / 1-4-2 / 2-1-4 / 2-4-1 / 4-1-2 / 4-2-1,,1号奈須 啓太,2号溝口 海義也,4号笠 雅雄,0.0,0.0,1-2-5,×,830,-600,,,,,,,,
2026-07-10,福岡,11,✅低(堅),6,1-2-3 / 1-3-2 / 2-1-3 / 2-3-1 / 3-1-2 / 3-2-1,,1号稗田 聖也,2号三川 昂暁,3号田中 京介,0.0,0.0,1-3-4,×,1430,-600,,,,,,,,
2026-07-10,福岡,12,✅低(堅),6,1-4-5 / 1-5-4 / 4-1-5 / 4-5-1 / 5-1-4 / 5-4-1,,1号前田 将太,4号永田 啓二,5号高倉 和士,0.0,0.0,4-3-1,×,32750,-600,,,,,,,,
2026-07-10,唐津,1,△中,6,1-4-3 / 1-3-4 / 4-1-3 / 4-3-1 / 3-1-4 / 3-4-1,,1号松尾 拓,4号森 竜也,3号常盤 海心,0.0,0.0,1-3-4,○,620,20,,,,,,,,
2026-07-10,唐津,2,△中,6,1-2-3 / 1-3-2 / 2-1-3 / 2-3-1 / 3-1-2 / 3-2-1,,1号桑島 和宏,2号谷村 一哉,3号抹香 雄三,0.0,0.0,1-2-3,○,360,-240,,,,,,,,
2026-07-10,唐津,3,△中,6,1-3-4 / 1-4-3 / 3-1-4 / 3-4-1 / 4-1-3 / 4-3-1,,1号永嶋 裕一,3号西村 拓也,4号深川 和仁,0.0,0.0,4-5-3,×,17040,-600,,,,,,,,
2026-07-10,唐津,4,🌊最高(大荒),10,1-2-6 / 1-6-2 / 2-1-6 / 2-6-1 / 6-1-2 / 6-2-1 / 1-2-3 / 1-3-2 / 3-1-2 / 3-2-1,,1号岸本 雄貴,2号中 亮太,6号浜先 真範,0.0,0.0,6-1-2,○,7850,6850,,,,,,,,
2026-07-10,唐津,5,✅低(堅),6,1-2-4 / 1-4-2 / 2-1-4 / 2-4-1 / 4-1-2 / 4-2-1,,1号内堀 学,2号高倉 孝太,4号草場 康幸,0.0,0.0,1-3-4,×,1600,-600,,,,,,,,
2026-07-10,唐津,6,🌊最高(大荒),10,1-5-2 / 1-2-5 / 5-1-2 / 5-2-1 / 2-1-5 / 2-5-1 / 1-5-3 / 1-3-5 / 3-1-5 / 3-5-1,,1号深山 祐二,5号渡邉 翼,2号金田 智博,0.0,0.0,1-3-2,×,1750,-1000,,,,,,,,
2026-07-10,唐津,7,🌊最高(大荒),10,1-4-2 / 1-2-4 / 4-1-2 / 4-2-1 / 2-1-4 / 2-4-1 / 1-4-3 / 1-3-4 / 3-1-4 / 3-4-1,,1号桂林 寛,4号船岡 洋一郎,2号福田 宗平,0.0,0.0,4-6-2,×,9380,-1000,,,,,,,,
2026-07-10,唐津,8,🌊最高(大荒),10,1-5-6 / 1-6-5 / 5-1-6 / 5-6-1 / 6-1-5 / 6-5-1 / 1-5-2 / 1-2-5 / 2-1-5 / 2-5-1,,1号中岡 健人,5号上野 真之介,6号森 竜也,0.0,0.0,4-5-1,×,18490,-1000,,,,,,,,
2026-07-10,唐津,9,🌊最高(大荒),10,1-3-6 / 1-6-3 / 3-1-6 / 3-6-1 / 6-1-3 / 6-3-1 / 1-3-2 / 1-2-3 / 2-1-3 / 2-3-1,,1号深川 和仁,3号桑島 和宏,6号高倉 孝太,0.0,0.0,1-3-6,○,1720,720,,,,,,,,
2026-07-10,唐津,10,🌊最高(大荒),10,1-3-5 / 1-5-3 / 3-1-5 / 3-5-1 / 5-1-3 / 5-3-1 / 1-3-2 / 1-2-3 / 2-1-3 / 2-3-1,,1号古田 祐貴,3号浜先 真範,5号金田 智博,0.0,0.0,3-4-2,×,5530,-1000,,,,,,,,
2026-07-10,唐津,11,✅低(堅),6,1-3-4 / 1-4-3 / 3-1-4 / 3-4-1 / 4-1-3 / 4-3-1,,1号渡邉 翼,3号永嶋 裕一,4号松尾 拓,0.0,0.0,4-5-2,×,17800,-600,,,,,,,,
2026-07-10,唐津,12,✅低(堅),6,1-3-2 / 1-2-3 / 3-1-2 / 3-2-1 / 2-1-3 / 2-3-1,,1号上野 真之介,3号船岡 洋一郎,2号西村 拓也,0.0,0.0,1-3-2,○,610,10,,,,,,,,
2026-08-02,若松,3,△中,0,,,1号妹尾 忠幸,5号大澤 風葵,6号三宅 潤,0.0,0.0,3-6-4,×,24950,,,,,,,,,
2026-08-02,三国,3,✅低(堅),0,,,1号高田 ひかる,3号安井 瑞紀,5号中尾 彩香,0.0,0.0,,,,,,,,,,,,
2026-08-04,三国,1,✅低(堅),5,1-3-2 / 1-2-3 / 1-3-5 / 3-1-2 / 2-1-3,,1号井上 一輝,2号梅木 敬太,3号細川 明人,3.0,3.0,1-2-4,×,570,-500,,,,,,,,
2026-08-04,桐生,10,△中,0,,,1号角 ひとみ,4号関野 文,2号今井 裕梨,2.0,1.0,1-4-3,×,2540,,,,,,,,,
2026-08-05,平和島,5,🌊最高(大荒),0,,,1号楠原 翔太,5号久田 敏之,2号平田 忠則,1.0,3.0,2-1-4,×,3030,,,,,,,,,
2026-08-05,住之江,10,✅低(堅),0,,,1号松山 将吾,6号春園 功太,2号福島 勇樹,3.0,1.0,4-1-6,×,6330,,,,,,,,,
2026-08-06,戸田,10,✅低(堅),9,1-3-4 / 1-4-3 / 1-3-6 / 3-1-4 / 1-3-2 / 4-1-3 / 1-3-5 / 1-6-3 / 1-2-3,0.0461,1号谷津 幸宏,3号折下 寛法,4号中村 守成,3.0,2.0,1-2-5,×,1250,-900,,,,,,,,
2026-08-06,戸田,11,✅低(堅),12,1-5-3 / 1-3-5 / 1-3-2 / 1-2-3 / 1-3-6 / 1-6-3 / 1-6-5 / 1-5-6 / 1-6-2 / 3-1-5 / 5-1-3 / 1-2-6,0.0315,1号大平 誉史明,5号小池 修平,2号松村 康太,3.0,2.0,1-5-6,○,2080,880,,,,,,,,
2026-08-06,戸田,12,✅低(堅),5,1-6-2 / 1-2-6 / 1-6-5 / 1-5-6 / 1-5-2,0.0193,1号湯川 浩司,2号下出 卓矢,6号西岡 顕心,4.0,3.0,1-4-5,×,2240,-500,,,,,,,,
2026-08-06,平和島,1,⚠高(荒),12,1-2-6 / 1-6-2 / 1-5-6 / 1-6-5 / 2-1-6 / 1-6-3 / 6-1-2 / 1-3-6 / 5-1-6 / 1-6-4 / 6-1-5 / 1-4-6,0.0282,1号村越 篤,2号新井 英孝,5号山田 和佐,1.0,3.0,1-3-5,×,1510,-1200,,,,,,,,
2026-08-06,平和島,2,✅低(堅),12,1-4-6 / 1-6-4 / 1-4-2 / 1-4-5 / 4-1-6 / 1-6-2 / 6-1-4 / 1-2-4 / 4-1-2 / 1-6-5 / 1-2-6 / 4-1-5,0.0590,1号濱野谷 憲吾,4号森 竜也,6号小松 卓司,3.0,3.0,3-1-4,×,11490,-1200,,,,,,,,
2026-08-06,平和島,3,🌊最高(大荒),14,4-1-6 / 4-6-1 / 1-4-6 / 4-1-5 / 6-4-1 / 4-5-1 / 1-6-4 / 6-1-4 / 1-4-5 / 5-4-1 / 5-1-4 / 1-5-4 / 4-6-5 / 4-5-6,0.0190,1号萬 正嗣,4号佐藤 悠,6号荻野 裕介,2.0,3.0,1-4-5,○,5240,3840,,,,,,,,
2026-08-06,平和島,4,🌊最高(大荒),11,1-6-5 / 1-6-3 / 1-5-6 / 1-3-6 / 6-1-5 / 6-1-3 / 5-1-6 / 3-1-6 / 6-5-1 / 6-3-1 / 1-6-4,0.0154,1号松尾 宣邦,6号金子 賢志,5号平田 忠則,3.0,3.0,4-5-1,×,3570,-1100,,,,,,,,
2026-08-06,平和島,5,🌊最高(大荒),15,1-5-6 / 1-6-2 / 1-6-5 / 1-2-6 / 1-4-6 / 1-6-4 / 1-6-3 / 1-5-4 / 5-1-6 / 6-1-5 / 6-1-2 / 1-3-6 / 1-4-5 / 6-1-4 / 4-1-6,0.0137,1号石原 光,2号新田 泰章,5号青木 幸太郎,1.0,3.0,2-1-3,×,2310,-1500,,,,,,,,
2026-08-06,平和島,6,⚠高(荒),14,5-1-4 / 5-1-6 / 5-4-1 / 5-3-1 / 1-5-6 / 5-1-3 / 4-5-1 / 5-6-1 / 3-5-1 / 4-1-5 / 6-5-1 / 1-5-4 / 6-1-5 / 1-6-5,0.0281,1号星 栄爾,5号北野 輝季,3号秋元 哲,2.0,3.0,2-5-1,×,5480,-1400,,,,,,,,
2026-08-06,平和島,7,⚠高(荒),8,5-1-6 / 1-5-6 / 1-5-2 / 5-1-2 / 5-1-4 / 5-6-1 / 1-5-4 / 1-6-5,0.0183,5号宮之原 輝紀,1号浦田 信義,3号杉山 裕也,2.0,3.0,5-1-2,○,4650,3850,,,,,,,,
2026-08-06,平和島,8,✅低(堅),6,1-3-2 / 1-3-5 / 1-2-3 / 1-5-3 / 1-2-5 / 1-5-2,0.0149,1号吉島 祥之,4号前田 将太,3号古田 祐貴,0.0,3.0,6-1-3,×,42780,-600,,,,,,,,
2026-08-06,平和島,9,△中,0,,0.0000,1号佐藤 悠,4号青木 幸太郎,3号小林 文彦,2.0,3.0,2-4-3,×,6360,,,,,,,,,
2026-08-06,平和島,10,✅低(堅),24,1-5-2 / 1-5-3 / 1-5-6 / 1-5-4 / 1-6-5 / 1-4-5 / 1-2-5 / 1-6-3 / 1-3-6 / 1-2-6 / 1-6-2 / 1-4-3 / 1-4-2 / 5-1-6 / 1-3-5 / 1-2-4 / 5-1-4 / 1-6-4 / 1-4-6 / 1-3-4 / 5-1-2 / 5-1-3 / 6-1-5 / 4-1-5,0.0240,1号秋元 哲,5号福田 宗平,3号金子 賢志,1.0,3.0,4-2-6,×,54590,-2400,,,,,,,,
2026-08-06,平和島,11,✅低(堅),10,1-6-4 / 6-1-4 / 1-6-5 / 1-6-3 / 1-5-6 / 1-4-6 / 4-1-6 / 6-1-5 / 1-3-6 / 6-1-3,0.0534,1号平田 忠則,4号濱野谷 憲吾,6号永井 源,3.0,3.0,1-3-5,×,6210,-1000,,,,,,,,
2026-08-06,平和島,12,✅低(堅),0,,0.0000,1号久田 敏之,2号北野 輝季,6号杉山 裕也,3.0,3.0,1-2-5,×,400,,,,,,,,,
2026-08-06,津,1,✅低(堅),11,1-5-4 / 1-5-3 / 1-5-6 / 1-3-5 / 1-4-5 / 1-5-2 / 1-6-5 / 5-1-4 / 5-1-3 / 5-1-2 / 5-1-6,0.0421,1号尾上 雅也,5号竹腰 正樹,2号深川 和仁,5.0,3.0,1-5-3,○,3070,1970,,,,,,,,
2026-08-06,津,2,⚠高(荒),12,1-6-4 / 1-6-3 / 1-4-6 / 1-6-5 / 1-5-6 / 6-1-3 / 1-3-6 / 6-1-4 / 4-1-6 / 6-1-5 / 3-1-6 / 5-1-6,0.0343,1号中北 将史,6号飯田 庄吾,3号木村 光宏,4.0,2.0,3-1-5,×,4040,-1200,,,,,,,,
2026-08-06,津,3,🌊最高(大荒),0,,0.0000,1号和田 操拓,3号中山 将,5号濱野 斗馬,5.0,3.0,1-5-3,×,1660,,,,,,,,,
2026-08-06,津,4,🌊最高(大荒),0,,0.0000,1号信濃 由行,6号吉川 貴仁,3号近江 翔吾,5.0,3.0,3-4-2,×,5150,,,,,,,,,
2026-08-06,津,5,✅低(堅),6,1-6-5 / 1-5-6 / 1-6-2 / 1-5-2 / 1-2-5 / 1-2-6,0.0329,1号西丸 侑太朗,2号平瀬 城啓,6号石田 政吾,4.0,2.0,1-4-6,×,3040,-600,,,,,,,,
2026-08-06,津,6,🌊最高(大荒),5,1-3-6 / 1-6-3 / 1-4-6 / 1-6-4 / 3-1-6,0.0174,1号金子 貴志,3号金田 智博,4号船岡 洋一郎,5.0,3.0,4-3-1,×,6150,-500,,,,,,,,
2026-08-06,津,7,🌊最高(大荒),14,1-6-4 / 6-1-4 / 1-4-6 / 1-6-5 / 4-1-6 / 6-4-1 / 6-1-5 / 4-6-1 / 1-5-6 / 6-5-1 / 5-1-6 / 1-4-5 / 5-6-1 / 1-5-4,0.0293,1号小川 日紀太,6号中山 将,4号福田 雅一,5.0,3.0,1-2-4,×,360,-1400,,,,,,,,
2026-08-06,津,8,🌊最高(大荒),15,2-6-3 / 2-3-6 / 3-2-6 / 6-2-3 / 2-6-1 / 2-6-4 / 3-6-2 / 6-3-2 / 6-2-1 / 2-4-6 / 2-1-6 / 2-6-5 / 6-2-4 / 2-5-6 / 1-2-6,0.0251,2号松田 祐季,3号山崎 裕司,6号柳橋 宏紀,6.0,5.0,2-3-4,×,1400,-1500,,,,,,,,
2026-08-06,津,9,△中,6,1-4-3 / 4-1-3 / 1-4-6 / 4-3-1 / 1-6-4 / 4-1-6,0.0460,1号國崎 良春,3号吉川 貴仁,4号濱野 斗馬,5.0,3.0,3-6-1,×,2950,-600,,,,,,,,
2026-08-06,津,10,⚠高(荒),8,1-5-2 / 1-2-5 / 1-5-6 / 1-5-4 / 1-5-3 / 1-6-5 / 1-3-5 / 1-4-5,0.0191,1号南 佑典,6号金田 智博,2号西丸 侑太朗,5.0,3.0,2-1-4,×,1280,-800,,,,,,,,
2026-08-06,津,11,✅低(堅),14,1-3-6 / 1-3-5 / 1-6-3 / 1-5-3 / 1-3-4 / 1-3-2 / 1-4-3 / 1-2-5 / 1-5-2 / 1-6-2 / 1-6-5 / 1-2-3 / 1-5-6 / 1-2-6,0.0403,1号島田 賢人,3号和田 拓也,2号近江 翔吾,5.0,3.0,1-3-4,○,1150,-250,,,,,,,,
2026-08-06,津,12,✅低(堅),16,1-3-2 / 1-2-3 / 1-3-4 / 1-2-6 / 1-4-6 / 1-3-6 / 1-6-2 / 1-6-4 / 1-6-3 / 1-2-5 / 1-3-5 / 1-5-2 / 1-4-5 / 1-5-3 / 1-5-4 / 1-4-3,0.0325,1号船岡 洋一郎,2号吉永 則雄,4号尾上 雅也,6.0,5.0,1-4-2,×,610,-1600,,,,,,,,
2026-08-06,三国,1,✅低(堅),10,1-3-2 / 1-3-6 / 1-3-5 / 1-3-4 / 3-1-2 / 1-6-3 / 1-2-3 / 3-1-5 / 3-1-6 / 3-1-4,0.0546,1号竹田 辰也,3号森安 弘雅,2号堀本 翔太,3.0,3.0,1-3-5,○,1180,180,,,,,,,,
2026-08-06,三国,2,△中,14,1-3-2 / 1-2-3 / 1-2-6 / 1-4-2 / 1-4-3 / 1-3-4 / 1-5-2 / 1-6-2 / 1-4-5 / 1-5-4 / 1-3-5 / 1-5-3 / 1-4-6 / 1-6-4,0.0404,1号東 潤樹,2号石本 裕武,4号為本 智也,1.0,1.0,2-1-3,×,1340,-1400,,,,,,,,
2026-08-06,三国,3,✅低(堅),10,1-3-2 / 1-2-3 / 3-1-2 / 2-1-3 / 1-3-6 / 1-2-6 / 1-6-3 / 1-2-5 / 1-6-2 / 1-2-4,0.1032,1号鈴木 雅希,3号高橋 竜矢,2号村田 浩司,2.0,2.0,3-5-1,×,2990,-1000,,,,,,,,
2026-08-06,三国,4,✅低(堅),15,1-3-5 / 1-5-3 / 1-3-4 / 1-2-5 / 1-4-3 / 1-5-2 / 1-2-4 / 3-1-5 / 1-4-2 / 1-5-4 / 1-4-5 / 5-1-3 / 1-5-6 / 1-6-5 / 3-1-4,0.0509,1号永井 彪也,3号中村 魁生,2号網代 良芽,3.0,3.0,3-1-2,×,2500,-1500,,,,,,,,
2026-08-06,三国,5,✅低(堅),10,1-6-5 / 1-5-6 / 6-1-5 / 1-6-2 / 1-2-6 / 1-6-3 / 1-3-6 / 1-3-5 / 6-1-2 / 5-1-6,0.0424,1号藤山 翔大,5号守田 俊介,6号荒川 健太,2.0,2.0,1-2-4,×,5980,-1000,,,,,,,,
2026-08-06,三国,6,🌊最高(大荒),11,1-6-5 / 6-1-5 / 1-5-6 / 6-5-1 / 5-1-6 / 5-6-1 / 6-1-2 / 1-6-2 / 1-6-3 / 6-1-3 / 6-2-1,0.0543,1号長尾 京志郎,6号宗行 治哉,5号馬野 耀,5.0,5.0,5-2-1,×,2980,-1100,,,,,,,,
2026-08-06,三国,7,🌊最高(大荒),6,1-6-2 / 6-1-2 / 1-6-5 / 6-1-5 / 1-2-6 / 1-5-6,0.0134,1号本岡 勝利,2号深井 利寿,6号井上 一輝,2.0,2.0,2-1-5,×,1590,-600,,,,,,,,
2026-08-06,三国,8,🌊最高(大荒),11,1-6-3 / 1-6-4 / 1-4-6 / 6-1-3 / 1-6-2 / 1-2-6 / 1-6-5 / 1-3-6 / 1-5-6 / 6-1-4 / 4-1-6,0.0190,1号宮村 勇哉,3号竹田 辰也,6号仲道 大輔,4.0,4.0,2-1-4,×,6690,-1100,,,,,,,,
2026-08-06,三国,9,🌊最高(大荒),7,3-5-6 / 3-6-5 / 5-3-6 / 6-3-5 / 5-6-3 / 6-5-3 / 6-3-4,0.0134,3号荒川 健太,4号中村 魁生,5号杉山 貴博,4.0,4.0,2-1-4,×,7740,-700,,,,,,,,
2026-08-06,三国,10,🌊最高(大荒),12,1-6-5 / 1-5-6 / 5-1-6 / 6-1-5 / 1-6-4 / 6-1-4 / 1-4-6 / 5-6-1 / 6-5-1 / 4-1-6 / 6-4-1 / 4-6-1,0.0205,1号長谷川 親王,5号永井 彪也,4号馬野 耀,4.0,4.0,1-6-3,×,19370,-1200,,,,,,,,
2026-08-06,三国,11,🌊最高(大荒),12,5-1-2 / 1-5-2 / 5-2-1 / 2-5-1 / 1-5-3 / 5-1-3 / 5-3-1 / 5-2-3 / 2-1-5 / 1-3-5 / 2-5-3 / 1-2-5,0.0249,1号梅木 敬太,2号井上 一輝,5号高橋 竜矢,5.0,5.0,5-2-6,×,15910,-1200,,,,,,,,
2026-08-06,三国,12,✅低(堅),15,1-3-5 / 1-3-2 / 1-5-3 / 1-2-3 / 1-3-6 / 1-6-3 / 1-5-6 / 1-2-6 / 1-6-5 / 1-6-2 / 1-5-2 / 1-2-5 / 3-1-5 / 3-1-2 / 5-1-3,0.0314,1号石本 裕武,3号長尾 京志郎,2号藤山 翔大,6.0,6.0,1-3-4,×,1530,-1500,,,,,,,,
2026-08-06,住之江,1,⚠高(荒),12,1-6-2 / 1-2-6 / 1-6-5 / 6-1-2 / 1-5-6 / 6-1-5 / 1-6-3 / 1-5-2 / 5-1-6 / 1-3-6 / 2-1-6 / 6-2-1,0.0336,1号遠藤 圭吾,2号高岡 竜也,6号前川 守嗣,4.0,2.0,1-3-2,×,1650,-1200,,,,,,,,
2026-08-06,住之江,2,🌊最高(大荒),18,1-5-6 / 1-6-5 / 5-1-6 / 6-1-5 / 1-5-3 / 5-6-1 / 6-5-1 / 1-6-3 / 1-5-2 / 1-5-4 / 1-6-2 / 5-1-3 / 1-3-5 / 1-3-6 / 1-6-4 / 1-4-5 / 5-1-4 / 6-1-3,0.0374,1号岩田 凌,5号岡部 大輝,6号樋口 範政,3.0,1.0,1-5-3,○,2330,530,,,,,,,,
2026-08-06,住之江,3,⚠高(荒),8,4-1-2 / 4-2-1 / 1-4-2 / 4-1-5 / 1-4-5 / 2-4-1 / 4-5-1 / 4-1-6,0.0349,4号水谷 理人,1号小森 信雄,2号石川 諒,4.0,2.0,2-1-3,×,2360,-800,,,,,,,,
2026-08-06,住之江,4,⚠高(荒),14,1-5-3 / 5-1-3 / 1-5-6 / 5-1-6 / 1-6-5 / 1-5-4 / 1-5-2 / 5-3-1 / 5-1-4 / 5-1-2 / 6-1-5 / 5-6-1 / 6-5-1 / 1-4-5,0.0593,1号岩下 巧斗,5号福島 勇樹,3号柘植 政浩,4.0,2.0,5-1-3,○,3180,1780,,,,,,,,
2026-08-06,住之江,5,✅低(堅),9,1-4-6 / 1-6-4 / 1-4-3 / 1-3-4 / 4-1-6 / 1-6-3 / 1-4-5 / 6-1-4 / 1-3-6,0.0511,1号亀山 雅幸,4号前川 守嗣,6号金子 拓矢,0.0,1.0,1-6-4,○,1730,830,,,,,,,,
2026-08-06,住之江,6,🌊最高(大荒),3,4-1-3 / 1-4-3 / 4-3-1,0.0107,2号山田 晃大,4号鈴木 博,1号品川 賢次,0.0,1.0,2-5-4,×,3050,-300,,,,,,,,
2026-08-06,住之江,7,🌊最高(大荒),7,3-2-6 / 2-3-6 / 3-6-2 / 3-2-5 / 2-3-5 / 6-3-2 / 2-6-3,0.0237,3号若林 将,2号北中 元樹,1号神田 達也,3.0,1.0,2-1-3,×,1430,-700,,,,,,,,
2026-08-06,住之江,8,⚠高(荒),15,6-1-5 / 1-6-5 / 6-1-2 / 1-6-2 / 6-5-1 / 5-6-1 / 6-2-1 / 1-5-6 / 6-1-4 / 5-1-6 / 1-6-4 / 2-6-1 / 1-2-6 / 2-1-6 / 6-5-2,0.0495,1号木場 雄二郎,6号高岡 竜也,5号君島 秀三,4.0,2.0,5-6-1,○,5460,3960,,,,,,,,
2026-08-06,住之江,9,🌊最高(大荒),0,,0.0000,1号小倉 康典,3号篠崎 元志,6号松山 将吾,4.0,2.0,5-3-4,×,15330,,,,,,,,,
2026-08-06,住之江,10,✅低(堅),0,,0.0000,1号福島 勇樹,5号石川 諒,4号金子 拓矢,4.0,2.0,4-5-1,×,2400,,,,,,,,,
2026-08-06,住之江,11,✅低(堅),0,,0.0000,1号若林 将,3号沢田 昭宏,2号春園 功太,4.0,2.0,3-1-4,×,16380,,,,,,,,,
2026-08-06,住之江,12,✅低(堅),0,,0.0000,1号水谷 理人,6号鈴木 博,5号柘植 政浩,4.0,2.0,1-4-5,×,1110,,,,,,,,,
2026-08-06,鳴門,1,✅低(堅),10,1-5-2 / 1-2-5 / 1-5-4 / 1-4-5 / 5-1-2 / 2-1-5 / 5-1-4 / 1-5-6 / 1-2-6 / 4-1-5,0.0373,1号烏野 賢太,2号片岡 秀樹,5号石川 哲秀,3.0,3.0,1-3-2,×,970,-1000,,,,,,,,
2026-08-06,鳴門,2,✅低(堅),16,1-2-5 / 1-5-2 / 2-1-5 / 1-2-3 / 5-1-2 / 1-5-3 / 1-2-4 / 1-5-4 / 1-4-2 / 1-2-6 / 1-4-5 / 1-6-2 / 1-5-6 / 1-3-5 / 2-1-4 / 2-5-1,0.1220,1号竹田 吉行,2号松本 博昭,5号半田 尚也,1.0,1.0,4-5-3,×,102490,-1600,,,,,,,,
2026-08-06,鳴門,3,✅低(堅),7,1-5-3 / 1-5-2 / 1-5-4 / 1-3-5 / 5-1-3 / 1-2-5 / 5-1-2,0.0445,1号四宮 与寛,5号丸尾 義孝,4号守屋 大地,3.0,3.0,1-4-2,×,1780,-700,,,,,,,,
2026-08-06,鳴門,4,✅低(堅),11,1-6-5 / 1-5-6 / 1-5-4 / 1-5-3 / 1-6-3 / 1-3-5 / 1-6-4 / 1-4-5 / 5-1-6 / 6-1-5 / 1-3-6,0.0444,1号林 美憲,4号山本 景士郎,6号岩崎 正哉,2.0,2.0,1-3-5,○,1770,670,,,,,,,,
2026-08-06,鳴門,5,⚠高(荒),18,1-4-2 / 1-4-6 / 4-1-2 / 1-4-3 / 1-6-4 / 4-1-6 / 1-2-4 / 1-3-4 / 4-1-3 / 1-6-2 / 6-1-4 / 1-2-6 / 4-6-1 / 6-4-1 / 3-1-4 / 1-6-3 / 1-3-6 / 6-1-2,0.0592,1号村岡 賢,4号佐々木 和伸,2号菅 章哉,2.0,2.0,2-3-4,×,1000,-1800,,,,,,,,
2026-08-06,鳴門,6,⚠高(荒),0,,0.0000,1号半田 尚也,4号西野 雄貴,2号堀本 和也,2.0,2.0,1-2-4,×,1280,,,,,,,,,
2026-08-06,鳴門,7,⚠高(荒),12,1-6-3 / 6-1-3 / 6-3-1 / 1-3-6 / 3-6-1 / 3-1-6 / 1-6-5 / 6-1-5 / 6-1-2 / 1-6-2 / 6-3-5 / 1-5-6,0.0548,1号守屋 大地,3号河野 大,6号葛原 大陽,2.0,2.0,3-6-1,○,2530,1330,,,,,,,,
2026-08-06,鳴門,8,⚠高(荒),13,1-2-6 / 1-6-2 / 2-1-6 / 6-1-2 / 2-6-1 / 6-2-1 / 1-6-5 / 1-5-6 / 1-6-4 / 1-4-6 / 6-1-5 / 6-1-4 / 5-1-6,0.0392,1号垂水 悠,2号宮田 龍馬,6号山本 景士郎,3.0,3.0,1-3-2,×,2940,-1300,,,,,,,,
2026-08-06,鳴門,9,⚠高(荒),11,1-4-5 / 1-5-4 / 4-1-5 / 5-1-4 / 1-5-2 / 1-4-6 / 5-4-1 / 4-5-1 / 1-4-3 / 1-5-6 / 1-5-3,0.1040,1号村上 功祐,4号烏野 賢太,5号村松 栄太,2.0,2.0,3-1-4,×,13990,-1100,,,,,,,,
2026-08-06,鳴門,10,🌊最高(大荒),15,1-4-5 / 1-6-5 / 1-5-4 / 1-2-5 / 4-1-5 / 6-1-5 / 1-5-6 / 1-6-2 / 1-2-6 / 1-6-4 / 1-4-6 / 1-2-4 / 1-4-2 / 2-1-5 / 1-3-5,0.0195,1号石川 哲秀,5号菅 章哉,6号齊藤 優,2.0,2.0,5-4-1,×,5450,-1500,,,,,,,,
2026-08-06,鳴門,11,△中,21,1-5-6 / 1-6-5 / 5-1-6 / 6-1-5 / 1-5-2 / 5-6-1 / 1-5-4 / 6-5-1 / 1-6-3 / 1-6-4 / 1-2-5 / 5-1-2 / 1-6-2 / 5-1-4 / 1-4-6 / 1-4-5 / 1-2-6 / 6-1-3 / 6-1-4 / 6-1-2 / 2-1-5,0.0450,1号畑 和宏,5号河野 大,6号佐々木 和伸,3.0,3.0,3-4-1,×,6310,-2100,,,,,,,,
2026-08-06,鳴門,12,✅低(堅),8,1-3-6 / 1-6-3 / 3-1-6 / 6-1-3 / 3-1-2 / 1-3-2 / 1-6-2 / 3-1-5,0.0499,1号西野 雄貴,3号葛原 大陽,6号宮田 龍馬,2.0,2.0,1-5-4,×,2870,-800,,,,,,,,
2026-08-06,宮島,1,✅低(堅),11,1-6-3 / 1-3-6 / 1-6-4 / 1-4-6 / 6-1-3 / 3-1-6 / 1-6-5 / 6-1-4 / 4-1-6 / 6-1-5 / 1-5-6,0.0366,1号松井 洪弥,6号大田 直弥,3号松本 庸平,2.0,2.0,1-2-3,×,790,-1100,,,,,,,,
2026-08-06,宮島,2,🌊最高(大荒),15,1-5-2 / 1-2-5 / 5-1-2 / 2-1-5 / 1-5-4 / 1-4-5 / 1-2-6 / 2-5-1 / 5-2-1 / 1-6-2 / 1-5-3 / 2-1-6 / 5-1-4 / 1-5-6 / 4-1-5,0.0313,1号渡部 悟,2号浜先 真範,5号川北 浩貴,1.0,1.0,1-3-2,×,760,-1500,,,,,,,,
2026-08-06,宮島,3,🌊最高(大荒),9,1-6-3 / 6-1-3 / 1-3-6 / 1-6-5 / 1-5-6 / 6-1-5 / 6-3-1 / 1-3-2 / 5-1-6,0.0389,1号坂井 康嗣,3号佐藤 航,6号藤森 陸斗,1.0,1.0,3-5-4,×,2320,-900,,,,,,,,
2026-08-06,宮島,4,✅低(堅),13,1-5-6 / 1-5-4 / 1-6-5 / 1-4-5 / 1-4-6 / 1-6-4 / 1-6-2 / 5-1-6 / 5-1-4 / 1-2-6 / 4-1-5 / 6-1-5 / 1-4-2,0.0307,1号中村 日向,5号畑 竜生,4号田中 太一郎,2.0,2.0,1-2-3,×,500,-1300,,,,,,,,
2026-08-06,宮島,5,✅低(堅),9,1-6-2 / 1-2-6 / 6-1-2 / 1-6-5 / 2-1-6 / 1-2-5 / 1-5-6 / 1-6-4 / 1-5-2,0.0554,1号松村 敏,6号濱崎 直矢,2号渋谷 明憲,2.0,2.0,1-2-4,×,830,-900,,,,,,,,
2026-08-06,宮島,6,⚠高(荒),13,1-5-6 / 1-6-5 / 5-1-6 / 1-5-3 / 1-6-3 / 6-1-5 / 5-1-3 / 1-3-6 / 5-6-1 / 6-5-1 / 6-1-3 / 1-5-4 / 6-3-1,0.0470,1号津田 裕絵,5号吉川 喜継,3号石田 章央,2.0,2.0,3-1-5,×,710,-1300,,,,,,,,
2026-08-06,宮島,7,⚠高(荒),4,1-3-2 / 3-1-2 / 1-3-5 / 3-1-5,0.0148,2号川北 浩貴,1号胡本 悟志,3号新田 洋一,1.0,1.0,1-4-5,×,7680,-400,,,,,,,,
2026-08-06,宮島,8,🌊最高(大荒),12,1-2-6 / 2-1-6 / 1-6-2 / 1-3-6 / 1-2-4 / 1-6-3 / 3-1-6 / 6-1-2 / 2-1-4 / 1-4-2 / 2-6-1 / 6-1-3,0.0407,1号倉富 大誠,2号木村 仁紀,3号藤原 菜希,2.0,2.0,3-1-2,×,1370,-1200,,,,,,,,
2026-08-06,宮島,9,△中,9,1-5-6 / 5-1-6 / 1-6-5 / 6-1-5 / 5-1-2 / 1-5-2 / 5-1-4 / 5-6-1 / 6-5-1,0.0352,1号岡崎 恭裕,5号是澤 孝宏,4号中村 かなえ,1.0,1.0,1-2-5,×,2090,-900,,,,,,,,
2026-08-06,宮島,10,🌊最高(大荒),10,1-5-6 / 1-6-5 / 5-1-6 / 6-1-5 / 5-6-1 / 6-5-1 / 1-6-2 / 6-1-2 / 6-5-2 / 5-6-2,0.0345,1号梶山 涼斗,5号渋谷 明憲,6号平田 さやか,2.0,2.0,2-3-4,×,8690,-1000,,,,,,,,
2026-08-06,宮島,11,✅低(堅),20,1-2-6 / 1-6-2 / 1-5-6 / 1-6-5 / 1-3-6 / 1-6-3 / 1-5-3 / 1-3-5 / 1-5-2 / 6-1-2 / 2-1-6 / 5-1-6 / 6-1-5 / 3-1-6 / 6-1-3 / 1-6-4 / 1-5-4 / 1-4-6 / 5-1-3 / 1-4-5,0.0368,1号浜先 真範,2号佐藤 航,5号石田 章央,1.0,1.0,1-3-4,×,2150,-2000,,,,,,,,
2026-08-06,宮島,12,✅低(堅),16,1-4-5 / 1-5-4 / 1-4-6 / 1-6-4 / 1-4-2 / 1-2-4 / 4-1-5 / 1-5-6 / 1-4-3 / 1-6-5 / 5-1-4 / 1-5-2 / 4-1-6 / 1-2-5 / 4-1-2 / 6-1-4,0.0455,1号吉川 喜継,4号藤森 陸斗,3号松村 敏,2.0,2.0,6-3-1,×,69850,-1600,,,,,,,,
2026-08-06,徳山,1,△中,6,1-5-6 / 1-6-5 / 5-1-6 / 6-1-5 / 1-5-4 / 1-6-4,0.0307,1号米丸 乃絵,5号若狭 奈美子,6号中村 桃佳,4.0,4.0,1-4-3,×,3980,-600,,,,,,,,
2026-08-06,徳山,2,🌊最高(大荒),14,1-6-3 / 1-6-5 / 1-5-6 / 1-3-6 / 6-1-3 / 6-1-5 / 3-1-6 / 5-1-6 / 6-3-1 / 3-6-1 / 6-5-1 / 5-6-1 / 1-6-4 / 6-1-4,0.0337,1号長嶋 万記,6号松尾 夏海,3号竹井 奈美,4.0,4.0,3-1-6,○,7160,5760,,,,,,,,
2026-08-06,徳山,3,△中,0,,0.0000,1号寺田 千恵,3号平山 智加,4号三浦 永理,4.0,4.0,4-3-6,×,15320,,,,,,,,,
2026-08-06,徳山,4,△中,11,1-6-2 / 1-2-6 / 2-1-6 / 6-1-2 / 2-6-1 / 6-2-1 / 1-6-4 / 6-1-4 / 1-4-6 / 4-1-6 / 6-4-1,0.0245,1号土屋 千明,2号倉持 莉々,6号鎌倉 涼,5.0,5.0,2-1-4,×,1760,-1100,,,,,,,,
2026-08-06,徳山,5,△中,8,1-4-3 / 1-4-2 / 1-4-5 / 4-1-3 / 4-1-2 / 1-2-4 / 4-1-5 / 1-5-4,0.0282,1号廣中 智紗衣,4号海野 ゆかり,3号井上 遥妃,5.0,5.0,1-3-5,×,2190,-800,,,,,,,,
2026-08-06,徳山,6,△中,17,1-6-5 / 1-5-6 / 1-6-2 / 6-1-5 / 1-6-4 / 5-1-6 / 6-1-2 / 1-4-6 / 6-1-4 / 6-5-1 / 5-6-1 / 4-1-6 / 1-5-4 / 1-4-5 / 1-2-6 / 6-4-1 / 1-6-3,0.0401,1号蜂須 瑞生,6号小芦 るり華,2号高田 ひかる,5.0,5.0,5-2-1,×,30110,-1700,,,,,,,,
2026-08-06,徳山,7,△中,13,1-5-3 / 1-5-2 / 1-3-5 / 1-2-5 / 5-1-3 / 5-1-2 / 1-5-6 / 3-1-5 / 2-1-5 / 1-2-3 / 1-3-2 / 1-6-5 / 5-1-6,0.0374,1号西村 美智子,5号千葉 真弥,3号櫻本 あゆみ,4.0,4.0,5-1-3,○,18830,17530,,,,,,,,
2026-08-06,徳山,8,✅低(堅),4,1-2-5 / 1-5-2 / 1-5-4 / 1-4-5,0.0152,1号若狭 奈美子,3号西橋 奈未,4号平川 香織,4.0,4.0,1-3-5,×,2320,-400,,,,,,,,
2026-08-06,徳山,9,✅低(堅),12,1-5-6 / 1-6-5 / 1-6-3 / 1-3-6 / 1-5-3 / 1-6-4 / 1-4-6 / 1-5-4 / 1-3-5 / 1-6-2 / 1-2-6 / 1-5-2,0.0164,1号細川 裕子,3号鎌倉 涼,4号平山 智加,4.0,4.0,3-4-2,×,7820,-1200,,,,,,,,
2026-08-06,徳山,10,△中,11,1-5-6 / 1-6-5 / 1-5-2 / 1-5-4 / 1-2-5 / 5-1-6 / 1-4-5 / 1-5-3 / 5-1-2 / 6-1-5 / 5-1-4,0.0287,1号三浦 永理,5号魚谷 香織,6号倉持 莉々,5.0,5.0,1-3-4,×,1380,-1100,,,,,,,,
2026-08-06,徳山,11,△中,8,1-5-2 / 1-2-5 / 1-5-4 / 1-5-3 / 1-3-5 / 5-1-2 / 1-4-5 / 2-1-5,0.0300,1号海野 ゆかり,2号中村 桃佳,5号長嶋 万記,4.0,4.0,1-2-3,×,1490,-800,,,,,,,,
2026-08-06,徳山,12,✅低(堅),10,1-6-5 / 1-5-6 / 1-6-4 / 1-6-2 / 1-4-6 / 1-2-6 / 6-1-5 / 6-1-4 / 1-6-3 / 5-1-6,0.0261,1号遠藤 エミ,4号田口 節子,6号川野 芽唯,4.0,4.0,1-4-6,○,1950,950,,,,,,,,
2026-08-06,下関,1,🌊最高(大荒),3,1-5-6 / 5-1-6 / 1-6-5,0.0129,1号渡邊 哲也,5号中渡 修作,2号角浜 修,3.0,3.0,1-4-3,×,5150,-300,,,,,,,,
2026-08-06,下関,2,⚠高(荒),9,3-1-2 / 1-3-2 / 3-1-4 / 3-2-1 / 1-3-4 / 1-2-3 / 2-3-1 / 2-1-3 / 3-4-1,0.0905,3号井本 昌也,1号小川 時光,2号横田 茂,2.0,2.0,3-1-4,○,1170,270,,,,,,,,
2026-08-06,下関,3,⚠高(荒),4,4-2-1 / 2-4-1 / 4-1-2 / 1-4-2,0.0140,2号森野 正弘,1号大塚 雅治,6号白井 友晴,2.0,2.0,2-4-6,×,4190,-400,,,,,,,,
2026-08-06,下関,4,⚠高(荒),3,5-1-3 / 1-5-3 / 5-3-1,0.0118,3号三浦 敬太,1号豊田 訓靖,5号松崎 祐太郎,2.0,2.0,2-5-1,×,10550,-300,,,,,,,,
2026-08-06,下関,5,✅低(堅),17,1-6-3 / 1-4-3 / 1-5-3 / 1-6-5 / 1-5-6 / 1-6-4 / 1-4-6 / 1-5-4 / 1-4-5 / 1-2-3 / 6-1-3 / 4-1-3 / 1-6-2 / 1-2-6 / 1-5-2 / 1-4-2 / 1-2-5,0.0548,1号重成 一人,3号丹下 将,6号山本 稔太朗,2.0,2.0,1-3-6,×,1140,-1700,,,,,,,,
2026-08-06,下関,6,△中,11,1-6-2 / 1-3-2 / 6-1-2 / 1-6-3 / 1-3-6 / 3-1-2 / 1-6-4 / 6-1-3 / 1-4-2 / 1-4-6 / 3-1-6,0.0681,1号中田 元泰,2号赤岩 善生,6号岡本 翔太郎,3.0,3.0,1-4-2,○,3510,2410,,,,,,,,
2026-08-06,下関,7,✅低(堅),15,1-2-6 / 1-6-2 / 1-2-5 / 1-6-5 / 1-2-4 / 1-2-3 / 1-4-2 / 1-3-2 / 2-1-6 / 1-6-4 / 6-1-2 / 1-6-3 / 1-4-6 / 1-5-6 / 1-3-6,0.0581,1号上平 真二,5号石丸 海渡,2号廣中 良一,3.0,3.0,1-2-4,○,4760,3260,,,,,,,,
2026-08-06,下関,8,✅低(堅),12,1-6-3 / 1-3-6 / 1-6-2 / 1-2-6 / 1-6-5 / 6-1-3 / 3-1-6 / 1-5-6 / 6-1-2 / 1-2-3 / 2-1-6 / 1-6-4,0.0594,1号三浦 敬太,3号吉川 昭男,6号岩橋 裕馬,3.0,3.0,1-2-4,×,1380,-1200,,,,,,,,
2026-08-06,下関,9,△中,0,,0.0000,1号出畑 孝典,6号飛田 江己,4号木下 雄介,3.0,3.0,1-3-5,×,4890,,,,,,,,,
2026-08-06,下関,10,✅低(堅),0,,0.0000,1号井本 昌也,5号丹下 将,6号大塚 雅治,3.0,3.0,1-2-6,×,1100,,,,,,,,,
2026-08-06,下関,11,✅低(堅),0,,0.0000,1号市川 哲也,3号赤岩 善生,4号松崎 祐太郎,3.0,3.0,3-5-4,×,49770,,,,,,,,,
2026-08-06,下関,12,✅低(堅),0,,0.0000,1号石丸 海渡,5号森野 正弘,2号吉川 昭男,3.0,3.0,1-2-5,×,890,,,,,,,,,
2026-08-06,大村,1,🌊最高(大荒),9,1-5-3 / 1-5-6 / 5-1-3 / 1-3-5 / 5-1-6 / 1-6-5 / 5-1-2 / 3-1-5 / 1-5-2,0.0224,1号中島 浩哉,5号中嶋 誠一郎,2号高木 圭大,5.0,4.0,2-5-6,×,17610,-900,,,,,,,,
2026-08-06,大村,2,🌊最高(大荒),12,1-5-6 / 1-6-5 / 5-1-6 / 6-1-5 / 5-6-1 / 6-5-1 / 1-6-2 / 6-1-2 / 1-6-4 / 6-2-1 / 6-1-4 / 1-4-6,0.0352,1号岡部 大輔,5号白水 勝也,6号大串 重幸,8.0,7.0,1-2-5,×,880,-1200,,,,,,,,
2026-08-06,大村,3,🌊最高(大荒),7,1-5-4 / 5-1-4 / 1-4-5 / 4-1-5 / 5-4-1 / 4-5-1 / 1-5-3,0.0237,1号渡邊 伸太郎,2号石橋 道友,5号横田 貴満,7.0,6.0,2-1-4,×,1000,-700,,,,,,,,
2026-08-06,大村,4,🌊最高(大荒),11,4-6-1 / 6-4-1 / 4-1-6 / 4-6-3 / 4-6-2 / 1-4-6 / 6-4-3 / 6-1-4 / 6-4-2 / 4-3-6 / 1-6-4,0.0336,4号桑原 悠,6号高田 明,1号栗山 繁洋,7.0,6.0,4-1-2,×,2750,-1100,,,,,,,,
2026-08-06,大村,5,🌊最高(大荒),21,1-3-4 / 1-4-3 / 1-3-6 / 3-1-4 / 1-3-2 / 1-6-3 / 3-1-6 / 4-1-3 / 1-6-2 / 3-1-2 / 1-4-2 / 3-4-1 / 1-4-6 / 4-3-1 / 6-1-3 / 1-6-4 / 6-1-2 / 3-6-1 / 4-1-2 / 6-3-1 / 4-1-6,0.0256,1号重富 伸也,2号下條 雄太郎,3号榎 幸司,6.0,5.0,4-2-3,×,5450,-2100,,,,,,,,
2026-08-06,大村,6,🌊最高(大荒),18,1-6-4 / 6-1-4 / 1-4-6 / 1-6-3 / 6-1-3 / 4-1-6 / 6-4-1 / 1-6-5 / 4-6-1 / 6-1-5 / 1-5-6 / 1-3-6 / 6-3-1 / 6-5-1 / 5-1-6 / 5-6-1 / 1-4-5 / 1-5-4,0.0379,1号宮地 博士,6号眞鳥 章太,4号木場 悠介,5.0,4.0,4-3-6,×,3420,-1800,,,,,,,,
2026-08-06,大村,7,✅低(堅),8,1-6-4 / 1-6-3 / 1-4-6 / 1-3-6 / 1-4-3 / 1-3-4 / 1-6-2 / 1-2-6,0.0499,1号吉田 一郎,3号中嶋 誠一郎,6号樋口 亮,5.0,4.0,5-1-4,×,10130,-800,,,,,,,,
2026-08-06,大村,8,✅低(堅),8,1-6-4 / 1-4-6 / 6-1-4 / 4-1-6 / 1-4-3 / 1-6-5 / 1-4-5 / 1-5-4,0.0446,1号田中 京介,6号大神 康司,4号渡邊 伸太郎,5.0,4.0,1-2-4,×,6160,-800,,,,,,,,
2026-08-06,大村,9,⚠高(荒),0,,0.0000,1号真庭 明志,5号石橋 道友,6号尾崎 雄二,5.0,4.0,5-1-6,×,3150,,,,,,,,,
2026-08-06,大村,10,⚠高(荒),0,,0.0000,1号横田 貴満,6号石川 真二,3号高田 明,5.0,4.0,1-6-5,×,4770,,,,,,,,,
2026-08-06,大村,11,△中,0,,0.0000,1号白水 勝也,4号村上 遼,5号今井 貴士,5.0,4.0,4-1-3,×,2990,,,,,,,,,
2026-08-06,大村,12,△中,0,,0.0000,1号桑原 悠,6号榎 幸司,3号吉田 一郎,5.0,4.0,1-3-2,×,790,,,,,,,,,
2026-08-06,戸田,1,⚠高(荒),3,6-1-2 / 2-6-1 / 6-2-1,0.0108,1号小川 竜太朗,2号三宅 健太,6号福田 翔吾,2.0,1.0,5-6-1,×,24720,-300,,,,,,,,
2026-08-06,戸田,2,🌊最高(大荒),16,1-2-6 / 1-2-5 / 2-1-6 / 1-2-3 / 2-1-5 / 2-1-3 / 1-6-2 / 1-5-2 / 2-6-1 / 6-1-2 / 1-3-2 / 2-5-1 / 5-1-2 / 1-2-4 / 6-2-1 / 5-2-1,0.0614,1号中岡 健人,2号岡村 仁,6号星野 太郎,2.0,1.0,4-3-1,×,15430,-1600,,,,,,,,
2026-08-06,戸田,3,🌊最高(大荒),22,6-1-4 / 6-4-1 / 1-6-4 / 4-6-1 / 1-4-6 / 6-1-3 / 4-1-6 / 1-6-3 / 6-3-1 / 3-6-1 / 1-3-6 / 6-4-5 / 6-4-2 / 6-1-5 / 6-4-3 / 6-1-2 / 3-1-6 / 4-6-5 / 1-6-5 / 6-3-4 / 1-6-2 / 4-6-2,0.0351,6号森高 一真,4号大平 誉史明,1号南野 利騰,1.0,1.0,1-4-6,○,7370,5170,,,,,,,,
2026-08-06,戸田,4,🌊最高(大荒),6,2-1-6 / 1-2-6 / 2-6-1 / 1-6-2 / 6-2-1 / 6-1-2,0.0727,2号木下 翔太,1号折下 寛法,6号松村 康太,0.0,0.0,2-1-6,○,980,380,,,,,,,,
2026-08-06,戸田,5,✅低(堅),17,1-6-4 / 1-4-6 / 1-6-2 / 6-1-4 / 1-6-3 / 1-2-6 / 1-3-6 / 1-6-5 / 1-2-4 / 1-5-6 / 6-1-2 / 6-1-3 / 1-2-3 / 1-3-2 / 2-1-6 / 1-3-4 / 3-1-6,0.0434,1号奥田 誠,4号湯川 浩司,6号加藤 優弥,1.0,1.0,4-5-6,×,1350,-1700,,,,,,,,
2026-08-06,戸田,6,🌊最高(大荒),24,1-5-2 / 1-5-3 / 1-2-5 / 1-3-5 / 1-4-5 / 1-5-4 / 2-1-5 / 3-1-5 / 5-1-3 / 1-2-4 / 1-4-2 / 1-2-3 / 1-4-3 / 1-3-2 / 1-3-4 / 5-1-2 / 2-1-4 / 4-1-5 / 2-1-3 / 4-1-2 / 3-1-2 / 4-1-3 / 3-1-4 / 3-5-1,0.0351,1号橋口 真樹,5号下出 卓矢,4号小池 修平,2.0,1.0,4-2-3,×,2090,-2400,,,,,,,,
2026-08-06,戸田,7,✅低(堅),11,1-2-6 / 1-2-4 / 1-6-2 / 1-4-2 / 1-2-3 / 1-3-2 / 1-6-4 / 1-4-6 / 2-1-6 / 2-1-4 / 6-1-2,0.0692,1号麻生 慎介,2号秋田 健太郎,4号森下 勇,3.0,2.0,1-2-3,○,690,-410,,,,,,,,
2026-08-06,戸田,8,🌊最高(大荒),11,1-4-6 / 4-1-6 / 1-4-3 / 1-6-4 / 4-1-3 / 4-6-1 / 1-4-2 / 6-1-4 / 6-4-1 / 4-1-2 / 1-3-4,0.0564,1号長畑 友輔,4号西岡 顕心,6号谷口 知優,3.0,2.0,4-3-6,×,3980,-1100,,,,,,,,
2026-08-06,戸田,9,🌊最高(大荒),8,1-5-6 / 5-1-6 / 1-6-5 / 1-5-2 / 6-1-5 / 5-6-1 / 1-5-3 / 6-5-1,0.0244,1号渡邉 健,5号中村 晃朋,3号奥田 誠,3.0,2.0,5-3-4,×,12680,-800,,,,,,,,
2026-08-09,江戸川,2,🌊最高(大荒),19,6-1-3 / 6-3-1 / 1-6-3 / 3-6-1 / 6-1-4 / 6-1-2 / 1-3-6 / 1-6-4 / 6-4-1 / 3-1-6 / 6-3-4 / 1-6-2 / 6-2-1 / 6-3-2 / 6-4-3 / 4-6-1 / 3-6-4 / 6-2-3 / 1-4-6,0.0391,6号小原 聡将,1号三品 隆浩,3号荒井 翔伍,3.0,5.0,4-5-6,×,40580,-1900,,,,,,,,
2026-08-09,江戸川,3,🌊最高(大荒),0,,0.0000,3号飯山 泰,4号桑島 和宏,1号内山 峻輔,3.0,5.0,1-5-4,×,19670,,,,,,,,,
2026-08-09,江戸川,4,🌊最高(大荒),0,,0.0000,1号本吉 正樹,2号渡邉 雄朗,4号品田 直樹,3.0,5.0,1-4-5,×,8420,,,,,,,,,
2026-08-09,江戸川,5,🌊最高(大荒),0,,0.0000,1号齋藤 勇,4号福来 剛,2号上原 崚,3.0,5.0,3-2-4,×,2390,,,,,,,,,
2026-08-09,江戸川,6,🌊最高(大荒),0,,0.0000,1号内山 文典,2号馬場 剛,3号中野 次郎,3.0,5.0,1-2-3,×,1160,,,,,,,,,
2026-08-09,江戸川,7,🌊最高(大荒),0,,0.0000,1号大西 賢,4号佐藤 隆太郎,3号寺本 重宣,3.0,5.0,1-3-4,×,1170,,,,,,,,,
2026-08-09,江戸川,8,△中,0,,0.0000,1号桑島 和宏,4号佐藤 大佑,2号小原 聡将,3.0,5.0,2-5-6,×,48220,,,,,,,,,
2026-08-09,江戸川,9,△中,0,,0.0000,1号西舘 健,5号渡邉 雄朗,2号山本 英志,3.0,5.0,5-2-3,×,6880,,,,,,,,,
2026-08-09,江戸川,10,✅低(堅),0,,0.0000,1号飯山 泰,5号永田 秀二,4号荒井 翔伍,3.0,5.0,5-1-4,×,4250,,,,,,,,,
2026-08-09,江戸川,11,✅低(堅),0,,0.0000,1号馬場 剛,2号久永 祥平,4号上原 崚,3.0,5.0,4-1-2,×,2160,,,,,,,,,
2026-08-09,江戸川,12,✅低(堅),0,,0.0000,1号石渡 鉄兵,6号佐藤 隆太郎,4号長田 頼宗,3.0,5.0,1-3-5,×,2240,,,,,,,,,
2026-08-09,多摩川,1,🌊最高(大荒),16,1-6-2 / 1-6-4 / 6-1-2 / 6-1-4 / 1-6-3 / 6-1-3 / 1-6-5 / 6-1-5 / 1-4-6 / 6-4-1 / 1-3-6 / 4-1-6 / 4-6-1 / 1-2-6 / 1-5-6 / 6-3-1,0.0320,1号宇野 博之,6号豊田 健士郎,2号黒柳 浩孝,2.0,2.0,3-2-5,×,12130,-1600,,,,,,,,
2026-08-09,多摩川,2,⚠高(荒),15,1-5-6 / 1-6-5 / 5-1-6 / 6-1-5 / 1-6-2 / 1-2-6 / 1-6-4 / 5-6-1 / 6-5-1 / 1-4-6 / 6-1-2 / 1-6-3 / 6-1-4 / 2-1-6 / 1-3-6,0.0489,1号佐藤 永梧,5号太田 和美,6号佐竹 恒彦,2.0,2.0,1-4-5,×,1570,-1500,,,,,,,,
2026-08-09,多摩川,3,🌊最高(大荒),0,,0.0000,1号八木 治樹,4号片橋 幸貴,5号平石 和男,2.0,2.0,2-4-1,×,7320,,,,,,,,,
2026-08-09,多摩川,4,🌊最高(大荒),0,,0.0000,1号中嶋 達也,3号馬場 貴也,6号中嶋 健一郎,2.0,2.0,5-6-2,×,51200,,,,,,,,,
2026-08-09,多摩川,5,🌊最高(大荒),0,,0.0000,1号都築 正治,2号田中 和也,5号中村 有裕,2.0,2.0,2-4-6,×,10660,,,,,,,,,
2026-08-09,多摩川,6,🌊最高(大荒),0,,0.0000,1号今坂 晃広,4号豊田 健士郎,2号中島 秀治,2.0,2.0,2-4-5,×,2610,,,,,,,,,
2026-08-09,多摩川,7,🌊最高(大荒),0,,0.0000,1号中澤 宏奈,5号井口 佳典,6号岡 祐臣,2.0,2.0,5-6-3,×,6770,,,,,,,,,
2026-08-09,多摩川,8,△中,0,,0.0000,1号平石 和男,5号澤田 尚也,4号太田 和美,2.0,2.0,5-4-1,×,1200,,,,,,,,,
2026-08-09,多摩川,9,△中,0,,0.0000,1号中村 有裕,4号馬場 貴也,6号山谷 央,2.0,2.0,1-4-2,×,1110,,,,,,,,,
2026-08-09,多摩川,10,✅低(堅),0,,0.0000,1号田中 和也,3号天野 友和,5号金子 和之,2.0,2.0,5-4-6,×,13080,,,,,,,,,
2026-08-09,多摩川,11,✅低(堅),0,,0.0000,1号片橋 幸貴,5号中嶋 健一郎,2号佐竹 恒彦,2.0,2.0,1-3-2,×,840,,,,,,,,,
2026-08-09,多摩川,12,✅低(堅),0,,0.0000,1号井口 佳典,4号澤田 尚也,5号中島 秀治,2.0,2.0,1-2-4,×,1730,,,,,,,,,
2026-08-09,津,1,✅低(堅),14,1-5-6 / 1-6-5 / 1-6-3 / 1-6-2 / 1-2-6 / 1-5-2 / 1-5-3 / 1-3-6 / 1-6-4 / 1-2-5 / 5-1-6 / 6-1-5 / 1-5-4 / 1-4-6,0.0731,1号濱野 斗馬,5号藤原 孝斗,6号吉原 聖人,3.0,2.0,1-2-3,×,360,-1400,,,,,,,,
2026-08-09,津,2,⚠高(荒),6,1-3-5 / 1-3-2 / 1-5-3 / 3-1-5 / 3-1-2 / 5-1-3,0.0205,1号石田 政吾,2号深川 和仁,3号金子 貴志,3.0,2.0,2-3-5,×,7490,-600,,,,,,,,
2026-08-09,津,3,🌊最高(大荒),11,1-4-5 / 1-5-4 / 5-1-4 / 4-1-5 / 1-5-2 / 1-2-5 / 5-4-1 / 5-1-2 / 4-5-1 / 2-1-5 / 1-5-3,0.0334,1号関根 彰人,4号吉川 貴仁,5号國崎 良春,3.0,2.0,4-2-5,×,2230,-1100,,,,,,,,
2026-08-09,津,4,🌊最高(大荒),9,1-5-4 / 1-4-5 / 5-1-4 / 1-5-2 / 4-1-5 / 1-5-3 / 1-2-5 / 1-4-2 / 5-1-2,0.0366,1号平瀬 城啓,4号金田 智博,5号西丸 侑太朗,3.0,2.0,4-2-1,×,10670,-900,,,,,,,,
2026-08-09,津,5,✅低(堅),0,,0.0000,1号島田 賢人,2号南 佑典,3号吉武 真也,3.0,2.0,1-2-6,×,730,,,,,,,,,
2026-08-09,津,6,△中,0,,0.0000,1号近江 翔吾,5号船岡 洋一郎,4号小林 泰,3.0,2.0,1-5-4,×,730,,,,,,,,,
2026-08-09,津,7,🌊最高(大荒),0,,0.0000,1号中北 将史,4号和田 拓也,5号尾上 雅也,3.0,2.0,5-4-1,×,4800,,,,,,,,,
2026-08-09,津,8,△中,0,,0.0000,1号國崎 良春,4号松田 祐季,2号福田 雅一,3.0,2.0,4-1-2,×,1260,,,,,,,,,
2026-08-09,津,9,△中,0,,0.0000,1号山田 竜一,6号中山 将,2号山崎 裕司,3.0,2.0,2-4-6,×,10770,,,,,,,,,
2026-08-09,津,10,✅低(堅),0,,0.0000,1号西丸 侑太朗,2号吉川 貴仁,5号近江 翔吾,3.0,2.0,1-2-3,×,380,,,,,,,,,
2026-08-09,津,11,✅低(堅),0,,0.0000,1号尾上 雅也,2号金田 智博,3号和田 拓也,3.0,2.0,1-2-4,×,910,,,,,,,,,
2026-08-09,津,12,✅低(堅),0,,0.0000,1号松田 祐季,3号船岡 洋一郎,2号小林 泰,3.0,2.0,1-4-2,×,1940,,,,,,,,,
2026-08-09,三国,1,✅低(堅),8,1-2-6 / 1-6-2 / 2-1-4 / 4-1-2 / 1-4-6 / 1-6-4 / 1-2-4 / 2-1-6,0.0161,1号宗行 治哉,4号梅木 敬太,2号宮村 勇哉,4.0,4.0,1-4-6,○,3220,2420,,,,,,,,
2026-08-09,三国,2,✅低(堅),12,1-2-6 / 1-6-2 / 1-6-3 / 1-2-3 / 1-3-6 / 1-3-2 / 2-1-6 / 6-1-2 / 1-6-5 / 1-2-5 / 6-1-3 / 1-5-6,0.0553,1号藤山 翔大,2号土山 卓也,6号森安 弘雅,0.0,0.0,1-2-3,○,420,-780,,,,,,,,
2026-08-09,三国,3,✅低(堅),13,1-6-4 / 1-4-6 / 6-1-4 / 1-6-2 / 4-1-6 / 1-4-2 / 1-2-6 / 1-2-4 / 6-1-2 / 6-4-1 / 2-1-6 / 4-6-1 / 4-1-2,0.0602,1号中村 魁生,6号村田 敦,4号細川 明人,1.0,1.0,1-3-6,×,990,-1300,,,,,,,,
2026-08-09,三国,4,△中,13,1-5-4 / 1-5-2 / 1-2-5 / 1-2-4 / 1-5-3 / 5-1-4 / 1-4-5 / 1-5-6 / 5-1-2 / 1-3-5 / 1-6-5 / 2-1-5 / 1-3-4,0.0565,1号中村 辰也,4号高橋 竜矢,5号土井 祥伍,2.0,2.0,1-6-4,×,2270,-1300,,,,,,,,
2026-08-09,三国,5,✅低(堅),18,1-5-6 / 1-6-5 / 1-5-3 / 1-3-5 / 1-6-3 / 1-3-6 / 1-6-4 / 1-6-2 / 1-2-6 / 1-3-2 / 1-2-3 / 5-1-6 / 6-1-5 / 1-3-4 / 5-1-3 / 3-1-5 / 6-1-3 / 3-1-6,0.0508,1号永井 彪也,5号馬野 耀,6号宮村 勇哉,2.0,2.0,1-5-2,×,2250,-1800,,,,,,,,
2026-08-09,三国,6,🌊最高(大荒),16,1-5-2 / 1-2-5 / 5-1-2 / 1-5-4 / 1-5-3 / 1-5-6 / 1-4-5 / 5-1-4 / 1-2-4 / 1-2-6 / 1-4-2 / 1-3-5 / 5-1-3 / 1-6-5 / 5-1-6 / 1-6-2,0.1144,1号長谷川 親王,5号原田 秀弥,2号仲道 大輔,3.0,3.0,1-2-5,○,1750,150,,,,,,,,
2026-08-09,三国,7,✅低(堅),10,1-6-5 / 1-6-3 / 1-6-4 / 1-5-6 / 1-4-6 / 1-3-6 / 6-1-5 / 1-5-3 / 1-5-4 / 1-3-5,0.0606,1号守田 俊介,6号藤山 翔大,3号長尾 京志郎,3.0,3.0,1-6-3,○,1550,550,,,,,,,,
2026-08-09,三国,8,⚠高(荒),17,1-2-3 / 1-2-4 / 1-2-5 / 2-1-3 / 1-4-2 / 1-5-2 / 2-1-4 / 2-1-5 / 1-5-3 / 4-1-2 / 1-4-3 / 5-1-2 / 2-4-1 / 1-4-5 / 2-5-1 / 1-5-4 / 1-2-6,0.0945,1号森安 弘雅,2号細川 明人,3号梅木 敬太,4.0,4.0,2-4-1,○,11110,9410,,,,,,,,
2026-08-09,三国,9,🌊最高(大荒),0,,0.0000,1号土井 祥伍,3号上條 嘉嗣,6号中村 辰也,4.0,4.0,1-4-6,×,8060,,,,,,,,,
2026-08-09,三国,10,⚠高(荒),0,,0.0000,1号原田 秀弥,3号永井 彪也,6号宗行 治哉,4.0,4.0,2-3-1,×,5260,,,,,,,,,
2026-08-09,三国,11,⚠高(荒),0,,0.0000,1号馬野 耀,3号高橋 竜矢,2号守田 俊介,4.0,4.0,1-3-6,×,5420,,,,,,,,,
2026-08-09,三国,12,△中,0,,0.0000,1号嶋 義信,5号井上 一輝,4号石本 裕武,4.0,4.0,1-4-3,×,2360,,,,,,,,,
2026-08-09,住之江,1,🌊最高(大荒),0,,0.0000,1号岩田 凌,6号神田 達也,4号黒田 剛,0.0,0.0,2-1-3,×,4630,,,,,,,,,
2026-08-09,住之江,2,🌊最高(大荒),0,,0.0000,1号岩下 巧斗,6号山田 亮太,4号遠藤 圭吾,0.0,0.0,1-4-6,×,2430,,,,,,,,,
2026-08-09,住之江,3,🌊最高(大荒),0,,0.0000,1号木場 雄二郎,3号鈴木 博,6号福島 勇樹,0.0,0.0,1-2-3,×,1280,,,,,,,,,
2026-08-09,住之江,4,🌊最高(大荒),0,,0.0000,1号富永 正人,2号水谷 理人,5号松山 将吾,0.0,0.0,1-2-3,×,1230,,,,,,,,,
2026-08-09,住之江,5,△中,0,,0.0000,1号柘植 政浩,6号春園 功太,3号鈴木 裕隆,0.0,0.0,1-5-3,×,4340,,,,,,,,,
2026-08-09,住之江,6,△中,0,,0.0000,1号亀山 雅幸,6号若林 将,2号沢田 昭宏,0.0,0.0,1-5-4,×,12520,,,,,,,,,
2026-08-09,住之江,7,△中,0,,0.0000,1号川尻 泰輔,6号高岡 竜也,5号宮崎 奨,0.0,0.0,1-2-3,×,1560,,,,,,,,,
2026-08-09,住之江,8,✅低(堅),0,,0.0000,1号山田 亮太,3号石川 諒,4号鈴木 博,0.0,0.0,1-3-5,×,1150,,,,,,,,,
2026-08-09,住之江,9,✅低(堅),0,,0.0000,1号福島 勇樹,5号水谷 理人,2号松山 将吾,0.0,0.0,1-5-4,×,1510,,,,,,,,,
2026-08-09,住之江,10,🌊最高(大荒),0,,0.0000,1号渡辺 空依,5号春園 功太,2号柘植 政浩,0.0,0.0,1-2-4,×,1640,,,,,,,,,
2026-08-09,住之江,11,✅低(堅),0,,0.0000,1号若林 将,5号高岡 竜也,3号川尻 泰輔,0.0,0.0,1-4-6,×,6730,,,,,,,,,
2026-08-09,住之江,12,△中,0,,0.0000,1号岡部 大輝,2号篠崎 元志,6号君島 秀三,0.0,0.0,4-2-5,×,24750,,,,,,,,,
2026-08-09,尼崎,1,⚠高(荒),0,,0.0000,1号南 彩寧,4号馬袋 義則,2号高橋 正男,3.0,0.0,2-4-5,×,1330,,,,,,,,,
2026-08-09,尼崎,2,⚠高(荒),8,6-1-4 / 6-4-1 / 4-6-1 / 4-1-6 / 6-2-1 / 2-6-1 / 6-1-2 / 1-6-4,0.0351,1号佐竹 太一,6号古結 宏,4号来田 衣織,3.0,0.0,1-6-3,×,2140,-800,,,,,,,,
2026-08-09,尼崎,3,⚠高(荒),10,2-4-1 / 4-2-1 / 4-1-2 / 1-4-6 / 4-1-6 / 1-6-4 / 2-6-1 / 4-1-3 / 2-1-6 / 6-1-4,0.0305,1号角山 雄哉,2号加藤 翔馬,4号山本 隆幸,3.0,0.0,1-6-4,○,35970,34970,,,,,,,,
2026-08-09,尼崎,4,⚠高(荒),16,5-1-2 / 5-2-3 / 5-2-1 / 1-5-2 / 2-5-3 / 5-3-2 / 3-5-2 / 3-2-5 / 5-1-3 / 5-2-4 / 1-5-3 / 2-3-5 / 5-3-1 / 3-5-1 / 5-4-2 / 1-3-5,0.0319,2号高野 哲史,5号藤岡 俊介,1号藤本 元輝,3.0,0.0,1-3-2,×,3800,-1600,,,,,,,,
2026-08-09,尼崎,5,△中,0,,0.0000,1号盛本 真輔,5号和田 兼輔,3号数原 魁,3.0,0.0,1-5-3,×,890,,,,,,,,,
2026-08-09,尼崎,6,✅低(堅),0,,0.0000,1号稲田 浩二,3号重木 輝彦,5号田路 朋史,3.0,0.0,1-5-2,×,1710,,,,,,,,,
2026-08-09,尼崎,7,△中,0,,0.0000,1号登玉 隼百,4号吉川 元浩,6号柳内 敬太,3.0,0.0,1-5-4,×,2610,,,,,,,,,
2026-08-09,尼崎,8,✅低(堅),0,,0.0000,1号小坂 尚哉,2号森 悠稀,4号尾嶋 一広,3.0,0.0,1-5-4,×,2800,,,,,,,,,
2026-08-09,尼崎,9,✅低(堅),0,,0.0000,1号山下 大輝,6号高橋 正男,4号篠田 優也,3.0,0.0,1-5-3,×,6520,,,,,,,,,
2026-08-09,尼崎,10,✅低(堅),0,,0.0000,1号鈴谷 一平,2号古結 宏,3号山本 隆幸,3.0,0.0,3-1-2,×,5820,,,,,,,,,
2026-08-09,尼崎,11,✅低(堅),0,,0.0000,1号馬袋 義則,3号藤岡 俊介,5号廣瀬 将亨,3.0,0.0,3-1-4,×,1940,,,,,,,,,
2026-08-09,尼崎,12,✅低(堅),0,,0.0000,1号吉川 元浩,5号小坂 尚哉,4号高野 哲史,3.0,0.0,1-5-6,×,5510,,,,,,,,,
2026-08-09,鳴門,1,✅低(堅),5,1-5-3 / 1-5-6 / 1-3-5 / 1-6-5 / 1-5-2,0.0352,1号宮田 龍馬,5号村上 功祐,2号半田 尚也,2.0,2.0,1-4-5,×,770,-500,,,,,,,,
2026-08-09,鳴門,2,△中,6,1-6-2 / 1-6-5 / 1-2-5 / 1-2-6 / 1-5-6 / 1-5-2,0.0145,1号葛原 大陽,2号守屋 大地,3号堀本 和也,2.0,2.0,3-1-2,×,5060,-600,,,,,,,,
2026-08-09,鳴門,3,✅低(堅),7,1-6-2 / 1-6-3 / 1-2-6 / 1-6-5 / 6-1-2 / 1-3-6 / 6-1-3,0.0284,1号竹田 吉行,6号林 美憲,4号吉田 俊彦,2.0,2.0,4-6-3,×,5590,-700,,,,,,,,
2026-08-09,鳴門,4,✅低(堅),11,1-6-4 / 1-6-5 / 1-4-6 / 1-5-6 / 6-1-4 / 6-1-5 / 1-4-5 / 1-5-4 / 4-1-6 / 5-1-6 / 1-6-3,0.0469,1号河野 大,6号丸尾 義孝,4号池本 輝明,3.0,3.0,1-2-6,×,470,-1100,,,,,,,,
2026-08-09,鳴門,5,✅低(堅),9,1-5-4 / 1-4-5 / 1-5-2 / 5-1-4 / 1-2-5 / 4-1-5 / 1-4-2 / 5-1-2 / 1-2-4,0.0623,1号佐々木 和伸,5号西野 雄貴,4号村岡 賢,2.0,2.0,1-5-3,×,620,-900,,,,,,,,
2026-08-09,鳴門,6,🌊最高(大荒),15,6-1-5 / 6-5-1 / 1-6-5 / 5-6-1 / 6-1-2 / 5-1-6 / 1-6-2 / 6-2-1 / 2-6-1 / 1-5-6 / 2-1-6 / 1-2-6 / 6-5-2 / 5-6-2 / 6-2-5,0.0228,1号山本 景士郎,6号田村 隆信,5号四宮 与寛,3.0,3.0,5-1-6,○,2450,950,,,,,,,,
2026-08-09,鳴門,7,✅低(堅),14,1-4-6 / 1-6-4 / 1-4-3 / 1-6-3 / 1-4-2 / 1-3-4 / 1-3-6 / 1-6-2 / 1-2-4 / 1-2-6 / 4-1-6 / 6-1-4 / 1-6-5 / 4-1-3,0.0368,1号松本 博昭,4号安田 政彦,5号菅 章哉,3.0,3.0,5-4-2,×,9380,-1400,,,,,,,,
2026-08-09,鳴門,8,⚠高(荒),10,1-6-4 / 1-4-6 / 1-6-3 / 6-1-4 / 4-1-6 / 1-6-5 / 1-4-5 / 1-5-6 / 1-5-4 / 6-1-5,0.0257,1号岡部 浩,4号岩崎 正哉,6号烏野 賢太,2.0,2.0,1-4-3,×,2200,-1000,,,,,,,,
2026-08-09,鳴門,9,🌊最高(大荒),0,,0.0000,1号近藤 稔也,4号畑 和宏,2号三木 晴斗,2.0,2.0,4-5-3,×,5720,,,,,,,,,
2026-08-09,鳴門,10,✅低(堅),0,,0.0000,1号西野 雄貴,5号葛原 大陽,3号河野 大,2.0,2.0,1-2-4,×,850,,,,,,,,,
2026-08-09,鳴門,11,✅低(堅),0,,0.0000,1号市橋 卓士,4号堀本 和也,2号四宮 与寛,2.0,2.0,1-3-2,×,950,,,,,,,,,
2026-08-09,鳴門,12,✅低(堅),0,,0.0000,1号菅 章哉,5号宮田 龍馬,2号林 美憲,2.0,2.0,1-3-6,×,3310,,,,,,,,,
2026-08-09,丸亀,1,🌊最高(大荒),0,,0.0000,1号矢野 真梨菜,2号谷川 将太,5号山崎 昂介,0.0,0.0,1-2-5,×,3440,,,,,,,,,
2026-08-09,丸亀,2,🌊最高(大荒),0,,0.0000,1号加藤 翔,4号三好 勇人,5号三宅 潤,0.0,0.0,2-5-1,×,6770,,,,,,,,,
2026-08-09,丸亀,3,🌊最高(大荒),0,,0.0000,1号土屋 実沙希,3号森永 隆,6号上野 秀和,0.0,0.0,1-4-3,×,2930,,,,,,,,,
2026-08-09,丸亀,4,🌊最高(大荒),0,,0.0000,1号中越 博紀,4号竹田 和哉,5号野長瀬 正孝,0.0,0.0,1-2-4,×,960,,,,,,,,,
2026-08-09,丸亀,5,🌊最高(大荒),0,,0.0000,1号間嶋 仁志,6号上田 龍星,2号岡田 憲行,0.0,0.0,4-6-1,×,3390,,,,,,,,,
2026-08-09,丸亀,6,△中,0,,0.0000,1号桐本 康臣,5号大峯 豊,3号入海 馨,0.0,0.0,3-1-2,×,3010,,,,,,,,,
2026-08-09,丸亀,7,△中,0,,0.0000,1号前野 竜一,5号山田 祐也,2号上野 秀和,0.0,0.0,2-1-5,×,1920,,,,,,,,,
2026-08-09,丸亀,8,✅低(堅),0,,0.0000,1号赤坂 俊輔,4号茶谷 信次,2号久田 武,0.0,0.0,1-2-4,×,520,,,,,,,,,
2026-08-09,丸亀,9,△中,0,,0.0000,1号野長瀬 正孝,4号森永 隆,5号三好 勇人,0.0,0.0,1-6-5,×,39730,,,,,,,,,
2026-08-09,丸亀,10,△中,0,,0.0000,1号鳥飼 眞,4号上田 龍星,2号入海 馨,0.0,0.0,2-1-4,×,2740,,,,,,,,,
2026-08-09,丸亀,11,✅低(堅),0,,0.0000,1号大峯 豊,2号山田 祐也,5号宮下 元胤,0.0,0.0,3-5-1,×,39430,,,,,,,,,
2026-08-09,丸亀,12,✅低(堅),0,,0.0000,1号竹田 和哉,2号赤坂 俊輔,3号前野 竜一,0.0,0.0,4-2-5,×,32100,,,,,,,,,
2026-08-09,児島,1,⚠高(荒),11,1-2-5 / 1-5-2 / 1-4-5 / 1-5-4 / 2-1-5 / 5-1-2 / 4-1-5 / 5-1-4 / 1-4-2 / 2-5-1 / 5-2-1,0.0370,1号今出 晋二,2号薮内 瑞希,4号浮田 圭浩,3.0,3.0,4-5-1,×,6250,-1100,,,,,,,,
2026-08-09,児島,2,🌊最高(大荒),13,5-1-2 / 5-1-3 / 5-1-6 / 5-2-1 / 5-3-1 / 2-5-1 / 5-6-1 / 3-5-1 / 1-5-6 / 6-5-1 / 2-1-5 / 1-5-2 / 6-1-5,0.0254,1号井上 大輔,5号峰重 力也,2号長尾 萌加,4.0,3.0,5-1-2,○,5610,4310,,,,,,,,
2026-08-09,児島,3,⚠高(荒),13,1-6-5 / 1-6-4 / 1-5-6 / 1-6-2 / 1-4-6 / 6-1-5 / 6-1-4 / 1-2-6 / 5-1-6 / 6-1-2 / 1-5-4 / 1-6-3 / 1-4-5,0.0711,1号川崎 智稔,6号山地 正樹,4号島川 光男,3.0,3.0,4-1-6,×,10400,-1300,,,,,,,,
2026-08-09,児島,4,✅低(堅),0,,0.0000,1号前原 大道,5号三村 岳人,6号阪本 勇介,3.0,3.0,1-5-2,×,2050,,,,,,,,,
2026-08-09,児島,5,🌊最高(大荒),0,,0.0000,1号宮野 仁,3号藤原 啓史朗,4号岡瀬 正人,3.0,3.0,3-2-6,×,5440,,,,,,,,,
2026-08-09,児島,6,🌊最高(大荒),0,,0.0000,1号岩津 徹郎,3号吉田 拡郎,5号白神 優,3.0,3.0,1-2-3,×,4030,,,,,,,,,
2026-08-09,児島,7,🌊最高(大荒),0,,0.0000,1号長谷川 雅和,6号渡邉 和将,2号山本 寛久,3.0,3.0,1-4-6,×,2500,,,,,,,,,
2026-08-09,児島,8,🌊最高(大荒),0,,0.0000,1号貫地谷 直人,6号村岡 賢人,2号立間 充宏,3.0,3.0,2-1-3,×,2560,,,,,,,,,
2026-08-09,児島,9,△中,0,,0.0000,1号末永 由楽,6号茅原 悠紀,3号林 祐介,3.0,3.0,1-6-2,×,630,,,,,,,,,
2026-08-09,児島,10,△中,0,,0.0000,1号峰重 力也,4号山口 達也,2号平尾 崇典,3.0,3.0,1-2-4,×,630,,,,,,,,,
2026-08-09,児島,11,✅低(堅),0,,0.0000,1号藤原 啓史朗,4号山本 寛久,5号前原 大道,3.0,3.0,1-3-2,×,1280,,,,,,,,,
2026-08-09,児島,12,✅低(堅),0,,0.0000,1号吉田 拡郎,3号渡邉 和将,2号妹尾 忠幸,3.0,3.0,3-1-2,×,2680,,,,,,,,,
2026-08-09,徳山,1,✅低(堅),8,1-6-5 / 1-6-3 / 1-5-6 / 1-6-2 / 1-3-6 / 1-2-6 / 1-5-3 / 1-3-5,0.0204,1号實森 美祐,2号寺田 千恵,3号若狭 奈美子,2.0,2.0,1-2-3,×,640,-800,,,,,,,,
2026-08-09,徳山,2,✅低(堅),9,1-4-2 / 1-2-4 / 1-4-6 / 4-1-2 / 2-1-4 / 1-6-4 / 4-1-6 / 1-4-5 / 4-1-5,0.0229,1号中村 桃佳,4号土屋 千明,2号細川 裕子,1.0,1.0,3-4-2,×,27800,-900,,,,,,,,
2026-08-09,徳山,3,△中,14,6-1-3 / 1-6-3 / 6-3-1 / 3-6-1 / 1-6-4 / 1-4-6 / 6-1-4 / 4-1-6 / 6-4-1 / 3-6-4 / 4-6-1 / 6-3-4 / 3-4-6 / 4-3-6,0.0193,1号土屋 南,3号海野 ゆかり,6号魚谷 香織,3.0,3.0,1-3-4,×,2270,-1400,,,,,,,,
2026-08-09,徳山,4,✅低(堅),7,1-5-6 / 1-6-5 / 5-1-6 / 1-5-3 / 1-5-2 / 6-1-5 / 1-6-2,0.0200,1号喜井 つかさ,2号竹井 奈美,5号鎌倉 涼,2.0,2.0,2-1-3,×,1990,-700,,,,,,,,
2026-08-09,徳山,5,△中,0,,0.0000,1号落合 直子,5号田口 節子,3号倉持 莉々,2.0,2.0,2-1-4,×,2870,,,,,,,,,
2026-08-09,徳山,6,✅低(堅),0,,0.0000,1号小野 生奈,3号遠藤 エミ,5号松尾 夏海,2.0,2.0,1-3-5,×,1160,,,,,,,,,
2026-08-09,徳山,7,✅低(堅),0,,0.0000,1号櫻本 あゆみ,2号長嶋 万記,5号西橋 奈未,2.0,2.0,1-3-2,×,1630,,,,,,,,,
2026-08-09,徳山,8,△中,0,,0.0000,1号藤原 早菜,2号海野 ゆかり,3号細川 裕子,2.0,2.0,1-3-2,×,1210,,,,,,,,,
2026-08-09,徳山,9,✅低(堅),0,,0.0000,1号小芦 るり華,2号鎌倉 涼,4号寺田 千恵,2.0,2.0,6-2-1,×,37510,,,,,,,,,
2026-08-09,徳山,10,△中,0,,0.0000,1号内山 七海,3号高田 ひかる,5号倉持 莉々,2.0,2.0,2-6-1,×,9830,,,,,,,,,
2026-08-09,徳山,11,✅低(堅),0,,0.0000,1号守屋 美穂,3号松尾 夏海,2号三浦 永理,2.0,2.0,1-3-2,×,820,,,,,,,,,
2026-08-09,徳山,12,✅低(堅),0,,0.0000,1号西橋 奈未,2号浜田 亜理沙,6号千葉 真弥,2.0,2.0,1-3-2,×,930,,,,,,,,,
2026-08-09,若松,1,🌊最高(大荒),0,,0.0000,1号小林 遼太,6号柴田 朋哉,5号奥村 明日香,0.0,0.0,5-6-1,×,7020,,,,,,,,,
2026-08-09,若松,2,🌊最高(大荒),0,,0.0000,1号小池 公生,3号木下 大將,2号溝口 海義也,0.0,0.0,1-2-3,×,710,,,,,,,,,
2026-08-09,若松,3,🌊最高(大荒),0,,0.0000,1号松井 貫太,6号渡辺 浩司,2号植田 太一,0.0,0.0,2-1-6,×,1510,,,,,,,,,
2026-08-09,若松,4,🌊最高(大荒),0,,0.0000,1号森 照夫,2号原田 才一郎,3号池永 太,0.0,0.0,1-3-2,×,1620,,,,,,,,,
2026-08-09,若松,5,△中,0,,0.0000,1号乙藤 智史,2号仲谷 颯仁,4号枝尾 賢,0.0,0.0,1-4-2,×,1160,,,,,,,,,
2026-08-09,若松,6,△中,0,,0.0000,1号土井 歩夢,4号新開 航,2号水摩 敦,0.0,0.0,4-1-6,×,5720,,,,,,,,,
2026-08-09,若松,7,✅低(堅),0,,0.0000,1号宮脇 遼太,3号岡村 慶太,5号山田 丈,0.0,0.0,5-1-2,×,12650,,,,,,,,,
2026-08-09,若松,8,△中,0,,0.0000,1号田中 宏樹,3号長野 壮志郎,2号池永 太,0.0,0.0,3-2-5,×,9330,,,,,,,,,
2026-08-09,若松,9,△中,0,,0.0000,1号鶴田 勇雄,4号瓜生 正義,3号植田 太一,0.0,0.0,3-1-4,×,1020,,,,,,,,,
2026-08-09,若松,10,✅低(堅),0,,0.0000,1号新開 航,4号渡辺 浩司,6号枝尾 賢,0.0,0.0,1-2-6,×,1600,,,,,,,,,
2026-08-09,若松,11,✅低(堅),0,,0.0000,1号岡村 慶太,4号木下 大將,6号原田 才一郎,0.0,0.0,5-1-2,×,18480,,,,,,,,,
2026-08-09,若松,12,✅低(堅),0,,0.0000,1号仲谷 颯仁,4号宮脇 遼太,6号溝口 海義也,0.0,0.0,1-2-3,×,3630,,,,,,,,,
2026-08-09,唐津,1,✅低(堅),12,1-3-5 / 1-5-3 / 1-5-2 / 1-2-5 / 1-3-2 / 1-2-3 / 3-1-5 / 5-1-3 / 5-1-2 / 2-1-5 / 3-1-2 / 2-1-3,0.0593,1号安河内 将,2号富永 夏哉人,3号小野 勇作,2.0,2.0,1-2-5,○,980,-220,,,,,,,,
2026-08-09,唐津,2,✅低(堅),13,1-5-3 / 1-2-5 / 1-5-2 / 1-3-5 / 1-5-4 / 5-1-3 / 2-1-5 / 5-1-2 / 1-4-5 / 1-5-6 / 1-2-4 / 1-6-5 / 1-4-2,0.0534,1号宮地 元輝,3号藤田 浩人,2号田中 宏典,1.0,1.0,1-2-3,×,450,-1300,,,,,,,,
2026-08-09,唐津,3,△中,13,1-4-2 / 1-2-4 / 1-4-3 / 1-4-6 / 1-3-4 / 2-1-4 / 1-6-4 / 1-2-3 / 3-1-4 / 1-3-2 / 1-2-6 / 6-1-4 / 1-6-2,0.0788,1号中島 昂章,4号常住 蓮,2号酒見 峻介,3.0,3.0,4-1-6,×,950,-1300,,,,,,,,
2026-08-09,唐津,4,🌊最高(大荒),15,1-4-3 / 1-4-2 / 4-1-3 / 1-2-4 / 1-3-4 / 4-3-1 / 3-1-4 / 3-4-1 / 1-2-3 / 1-3-2 / 2-1-3 / 4-1-5 / 1-4-5 / 3-1-2 / 4-1-2,0.0254,4号山田 康二,1号吉田 光,2号安河内 健,4.0,4.0,4-5-2,×,3950,-1500,,,,,,,,
2026-08-09,唐津,5,🌊最高(大荒),9,6-4-3 / 4-6-3 / 6-4-2 / 6-3-4 / 4-3-6 / 6-4-1 / 3-4-6 / 3-6-4 / 6-2-4,0.0181,4号深川 真二,6号武富 智亮,1号西澤 日花里,3.0,3.0,3-6-1,×,19010,-900,,,,,,,,
2026-08-09,唐津,6,🌊最高(大荒),8,4-2-1 / 4-1-2 / 1-4-2 / 2-4-1 / 4-2-5 / 2-4-5 / 4-2-3 / 4-5-2,0.0815,4号森永 淳,2号上野 真之介,1号花田 凱成,1.0,1.0,4-2-5,○,720,-80,,,,,,,,
2026-08-09,唐津,7,🌊最高(大荒),17,1-6-4 / 1-6-3 / 1-4-6 / 1-4-3 / 6-1-4 / 6-1-3 / 4-1-6 / 4-1-3 / 1-6-2 / 6-4-1 / 1-3-6 / 4-6-1 / 1-3-4 / 1-2-6 / 1-4-2 / 6-1-2 / 1-2-4,0.0511,1号冨成 謙児,6号北川 太一,3号定松 勇樹,2.0,2.0,3-5-1,×,13450,-1700,,,,,,,,
2026-08-09,唐津,8,🌊最高(大荒),14,1-4-6 / 1-6-4 / 6-1-4 / 4-1-6 / 4-6-1 / 6-4-1 / 1-5-4 / 1-6-2 / 1-6-3 / 1-4-5 / 1-2-6 / 1-3-6 / 1-6-5 / 1-5-6,0.0504,1号酒見 峻介,4号峰 竜太,6号富永 夏哉人,2.0,2.0,4-5-3,×,6320,-1400,,,,,,,,
2026-08-09,唐津,9,🌊最高(大荒),0,,0.0000,1号山崎 鉄平,3号安河内 健,5号久富 政弘,2.0,2.0,3-5-1,×,2070,,,,,,,,,
2026-08-09,唐津,10,🌊最高(大荒),0,,0.0000,1号松田 隆司,5号上野 真之介,2号古賀 繁輝,2.0,2.0,5-1-3,×,2550,,,,,,,,,
2026-08-09,唐津,11,✅低(堅),0,,0.0000,1号深川 真二,3号森永 淳,2号北川 太一,2.0,2.0,1-3-5,×,2150,,,,,,,,,
2026-08-09,唐津,12,✅低(堅),0,,0.0000,1号峰 竜太,2号山田 康二,5号安河内 将,2.0,2.0,1-2-5,×,1180,,,,,,,,,
2026-08-09,大村,1,🌊最高(大荒),0,,0.0000,1号眞鳥 康太,3号木場 悠介,2号中嶋 誠一郎,0.0,0.0,1-2-3,×,540,,,,,,,,,
2026-08-09,大村,2,🌊最高(大荒),0,,0.0000,1号高木 圭大,6号草場 康幸,5号山本 浩輔,0.0,0.0,1-2-5,×,1240,,,,,,,,,
2026-08-09,大村,3,🌊最高(大荒),0,,0.0000,1号渡邊 伸太郎,3号今井 貴士,4号坪口 竜也,0.0,0.0,1-4-3,×,1210,,,,,,,,,
2026-08-09,大村,4,✅低(堅),0,,0.0000,1号村上 遼,5号桑原 悠,3号樋口 亮,0.0,0.0,4-3-1,×,27230,,,,,,,,,
2026-08-09,大村,5,✅低(堅),0,,0.0000,1号高田 明,3号石川 真二,4号白水 勝也,0.0,0.0,3-1-4,×,1810,,,,,,,,,
2026-08-09,大村,6,✅低(堅),0,,0.0000,1号下條 雄太郎,4号吉田 一郎,3号横田 貴満,0.0,0.0,1-5-4,×,1120,,,,,,,,,
2026-08-09,大村,7,△中,0,,0.0000,1号榎 幸司,3号大神 康司,4号木場 悠介,0.0,0.0,1-2-3,×,670,,,,,,,,,
2026-08-09,大村,8,△中,0,,0.0000,1号大串 重幸,2号田中 京介,3号尾崎 雄二,0.0,0.0,1-2-3,×,620,,,,,,,,,
2026-08-09,大村,9,✅低(堅),0,,0.0000,1号桑原 悠,2号村上 遼,4号今井 貴士,0.0,0.0,1-2-3,×,520,,,,,,,,,
2026-08-09,大村,10,✅低(堅),0,,0.0000,1号石川 真二,5号樋口 亮,2号下條 雄太郎,0.0,0.0,2-5-4,×,37820,,,,,,,,,
2026-08-09,大村,11,✅低(堅),0,,0.0000,1号石橋 道友,4号榎 幸司,3号吉田 一郎,0.0,0.0,1-4-6,×,2480,,,,,,,,,
2026-08-09,大村,12,✅低(堅),0,,0.0000,1号大神 康司,3号田中 京介,5号尾崎 雄二,0.0,0.0,1-2-6,×,5020,,,,,,,,,
2026-08-09,戸田,1,🌊最高(大荒),12,1-3-2 / 1-2-3 / 3-1-2 / 1-3-6 / 2-1-3 / 1-6-3 / 1-2-6 / 3-1-6 / 3-2-1 / 1-6-2 / 2-3-1 / 6-1-3,0.0682,1号秋田 健太郎,3号星野 太郎,2号長畑 友輔,0.0,0.0,2-1-3,○,2060,860,,,,,,,,
2026-08-09,戸田,2,⚠高(荒),13,2-3-6 / 2-3-1 / 3-2-6 / 2-6-3 / 3-2-1 / 2-1-3 / 6-2-3 / 1-2-3 / 3-6-2 / 6-3-2 / 3-1-2 / 2-3-5 / 1-3-2,0.0416,2号森高 一真,3号栗原 一馬,6号谷口 健一,2.0,1.0,1-2-4,×,4140,-1300,,,,,,,,
2026-08-09,戸田,3,⚠高(荒),24,1-4-6 / 1-6-4 / 1-6-3 / 1-3-6 / 1-4-5 / 1-6-5 / 1-4-3 / 1-5-6 / 1-5-4 / 1-3-4 / 1-3-5 / 1-5-3 / 6-1-4 / 4-1-6 / 6-1-3 / 6-1-5 / 3-1-6 / 4-1-5 / 5-1-6 / 5-1-4 / 3-1-5 / 5-1-3 / 4-1-3 / 3-1-4,0.0224,1号森下 勇,4号福田 翔吾,3号嶋田 貴支,0.0,0.0,3-2-4,×,4410,-2400,,,,,,,,
2026-08-09,戸田,4,🌊最高(大荒),0,,0.0000,1号一柳 和孝,5号奥田 誠,2号松村 康太,0.0,0.0,3-1-2,×,7890,,,,,,,,,
2026-08-09,戸田,5,✅低(堅),0,,0.0000,1号下出 卓矢,4号湯川 浩司,5号小川 竜太朗,0.0,0.0,1-2-4,×,1420,,,,,,,,,
2026-08-09,戸田,6,🌊最高(大荒),0,,0.0000,1号三宅 健太,4号前出 達吉,2号谷津 幸宏,0.0,0.0,3-2-1,×,8970,,,,,,,,,
2026-08-09,戸田,7,✅低(堅),0,,0.0000,1号大平 誉史明,5号嶋田 貴支,2号星野 太郎,0.0,0.0,2-1-6,×,41630,,,,,,,,,
2026-08-09,戸田,8,△中,0,,0.0000,1号楠 将太郎,6号麻生 慎介,3号長畑 友輔,0.0,0.0,5-4-6,×,29450,,,,,,,,,
2026-08-09,戸田,9,△中,0,,0.0000,1号奥田 誠,4号松村 康太,3号小川 竜太朗,0.0,0.0,1-3-4,×,880,,,,,,,,,
2026-08-09,戸田,10,🌊最高(大荒),0,,0.0000,1号向井田 佑紀,2号湯川 浩司,3号谷津 幸宏,0.0,0.0,3-2-5,×,2770,,,,,,,,,
2026-08-09,戸田,11,🌊最高(大荒),0,,0.0000,1号福田 翔吾,3号森高 一真,6号下出 卓矢,0.0,0.0,6-1-2,×,7370,,,,,,,,,
2026-08-09,戸田,12,✅低(堅),0,,0.0000,1号木下 翔太,3号西岡 顕心,4号小池 修平,0.0,0.0,1-2-5,×,5140,,,,,,,,,
2026-08-09,江戸川,1,🌊最高(大荒),10,5-1-6 / 6-1-5 / 1-5-6 / 1-6-5 / 5-3-1 / 3-5-1 / 5-6-1 / 3-1-6 / 6-1-3 / 6-5-1,0.0172,1号石渡 翔一郎,5号寺島 吉彦,3号森作 雄大,3.0,5.0,3-1-4,×,6010,-1000,,,,,,,,
2026-08-10,若松,1,🌊最高(大荒),17,1-6-5 / 1-6-2 / 1-6-4 / 1-5-6 / 1-6-3 / 1-4-6 / 1-2-6 / 1-3-6 / 6-1-5 / 6-1-2 / 6-1-4 / 6-1-3 / 5-1-6 / 4-1-6 / 3-1-6 / 2-1-6 / 6-5-1,0.0264,1号仲本 舜,6号小林 遼太,5号乙藤 智史,0.0,0.0,1-5-3,×,3390,-1700,,,,,,,,
2026-08-10,若松,2,⚠高(荒),8,1-3-6 / 3-1-6 / 1-6-3 / 6-1-3 / 3-6-1 / 6-3-1 / 1-6-2 / 6-1-2,0.0462,1号柴田 大輔,3号渡辺 浩司,2号鶴田 勇雄,3.0,3.0,1-3-6,○,700,-100,,,,,,,,
2026-08-10,江戸川,1,🌊最高(大荒),5,2-4-1 / 2-1-4 / 4-2-1 / 2-1-6 / 1-2-6,0.0173,1号金山 立樹,2号板倉 敦史,4号萩原 知哉,8.0,15.0,3-1-6,×,8920,-500,,,,,,,,
2026-08-10,江戸川,2,🌊最高(大荒),12,3-4-5 / 4-3-5 / 3-5-4 / 5-3-4 / 3-1-5 / 4-5-3 / 3-5-1 / 5-4-3 / 1-3-5 / 5-3-1 / 1-5-3 / 5-1-3,0.0222,3号前沢 丈史,4号寺本 重宣,1号鈴木 猛,4.0,5.0,4-1-5,×,6790,-1200,,,,,,,,
2026-08-10,江戸川,3,⚠高(荒),9,3-1-2 / 1-3-2 / 3-2-1 / 2-3-1 / 1-3-6 / 3-1-6 / 2-3-6 / 3-2-6 / 1-6-3,0.0310,1号中島 航,2号石渡 鉄兵,3号久永 祥平,3.0,5.0,2-1-5,×,1420,-900,,,,,,,,
2026-08-10,江戸川,4,△中,19,1-5-6 / 1-5-2 / 1-6-5 / 1-2-5 / 1-5-3 / 1-3-5 / 1-6-2 / 1-2-6 / 1-2-3 / 5-1-2 / 5-1-6 / 1-6-3 / 1-3-2 / 1-3-6 / 6-1-5 / 2-1-5 / 5-1-3 / 6-1-2 / 2-1-6,0.0372,1号品田 直樹,5号石渡 翔一郎,3号桑島 和宏,4.0,5.0,2-5-3,×,18250,-1900,,,,,,,,
2026-08-10,江戸川,5,⚠高(荒),19,1-3-4 / 3-1-4 / 1-3-5 / 1-4-3 / 3-1-5 / 1-5-3 / 4-1-3 / 1-3-2 / 3-4-1 / 1-3-6 / 4-3-1 / 5-1-3 / 3-5-1 / 3-1-6 / 3-1-2 / 1-4-5 / 1-5-4 / 5-3-1 / 1-6-3,0.0321,1号池田 雷太,3号山本 英志,2号永田 秀二,4.0,5.0,1-3-2,○,2370,470,,,,,,,,
2026-08-10,江戸川,6,🌊最高(大荒),14,5-2-1 / 2-5-1 / 5-1-2 / 5-2-6 / 2-5-6 / 2-1-5 / 5-6-2 / 1-5-2 / 2-6-5 / 5-1-6 / 6-5-2 / 5-6-1 / 1-2-5 / 6-2-5,0.0540,5号長田 頼宗,2号佐藤 大佑,1号寺島 吉彦,6.0,10.0,2-4-3,×,23980,-1400,,,,,,,,
2026-08-10,江戸川,7,🌊最高(大荒),18,6-2-5 / 6-1-2 / 6-2-1 / 6-5-2 / 6-1-5 / 6-5-1 / 2-6-5 / 5-6-2 / 1-6-5 / 1-6-2 / 5-6-1 / 5-2-6 / 2-5-6 / 1-5-6 / 5-1-6 / 6-2-4 / 6-1-4 / 2-6-1,0.0509,6号飯山 泰,2号福来 剛,1号近藤 雄一郎,5.0,10.0,2-3-5,×,6190,-1800,,,,,,,,
2026-08-10,江戸川,8,△中,6,6-1-4 / 1-6-4 / 6-4-1 / 6-1-5 / 4-6-1 / 1-6-5,0.0348,1号小原 聡将,6号渡邉 雄朗,4号中野 次郎,8.0,15.0,4-1-6,×,1190,-600,,,,,,,,
2026-08-10,江戸川,9,⚠高(荒),0,,0.0000,1号永田 秀二,5号馬場 剛,2号前沢 丈史,8.0,15.0,1-3-4,×,5760,,,,,,,,,
2026-08-10,江戸川,10,△中,0,,0.0000,1号佐藤 大佑,6号石渡 鉄兵,2号寺本 重宣,8.0,15.0,1-2-3,×,1380,,,,,,,,,
2026-08-10,江戸川,11,△中,0,,0.0000,1号佐藤 隆太郎,5号久永 祥平,3号西舘 健,8.0,15.0,1-5-2,×,2680,,,,,,,,,
2026-08-10,江戸川,12,△中,0,,0.0000,1号長田 頼宗,3号上原 崚,2号品田 直樹,8.0,15.0,1-2-6,×,2620,,,,,,,,,
2026-08-10,多摩川,1,🌊最高(大荒),24,4-2-6 / 4-6-2 / 2-4-6 / 6-4-2 / 2-6-4 / 6-2-4 / 2-6-5 / 4-6-5 / 6-2-5 / 2-5-6 / 4-5-6 / 4-5-2 / 6-4-5 / 4-2-5 / 5-2-6 / 5-4-2 / 5-4-6 / 6-5-2 / 6-5-4 / 5-6-2 / 5-6-4 / 5-2-4 / 2-4-5 / 4-6-1,0.0169,2号中村 有裕,4号市川 健太,6号中澤 宏奈,3.0,2.0,4-2-1,×,3950,-2400,,,,,,,,
2026-08-10,多摩川,2,⚠高(荒),8,1-6-2 / 1-2-6 / 2-1-6 / 6-1-2 / 2-6-1 / 6-2-1 / 1-6-3 / 6-1-3,0.0329,1号松本 一毅,2号澤田 尚也,6号佐藤 永梧,2.0,2.0,1-2-6,○,1390,590,,,,,,,,
2026-08-10,多摩川,3,🌊最高(大荒),14,1-5-3 / 5-1-3 / 1-3-5 / 1-5-6 / 1-5-2 / 5-3-1 / 5-1-6 / 5-1-2 / 1-6-5 / 1-5-4 / 1-2-5 / 5-1-4 / 6-1-5 / 1-4-5,0.0666,1号多田 有佑,5号佐竹 恒彦,3号太田 和美,3.0,2.0,3-2-4,×,8640,-1400,,,,,,,,
2026-08-10,多摩川,4,🌊最高(大荒),18,1-3-6 / 3-1-6 / 1-6-3 / 6-1-3 / 3-6-1 / 1-3-4 / 6-3-1 / 1-3-5 / 3-1-4 / 1-4-3 / 3-1-5 / 1-6-4 / 1-4-6 / 1-5-3 / 4-1-3 / 1-6-5 / 3-4-1 / 6-1-4,0.0268,1号上田 洋平,3号田中 和也,6号井上 尚悟,2.0,2.0,2-4-6,×,13100,-1800,,,,,,,,
2026-08-10,多摩川,5,🌊最高(大荒),4,3-5-2 / 5-3-2 / 5-2-1 / 5-2-3,0.0130,2号豊田 健士郎,3号岡 祐臣,5号伊藤 啓三,2.0,2.0,4-5-6,×,83850,-400,,,,,,,,
2026-08-10,多摩川,6,🌊最高(大荒),10,4-2-6 / 4-6-2 / 6-4-2 / 2-4-6 / 4-2-3 / 6-2-4 / 2-6-4 / 4-1-6 / 4-3-2 / 4-6-1,0.0183,4号井口 佳典,2号金子 和之,1号石田 勇斗,3.0,2.0,4-1-5,×,4730,-1000,,,,,,,,
2026-08-10,多摩川,7,△中,13,1-2-5 / 1-5-2 / 1-2-6 / 1-2-4 / 1-5-4 / 1-4-5 / 2-1-5 / 1-6-2 / 1-4-6 / 2-1-6 / 1-6-4 / 5-1-2 / 5-1-4,0.0553,1号天野 友和,2号馬場 貴也,4号澤田 尚也,3.0,2.0,1-2-4,○,860,-440,,,,,,,,
2026-08-10,多摩川,8,△中,0,,0.0000,1号中島 秀治,2号片橋 幸貴,6号大澤 真菜,3.0,2.0,1-4-3,×,6770,,,,,,,,,
2026-08-10,多摩川,9,△中,0,,0.0000,1号牧 宏次,3号中嶋 健一郎,2号中澤 宏奈,3.0,2.0,2-1-3,×,4750,,,,,,,,,
2026-08-10,多摩川,10,△中,0,,0.0000,1号佐竹 恒彦,2号井口 佳典,6号中村 有裕,3.0,2.0,4-6-2,×,41800,,,,,,,,,
2026-08-10,多摩川,11,✅低(堅),0,,0.0000,1号豊田 健士郎,5号田中 和也,2号平石 和男,3.0,2.0,5-4-2,×,13650,,,,,,,,,
2026-08-10,多摩川,12,✅低(堅),0,,0.0000,1号太田 和美,3号馬場 貴也,5号岡 祐臣,3.0,2.0,3-1-6,×,1200,,,,,,,,,
2026-08-10,常滑,1,✅低(堅),10,1-6-4 / 1-4-6 / 1-6-2 / 1-2-6 / 1-2-4 / 1-4-2 / 1-6-5 / 1-6-3 / 1-5-6 / 1-3-6,0.0871,1号大瀧 明日香,4号出口 舞有子,6号谷川 里江,2.0,1.0,1-2-3,×,3860,-1000,,,,,,,,
2026-08-10,常滑,2,🌊最高(大荒),7,1-3-4 / 1-4-3 / 4-1-3 / 3-1-4 / 1-3-2 / 4-3-1 / 1-2-3,0.0160,1号安藤 裕貴,4号野中 一平,2号服部 達哉,2.0,1.0,4-5-1,×,1680,-700,,,,,,,,
2026-08-10,常滑,3,🌊最高(大荒),17,2-6-1 / 2-1-6 / 1-2-6 / 6-2-1 / 1-6-2 / 2-6-5 / 2-5-6 / 6-1-2 / 2-5-1 / 5-2-1 / 6-2-5 / 5-2-6 / 2-6-3 / 5-1-2 / 1-5-2 / 2-3-6 / 2-5-3,0.0322,2号岩瀬 裕亮,1号酒井 陽祐,6号平野 和明,2.0,1.0,1-2-4,×,1180,-1700,,,,,,,,
2026-08-12,桐生,1,⚠高(荒),15,1-6-5 / 1-5-6 / 1-6-2 / 6-1-5 / 5-1-6 / 6-1-2 / 1-2-6 / 1-6-3 / 2-1-6 / 6-5-1 / 5-6-1 / 6-2-1 / 6-1-3 / 2-6-1 / 1-3-6,0.0309,1号崎 利仁,6号野村 誠,2号柴田 光,4.0,3.0,3-5-1,×,7250,-1500,,,,,,,,
2026-08-12,桐生,2,⚠高(荒),16,6-2-4 / 6-2-5 / 6-5-2 / 6-4-2 / 2-6-4 / 6-5-4 / 6-4-5 / 4-6-2 / 2-6-5 / 5-6-2 / 5-6-4 / 4-6-5 / 6-4-1 / 6-1-4 / 2-4-6 / 4-2-6,0.0404,6号椎名 豊,2号石井 孝之,5号伊久間 陽優,3.0,2.0,4-6-2,○,10710,9110,,,,,,,,
2026-08-12,桐生,3,🌊最高(大荒),5,5-1-2 / 1-5-2 / 5-1-6 / 1-5-6 / 5-2-1,0.0216,5号大澤 普司,1号松本 浩貴,6号久田 敏之,3.0,2.0,6-5-4,×,3790,-500,,,,,,,,
2026-08-12,桐生,4,⚠高(荒),9,1-2-6 / 1-6-2 / 2-1-6 / 6-1-2 / 6-2-1 / 2-6-1 / 1-2-4 / 1-4-2 / 1-6-4,0.0367,1号土屋 太朗,2号土屋 智則,6号金子 賢志,3.0,2.0,1-2-3,×,2880,-900,,,,,,,,
2026-08-12,桐生,5,⚠高(荒),7,2-1-5 / 1-2-5 / 2-5-1 / 2-1-3 / 1-2-3 / 1-5-2 / 5-2-1,0.0220,1号高橋 英之,2号関 浩哉,4号坂本 雄紀,2.0,1.0,5-1-2,×,2580,-700,,,,,,,,
2026-08-12,桐生,6,✅低(堅),9,1-3-4 / 1-4-3 / 1-3-2 / 1-3-6 / 1-3-5 / 1-6-3 / 1-5-3 / 1-2-3 / 3-1-4,0.0459,1号長谷川 晴哉,4号寺本 昇平,3号本橋 克洋,2.0,1.0,1-2-5,×,3800,-900,,,,,,,,
2026-08-12,桐生,7,✅低(堅),18,1-3-2 / 1-2-3 / 1-5-3 / 1-5-2 / 1-2-5 / 2-1-3 / 1-5-6 / 1-2-6 / 1-5-4 / 1-4-3 / 1-6-2 / 1-6-5 / 1-2-4 / 1-4-5 / 5-1-2 / 2-1-5 / 1-4-2 / 1-3-5,0.0566,1号津久井 拓也,3号大澤 風葵,5号崎 利仁,4.0,3.0,1-3-5,○,610,-1190,,,,,,,,
2026-08-12,桐生,8,△中,8,1-5-6 / 1-6-5 / 5-1-6 / 1-5-2 / 6-1-5 / 1-2-5 / 1-6-2 / 1-2-6,0.0740,1号今井 裕梨,5号塚越 海斗,6号廣瀬 真也,4.0,3.0,1-2-5,○,800,0,,,,,,,,
2026-08-12,桐生,9,🌊最高(大荒),11,1-2-4 / 1-4-2 / 2-1-4 / 4-1-2 / 4-2-1 / 2-4-1 / 1-2-6 / 2-1-6 / 1-4-6 / 4-1-6 / 1-6-2,0.0554,1号金児 隆太,2号椎名 豊,4号上村 純一,3.0,2.0,1-4-3,×,6800,-1100,,,,,,,,
2026-08-12,桐生,10,⚠高(荒),20,1-3-5 / 1-3-4 / 1-5-3 / 1-3-6 / 3-1-5 / 1-3-2 / 1-4-3 / 3-1-4 / 1-2-3 / 5-1-3 / 1-5-6 / 3-1-2 / 1-6-5 / 4-1-3 / 3-5-1 / 1-5-4 / 1-4-5 / 5-3-1 / 3-1-6 / 1-5-2,0.0380,1号橋本 久和,3号長谷川 晴哉,6号毒島 誠,0.0,0.0,2-6-3,×,5090,-2000,,,,,,,,
2026-08-12,桐生,11,✅低(堅),20,1-4-2 / 1-4-6 / 1-2-4 / 1-6-4 / 1-4-3 / 4-1-2 / 4-1-6 / 1-6-2 / 2-1-4 / 1-2-6 / 6-1-4 / 1-4-5 / 4-1-3 / 4-2-1 / 1-5-4 / 4-6-1 / 6-1-2 / 2-4-1 / 6-4-1 / 2-1-6,0.0680,1号土屋 智則,4号柴田 光,2号伊久間 陽優,0.0,0.0,3-1-2,×,1960,-2000,,,,,,,,
2026-08-12,若松,1,🌊最高(大荒),12,2-5-3 / 2-3-5 / 5-2-3 / 3-2-5 / 2-5-6 / 5-3-2 / 2-5-1 / 3-5-2 / 2-5-4 / 2-6-5 / 5-2-6 / 5-2-1,0.0451,2号小林 遼太,3号松井 貫太,5号高田 綾,5.0,5.0,3-5-4,×,9630,-1200,,,,,,,,
2026-08-12,若松,2,🌊最高(大荒),12,1-5-2 / 1-2-5 / 5-1-2 / 2-1-5 / 1-5-6 / 5-2-1 / 2-5-1 / 1-6-5 / 5-1-6 / 1-5-4 / 6-1-5 / 1-5-3,0.0563,1号奥村 明日香,2号柴田 朋哉,5号柴田 直哉,5.0,5.0,1-3-4,×,14060,-1200,,,,,,,,
2026-08-12,若松,3,△中,8,1-2-5 / 1-5-2 / 1-2-6 / 1-6-2 / 1-2-3 / 1-6-5 / 1-2-4 / 1-5-6,0.0306,1号乙藤 智史,5号土井 歩夢,2号佐藤 謙史朗,4.0,4.0,6-1-3,×,17170,-800,,,,,,,,
2026-08-12,若松,4,△中,12,1-5-2 / 1-5-4 / 1-2-5 / 1-5-3 / 1-4-5 / 1-3-5 / 5-1-2 / 5-1-4 / 2-1-5 / 5-1-3 / 1-5-6 / 4-1-5,0.0579,1号岡村 慶太,5号鐘ヶ江 真司,4号木下 大將,4.0,4.0,1-4-2,×,600,-1200,,,,,,,,
2026-08-12,若松,5,✅低(堅),11,1-2-6 / 1-2-4 / 1-6-2 / 1-2-5 / 1-4-2 / 1-4-6 / 1-6-4 / 1-5-6 / 1-5-2 / 2-1-6 / 1-6-5,0.0283,1号溝口 海義也,2号長野 壮志郎,4号水摩 敦,3.0,3.0,3-1-4,×,16530,-1100,,,,,,,,
2026-08-12,若松,6,✅低(堅),14,1-6-3 / 1-3-6 / 1-6-2 / 1-6-4 / 1-2-6 / 1-3-4 / 1-3-2 / 1-6-5 / 1-2-3 / 1-3-5 / 1-5-6 / 6-1-3 / 1-5-3 / 3-1-6,0.0492,1号宮脇 遼太,4号池永 太,6号鶴田 勇雄,4.0,4.0,4-1-6,×,2630,-1400,,,,,,,,
2026-08-12,若松,7,✅低(堅),7,1-4-5 / 1-5-4 / 4-1-5 / 5-1-4 / 1-4-3 / 1-5-3 / 1-5-2,0.0573,1号山田 丈,4号森清 友翔,5号佐藤 謙史朗,2.0,2.0,1-4-6,×,3600,-700,,,,,,,,
2026-08-13,住之江,12,✅低(堅),12,1-3-6 / 1-6-3 / 1-6-5 / 1-3-5 / 1-5-6 / 1-5-3 / 1-6-2 / 1-6-4 / 3-1-6 / 6-1-3 / 1-4-6 / 6-1-5,0.0503,1号上條 暢嵩,3号木下 翔太,6号権藤 俊光,0.0,1.0,1-3-5,○,1040,-160,,,,,,,,
2026-08-18,住之江,1,✅低(堅),4,1-3-4 / 1-2-4 / 1-6-4 / 1-3-6,0.0252,1号馬野 耀,4号上條 嘉嗣,3号雑賀 勇貴,2.0,1.0,1-4-2,×,600,-400,,,,,,,,
2026-08-18,住之江,2,✅低(堅),11,1-2-4 / 1-2-5 / 1-4-2 / 1-5-2 / 2-1-4 / 2-1-5 / 1-4-5 / 1-5-4 / 5-1-2 / 4-1-2 / 4-1-5,0.0510,1号浜本 裕己,2号三宅 潤,4号小池 哲也,0.0,1.0,2-3-4,×,1120,-1100,,,,,,,,
2026-08-18,住之江,3,🌊最高(大荒),10,1-5-6 / 5-1-6 / 1-6-5 / 6-1-5 / 5-6-1 / 6-5-1 / 1-6-4 / 1-4-6 / 5-1-4 / 6-1-4,0.0270,1号永井 亮次,5号原田 秀弥,6号新井 英孝,2.0,1.0,1-4-2,×,2460,-1000,,,,,,,,
2026-08-18,住之江,4,⚠高(荒),9,1-4-5 / 4-1-5 / 4-5-1 / 1-4-2 / 4-1-2 / 1-4-3 / 1-2-4 / 5-4-1 / 4-1-3,0.0274,1号福田 翔吾,5号石本 裕武,4号河野 主樹,3.0,1.0,1-4-5,○,1710,810,,,,,,,,
2026-08-18,住之江,5,✅低(堅),8,1-2-5 / 1-5-2 / 2-1-5 / 1-6-5 / 5-1-2 / 1-5-6 / 1-5-3 / 1-3-5,0.0764,1号渋谷 明憲,2号吉田 一心,6号北村 征嗣,2.0,1.0,1-3-4,×,5540,-800,,,,,,,,
2026-08-18,住之江,6,△中,10,1-4-5 / 1-5-4 / 4-1-5 / 5-1-4 / 4-5-1 / 1-4-3 / 5-4-1 / 1-4-2 / 4-1-3 / 4-1-2,0.0697,1号佐々木 翔斗,4号木下 翔太,5号浜本 裕己,2.0,1.0,1-3-4,×,590,-1000,,,,,,,,
2026-08-18,住之江,7,✅低(堅),9,1-5-4 / 1-5-3 / 1-3-5 / 5-1-3 / 1-3-4 / 1-4-5 / 5-1-4 / 3-1-5 / 1-4-3,0.0191,1号佃 來紀,5号秦 英悟,3号上條 嘉嗣,0.0,1.0,5-2-3,×,6790,-900,,,,,,,,
2026-08-18,住之江,8,✅低(堅),10,1-6-2 / 1-2-6 / 1-6-5 / 1-5-6 / 1-2-5 / 6-1-2 / 1-5-2 / 2-1-6 / 6-1-5 / 5-1-6,0.0677,1号中村 魁生,6号井上 一輝,2号河野 主樹,0.0,1.0,1-3-4,×,1860,-1000,,,,,,,,
2026-08-18,住之江,9,✅低(堅),12,1-6-5 / 1-6-3 / 1-5-6 / 1-6-4 / 1-3-6 / 6-1-5 / 1-6-2 / 6-1-3 / 5-1-6 / 1-5-3 / 1-3-5 / 3-1-6,0.0824,1号岡村 仁,6号小池 修平,5号伊藤 喜智,0.0,1.0,4-1-5,×,7030,-1200,,,,,,,,
2026-08-18,住之江,10,✅低(堅),17,1-5-6 / 1-6-5 / 1-5-2 / 1-2-5 / 1-2-6 / 1-6-2 / 5-1-6 / 5-1-2 / 6-1-5 / 2-1-5 / 2-1-6 / 6-1-2 / 5-6-1 / 1-6-3 / 6-5-1 / 5-2-1 / 2-5-1,0.0284,1号原田 秀弥,5号石野 貴之,3号木下 翔太,0.0,1.0,4-6-2,×,41750,-1700,,,,,,,,
2026-08-18,丸亀,1,⚠高(荒),12,1-5-6 / 1-6-5 / 1-5-4 / 5-1-6 / 1-4-5 / 1-5-3 / 5-1-4 / 1-3-5 / 6-1-5 / 5-1-3 / 4-1-5 / 1-5-2,0.0225,1号木村 光宏,6号今村 暢孝,5号井上 茂,3.0,3.0,3-1-4,×,4310,-1200,,,,,,,,
2026-08-18,丸亀,2,⚠高(荒),7,6-1-5 / 1-6-5 / 1-5-6 / 6-5-1 / 5-1-6 / 5-6-1 / 6-1-3,0.0226,1号松下 知幸,6号水谷 理人,5号中田 元泰,4.0,4.0,1-4-5,×,15020,-700,,,,,,,,
2026-08-18,丸亀,3,🌊最高(大荒),23,1-3-6 / 1-6-3 / 3-1-6 / 6-1-3 / 6-3-1 / 3-6-1 / 1-6-5 / 1-3-5 / 1-6-4 / 1-5-6 / 6-1-5 / 1-5-3 / 3-1-5 / 6-1-4 / 1-6-2 / 5-1-6 / 6-5-1 / 5-1-3 / 1-3-2 / 6-1-2 / 1-2-6 / 5-6-1 / 3-5-1,0.0203,1号下田 哲也,3号森安 弘雅,6号松尾 祭,4.0,4.0,4-2-6,×,6950,-2300,,,,,,,,
2026-08-18,丸亀,4,🌊最高(大荒),18,4-1-6 / 4-6-1 / 1-4-6 / 6-4-1 / 1-6-4 / 6-1-4 / 4-6-2 / 6-4-2 / 4-2-6 / 4-6-3 / 2-4-6 / 6-2-4 / 6-4-3 / 1-6-2 / 6-1-2 / 2-6-4 / 1-2-6 / 6-2-1,0.0339,4号中村 晃朋,1号吉永 泰弘,6号秋山 広一,4.0,4.0,2-4-3,×,5480,-1800,,,,,,,,
2026-08-18,丸亀,5,🌊最高(大荒),6,1-4-6 / 1-6-4 / 4-1-6 / 6-1-4 / 6-4-1 / 1-4-5,0.0217,4号西岡 顕心,1号中岡 健人,6号濱野 斗馬,3.0,3.0,1-2-4,×,3490,-600,,,,,,,,
2026-08-18,丸亀,6,△中,6,1-2-5 / 1-5-3 / 1-3-5 / 1-2-3 / 1-3-2 / 1-2-4,0.0219,1号宮崎 奨,5号中村 日向,2号西丸 侑太朗,4.0,4.0,5-4-1,×,6100,-600,,,,,,,,
2026-08-18,丸亀,7,✅低(堅),12,1-6-3 / 1-6-2 / 6-1-3 / 1-6-5 / 1-6-4 / 1-2-6 / 6-1-2 / 1-5-6 / 6-1-5 / 6-1-4 / 1-4-6 / 2-1-6,0.0455,1号谷口 知優,6号森高 一真,3号石丸 海渡,2.0,2.0,3-1-6,×,830,-1200,,,,,,,,
2026-08-18,住之江,11,✅低(堅),4,1-2-5 / 1-5-2 / 2-1-5 / 5-1-2,0.0776,1号秦 英悟,2号石本 裕武,5号永井 亮次,0.0,1.0,1-2-3,×,420,-400,,,,,,,,
2026-08-18,丸亀,8,✅低(堅),4,1-2-5 / 1-2-4 / 1-5-2 / 2-1-5,0.0273,1号嶋 義信,2号今村 暢孝,4号西丸 敦基,2.0,2.0,1-4-6,×,3130,-400,,,,,,,,
2026-08-18,丸亀,9,✅低(堅),8,1-3-5 / 3-1-5 / 1-5-3 / 5-1-3 / 3-5-1 / 5-3-1 / 3-1-6 / 1-3-6,0.0588,1号近江 翔吾,3号水谷 理人,5号谷口 佳蓮,1.0,1.0,1-2-5,×,3210,-800,,,,,,,,
2026-08-18,丸亀,10,✅低(堅),10,1-2-3 / 1-3-2 / 2-1-3 / 1-2-6 / 1-2-5 / 3-1-2 / 2-1-5 / 1-6-2 / 1-5-2 / 2-1-6,0.0276,1号中村 日向,2号中田 元泰,3号村越 篤,1.0,1.0,1-4-6,×,3730,-1000,,,,,,,,
2026-08-18,丸亀,11,✅低(堅),13,1-3-4 / 1-4-3 / 1-3-5 / 3-1-4 / 1-3-6 / 1-5-3 / 4-1-3 / 3-1-5 / 3-1-6 / 1-4-5 / 1-5-4 / 1-4-6 / 5-1-3,0.0764,1号中村 晃朋,3号西丸 侑太朗,4号田頭 虎親,1.0,1.0,1-3-5,○,1420,120,,,,,,,,
2026-08-18,若松,1,🌊最高(大荒),8,1-3-6 / 1-6-3 / 3-1-6 / 6-1-3 / 1-3-5 / 1-6-5 / 1-5-3 / 3-1-5,0.0351,1号古場 輝義,3号川原 正明,6号樋口 亮,5.0,5.0,3-1-6,○,680,-120,,,,,,,,
2026-08-18,若松,2,🌊最高(大荒),15,1-5-3 / 5-1-3 / 1-3-5 / 1-5-4 / 5-1-4 / 5-3-1 / 1-5-6 / 1-4-5 / 5-1-6 / 5-4-1 / 1-3-4 / 1-4-3 / 4-1-5 / 1-6-5 / 4-5-1,0.0569,1号新田 芳美,5号為本 智也,3号白神 優,4.0,4.0,5-4-3,×,7550,-1500,,,,,,,,
2026-08-18,若松,3,✅低(堅),9,1-6-3 / 1-3-6 / 1-6-5 / 6-1-3 / 1-6-4 / 3-1-6 / 1-3-5 / 1-5-6 / 1-5-3,0.0901,1号石田 章央,6号吉永 則雄,3号中越 博紀,4.0,4.0,1-3-6,○,830,-70,,,,,,,,
2026-08-18,若松,4,✅低(堅),11,1-6-5 / 1-6-3 / 1-6-2 / 1-6-4 / 1-3-6 / 1-4-6 / 1-2-6 / 6-1-5 / 6-1-3 / 6-1-4 / 6-1-2,0.0286,1号落合 直子,6号三嶌 誠司,5号石川 真二,4.0,4.0,5-1-2,×,1220,-1100,,,,,,,,
2026-08-18,若松,5,✅低(堅),10,1-4-3 / 1-3-4 / 1-3-2 / 1-2-3 / 3-1-4 / 4-1-3 / 1-4-5 / 1-3-5 / 1-5-4 / 1-5-3,0.0473,1号丸尾 義孝,4号中島 秀治,2号桑原 悠,4.0,4.0,1-2-3,○,1300,300,,,,,,,,
2026-08-18,若松,6,✅低(堅),13,1-6-3 / 1-6-5 / 1-6-4 / 1-3-6 / 1-6-2 / 6-1-3 / 1-5-6 / 6-1-4 / 6-1-5 / 1-2-6 / 3-1-6 / 6-1-2 / 5-1-6,0.0746,1号吉田 一郎,6号岩崎 芳美,4号堀本 和也,4.0,4.0,1-6-4,○,5060,3760,,,,,,,,
2026-08-18,若松,7,△中,10,1-5-3 / 1-3-5 / 1-5-6 / 1-6-2 / 1-6-5 / 1-2-6 / 5-1-3 / 5-1-6 / 1-3-2 / 3-1-5,0.0209,1号大串 重幸,2号為本 智也,5号川野 芽唯,3.0,3.0,3-1-5,○,15450,14450,,,,,,,,
2026-08-18,若松,8,△中,4,1-2-6 / 1-6-2 / 2-1-6 / 6-1-2,0.0270,1号吉田 俊彦,2号白神 優,3号吉永 則雄,4.0,4.0,1-2-6,○,1370,970,,,,,,,,
2026-08-18,若松,9,✅低(堅),10,1-5-2 / 1-2-5 / 1-2-3 / 1-5-4 / 1-4-5 / 1-2-4 / 5-1-2 / 2-1-5 / 1-4-2 / 1-4-3,0.0336,1号桑原 悠,3号西岡 蒼志,5号小林 甘寧,4.0,4.0,1-5-3,×,1370,-1000,,,,,,,,
2026-08-18,若松,10,△中,7,1-6-4 / 1-6-3 / 1-6-2 / 1-4-6 / 1-3-6 / 1-2-6 / 1-6-5,0.0492,1号堀本 和也,6号中島 秀治,3号樋口 亮,3.0,3.0,1-5-6,×,1610,-700,,,,,,,,
2026-08-18,若松,11,✅低(堅),0,,0.0000,1号石川 真二,5号石田 章央,4号丸尾 義孝,3.0,3.0,1-4-5,×,1170,,,,,,,,,
2026-09-02,住之江,1,⚠高(荒),8,1-5-4 / 1-3-5 / 1-3-4 / 1-5-3 / 1-3-2 / 1-2-3 / 1-5-2 / 1-2-5,0.0192,1号大塚 浩二,4号佐々木 翔斗,6号高木 茉白,2.0,1.0,,,,,,,,,,,,
2026-09-02,住之江,2,🌊最高(大荒),6,4-1-2 / 1-2-4 / 2-1-4 / 4-2-1 / 1-4-2 / 2-4-1,0.0226,1号森 貴洋,4号池田 雄祐,6号滝沢 織寧,0.0,1.0,,,,,,,,,,,,
2026-09-02,住之江,3,🌊最高(大荒),15,5-1-4 / 1-5-4 / 1-5-6 / 5-1-6 / 1-6-5 / 5-6-1 / 5-4-1 / 6-1-5 / 6-5-1 / 5-4-6 / 5-6-4 / 5-1-3 / 4-5-6 / 1-5-3 / 6-5-4,0.0252,1号中村 駿平,5号上田 紗奈,4号渡邉 翼,2.0,1.0,,,,,,,,,,,,
2026-09-02,住之江,4,🌊最高(大荒),13,1-2-5 / 2-1-5 / 1-2-6 / 2-1-6 / 1-5-2 / 2-5-1 / 1-6-2 / 1-4-5 / 2-6-1 / 5-1-2 / 1-4-6 / 1-5-4 / 5-2-1,0.0238,1号間庭 菜摘,2号柏野 幸二,4号木谷 賢太,2.0,1.0,,,,,,,,,,,,
2026-09-02,住之江,5,△中,9,1-5-4 / 1-4-5 / 1-5-6 / 1-6-5 / 5-1-4 / 1-5-2 / 4-1-5 / 1-4-6 / 5-1-6,0.0372,1号榎 幸司,6号徳増 秀樹,5号龍田 真白,1.0,1.0,,,,,,,,,,,,
2026-09-02,住之江,6,🌊最高(大荒),17,4-6-3 / 4-6-2 / 4-3-6 / 6-4-3 / 6-4-2 / 4-6-1 / 3-4-6 / 6-4-1 / 4-2-6 / 6-3-4 / 4-1-6 / 3-6-4 / 6-2-4 / 6-1-4 / 1-4-6 / 1-6-4 / 2-4-6,0.0215,4号山田 理央,6号金子 和之,3号柴田 朋哉,0.0,1.0,,,,,,,,,,,,
2026-09-02,住之江,7,🌊最高(大荒),10,2-1-6 / 1-2-6 / 2-1-3 / 2-6-1 / 1-6-2 / 2-3-1 / 6-2-1 / 6-1-2 / 1-2-3 / 3-2-1,0.0250,1号中野 夢斗,2号南 佑典,5号白水 勝也,0.0,1.0,,,,,,,,,,,,
2026-09-02,住之江,8,⚠高(荒),11,1-5-6 / 1-6-5 / 1-6-2 / 5-1-6 / 6-1-5 / 6-1-2 / 5-6-1 / 6-5-1 / 1-2-6 / 1-6-3 / 6-2-1,0.0406,1号中島 浩哉,5号末永 祐輝,2号佐々木 翔斗,0.0,1.0,,,,,,,,,,,,
2026-09-02,住之江,9,🌊最高(大荒),14,1-3-5 / 3-1-5 / 1-3-6 / 3-1-6 / 1-5-3 / 3-5-1 / 1-3-4 / 3-1-4 / 5-1-3 / 5-3-1 / 1-6-3 / 3-6-1 / 1-4-3 / 3-4-1,0.0355,1号安藤 裕貴,3号近江 翔吾,2号徳増 秀樹,1.0,1.0,,,,,,,,,,,,
2026-09-02,住之江,10,✅低(堅),4,1-5-4 / 1-4-5 / 1-5-6 / 1-5-2,0.0108,1号山田 理央,6号龍田 真白,2号上田 紗奈,0.0,1.0,,,,,,,,,,,,
2026-09-02,住之江,11,✅低(堅),6,1-2-6 / 1-2-5 / 1-6-2 / 1-6-5 / 1-5-2 / 1-5-6,0.0251,1号藤岡 俊介,2号金子 和之,6号高倉 和士,2.0,1.0,,,,,,,,,,,,
2026-09-02,住之江,12,✅低(堅),10,1-6-5 / 1-5-6 / 1-6-3 / 1-3-6 / 1-6-2 / 1-5-3 / 1-3-5 / 1-6-4 / 1-2-6 / 1-4-6,0.0240,1号木谷 賢太,2号池田 雄祐,5号烏野 賢太,2.0,1.0,,,,,,,,,,,,
2026-09-02,下関,1,⚠高(荒),11,1-4-2 / 1-4-6 / 1-4-5 / 4-1-2 / 4-1-5 / 4-1-6 / 1-6-4 / 1-4-3 / 1-5-4 / 4-1-3 / 6-1-4,0.0491,1号長谷川 暖,4号服部 剛,2号田中 京介,4.0,4.0,,,,,,,,,,,,
2026-09-03,住之江,1,🌊最高(大荒),12,1-2-4 / 1-4-2 / 1-2-5 / 1-2-3 / 1-5-2 / 1-3-2 / 2-1-4 / 1-4-5 / 1-5-4 / 4-1-2 / 1-4-3 / 1-3-4,0.0528,1号田中 勇輔,2号宮村 勇哉,4号安藤 裕貴,0.0,1.0,,,,,,,,,,,,
2026-09-03,住之江,2,🌊最高(大荒),19,1-6-5 / 1-5-6 / 6-1-2 / 1-3-2 / 1-6-3 / 5-1-2 / 6-1-5 / 1-3-6 / 1-5-2 / 5-1-6 / 1-6-2 / 1-5-3 / 1-3-5 / 6-2-1 / 2-6-1 / 3-1-2 / 2-5-1 / 5-2-1 / 6-1-3,0.0242,1号鈴木 智啓,2号芝田 浩治,6号大塚 浩二,0.0,1.0,,,,,,,,,,,,
2026-09-03,住之江,3,⚠高(荒),9,1-2-6 / 1-6-2 / 2-1-6 / 1-3-6 / 1-6-3 / 3-1-6 / 2-6-1 / 6-1-2 / 6-2-1,0.0171,1号三原 司,2号渡邉 翼,3号白水 勝也,0.0,1.0,,,,,,,,,,,,
2026-09-03,住之江,4,⚠高(荒),2,1-3-5 / 3-1-5,0.0129,1号深山 祐二,3号末永 祐輝,2号乙藤 智史,2.0,1.0,,,,,,,,,,,,
2026-09-03,住之江,5,✅低(堅),10,1-6-5 / 1-5-6 / 1-6-4 / 6-1-5 / 1-4-6 / 1-6-3 / 5-1-6 / 1-6-2 / 6-1-4 / 1-5-4,0.0495,1号山本 修一,6号藤岡 俊介,5号安藤 裕貴,0.0,1.0,,,,,,,,,,,,
2026-09-03,住之江,6,⚠高(荒),12,1-5-4 / 5-1-4 / 1-4-5 / 5-4-1 / 1-5-3 / 5-1-3 / 1-5-6 / 5-1-6 / 1-3-5 / 4-1-5 / 5-3-1 / 1-6-5,0.0296,1号久保原 秀人,4号高倉 和士,5号柴田 朋哉,4.0,2.0,,,,,,,,,,,,
2026-09-03,住之江,7,🌊最高(大荒),16,1-5-2 / 5-1-2 / 1-2-5 / 5-2-1 / 2-5-1 / 2-1-5 / 1-5-3 / 5-1-3 / 1-5-4 / 5-1-4 / 1-5-6 / 5-3-1 / 5-1-6 / 1-3-5 / 1-4-5 / 5-4-1,0.0768,1号浦田 晃嗣,5号金子 和之,2号近江 翔吾,0.0,1.0,,,,,,,,,,,,
2026-09-03,住之江,8,✅低(堅),10,1-6-2 / 1-2-6 / 1-6-3 / 6-1-2 / 1-2-3 / 2-1-6 / 1-3-6 / 1-6-5 / 6-1-3 / 1-6-4,0.0527,1号乙藤 智史,6号烏野 賢太,3号佐々木 翔斗,2.0,1.0,,,,,,,,,,,,
2026-09-03,住之江,9,✅低(堅),10,1-6-2 / 1-2-6 / 6-1-2 / 2-1-6 / 1-6-3 / 1-3-6 / 6-2-1 / 6-1-3 / 1-6-5 / 1-3-2,0.1366,1号柏野 幸二,2号木谷 賢太,6号芝田 浩治,0.0,1.0,,,,,,,,,,,,
2026-09-03,住之江,10,✅低(堅),2,1-5-3 / 1-3-5,0.0177,1号高倉 和士,4号藤岡 俊介,5号池田 雄祐,0.0,1.0,,,,,,,,,,,,
2026-09-03,下関,1,⚠高(荒),10,1-2-4 / 1-2-6 / 1-3-4 / 1-4-2 / 1-6-2 / 1-4-3 / 1-3-6 / 2-1-4 / 1-6-3 / 2-1-6,0.0184,1号淺香 文武,3号大野 芳顕,2号永井 亮次,3.0,3.0,,,,,,,,,,,,
2026-09-03,下関,2,⚠高(荒),0,,0.0000,1号長谷川 暖,4号角谷 健吾,2号小林 京平,3.0,3.0,,,,,,,,,,,,
2026-09-03,下関,3,△中,9,1-4-2 / 1-4-6 / 1-6-4 / 1-2-4 / 1-6-2 / 1-2-6 / 4-1-2 / 6-1-2 / 2-1-4,0.0257,1号福田 宗平,4号浜野 孝志,6号船岡 洋一郎,3.0,3.0,,,,,,,,,,,,
2026-09-03,下関,4,△中,11,1-6-5 / 1-5-6 / 6-1-5 / 5-1-6 / 1-5-4 / 1-5-3 / 6-5-1 / 5-6-1 / 5-1-4 / 1-4-5 / 1-3-5,0.0856,1号中村 有裕,6号浜先 真範,5号門田 栞,3.0,3.0,,,,,,,,,,,,
2026-09-03,下関,5,✅低(堅),6,1-3-4 / 1-4-2 / 1-2-4 / 1-3-2 / 1-2-3 / 3-1-2,0.0440,1号田路 朋史,4号辻 栄蔵,3号奥田 誠,3.0,3.0,,,,,,,,,,,,
2026-09-03,下関,6,△中,5,3-1-6 / 3-6-1 / 1-3-6 / 6-3-1 / 6-1-3,0.0451,1号田中 京介,3号内堀 学,6号藤原 啓史朗,3.0,3.0,,,,,,,,,,,,
2026-09-03,下関,7,✅低(堅),6,1-6-4 / 1-6-2 / 1-6-3 / 1-4-6 / 1-2-6 / 1-3-6,0.0542,1号山崎 裕司,6号角谷 健吾,2号永松 良教,3.0,3.0,,,,,,,,,,,,
2026-09-03,下関,8,✅低(堅),8,1-2-5 / 1-5-2 / 1-2-6 / 2-1-5 / 2-1-6 / 5-1-2 / 1-6-2 / 1-5-4,0.0476,1号櫻井 優,2号船岡 洋一郎,4号森口 和紀,3.0,3.0,,,,,,,,,,,,
2026-09-03,下関,9,△中,16,1-6-5 / 1-6-4 / 1-5-6 / 1-4-6 / 1-6-3 / 1-6-2 / 6-1-5 / 1-3-6 / 6-1-4 / 5-1-6 / 1-5-4 / 1-4-5 / 6-1-3 / 4-1-6 / 1-5-3 / 6-1-2,0.0532,1号浜野 孝志,6号大野 芳顕,5号丹下 健,3.0,3.0,,,,,,,,,,,,
2026-09-03,若松,1,🌊最高(大荒),15,1-5-6 / 1-6-5 / 5-1-6 / 6-1-5 / 5-6-1 / 1-5-4 / 6-5-1 / 1-6-4 / 5-1-4 / 1-5-2 / 1-4-6 / 1-5-3 / 1-6-2 / 6-1-4 / 5-1-2,0.0379,1号豊田 訓靖,5号桑原 啓,6号浦田 信義,5.0,5.0,,,,,,,,,,,,
2026-09-03,若松,2,🌊最高(大荒),17,5-3-6 / 3-5-6 / 5-3-4 / 5-3-2 / 5-6-3 / 3-6-5 / 5-3-1 / 3-5-2 / 6-5-3 / 5-2-3 / 5-4-3 / 6-3-5 / 3-5-1 / 5-1-3 / 5-4-6 / 5-6-4 / 2-5-3,0.0286,5号鈴木 博,3号大場 敏,4号森安 弘雅,5.0,5.0,,,,,,,,,,,,
2026-09-03,下関,10,✅低(堅),0,,0.0000,1号辻 栄蔵,6号福田 宗平,5号田中 京介,3.0,3.0,,,,,,,,,,,,
2026-09-03,若松,3,⚠高(荒),7,1-5-3 / 1-3-6 / 5-1-3 / 1-6-3 / 3-1-6 / 1-5-6 / 1-5-4,0.0193,1号小野 勇作,3号仲口 博崇,5号山一 鉄也,5.0,5.0,,,,,,,,,,,,
2026-09-03,若松,4,🌊最高(大荒),16,6-3-1 / 3-6-1 / 6-1-3 / 6-1-5 / 6-3-5 / 6-3-2 / 3-6-5 / 3-1-6 / 6-5-1 / 3-6-2 / 6-5-3 / 6-2-3 / 6-2-1 / 5-6-1 / 3-5-6 / 6-1-2,0.0286,6号馬袋 義則,1号木村 光宏,3号服部 幸男,3.0,3.0,,,,,,,,,,,,
2026-09-03,若松,5,△中,15,1-4-5 / 1-5-4 / 1-4-6 / 1-5-2 / 1-6-4 / 1-5-6 / 1-4-3 / 1-6-5 / 4-1-5 / 5-1-4 / 1-3-4 / 1-5-3 / 1-3-2 / 1-3-5 / 4-1-6,0.0257,1号倉尾 大介,2号江夏 満,4号深井 利寿,4.0,4.0,,,,,,,,,,,,
2026-09-03,若松,6,🌊最高(大荒),1,6-1-2,0.0110,2号益田 啓司,1号中野 和裕,6号山田 竜一,4.0,4.0,,,,,,,,,,,,
2026-09-03,若松,7,🌊最高(大荒),10,6-1-4 / 6-4-1 / 1-6-4 / 6-3-4 / 4-6-1 / 6-4-3 / 1-4-6 / 6-5-1 / 4-1-6 / 6-1-5,0.0196,6号田頭 実,1号松下 直也,3号浅見 昌克,6.0,6.0,,,,,,,,,,,,
2026-09-03,若松,8,△中,8,1-2-3 / 1-2-5 / 1-2-4 / 1-5-2 / 2-1-3 / 1-4-2 / 2-1-5 / 2-1-4,0.0311,1号芦澤 望,3号飯山 泰,2号佐竹 恒彦,5.0,5.0,,,,,,,,,,,,
2026-09-03,若松,9,✅低(堅),14,1-4-6 / 1-6-4 / 1-4-5 / 1-6-2 / 1-4-3 / 1-5-4 / 1-3-4 / 1-3-6 / 1-6-3 / 1-6-5 / 1-5-6 / 1-3-5 / 1-5-3 / 4-1-6,0.0244,1号深井 利寿,2号山一 鉄也,4号大場 敏,5.0,5.0,,,,,,,,,,,,
2026-09-03,若松,10,✅低(堅),19,1-4-6 / 1-6-4 / 1-6-3 / 1-4-5 / 1-6-5 / 1-5-4 / 1-5-6 / 1-3-6 / 4-1-6 / 6-1-4 / 1-6-2 / 1-4-2 / 1-2-6 / 6-1-3 / 1-2-4 / 4-1-5 / 1-5-3 / 6-1-5 / 1-5-2,0.0438,1号仲口 博崇,3号益田 啓司,4号倉尾 大介,5.0,5.0,,,,,,,,,,,,
2026-09-03,大村,1,⚠高(荒),10,1-4-6 / 1-6-4 / 1-6-5 / 1-5-6 / 1-6-2 / 1-2-6 / 1-6-3 / 1-3-6 / 1-4-5 / 1-4-3,0.0281,1号寺島 吉彦,4号加藤 翔,5号本村 大,1.0,1.0,,,,,,,,,,,,
2026-09-03,大村,2,⚠高(荒),8,1-6-2 / 1-2-6 / 1-6-3 / 6-1-2 / 6-1-3 / 2-1-6 / 1-3-6 / 6-2-1,0.0239,1号浜崎 準也,6号中越 博紀,2号渡邉 健,1.0,1.0,,,,,,,,,,,,
2026-09-03,大村,3,🌊最高(大荒),0,,0.0000,1号村田 敦,4号松村 敏,3号金山 立樹,1.0,1.0,,,,,,,,,,,,
2026-09-03,大村,4,🌊最高(大荒),14,3-6-1 / 6-3-1 / 3-6-4 / 3-1-6 / 6-3-4 / 6-1-3 / 1-3-6 / 1-6-3 / 6-4-3 / 3-4-6 / 3-6-5 / 4-6-3 / 4-3-6 / 6-3-5,0.0213,3号永田 啓二,6号青木 蓮,1号今出 晋二,1.0,1.0,,,,,,,,,,,,
2026-09-03,大村,5,△中,10,1-3-6 / 3-1-6 / 1-3-5 / 3-1-5 / 1-6-3 / 3-6-1 / 3-1-2 / 6-1-3 / 1-5-3 / 6-3-1,0.0513,1号川原 涼,3号前田 篤哉,2号安東 幸治,1.0,1.0,,,,,,,,,,,,
2026-09-03,住之江,11,✅低(堅),16,1-5-3 / 1-3-5 / 1-5-6 / 1-6-5 / 1-5-2 / 1-6-3 / 1-5-4 / 5-1-3 / 1-2-5 / 1-3-6 / 1-4-5 / 5-1-6 / 6-1-5 / 5-1-2 / 1-6-2 / 1-2-6,0.0941,1号白水 勝也,5号山田 理央,3号徳増 秀樹,1.0,1.0,,,,,,,,,,,,
2026-09-03,若松,11,✅低(堅),1,1-3-5,0.0163,1号江夏 満,3号馬袋 義則,4号鈴木 博,5.0,5.0,,,,,,,,,,,,
2026-09-03,大村,6,△中,3,1-4-5 / 3-1-4 / 4-1-3,0.0106,1号佐々木 和伸,4号妹尾 忠幸,6号柳内 敬太,2.0,1.0,,,,,,,,,,,,
2026-09-03,下関,11,✅低(堅),11,1-4-5 / 1-5-4 / 4-1-5 / 5-1-4 / 1-5-2 / 1-2-5 / 4-1-2 / 4-5-1 / 5-4-1 / 5-1-2 / 5-1-3,0.0725,1号藤原 啓史朗,4号内堀 学,5号田路 朋史,4.0,4.0,,,,,,,,,,,,
2026-09-03,大村,7,✅低(堅),0,,0.0000,1号荒木 颯斗,2号三苫 晃幸,5号西尾 亮輔,2.0,1.0,,,,,,,,,,,,
2026-09-03,住之江,12,✅低(堅),5,1-6-3 / 1-6-2 / 1-3-6 / 1-2-6 / 6-1-3,0.0519,1号末永 祐輝,6号近江 翔吾,5号山本 修一,1.0,1.0,,,,,,,,,,,,
2026-09-03,若松,12,✅低(堅),21,1-5-6 / 1-5-2 / 1-6-5 / 1-2-5 / 1-5-4 / 1-6-2 / 1-2-6 / 1-4-5 / 1-5-3 / 5-1-6 / 5-1-2 / 6-1-5 / 2-1-5 / 1-6-4 / 1-2-4 / 1-4-6 / 5-1-4 / 1-4-2 / 6-1-2 / 2-1-6 / 4-1-5,0.0505,1号重成 一人,5号小野 勇作,6号佐竹 恒彦,5.0,5.0,,,,,,,,,,,,
2026-09-03,下関,12,✅低(堅),8,1-6-3 / 1-3-6 / 1-6-2 / 1-2-6 / 3-1-6 / 1-6-4 / 6-1-3 / 1-4-6,0.0220,1号小坂 尚哉,3号深谷 知博,2号守田 俊介,4.0,4.0,,,,,,,,,,,,
2026-09-03,大村,8,⚠高(荒),12,5-1-3 / 1-5-3 / 3-1-5 / 1-3-5 / 5-3-1 / 3-5-1 / 1-5-6 / 5-1-6 / 1-6-5 / 6-1-5 / 5-6-1 / 6-5-1,0.0588,1号浮田 圭浩,5号石岡 将太,3号相原 利章,1.0,1.0,,,,,,,,,,,,
2026-09-08,桐生,1,⚠高(荒),6,1-5-3 / 5-1-3 / 1-3-5 / 5-3-1 / 3-1-5 / 3-5-1,0.0301,1号花本 夏樹,5号廣瀬 将亨,2号伊藤 将吉,0.0,0.0,2-1-5,×,1500,-600,,,,,,,,
2026-09-08,桐生,2,⚠高(荒),3,1-3-2 / 3-1-2 / 1-2-3,0.0242,1号八木 治樹,2号林 美憲,3号山谷 央,2.0,1.0,2-4-3,×,2490,-300,,,,,,,,
2026-09-08,桐生,3,⚠高(荒),10,1-5-6 / 1-6-5 / 5-1-6 / 6-1-5 / 5-6-1 / 6-5-1 / 1-6-3 / 6-1-3 / 3-1-6 / 1-3-6,0.0287,1号鈴木 峻佑,5号加倉 侑征,3号田村 隆信,2.0,1.0,1-3-2,×,950,-1000,,,,,,,,
2026-09-08,桐生,4,🌊最高(大荒),19,6-1-2 / 1-6-2 / 6-2-1 / 6-2-4 / 6-1-4 / 1-2-6 / 6-4-2 / 1-6-4 / 6-4-1 / 4-6-2 / 4-6-1 / 1-4-6 / 4-2-6 / 4-1-6 / 6-1-3 / 1-4-2 / 1-2-4 / 1-6-3 / 4-1-2,0.0643,6号宇佐見 淳,2号笠原 亮,1号森 智哉,2.0,1.0,2-4-6,×,2040,-1900,,,,,,,,
2026-09-08,桐生,5,🌊最高(大荒),9,1-6-5 / 6-1-5 / 1-5-6 / 6-5-1 / 5-1-6 / 1-6-4 / 5-6-1 / 6-1-4 / 1-4-6,0.0342,5号赤岩 善生,1号萩原 知哉,6号山本 寛久,2.0,1.0,5-2-4,×,1960,-900,,,,,,,,
2026-09-08,桐生,6,✅低(堅),3,1-2-3 / 1-3-2 / 1-2-4,0.0289,1号湯川 浩司,3号黒柳 浩孝,4号中島 航,0.0,0.0,1-3-4,×,510,-300,,,,,,,,
2026-09-08,桐生,7,△中,11,3-1-5 / 3-1-6 / 1-3-6 / 1-6-3 / 5-1-3 / 1-5-3 / 1-5-6 / 1-3-5 / 1-6-5 / 6-1-3 / 3-5-1,0.0143,1号谷野 錬志,3号笠置 博之,5号鈴木 峻佑,0.0,0.0,1-2-3,×,700,-1100,,,,,,,,
2026-09-08,桐生,8,✅低(堅),10,1-4-2 / 1-4-6 / 1-4-5 / 1-2-4 / 1-4-3 / 1-6-4 / 4-1-2 / 4-1-6 / 2-1-4 / 6-1-4,0.1120,1号山本 隆幸,4号阪本 勇介,2号松浦 勝,1.0,1.0,5-4-3,×,25150,-1000,,,,,,,,
2026-09-08,桐生,9,🌊最高(大荒),20,6-3-4 / 3-6-4 / 6-4-3 / 4-6-3 / 3-4-6 / 6-3-1 / 4-3-6 / 6-3-2 / 6-4-1 / 6-1-3 / 6-1-4 / 3-6-1 / 3-6-2 / 4-6-1 / 6-2-3 / 6-4-2 / 6-2-4 / 4-6-2 / 1-6-4 / 2-6-3,0.0208,6号伊藤 将吉,3号林 美憲,1号相馬 翔,1.0,1.0,2-1-4,×,4260,-2000,,,,,,,,
2026-09-08,桐生,10,△中,13,1-6-5 / 1-5-6 / 6-1-5 / 1-6-4 / 5-1-6 / 1-4-6 / 6-1-4 / 1-5-4 / 1-4-5 / 6-5-1 / 5-6-1 / 4-1-6 / 5-1-4,0.0525,1号河野 真也,6号山崎 義明,5号田村 隆信,2.0,1.0,1-3-5,×,580,-1300,,,,,,,,
2026-09-08,桐生,11,✅低(堅),10,1-3-5 / 1-5-3 / 3-1-2 / 3-1-5 / 2-1-3 / 5-1-3 / 2-1-5 / 5-1-2 / 3-2-1 / 2-3-1,0.0336,1号笠原 亮,3号武富 智亮,2号廣瀬 将亨,0.0,0.0,1-3-4,×,1390,-1000,,,,,,,,
2026-09-08,蒲郡,1,⚠高(荒),9,1-2-6 / 1-6-2 / 2-1-6 / 1-2-4 / 6-1-2 / 1-6-4 / 1-2-3 / 1-6-3 / 1-4-6,0.0642,1号高野 心吾,2号岩橋 裕馬,6号森下 勇,2.0,1.0,1-2-3,○,690,-210,,,,,,,,
2026-09-08,蒲郡,2,⚠高(荒),18,1-4-5 / 1-5-4 / 1-4-3 / 1-4-2 / 1-3-4 / 1-5-3 / 4-1-5 / 1-5-2 / 1-3-5 / 5-1-4 / 4-1-3 / 4-1-2 / 5-1-3 / 3-1-4 / 4-5-1 / 3-1-5 / 5-4-1 / 5-1-2,0.0447,1号橋口 真樹,4号下河 誉史,5号小林 基樹,4.0,2.0,1-4-5,○,2530,730,,,,,,,,
2026-09-08,蒲郡,3,⚠高(荒),13,1-2-6 / 1-2-5 / 1-6-2 / 1-2-4 / 1-5-2 / 1-4-2 / 2-1-5 / 1-6-5 / 1-5-6 / 1-6-4 / 5-1-2 / 6-1-2 / 1-4-6,0.0215,1号本岡 勝利,2号盛本 真輔,6号宮嵜 隆太郎,4.0,2.0,2-3-1,×,7720,-1300,,,,,,,,
2026-09-08,蒲郡,4,⚠高(荒),11,1-6-2 / 1-6-4 / 1-2-6 / 1-6-5 / 1-4-6 / 6-1-2 / 1-5-6 / 6-1-4 / 6-1-5 / 1-2-5 / 1-5-2,0.0425,1号津留 浩一郎,6号中辻 崇人,2号谷川 将太,4.0,2.0,2-4-1,×,4780,-1100,,,,,,,,
2026-09-08,蒲郡,5,🌊最高(大荒),7,1-5-6 / 1-6-5 / 5-1-6 / 6-1-5 / 5-6-1 / 6-5-1 / 1-6-2,0.0190,1号長谷川 親王,5号山田 佑樹,6号岩橋 裕馬,2.0,1.0,5-6-2,×,13210,-700,,,,,,,,
2026-09-08,蒲郡,6,🌊最高(大荒),12,6-1-2 / 6-1-3 / 1-6-2 / 1-6-3 / 6-1-5 / 6-3-1 / 1-6-5 / 6-2-1 / 1-3-6 / 6-5-1 / 1-2-6 / 3-6-1,0.0682,6号吉田 裕平,1号渥美 卓郎,2号中里 昌志,4.0,2.0,6-4-3,×,3980,-1200,,,,,,,,
2026-09-08,蒲郡,7,⚠高(荒),2,3-4-1 / 4-3-1,0.0153,1号西川 新太郎,3号高倉 孝太,4号盛本 真輔,2.0,1.0,3-4-1,○,2370,2170,,,,,,,,
2026-09-08,蒲郡,8,✅低(堅),6,1-6-3 / 1-3-6 / 1-6-2 / 6-1-3 / 3-1-6 / 1-6-5,0.0430,1号服部 達哉,6号土山 卓也,3号池本 輝明,2.0,1.0,1-3-6,○,1080,480,,,,,,,,
2026-09-08,蒲郡,9,△中,1,1-6-4,0.0142,1号岡田 憲行,4号中辻 崇人,6号谷川 将太,1.0,0.0,1-5-2,×,14820,-100,,,,,,,,
2026-09-08,蒲郡,10,⚠高(荒),8,4-1-3 / 4-3-1 / 3-4-1 / 1-4-5 / 4-1-5 / 1-4-6 / 4-1-6 / 1-5-4,0.0231,1号宮嵜 隆太郎,4号鰐部 太空海,3号飯島 昌弘,2.0,1.0,1-2-4,×,1220,-800,,,,,,,,
2026-09-08,蒲郡,11,✅低(堅),14,1-3-4 / 1-4-3 / 1-3-2 / 1-3-5 / 1-3-6 / 1-5-3 / 1-6-3 / 3-1-4 / 3-1-2 / 4-1-3 / 3-1-5 / 3-1-6 / 1-4-6 / 1-4-5,0.0597,1号吉田 裕平,3号下河 誉史,2号山田 佑樹,2.0,1.0,1-3-4,○,1660,260,,,,,,,,
2026-09-08,大村,1,✅低(堅),6,1-4-5 / 1-4-2 / 1-5-4 / 1-4-6 / 1-6-4 / 1-2-4,0.0159,1号下條 雄太郎,4号中村 泰平,3号石渡 鉄兵,6.0,5.0,3-1-2,×,4490,-600,,,,,,,,
2026-09-08,大村,2,△中,12,1-5-4 / 1-5-6 / 1-4-5 / 5-1-4 / 5-1-6 / 1-6-5 / 1-5-2 / 5-1-2 / 4-1-5 / 6-1-5 / 1-6-4 / 1-4-6,0.0336,1号松本 純平,5号菅 章哉,2号河合 佑樹,7.0,6.0,1-2-3,×,1860,-1200,,,,,,,,
2026-09-08,大村,3,△中,18,1-6-5 / 1-5-6 / 1-6-2 / 6-1-5 / 1-2-6 / 5-1-6 / 6-1-2 / 1-6-4 / 2-1-6 / 6-5-1 / 5-6-1 / 6-1-4 / 1-5-2 / 6-2-1 / 1-4-6 / 5-1-2 / 1-2-5 / 2-6-1,0.0373,1号中澤 和志,6号桑原 悠,5号上條 暢嵩,9.0,8.0,1-3-5,×,1210,-1800,,,,,,,,
2026-09-08,大村,4,△中,13,1-6-3 / 1-6-2 / 1-3-6 / 1-2-6 / 6-1-3 / 6-1-2 / 1-6-5 / 1-6-4 / 3-1-6 / 2-1-6 / 1-4-6 / 6-1-5 / 6-1-4,0.0253,1号中野 次郎,6号村上 遼,2号飛田 江己,7.0,6.0,1-4-5,×,2770,-1300,,,,,,,,
2026-09-08,大村,5,✅低(堅),9,1-4-6 / 1-6-4 / 1-4-5 / 1-5-4 / 1-5-6 / 1-6-5 / 4-1-6 / 4-1-5 / 6-1-4,0.0202,1号西岡 顕心,4号若林 将,5号原田 幸哉,6.0,5.0,1-2-6,×,5850,-900,,,,,,,,
2026-09-08,大村,6,✅低(堅),12,1-6-2 / 1-2-6 / 1-6-4 / 1-6-5 / 1-4-6 / 1-5-6 / 6-1-2 / 6-1-4 / 2-1-6 / 6-1-5 / 4-1-6 / 5-1-6,0.0411,1号守屋 美穂,6号丸野 一樹,2号松本 純平,7.0,6.0,4-1-5,×,13080,-1200,,,,,,,,
2026-09-08,大村,7,✅低(堅),11,1-4-6 / 1-6-4 / 1-4-5 / 1-6-3 / 1-6-2 / 4-1-6 / 1-3-6 / 1-5-4 / 1-6-5 / 6-1-4 / 1-5-6,0.0279,1号北野 輝季,4号宮田 龍馬,3号西橋 奈未,7.0,6.0,2-1-4,×,4540,-1100,,,,,,,,
2026-09-08,大村,8,✅低(堅),13,1-5-2 / 1-2-6 / 1-2-5 / 1-5-6 / 1-5-4 / 1-6-2 / 1-4-6 / 1-6-5 / 1-6-4 / 1-4-5 / 1-5-3 / 1-6-3 / 1-3-6,0.0236,1号辻 栄蔵,2号菅 章哉,4号久田 敏之,6.0,5.0,1-3-5,×,1620,-1300,,,,,,,,
2026-09-08,大村,9,✅低(堅),16,1-4-3 / 1-6-3 / 1-4-2 / 1-2-4 / 1-4-6 / 1-5-3 / 1-6-4 / 1-2-6 / 1-6-2 / 1-4-5 / 1-5-4 / 1-2-5 / 1-5-2 / 1-6-5 / 4-1-3 / 1-5-6,0.0217,1号重木 輝彦,3号毒島 誠,2号永井 彪也,6.0,5.0,1-3-2,×,780,-1600,,,,,,,,
2026-09-08,大村,10,✅低(堅),8,1-5-2 / 1-2-5 / 2-1-5 / 5-1-2 / 1-5-6 / 1-2-6 / 1-6-5 / 1-6-2,0.0373,1号西山 貴浩,2号若林 将,5号深谷 知博,6.0,5.0,1-3-2,×,810,-800,,,,,,,,
2026-09-08,大村,11,✅低(堅),12,1-4-6 / 1-6-4 / 1-4-2 / 1-4-5 / 1-2-4 / 4-1-6 / 1-5-4 / 6-1-4 / 4-1-5 / 4-1-2 / 2-1-4 / 1-6-2,0.0404,1号原田 幸哉,4号中野 次郎,5号守屋 美穂,6.0,5.0,3-2-4,×,27080,-1200,,,,,,,,
2026-09-08,桐生,12,✅低(堅),12,1-6-2 / 1-6-5 / 1-5-6 / 1-5-2 / 1-2-4 / 1-6-4 / 1-4-2 / 1-4-6 / 1-2-6 / 1-2-5 / 1-5-4 / 1-4-5,0.0261,1号赤岩 善生,2号山本 隆幸,6号若林 樹蘭,0.0,0.0,1-2-3,×,430,-1200,,,,,,,,
2026-09-10,桐生,1,🌊最高(大荒),25,4-1-5 / 4-5-1 / 1-4-5 / 5-4-1 / 1-5-4 / 5-1-4 / 4-5-6 / 4-1-6 / 1-4-6 / 5-4-6 / 4-6-5 / 4-6-1 / 1-6-4 / 6-4-5 / 6-4-1 / 1-5-6 / 5-6-4 / 6-1-4 / 5-1-6 / 6-5-4 / 1-6-5 / 5-6-1 / 5-4-2 / 6-1-5 / 4-5-2,0.0223,4号廣瀬 篤哉,1号品川 賢次,5号小野 信樹,2.0,1.0,4-1-2,×,2560,-2500,,,,,,,,
2026-09-10,桐生,2,🌊最高(大荒),4,1-2-5 / 1-5-2 / 2-1-5 / 1-2-6,0.0170,1号山谷 央,2号橋本 久和,4号松尾 光広,1.0,1.0,1-4-2,×,2060,-400,,,,,,,,
2026-09-10,桐生,3,△中,12,2-1-6 / 6-1-2 / 2-1-5 / 6-1-5 / 5-1-2 / 5-1-6 / 2-6-1 / 6-2-1 / 2-5-1 / 5-2-1 / 6-5-1 / 5-6-1,0.0305,1号河野 真也,2号八木 治樹,6号眞鳥 康太,1.0,1.0,1-2-4,×,1830,-1200,,,,,,,,
2026-09-10,桐生,4,△中,12,1-2-5 / 1-5-2 / 1-2-6 / 2-1-5 / 1-6-2 / 5-1-2 / 1-5-6 / 1-6-5 / 2-1-6 / 5-1-6 / 6-1-2 / 6-1-5,0.1085,1号武富 智亮,2号笠置 博之,5号阪本 勇介,2.0,1.0,5-1-3,×,20770,-1200,,,,,,,,
2026-09-10,桐生,5,✅低(堅),8,1-5-6 / 1-5-3 / 1-6-5 / 1-3-5 / 5-1-6 / 1-5-4 / 6-1-5 / 5-1-3,0.0359,1号宇佐見 淳,5号鈴木 峻佑,6号湯川 浩司,2.0,1.0,1-3-2,×,2280,-800,,,,,,,,
2026-09-10,桐生,6,✅低(堅),14,1-5-2 / 1-2-5 / 1-2-4 / 5-1-2 / 2-1-5 / 1-2-6 / 1-5-6 / 1-6-2 / 2-1-4 / 1-6-5 / 5-2-1 / 2-5-1 / 1-4-2 / 2-1-6,0.0753,1号林 美憲,5号萩原 知哉,2号三品 隆浩,2.0,1.0,1-2-4,○,1180,-220,,,,,,,,
2026-09-10,桐生,7,△中,6,1-3-6 / 3-1-6 / 1-6-3 / 6-1-3 / 3-6-1 / 6-3-1,0.1299,1号廣瀬 将亨,3号伊藤 将吉,6号橋本 久和,2.0,1.0,1-3-4,×,570,-600,,,,,,,,
2026-09-10,桐生,8,△中,15,1-5-6 / 1-6-5 / 1-6-4 / 1-4-6 / 5-1-6 / 6-1-5 / 6-1-4 / 4-1-6 / 1-6-3 / 4-6-1 / 6-4-1 / 5-6-1 / 1-3-6 / 6-5-1 / 6-1-3,0.0280,1号山崎 義明,4号八木 治樹,5号松江 秀徳,2.0,1.0,1-2-3,×,2690,-1500,,,,,,,,
2026-09-10,桐生,9,✅低(堅),15,1-6-5 / 1-6-3 / 1-6-4 / 1-5-6 / 1-6-2 / 1-3-6 / 1-2-6 / 6-1-5 / 6-1-3 / 6-1-2 / 5-1-6 / 1-5-3 / 1-5-2 / 1-2-5 / 1-3-5,0.0567,1号鳥居塚 孝博,6号笠置 博之,4号鈴木 峻佑,2.0,1.0,1-6-5,○,6550,5050,,,,,,,,
2026-09-10,若松,1,⚠高(荒),4,2-1-5 / 5-1-2 / 2-5-1 / 5-2-1,0.0157,1号柴田 大輔,2号寺島 美里,5号花田 凱成,2.0,2.0,2-1-5,○,9660,9260,,,,,,,,
2026-09-10,若松,2,🌊最高(大荒),17,6-1-4 / 1-6-4 / 6-1-2 / 1-6-2 / 1-6-3 / 6-1-3 / 1-6-5 / 6-1-5 / 6-4-1 / 6-2-1 / 1-3-6 / 1-5-6 / 6-3-1 / 6-5-1 / 1-2-6 / 2-6-1 / 3-1-6,0.0262,1号浅見 宗孝,6号嶋 義信,4号桐本 康臣,2.0,2.0,1-2-6,○,2710,1010,,,,,,,,
2026-09-10,若松,3,🌊最高(大荒),13,1-4-3 / 1-3-4 / 4-1-3 / 1-4-5 / 3-1-4 / 1-3-2 / 1-5-4 / 4-1-5 / 1-3-5 / 4-3-1 / 3-4-1 / 1-5-3 / 3-1-2,0.0417,1号間嶋 仁志,4号松尾 昂明,2号田中 和也,2.0,2.0,2-1-3,×,1050,-1300,,,,,,,,
2026-09-10,若松,4,🌊最高(大荒),21,1-6-5 / 1-6-2 / 6-1-5 / 6-1-2 / 1-5-6 / 1-2-6 / 5-1-6 / 1-6-3 / 1-6-4 / 6-5-1 / 6-1-3 / 6-2-1 / 2-1-6 / 5-6-1 / 6-1-4 / 2-6-1 / 1-4-6 / 1-3-6 / 6-3-1 / 6-4-1 / 4-1-6,0.0419,1号夏山 亮平,6号大瀧 明日香,5号濱崎 直矢,2.0,2.0,1-3-2,×,1500,-2100,,,,,,,,
2026-09-10,若松,5,△中,5,1-4-6 / 1-4-5 / 1-6-4 / 4-1-6 / 1-5-4,0.0143,1号藤田 竜弘,2号岡崎 恭裕,4号中辻 博訓,2.0,2.0,1-2-4,×,480,-500,,,,,,,,
2026-09-10,若松,6,△中,11,1-5-6 / 1-6-5 / 1-5-3 / 1-5-2 / 5-1-6 / 1-3-5 / 6-1-5 / 5-1-3 / 1-2-5 / 5-1-2 / 1-5-4,0.0898,1号小林 一樹,5号若狭 奈美子,6号上平 真二,2.0,2.0,1-4-2,×,5070,-1100,,,,,,,,
2026-09-10,若松,7,△中,7,1-3-6 / 1-6-3 / 3-1-6 / 6-1-3 / 1-6-2 / 1-2-6 / 6-3-1,0.1404,1号三川 昂暁,3号井内 将太郎,6号片岡 恵里,2.0,2.0,1-3-4,×,1460,-700,,,,,,,,
2026-09-10,若松,8,✅低(堅),8,1-3-6 / 1-3-4 / 1-6-3 / 3-1-6 / 1-4-3 / 3-1-4 / 6-1-3 / 1-3-5,0.0941,1号大須賀 友,3号松尾 昂明,6号大田 直弥,2.0,2.0,1-2-3,×,360,-800,,,,,,,,
2026-09-10,若松,9,✅低(堅),10,1-2-3 / 1-3-2 / 1-2-5 / 1-3-5 / 1-5-2 / 1-5-3 / 2-1-3 / 3-1-2 / 2-1-5 / 3-1-5,0.0367,1号中村 栄治,2号森口 和紀,3号間嶋 仁志,2.0,2.0,2-1-4,×,1360,-1000,,,,,,,,
2026-09-10,大村,1,✅低(堅),11,1-2-6 / 1-6-2 / 2-1-6 / 6-1-2 / 1-2-5 / 2-1-5 / 1-6-5 / 2-6-1 / 1-6-4 / 6-2-1 / 1-5-6,0.0697,1号原田 才一郎,2号村上 遼,6号西岡 顕心,1.0,1.0,1-5-6,○,16860,15760,,,,,,,,
2026-09-10,大村,2,✅低(堅),13,1-5-2 / 1-2-5 / 1-5-6 / 1-5-3 / 1-6-5 / 5-1-2 / 1-5-4 / 2-1-5 / 5-1-6 / 1-3-5 / 1-2-6 / 5-1-3 / 1-6-2,0.0483,1号安河内 健,5号松田 大志郎,2号高憧 四季,1.0,1.0,3-5-2,×,26210,-1300,,,,,,,,
2026-09-10,大村,3,✅低(堅),12,1-2-4 / 1-2-6 / 1-6-2 / 1-4-2 / 1-2-5 / 1-2-3 / 1-5-2 / 2-1-6 / 1-6-4 / 2-1-4 / 1-4-6 / 6-1-2,0.0402,1号中村 泰平,2号須藤 博倫,4号飛田 江己,1.0,1.0,1-3-5,×,2030,-1200,,,,,,,,
2026-09-10,大村,4,✅低(堅),11,1-3-6 / 1-3-5 / 3-1-6 / 1-6-3 / 1-3-4 / 3-1-5 / 1-3-2 / 1-5-3 / 6-1-3 / 3-1-4 / 1-4-3,0.0726,1号杉山 正樹,3号菅 章哉,2号丸野 一樹,0.0,1.0,1-2-5,×,770,-1100,,,,,,,,
2026-09-10,大村,5,✅低(堅),12,1-4-5 / 1-4-2 / 1-5-4 / 1-2-4 / 4-1-2 / 4-1-5 / 1-4-6 / 1-5-2 / 1-2-5 / 2-1-4 / 5-1-4 / 1-6-4,0.0267,1号若林 将,4号桑原 悠,2号西橋 奈未,1.0,1.0,3-1-4,×,4450,-1200,,,,,,,,
2026-09-10,大村,6,✅低(堅),11,1-2-6 / 1-4-6 / 1-6-2 / 1-6-4 / 1-3-6 / 1-6-3 / 2-1-6 / 1-6-5 / 1-5-6 / 4-1-6 / 6-1-2,0.0283,1号船岡 洋一郎,2号上條 暢嵩,4号馬場 貴也,1.0,1.0,1-4-6,○,4550,3450,,,,,,,,
2026-09-10,大村,7,✅低(堅),17,1-3-6 / 1-6-3 / 1-6-5 / 1-5-6 / 1-3-5 / 1-5-3 / 1-6-2 / 1-6-4 / 3-1-6 / 6-1-3 / 1-4-6 / 6-1-5 / 5-1-6 / 6-1-2 / 3-1-5 / 5-1-3 / 1-5-4,0.0259,1号河合 佑樹,2号毒島 誠,3号瓜生 正義,1.0,1.0,1-2-6,×,2970,-1700,,,,,,,,
2026-09-10,大村,8,✅低(堅),13,1-3-5 / 1-5-3 / 1-3-6 / 1-6-3 / 1-5-6 / 1-6-5 / 3-1-5 / 5-1-3 / 3-1-6 / 6-1-3 / 1-5-4 / 1-5-2 / 5-1-6,0.0459,1号黒野 元基,3号永井 彪也,5号中澤 和志,1.0,1.0,1-4-3,×,1150,-1300,,,,,,,,
2026-09-10,大村,9,✅低(堅),16,1-2-5 / 1-2-6 / 1-5-2 / 2-1-4 / 1-6-2 / 2-1-6 / 2-1-5 / 1-5-4 / 4-1-2 / 1-4-5 / 2-1-3 / 6-1-2 / 1-6-5 / 5-1-2 / 1-5-6 / 4-1-5,0.0341,1号上野 真之介,2号中野 次郎,4号西山 貴浩,1.0,1.0,1-3-4,×,820,-1600,,,,,,,,
2026-09-10,若松,10,△中,7,1-4-3 / 1-3-4 / 4-1-3 / 3-1-4 / 4-3-1 / 3-4-1 / 1-4-6,0.0397,1号桐本 康臣,3号岡崎 恭裕,4号濱崎 直矢,2.0,2.0,3-2-5,×,14020,-700,,,,,,,,
2026-09-10,桐生,10,✅低(堅),4,1-3-6 / 1-3-5 / 1-5-3 / 1-6-3,0.0153,1号湯川 浩司,3号林 美憲,2号宇佐見 淳,2.0,1.0,1-2-3,×,400,-400,,,,,,,,
2026-09-10,大村,10,✅低(堅),17,1-6-5 / 1-5-6 / 1-6-4 / 1-6-2 / 1-6-3 / 6-1-5 / 6-1-4 / 1-3-6 / 5-1-6 / 1-2-6 / 6-1-2 / 6-1-3 / 4-1-6 / 1-4-6 / 2-1-6 / 3-1-6 / 6-5-1,0.0819,1号山田 康二,6号飛田 江己,5号丸野 一樹,0.0,1.0,3-1-5,×,9580,-1700,,,,,,,,
2026-09-10,桐生,11,⚠高(荒),6,3-2-1 / 2-3-1 / 3-1-5 / 2-1-5 / 1-2-5 / 1-3-5,0.0144,1号笠 雅雄,3号廣瀬 将亨,2号若林 樹蘭,2.0,1.0,3-1-6,×,4300,-600,,,,,,,,
2026-09-10,若松,11,✅低(堅),4,1-5-6 / 1-6-5 / 1-5-3 / 5-1-6,0.0390,1号田中 和也,5号柴田 大輔,3号三川 昂暁,3.0,3.0,1-3-4,×,590,-400,,,,,,,,
2026-09-10,大村,11,✅低(堅),1,1-3-2,0.0116,1号馬場 貴也,2号石渡 鉄兵,3号佐々木 康幸,1.0,1.0,1-2-6,×,3120,-100,,,,,,,,
2026-09-10,桐生,12,✅低(堅),19,1-2-6 / 1-6-2 / 2-1-6 / 1-2-5 / 6-1-2 / 1-2-3 / 2-1-5 / 1-5-2 / 1-6-5 / 2-6-1 / 6-2-1 / 2-1-3 / 1-3-2 / 1-5-6 / 1-6-3 / 5-1-2 / 6-1-5 / 1-3-6 / 2-5-1,0.0499,1号山本 寛久,2号田村 隆信,6号笠原 亮,3.0,2.0,3-4-6,×,12280,-1900,,,,,,,,
2026-09-10,若松,12,✅低(堅),5,1-3-5 / 1-5-3 / 1-5-2 / 1-2-5 / 1-3-2,0.0242,1号若狭 奈美子,3号大瀧 明日香,2号片岡 恵里,2.0,2.0,1-3-2,○,590,90,,,,,,,,
2026-09-10,大村,12,✅低(堅),3,1-5-2 / 1-2-5 / 1-5-4,0.0151,1号上田 龍星,6号菅 章哉,5号桑原 悠,0.0,1.0,1-4-5,×,2740,-300,,,,,,,,
2026-09-10,芦屋,1,✅低(堅),13,1-6-4 / 1-6-3 / 1-6-5 / 1-4-6 / 1-6-2 / 6-1-4 / 1-3-6 / 6-1-5 / 6-1-3 / 6-1-2 / 1-2-6 / 4-1-6 / 3-1-6,0.0723,1号浜本 裕己,6号谷川 祐一,5号池 千夏,1.0,1.0,1-3-5,×,880,-1300,,,,,,,,
2026-09-10,鳴門,1,✅低(堅),6,1-4-6 / 1-4-5 / 1-5-4 / 1-6-4 / 1-5-6 / 1-6-5,0.0281,1号原田 佑実,4号西澤 日花里,3号樫葉 新心,2.0,2.0,4-5-2,×,18400,-600,,,,,,,,
2026-09-10,芦屋,2,△中,10,1-4-6 / 1-6-4 / 4-1-6 / 6-1-4 / 1-2-4 / 1-2-6 / 1-6-2 / 4-6-1 / 6-4-1 / 2-1-4,0.0429,1号野中 一平,4号西野 雄貴,2号津田 裕絵,1.0,1.0,1-4-2,×,930,-1000,,,,,,,,
2026-09-11,鳴門,2,⚠高(荒),13,1-6-5 / 6-1-3 / 6-1-2 / 6-1-5 / 1-5-6 / 1-6-2 / 1-6-3 / 6-3-1 / 3-6-1 / 3-1-6 / 5-1-6 / 2-1-6 / 6-2-1,0.0300,1号赤井 睦,6号前田 紗希,3号豊田 結,2.0,2.0,1-3-2,×,550,-1300,,,,,,,,
2026-09-11,芦屋,3,✅低(堅),5,1-5-4 / 1-5-6 / 1-4-5 / 1-6-5 / 5-1-4,0.0180,1号三嶌 誠司,3号宗行 治哉,5号鶴本 崇文,0.0,1.0,1-5-4,○,6380,5880,,,,,,,,
2026-09-11,鳴門,3,△中,13,1-3-6 / 3-1-6 / 1-6-3 / 1-3-5 / 6-1-3 / 1-3-4 / 3-6-1 / 6-3-1 / 1-5-3 / 1-4-3 / 1-6-5 / 3-1-4 / 1-5-6,0.0893,1号藤原 早菜,3号今井 美亜,6号浜田 亜理沙,1.0,1.0,3-2-6,×,3630,-1300,,,,,,,,
2026-09-11,芦屋,4,✅低(堅),0,,0.0000,1号下寺 秀和,5号鈴木 秀茉,3号田中 宏樹,0.0,1.0,1-2-3,×,540,,,,,,,,,
2026-09-11,鳴門,4,✅低(堅),14,1-4-5 / 1-4-2 / 1-5-4 / 1-2-4 / 1-4-6 / 1-6-4 / 1-5-2 / 1-5-6 / 1-2-5 / 1-6-5 / 1-2-6 / 1-6-2 / 4-1-5 / 4-1-6,0.0739,1号藤原 菜希,4号松尾 夏海,5号西岡 育未,1.0,1.0,1-2-5,○,1510,110,,,,,,,,
2026-09-11,芦屋,5,✅低(堅),6,1-6-5 / 1-5-6 / 6-1-5 / 5-1-6 / 6-5-1 / 5-6-1,0.0853,1号伊藤 喜智,6号仲谷 颯仁,5号井手 良太,0.0,1.0,6-5-1,○,1420,820,,,,,,,,
2026-09-11,戸田,1,🌊最高(大荒),19,1-5-4 / 5-1-4 / 1-4-5 / 1-5-2 / 5-1-2 / 4-1-5 / 1-2-5 / 1-5-6 / 5-4-1 / 4-5-1 / 5-1-6 / 2-1-5 / 5-2-1 / 1-6-5 / 2-5-1 / 1-4-2 / 1-2-4 / 4-1-2 / 5-6-1,0.0358,1号中村 裕将,5号富永 大一,4号細川 明人,0.0,0.0,1-3-4,×,4450,-1900,,,,,,,,
2026-09-11,尼崎,1,⚠高(荒),0,,0.0000,1号富永 夏哉人,3号坂口 周,2号佐藤 謙史朗,4.0,0.0,1-5-3,×,5170,,,,,,,,,
2026-09-11,鳴門,5,✅低(堅),5,1-5-6 / 1-6-5 / 5-1-6 / 1-6-3 / 6-1-5,0.0306,1号魚谷 香織,5号千葉 真弥,3号大豆生田 蒼,1.0,1.0,1-2-3,×,630,-500,,,,,,,,
2026-09-11,宮島,1,△中,3,2-1-3 / 2-3-1 / 3-2-1,0.0255,1号中田 友也,2号小宮 涼雅,3号大庭 元明,2.0,2.0,3-2-6,×,12440,-300,,,,,,,,
2026-09-11,芦屋,6,🌊最高(大荒),10,6-1-3 / 1-6-3 / 6-3-1 / 3-6-1 / 6-1-4 / 1-3-6 / 3-1-6 / 6-1-2 / 1-6-4 / 6-4-1,0.0568,1号池 千夏,6号君島 秀三,3号小林 遼太,0.0,1.0,5-3-6,×,6010,-1000,,,,,,,,
2026-09-11,尼崎,2,🌊最高(大荒),0,,0.0000,1号樋口 喜彦,4号加木 郁,5号井上 尚悟,4.0,0.0,2-3-4,×,2720,,,,,,,,,
2026-09-11,鳴門,6,🌊最高(大荒),8,1-6-5 / 1-5-6 / 6-1-5 / 5-1-6 / 1-5-4 / 1-4-5 / 1-5-2 / 1-2-5,0.0613,1号奥村 明日香,6号安井 瑞紀,4号加藤 奈月,1.0,1.0,6-1-2,×,2980,-800,,,,,,,,
2026-09-11,児島,1,✅低(堅),9,1-4-5 / 1-5-4 / 4-1-5 / 5-1-4 / 4-1-2 / 1-5-2 / 5-1-2 / 2-1-4 / 2-1-5,0.0275,1号松尾 充,4号中北 涼,2号上瀧 絢也,1.0,3.0,1-3-2,×,510,-900,,,,,,,,
2026-09-11,戸田,2,⚠高(荒),10,1-2-6 / 2-1-6 / 1-2-3 / 2-1-3 / 1-6-2 / 1-2-4 / 2-6-1 / 2-1-4 / 6-1-2 / 6-2-1,0.0425,1号竹腰 正樹,2号金田 智博,5号三浦 洋次朗,0.0,0.0,1-3-2,×,5120,-1000,,,,,,,,
2026-09-11,江戸川,1,🌊最高(大荒),4,1-6-3 / 1-3-6 / 6-1-3 / 3-1-6,0.0220,1号多羅尾 達之,6号横澤 剛治,3号鈴木 賢一,1.0,5.0,1-6-2,×,3260,-400,,,,,,,,
2026-09-11,多摩川,1,🌊最高(大荒),13,1-3-2 / 1-2-3 / 3-1-2 / 2-1-3 / 1-3-4 / 3-2-1 / 2-3-1 / 3-1-4 / 1-3-5 / 3-1-5 / 1-2-4 / 1-5-3 / 1-2-5,0.0576,1号一柳 和孝,3号一瀬 明,2号寺本 昇平,1.0,2.0,2-3-4,×,6700,-1300,,,,,,,,
2026-09-11,児島,2,🌊最高(大荒),0,,0.0000,1号木山 誠一,4号中山 将,2号森 陽多,1.0,3.0,4-2-1,×,18850,,,,,,,,,
2026-09-11,宮島,2,⚠高(荒),19,1-4-3 / 1-2-3 / 1-4-2 / 1-2-4 / 4-1-3 / 1-3-2 / 2-1-3 / 4-1-2 / 2-1-4 / 1-4-6 / 1-6-3 / 1-6-4 / 4-2-1 / 4-1-6 / 2-4-1 / 1-2-6 / 1-6-2 / 1-3-6 / 6-1-3,0.0298,1号後藤 浩,3号権藤 俊光,4号四宮 与寛,3.0,3.0,3-4-2,×,2000,-1900,,,,,,,,
2026-09-11,芦屋,7,🌊最高(大荒),0,,0.0000,1号伊藤 玲奈,2号田川 大貴,6号津田 裕絵,0.0,1.0,2-5-1,×,9890,,,,,,,,,
2026-09-11,多摩川,2,⚠高(荒),14,4-1-5 / 4-1-3 / 5-1-4 / 4-5-1 / 4-3-1 / 5-4-1 / 3-1-4 / 3-4-1 / 1-4-5 / 5-1-3 / 3-1-5 / 5-3-1 / 3-5-1 / 1-5-4,0.0273,1号大澤 大夢,4号北中 元樹,5号伊藤 誠二,0.0,2.0,3-4-1,○,4150,2750,,,,,,,,
2026-09-11,浜名湖,1,⚠高(荒),0,,0.0000,1号幸田 智裕,6号小森 信雄,3号岡崎 凪汰,0.0,0.0,1-4-5,×,2810,,,,,,,,,
2026-09-11,尼崎,3,⚠高(荒),0,,0.0000,1号齊藤 優,2号藤田 浩人,6号富永 修一,3.0,0.0,2-1-6,×,2150,,,,,,,,,
2026-09-11,鳴門,7,✅低(堅),10,1-4-2 / 1-4-3 / 1-4-5 / 1-2-4 / 1-5-4 / 1-4-6 / 4-1-2 / 4-1-5 / 1-6-4 / 4-1-3,0.0275,1号北村 寧々,4号中田 夕貴,3号前田 紗希,1.0,1.0,1-4-5,○,1520,520,,,,,,,,
2026-09-11,宮島,3,🌊最高(大荒),6,1-5-2 / 5-1-2 / 1-5-6 / 5-1-6 / 1-5-4 / 5-1-4,0.0372,1号鈴木 裕隆,5号小坂 宗司,2号上條 嘉嗣,4.0,4.0,1-2-5,×,1270,-600,,,,,,,,
2026-09-11,戸田,3,⚠高(荒),4,1-3-5 / 1-5-3 / 5-1-3 / 5-3-1,0.0296,3号青木 蓮,1号金子 貴志,6号山口 達也,1.0,1.0,6-3-5,×,6160,-400,,,,,,,,
2026-09-11,江戸川,2,△中,6,1-3-6 / 1-6-3 / 3-1-6 / 6-1-3 / 3-6-1 / 6-3-1,0.0966,1号平野 和明,3号古川 健,6号加藤 政彦,2.0,5.0,1-5-6,×,5260,-600,,,,,,,,
2026-09-11,児島,3,⚠高(荒),8,1-2-4 / 1-2-5 / 2-1-4 / 2-1-5 / 1-2-6 / 1-2-3 / 2-1-6 / 2-1-3,0.0646,1号滝川 真由子,2号和田 兼輔,4号後藤 翔之,1.0,1.0,2-4-1,×,2970,-800,,,,,,,,
2026-09-11,芦屋,8,⚠高(荒),9,1-2-6 / 1-6-2 / 2-1-6 / 1-2-3 / 1-6-3 / 2-1-3 / 6-1-2 / 1-3-2 / 1-3-6,0.0666,1号福島 陽子,2号中田 元泰,6号石川 真二,1.0,1.0,6-2-1,×,1650,-900,,,,,,,,
2026-09-11,多摩川,3,⚠高(荒),1,1-5-4,0.0104,1号鋤柄 貴俊,4号北村 征嗣,6号津久井 拓也,1.0,2.0,1-4-2,×,640,-100,,,,,,,,
2026-09-11,浜名湖,2,🌊最高(大荒),0,,0.0000,5号田路 朋史,3号向井田 佑紀,2号庄司 孝輔,0.0,0.0,1-4-5,×,6840,,,,,,,,,
2026-09-11,尼崎,4,⚠高(荒),14,1-2-4 / 1-4-2 / 1-2-5 / 2-1-4 / 1-5-2 / 1-4-5 / 4-1-2 / 1-5-4 / 2-1-5 / 4-1-5 / 5-1-2 / 2-4-1 / 4-2-1 / 5-1-4,0.0231,1号山川 雄大,2号岩崎 正哉,4号荒川 健太,4.0,0.0,2-3-4,×,12150,-1400,,,,,,,,
2026-09-11,鳴門,8,🌊最高(大荒),14,2-6-1 / 2-6-5 / 2-6-3 / 6-2-1 / 2-5-6 / 2-3-6 / 2-6-4 / 6-2-5 / 6-2-3 / 2-4-6 / 2-1-6 / 6-2-4 / 5-2-6 / 3-2-6,0.0311,2号浜田 亜理沙,6号豊田 結,1号西岡 成美,1.0,1.0,2-4-5,×,26530,-1400,,,,,,,,
2026-09-11,宮島,4,🌊最高(大荒),5,1-5-3 / 5-1-3 / 1-5-2 / 5-1-2 / 1-5-6,0.0525,1号中山 雄太,3号前田 聖文,5号丸尾 義孝,4.0,4.0,2-1-5,×,2720,-500,,,,,,,,
2026-09-11,戸田,4,🌊最高(大荒),6,2-1-4 / 1-2-4 / 2-4-1 / 4-2-1 / 1-4-2 / 4-1-2,0.0291,2号渡邉 俊介,1号板倉 敦史,5号岡部 大輝,1.0,1.0,2-3-5,×,1440,-600,,,,,,,,
2026-09-11,江戸川,3,🌊最高(大荒),0,,0.0000,3号山ノ内 雅人,5号黒崎 竜也,6号秦 英悟,2.0,5.0,3-2-6,×,2240,,,,,,,,,
2026-09-11,児島,4,△中,0,,0.0000,1号小池 哲也,4号古川 誠之,6号松山 将吾,0.0,1.0,1-4-2,×,1260,,,,,,,,,
2026-09-11,江戸川,4,🌊最高(大荒),4,4-6-1 / 6-4-1 / 4-1-6 / 6-1-4,0.0383,1号岡谷 健吾,4号松本 博昭,6号荒井 輝年,1.0,5.0,2-4-1,×,19130,-400,,,,,,,,
2026-09-11,多摩川,4,⚠高(荒),0,,0.0000,1号芹澤 克彦,4号佐藤 大介,2号田中 豪,1.0,2.0,3-2-5,×,9000,,,,,,,,,
2026-09-11,浜名湖,3,⚠高(荒),0,,0.0000,1号松田 竜馬,6号片橋 幸貴,2号為本 智也,0.0,0.0,1-2-4,×,940,,,,,,,,,
2026-09-11,尼崎,5,✅低(堅),12,1-6-5 / 6-1-5 / 1-5-6 / 1-6-2 / 6-1-2 / 5-1-6 / 1-6-4 / 6-1-4 / 6-5-1 / 6-1-3 / 5-6-1 / 1-2-6,0.1164,1号丸岡 正典,6号河村 了,5号富永 夏哉人,4.0,0.0,4-5-6,×,33410,-1200,,,,,,,,
2026-09-11,鳴門,9,⚠高(荒),14,1-4-5 / 1-5-4 / 4-1-5 / 1-4-3 / 5-1-4 / 1-4-2 / 1-5-3 / 1-2-4 / 1-5-2 / 4-5-1 / 5-4-1 / 1-3-4 / 4-1-2 / 4-1-3,0.0833,1号山崎 小葉音,4号原田 佑実,5号大豆生田 蒼,2.0,2.0,1-4-3,○,1070,-330,,,,,,,,
2026-09-11,児島,5,✅低(堅),0,,0.0000,1号渋谷 明憲,2号森永 淳,5号中嶋 達也,0.0,1.0,1-3-4,×,1920,,,,,,,,,
2026-09-11,宮島,5,✅低(堅),7,1-3-4 / 1-4-3 / 3-1-4 / 4-1-3 / 3-4-1 / 4-3-1 / 1-3-5,0.0656,1号清水 攻二,3号西野 翔太,4号櫻井 優,3.0,3.0,1-5-3,×,11050,-700,,,,,,,,
2026-09-11,芦屋,9,△中,7,1-3-2 / 1-2-3 / 3-1-2 / 2-1-3 / 3-2-1 / 2-3-1 / 2-1-4,0.0584,1号奈須 啓太,3号浜本 裕己,2号鈴木 秀茉,2.0,2.0,1-2-4,×,1640,-700,,,,,,,,
2026-09-11,戸田,5,✅低(堅),11,1-4-5 / 1-4-2 / 1-5-4 / 1-2-4 / 4-1-5 / 1-2-5 / 1-5-2 / 5-1-4 / 2-1-4 / 4-1-2 / 1-5-3,0.0368,1号山一 鉄也,4号小坂 尚哉,2号酒井 俊弘,0.0,0.0,4-5-6,×,3330,-1100,,,,,,,,
2026-09-11,浜名湖,4,✅低(堅),6,1-5-6 / 1-5-4 / 1-5-2 / 5-1-6 / 1-5-3 / 5-1-4,0.0607,1号石田 章央,6号雑賀 勇貴,4号長野 道臣,0.0,0.0,6-5-4,×,4590,-600,,,,,,,,
2026-09-11,尼崎,6,✅低(堅),2,1-3-4 / 3-1-4,0.0188,1号出畑 孝典,4号渡邊 雄一郎,3号守屋 大地,4.0,0.0,4-5-1,×,2290,-200,,,,,,,,
2026-09-11,芦屋,10,✅低(堅),4,5-1-3 / 5-3-1 / 3-1-5 / 3-5-1,0.0159,1号岡 祐臣,5号下寺 秀和,3号谷川 祐一,2.0,2.0,1-3-2,×,1180,-400,,,,,,,,
2026-09-11,戸田,6,⚠高(荒),11,1-2-5 / 1-5-2 / 2-1-5 / 5-1-2 / 5-2-1 / 1-5-3 / 1-3-5 / 2-5-1 / 5-1-3 / 1-3-2 / 3-1-5,0.0718,1号富澤 祐作,2号松崎 祐太郎,5号里岡 右貴,0.0,0.0,2-1-3,×,2270,-1100,,,,,,,,
2026-09-11,江戸川,5,🌊最高(大荒),14,4-5-1 / 5-4-1 / 5-1-4 / 4-1-5 / 4-3-1 / 5-1-3 / 3-4-1 / 5-3-1 / 3-5-1 / 4-5-3 / 3-1-5 / 4-3-5 / 5-4-3 / 3-4-5,0.0194,1号澤崎 雄哉,4号佐藤 航,5号山口 裕二,2.0,5.0,4-3-1,○,11930,10530,,,,,,,,
2026-09-11,多摩川,5,⚠高(荒),3,1-3-2 / 1-2-3 / 1-2-4,0.0121,1号冨田 秀幸,4号上村 純一,3号木田 峰由季,1.0,2.0,3-2-4,×,2500,-300,,,,,,,,
2026-09-11,鳴門,10,⚠高(荒),13,2-1-5 / 1-2-5 / 2-5-1 / 1-5-2 / 5-2-1 / 5-1-2 / 2-1-6 / 1-2-6 / 2-6-1 / 2-5-6 / 1-6-2 / 2-6-5 / 6-2-1,0.0263,2号今井 美亜,1号出口 舞有子,5号魚谷 香織,3.0,3.0,2-6-3,×,43360,-1300,,,,,,,,
2026-09-11,宮島,6,🌊最高(大荒),13,2-1-4 / 1-2-4 / 2-1-6 / 1-2-6 / 2-6-1 / 1-6-2 / 1-4-2 / 6-2-1 / 6-1-2 / 1-6-4 / 1-4-6 / 6-1-4 / 2-4-1,0.0426,2号田中 信一郎,1号堂原 洋史,4号松尾 拓,2.0,2.0,2-1-4,○,910,-390,,,,,,,,
2026-09-11,江戸川,6,⚠高(荒),7,6-1-4 / 4-1-6 / 6-4-1 / 1-4-6 / 4-6-1 / 1-6-4 / 4-1-3,0.0278,1号小川 知行,6号古田 祐貴,4号森作 雄大,2.0,5.0,4-1-2,×,5350,-700,,,,,,,,
2026-09-11,多摩川,6,✅低(堅),7,1-5-4 / 1-5-2 / 5-1-4 / 1-5-6 / 5-1-2 / 5-1-6 / 1-5-3,0.1093,1号大場 敏,5号一瀬 明,4号藤田 靖弘,1.0,2.0,1-5-6,○,3320,2620,,,,,,,,
2026-09-11,浜名湖,5,⚠高(荒),8,6-1-4 / 6-1-2 / 6-2-1 / 2-6-1 / 6-4-1 / 4-6-1 / 4-1-6 / 6-1-3,0.0253,1号星野 太郎,6号鈴木 孝明,2号倉尾 大介,1.0,1.0,6-1-5,×,11470,-800,,,,,,,,
2026-09-11,尼崎,7,△中,0,,0.0000,1号荒井 翔伍,4号前田 翔,3号加木 郁,3.0,0.0,1-4-3,×,860,,,,,,,,,
2026-09-11,児島,6,✅低(堅),0,,0.0000,1号永井 源,5号大澤 誠也,6号篠崎 元志,2.0,3.0,3-1-6,×,1860,,,,,,,,,
2026-09-11,宮島,7,△中,0,,0.0000,1号大串 重幸,4号森野 正弘,3号幸野 史明,2.0,2.0,1-4-6,×,1130,,,,,,,,,
2026-09-11,芦屋,11,△中,2,2-5-1 / 5-2-1,0.0192,1号秋山 広一,2号仲谷 颯仁,5号野中 一平,2.0,2.0,1-2-6,×,2200,-200,,,,,,,,
2026-09-11,戸田,7,✅低(堅),4,1-4-6 / 1-6-4 / 4-1-6 / 1-4-2,0.0430,1号藤原 啓史朗,5号金子 貴志,4号中村 裕将,1.0,1.0,1-2-5,×,870,-400,,,,,,,,
2026-09-11,浜名湖,6,🌊最高(大荒),0,,0.0000,1号武田 正紀,5号東本 勝利,3号田中 辰彦,1.0,1.0,2-3-5,×,1230,,,,,,,,,
2026-09-11,鳴門,11,✅低(堅),8,1-2-4 / 1-2-6 / 1-4-2 / 2-1-4 / 1-6-2 / 2-1-6 / 4-1-2 / 1-2-3,0.0535,1号安井 瑞紀,2号松尾 夏海,4号千葉 真弥,2.0,2.0,1-4-2,○,1270,470,,,,,,,,
2026-09-11,江戸川,7,🌊最高(大荒),0,,0.0000,6号黒崎 竜也,5号金児 隆太,3号山本 浩輔,2.0,5.0,2-6-1,×,9800,,,,,,,,,
2026-09-11,多摩川,7,✅低(堅),0,,0.0000,1号安達 裕樹,2号北中 元樹,5号永田 秀二,2.0,2.0,1-2-5,×,360,,,,,,,,,
2026-09-11,尼崎,8,△中,0,,0.0000,1号室田 泰史,6号金田 諭,2号荒川 健太,4.0,0.0,4-6-2,×,1700,,,,,,,,,
2026-09-11,児島,7,△中,7,1-6-2 / 1-6-5 / 1-6-3 / 6-1-2 / 6-1-5 / 6-1-3 / 1-6-4,0.0634,1号青木 幸太郎,6号末永 由楽,2号中北 涼,2.0,3.0,1-3-5,×,3140,-700,,,,,,,,
2026-09-11,芦屋,12,✅低(堅),13,1-4-3 / 1-3-4 / 1-4-2 / 4-1-3 / 1-4-5 / 3-1-4 / 1-4-6 / 1-2-4 / 4-1-2 / 4-1-6 / 1-5-4 / 4-1-5 / 2-1-4,0.0829,1号西野 雄貴,4号井手 良太,3号三嶌 誠司,2.0,2.0,1-2-4,○,800,-500,,,,,,,,
2026-09-11,戸田,8,⚠高(荒),18,1-6-3 / 1-3-6 / 1-6-2 / 6-1-3 / 1-2-6 / 6-1-2 / 3-1-6 / 6-3-1 / 2-1-6 / 3-6-1 / 6-2-1 / 2-6-1 / 1-6-4 / 1-6-5 / 6-1-4 / 1-4-6 / 6-1-5 / 1-5-6,0.0419,1号羽野 諒,6号入海 馨,3号山下 大輝,1.0,1.0,2-5-6,×,16800,-1800,,,,,,,,
2026-09-11,鳴門,12,✅低(堅),2,6-1-2 / 2-1-6,0.0108,1号大山 千広,3号田口 節子,2号小野 生奈,2.0,2.0,1-2-4,×,1260,-200,,,,,,,,
2026-09-11,宮島,8,⚠高(荒),0,,0.0000,1号佐竹 友樹,4号福田 翔吾,3号後藤 浩,2.0,2.0,1-6-2,×,2100,,,,,,,,,
2026-09-11,江戸川,8,🌊最高(大荒),16,1-5-2 / 5-1-4 / 1-2-5 / 1-5-4 / 5-1-2 / 5-4-1 / 1-5-3 / 2-1-5 / 4-5-1 / 1-5-6 / 5-1-3 / 5-1-6 / 4-1-5 / 5-2-1 / 2-5-1 / 1-3-5,0.0354,1号阿波 勝哉,5号荒井 輝年,4号岡谷 健吾,2.0,5.0,4-1-6,×,5680,-1600,,,,,,,,
2026-09-11,多摩川,8,⚠高(荒),14,1-3-2 / 1-2-3 / 3-1-2 / 2-1-3 / 3-2-1 / 1-3-5 / 2-3-1 / 3-1-5 / 1-5-3 / 1-2-5 / 1-3-4 / 1-5-2 / 5-1-3 / 3-5-1,0.1456,1号寺本 昇平,3号畑田 汰一,2号平田 健之佑,1.0,2.0,1-2-3,○,820,-580,,,,,,,,
2026-09-11,浜名湖,7,△中,6,1-5-3 / 5-1-3 / 1-5-4 / 5-1-4 / 1-5-2 / 1-3-4,0.0395,1号西舘 健,3号浜先 真範,5号杉山 裕也,0.0,0.0,3-5-2,×,1640,-600,,,,,,,,
2026-09-11,尼崎,9,△中,0,,0.0000,1号森定 晃史,6号小野寺 智洋,4号岩崎 正哉,2.0,0.0,1-4-2,×,1190,,,,,,,,,
2026-09-11,児島,8,🌊最高(大荒),0,,0.0000,1号渡邊 伸太郎,5号佐藤 右京,6号井上 大輔,4.0,3.0,1-5-3,×,7540,,,,,,,,,
2026-09-11,宮島,9,✅低(堅),0,,0.0000,1号小坂 宗司,4号堀本 和也,3号丸尾 義孝,1.0,1.0,1-4-3,×,690,,,,,,,,,
2026-09-11,戸田,9,△中,17,2-1-6 / 1-2-6 / 2-6-1 / 1-6-2 / 6-1-2 / 6-2-1 / 1-2-5 / 2-1-5 / 2-1-4 / 1-2-4 / 1-5-2 / 2-5-1 / 2-4-1 / 5-1-2 / 1-6-5 / 5-2-1 / 1-4-2,0.0768,1号是澤 孝宏,2号山崎 裕司,6号金田 智博,1.0,1.0,1-2-6,○,920,-780,,,,,,,,
2026-09-11,江戸川,9,🌊最高(大荒),0,,0.0000,4号山ノ内 雅人,3号佐藤 航,1号渡辺 豊,4.0,5.0,3-4-2,×,1880,,,,,,,,,
2026-09-11,浜名湖,8,✅低(堅),0,,0.0000,1号田路 朋史,4号守田 俊介,3号吉原 聖人,1.0,1.0,1-3-5,×,4180,,,,,,,,,
2026-09-11,児島,9,✅低(堅),17,1-6-5 / 1-6-3 / 1-6-2 / 1-5-6 / 1-3-6 / 1-2-6 / 1-6-4 / 1-4-6 / 6-1-5 / 1-5-2 / 1-2-5 / 6-1-2 / 6-1-3 / 1-2-3 / 1-3-2 / 5-1-6 / 2-1-6,0.0523,1号平田 さやか,6号古賀 智之,3号川崎 智稔,3.0,3.0,1-3-6,○,2010,310,,,,,,,,
2026-09-11,多摩川,9,✅低(堅),4,3-2-1 / 2-1-3 / 2-3-1 / 3-6-1,0.0149,1号吉川 昭男,3号伏田 裕隆,4号大澤 普司,1.0,2.0,1-4-6,×,1310,-400,,,,,,,,
2026-09-11,尼崎,10,✅低(堅),0,,0.0000,1号富永 修一,2号渡邊 雄一郎,3号藤田 浩人,3.0,0.0,3-4-2,×,25910,,,,,,,,,
2026-09-11,宮島,10,🌊最高(大荒),0,,0.0000,1号小黒 竜吾,2号権藤 俊光,5号東 潤樹,2.0,2.0,2-1-3,×,1490,,,,,,,,,
2026-09-11,戸田,10,△中,18,1-6-5 / 1-5-6 / 6-1-5 / 1-6-4 / 1-6-2 / 5-1-6 / 1-4-6 / 6-1-4 / 6-1-2 / 6-5-1 / 5-6-1 / 1-2-6 / 4-1-6 / 2-1-6 / 1-6-3 / 6-4-1 / 6-1-3 / 6-2-1,0.0682,1号大野 芳顕,6号江本 真治,5号松崎 祐太郎,1.0,1.0,1-6-2,○,6780,4980,,,,,,,,
2026-09-11,江戸川,10,🌊最高(大荒),19,3-1-2 / 3-2-1 / 2-3-1 / 2-1-3 / 1-3-2 / 3-1-6 / 1-2-3 / 3-2-6 / 3-6-1 / 2-3-6 / 3-6-2 / 6-3-1 / 6-3-2 / 2-6-3 / 2-1-6 / 6-2-3 / 2-6-1 / 6-2-1 / 6-1-3,0.0711,3号松本 博昭,1号加藤 政彦,2号山口 裕二,4.0,5.0,3-1-6,○,4380,2480,,,,,,,,
2026-09-11,多摩川,10,✅低(堅),0,,0.0000,1号伊藤 誠二,5号北村 征嗣,6号大崎 翔,1.0,2.0,1-2-3,×,1290,,,,,,,,,
2026-09-11,浜名湖,9,✅低(堅),0,,0.0000,1号山田 雄太,6号倉尾 大介,5号向井田 佑紀,2.0,1.0,4-3-1,×,67990,,,,,,,,,
2026-09-11,住之江,1,⚠高(荒),10,1-5-3 / 5-1-3 / 1-5-6 / 5-1-6 / 5-1-2 / 1-5-2 / 1-3-5 / 3-1-5 / 5-3-1 / 1-6-5,0.0172,1号吉永 浩則,5号市川 美宏,3号安部 慎一,2.0,1.0,3-4-1,×,18940,-1000,,,,,,,,
2026-09-11,児島,10,✅低(堅),0,,0.0000,1号松山 将吾,6号永井 源,3号渋谷 明憲,3.0,3.0,1-3-2,×,730,,,,,,,,,
2026-09-11,若松,1,🌊最高(大荒),13,1-2-5 / 1-5-2 / 1-3-5 / 2-1-5 / 1-5-3 / 5-1-2 / 3-1-5 / 5-1-3 / 2-5-1 / 5-2-1 / 3-5-1 / 1-5-4 / 5-3-1,0.0240,1号西原 明生,2号村松 将平,3号杉田 篤光,1.0,1.0,4-1-3,×,12280,-1300,,,,,,,,
2026-09-11,大村,1,✅低(堅),4,1-2-5 / 1-2-6 / 1-5-2 / 1-6-2,0.0126,1号北野 輝季,3号前原 大道,2号松本 純平,1.0,1.0,2-3-4,×,30350,-400,,,,,,,,
2026-09-11,戸田,11,✅低(堅),18,1-6-2 / 1-2-6 / 1-6-5 / 1-5-6 / 1-5-2 / 1-2-5 / 1-2-4 / 1-4-2 / 1-6-4 / 1-5-4 / 1-4-6 / 1-4-5 / 1-2-3 / 6-1-2 / 2-1-6 / 6-1-5 / 5-1-6 / 2-1-5,0.0327,1号青木 蓮,6号金子 賢志,3号竹腰 正樹,0.0,0.0,1-4-2,○,1360,-440,,,,,,,,
2026-09-11,江戸川,11,✅低(堅),6,1-5-3 / 1-3-5 / 1-5-2 / 1-2-5 / 1-2-3 / 1-3-2,0.0287,1号秦 英悟,3号森作 雄大,5号石渡 翔一郎,3.0,5.0,1-2-4,×,1350,-600,,,,,,,,
2026-09-11,浜名湖,10,✅低(堅),0,,0.0000,1号東本 勝利,4号庄司 孝輔,6号為本 智也,2.0,1.0,1-3-6,×,1160,,,,,,,,,
2026-09-11,住之江,2,🌊最高(大荒),17,1-6-4 / 1-4-6 / 6-1-4 / 1-6-5 / 1-6-2 / 6-1-5 / 4-1-6 / 1-2-6 / 6-1-2 / 1-5-6 / 1-4-5 / 6-4-1 / 1-5-4 / 5-1-6 / 4-6-1 / 1-4-2 / 2-1-6,0.0322,1号菊地 敬介,6号三宅 健太,3号市橋 卓士,2.0,1.0,3-1-2,×,4090,-1700,,,,,,,,
2026-09-11,尼崎,11,✅低(堅),14,1-2-6 / 1-6-2 / 1-4-6 / 1-6-4 / 6-1-2 / 1-4-2 / 2-1-6 / 1-6-3 / 1-3-6 / 1-4-3 / 1-3-4 / 1-3-2 / 4-1-6 / 6-1-4,0.0648,1号河村 了,2号前田 翔,4号坂口 周,2.0,0.0,1-2-5,×,1880,-1400,,,,,,,,
2026-09-11,宮島,11,✅低(堅),6,1-3-6 / 1-6-3 / 3-1-6 / 6-1-3 / 3-1-4 / 6-1-4,0.0243,1号西野 翔太,3号上條 嘉嗣,6号松尾 拓,2.0,2.0,1-4-2,×,1610,-600,,,,,,,,
2026-09-11,若松,2,⚠高(荒),7,1-2-4 / 2-1-4 / 1-2-3 / 1-2-5 / 2-1-3 / 2-1-5 / 1-2-6,0.0607,1号稲生 夏季,4号片岡 恵里,2号梶山 涼斗,2.0,2.0,1-2-4,○,1020,320,,,,,,,,
2026-09-11,大村,2,✅低(堅),17,1-6-3 / 1-3-6 / 1-6-5 / 1-3-5 / 1-5-6 / 1-5-3 / 3-1-6 / 6-1-3 / 1-6-4 / 1-5-4 / 1-4-5 / 3-1-5 / 6-1-5 / 1-4-6 / 5-1-3 / 5-1-6 / 6-1-4,0.0412,1号宮田 龍馬,3号須藤 博倫,6号原田 幸哉,1.0,1.0,1-4-5,○,2720,1020,,,,,,,,
2026-09-11,多摩川,11,✅低(堅),0,,0.0000,1号上村 純一,2号永田 秀二,6号柳橋 宏紀,0.0,2.0,1-4-2,×,1880,,,,,,,,,
2026-09-11,住之江,3,🌊最高(大荒),20,4-1-3 / 4-2-1 / 2-4-1 / 4-3-1 / 2-1-3 / 3-1-4 / 3-4-1 / 1-2-3 / 1-3-2 / 3-1-2 / 1-3-4 / 2-3-1 / 4-2-3 / 3-2-1 / 2-4-3 / 4-3-2 / 1-4-3 / 3-4-2 / 2-3-4 / 3-2-4,0.0226,1号西川 真人,4号畑 竜生,2号岡村 仁,1.0,1.0,3-1-6,×,34060,-2000,,,,,,,,
2026-09-11,尼崎,12,✅低(堅),19,1-3-4 / 1-3-6 / 1-4-3 / 1-6-3 / 1-4-6 / 1-6-4 / 1-3-5 / 3-1-4 / 3-1-6 / 4-1-3 / 1-5-3 / 6-1-3 / 1-4-5 / 1-6-5 / 1-5-4 / 4-1-6 / 6-1-4 / 1-5-6 / 1-4-2,0.0503,1号古結 宏,3号山田 哲也,4号深水 慎一郎,2.0,0.0,1-6-3,○,2830,930,,,,,,,,
2026-09-11,児島,11,✅低(堅),4,3-1-5 / 5-1-3 / 5-3-1 / 3-5-1,0.0492,1号篠崎 元志,5号森永 淳,3号後藤 翔之,4.0,3.0,1-3-2,×,720,-400,,,,,,,,
2026-09-11,大村,3,✅低(堅),16,1-5-6 / 1-5-4 / 1-6-5 / 1-4-5 / 5-1-6 / 5-1-4 / 6-1-5 / 4-1-5 / 1-6-4 / 1-4-6 / 5-6-1 / 6-5-1 / 5-4-1 / 6-1-4 / 4-1-6 / 4-5-1,0.0574,1号中野 次郎,5号菅 章哉,6号辻 栄蔵,1.0,1.0,4-6-3,×,25310,-1600,,,,,,,,
2026-09-11,戸田,12,✅低(堅),7,1-5-4 / 1-4-5 / 1-5-6 / 1-6-5 / 1-5-3 / 1-6-4 / 1-3-5,0.0223,1号小坂 尚哉,2号里岡 右貴,4号藤原 啓史朗,0.0,0.0,3-2-1,×,10550,-700,,,,,,,,
2026-09-11,江戸川,12,✅低(堅),14,1-4-2 / 1-4-5 / 1-4-6 / 1-4-3 / 4-1-2 / 1-5-4 / 1-6-4 / 4-1-5 / 1-3-4 / 4-1-6 / 4-1-3 / 5-1-4 / 6-1-4 / 1-6-2,0.0803,1号三角 哲男,4号岩瀬 裕亮,2号茅原 悠紀,2.0,5.0,3-1-4,×,6220,-1400,,,,,,,,
2026-09-11,浜名湖,11,✅低(堅),0,,0.0000,1号篠田 優也,5号樋口 亮,6号田中 辰彦,1.0,1.0,1-2-6,×,840,,,,,,,,,
2026-09-11,宮島,12,✅低(堅),2,1-4-6 / 1-6-4,0.0212,1号森野 正弘,4号田中 信一郎,6号前田 聖文,1.0,1.0,1-4-3,×,1360,-200,,,,,,,,
2026-09-11,若松,3,🌊最高(大荒),3,1-6-4 / 1-6-3 / 1-4-6,0.0131,1号寺島 美里,6号今垣 光太郎,4号小林 一樹,2.0,2.0,1-4-3,×,6510,-300,,,,,,,,
2026-09-11,多摩川,12,✅低(堅),12,1-3-6 / 1-3-2 / 1-6-3 / 1-2-3 / 1-3-5 / 1-3-4 / 1-5-3 / 3-1-6 / 1-4-3 / 3-1-2 / 6-1-3 / 3-1-5,0.0640,1号佐藤 大介,3号大場 敏,6号畑田 汰一,2.0,2.0,1-3-4,○,1360,160,,,,,,,,
2026-09-11,住之江,4,⚠高(荒),11,4-1-6 / 1-4-6 / 1-6-4 / 4-6-1 / 6-1-4 / 6-4-1 / 4-1-5 / 4-1-2 / 1-4-2 / 4-5-1 / 4-6-5,0.0442,1号島田 一生,4号渡邉 英児,6号吉川 喜継,2.0,1.0,3-4-1,×,15920,-1100,,,,,,,,
2026-09-11,児島,12,△中,12,1-5-4 / 5-1-3 / 5-1-4 / 1-5-3 / 1-4-5 / 5-3-1 / 4-1-5 / 5-4-1 / 3-5-1 / 4-5-1 / 5-1-2 / 1-5-2,0.0304,1号末永 由楽,5号和田 兼輔,3号森高 一真,4.0,3.0,1-3-4,×,790,-1200,,,,,,,,
2026-09-11,若松,4,⚠高(荒),0,,0.0000,1号渡辺 千草,4号上平 真二,6号松尾 昂明,2.0,2.0,2-4-3,×,3230,,,,,,,,,
2026-09-11,大村,4,✅低(堅),13,1-4-6 / 1-6-4 / 4-1-6 / 6-1-4 / 1-4-3 / 1-6-3 / 1-3-6 / 1-3-4 / 4-6-1 / 6-4-1 / 6-1-3 / 4-1-3 / 3-1-6,0.0451,1号村上 遼,4号西橋 奈未,6号桑原 悠,1.0,1.0,4-1-6,○,12340,11040,,,,,,,,
2026-09-11,浜名湖,12,✅低(堅),8,2-1-3 / 2-1-4 / 1-2-3 / 2-3-1 / 3-2-1 / 1-2-4 / 2-4-1 / 2-1-5,0.0439,1号守田 俊介,2号鈴木 孝明,3号石田 章央,0.0,0.0,5-6-1,×,36730,-800,,,,,,,,
2026-09-11,住之江,5,✅低(堅),2,6-1-2 / 2-1-6,0.0199,1号今井 貴士,6号照屋 厚仁,5号伊達 正利,3.0,1.0,1-3-2,×,1080,-200,,,,,,,,
2026-09-11,若松,5,✅低(堅),0,,0.0000,1号井内 将太郎,2号中辻 博訓,3号佐藤 旭,3.0,3.0,1-3-2,×,780,,,,,,,,,
2026-09-11,大村,5,✅低(堅),7,1-2-6 / 1-2-4 / 1-6-2 / 1-4-2 / 2-1-6 / 2-1-4 / 6-1-2,0.0795,1号下條 雄太郎,2号飛田 江己,3号上田 龍星,1.0,1.0,1-5-3,×,7400,-700,,,,,,,,
2026-09-11,住之江,6,⚠高(荒),9,6-1-3 / 1-6-3 / 3-1-6 / 6-3-1 / 3-6-1 / 6-1-2 / 1-6-2 / 2-1-6 / 6-2-1,0.0419,1号中越 博紀,6号宮脇 遼太,3号川崎 智幸,1.0,1.0,1-6-2,○,2450,1550,,,,,,,,
2026-09-11,若松,6,△中,8,1-6-2 / 1-2-6 / 1-6-5 / 1-5-6 / 1-2-5 / 1-5-2 / 6-1-4 / 1-6-4,0.0159,1号濱崎 直矢,4号大須賀 友,5号三川 昂暁,2.0,2.0,1-4-2,×,990,-800,,,,,,,,
2026-09-11,大村,6,✅低(堅),4,1-2-5 / 1-5-2 / 2-1-5 / 5-1-2,0.0301,1号西岡 顕心,2号菅 章哉,5号船岡 洋一郎,1.0,1.0,2-5-4,×,3840,-400,,,,,,,,
2026-09-11,住之江,7,🌊最高(大荒),11,4-1-3 / 4-3-1 / 3-4-1 / 3-1-4 / 4-1-5 / 4-3-5 / 4-5-1 / 3-4-5 / 4-5-3 / 5-4-1 / 5-4-3,0.0823,4号井上 忠政,1号黒田 誠司,3号武田 光史,0.0,1.0,4-2-3,×,5700,-1100,,,,,,,,
2026-09-11,若松,7,✅低(堅),15,1-5-6 / 1-6-5 / 1-5-3 / 1-3-5 / 1-5-2 / 1-6-3 / 1-5-4 / 5-1-6 / 6-1-5 / 1-3-6 / 1-4-5 / 5-1-3 / 1-6-4 / 1-4-6 / 3-1-5,0.0721,1号嶋 義信,5号森口 和紀,6号田中 和也,1.0,1.0,1-5-4,○,3370,1870,,,,,,,,
2026-09-11,大村,7,✅低(堅),12,1-2-6 / 1-2-4 / 1-4-2 / 1-6-2 / 1-4-6 / 1-6-4 / 2-1-6 / 6-1-2 / 2-1-4 / 4-1-6 / 4-1-2 / 6-1-4,0.0497,1号高憧 四季,2号西橋 奈未,4号永井 彪也,1.0,1.0,2-3-1,×,6480,-1200,,,,,,,,
2026-09-11,住之江,8,🌊最高(大荒),10,5-1-4 / 5-1-3 / 5-2-1 / 5-3-1 / 5-2-3 / 5-2-4 / 5-1-2 / 5-3-2 / 1-5-4 / 5-4-1,0.0145,5号中村 日向,1号市川 美宏,2号植田 太一,0.0,1.0,1-5-3,×,2800,-1000,,,,,,,,
2026-09-11,若松,8,✅低(堅),8,1-3-2 / 3-1-2 / 1-2-3 / 2-1-3 / 3-2-1 / 2-3-1 / 3-1-4 / 1-3-4,0.0734,1号大瀧 明日香,3号藤田 竜弘,2号小林 一樹,3.0,3.0,1-2-3,○,560,-240,,,,,,,,
2026-09-11,大村,8,✅低(堅),7,1-6-2 / 1-2-6 / 1-6-4 / 6-1-2 / 2-1-6 / 6-1-4 / 1-4-6,0.0286,1号原田 幸哉,6号村上 遼,5号重木 輝彦,2.0,1.0,1-6-5,×,8530,-700,,,,,,,,
2026-09-11,住之江,9,△中,15,1-4-6 / 4-1-2 / 4-1-6 / 1-6-4 / 1-4-2 / 1-4-5 / 6-1-4 / 4-2-1 / 4-1-5 / 4-1-3 / 2-4-1 / 4-6-1 / 1-5-4 / 2-1-4 / 6-4-1,0.0677,1号小林 泰,4号中嶋 健一郎,2号福田 宗平,1.0,1.0,2-4-1,○,4710,3210,,,,,,,,
2026-09-11,若松,9,✅低(堅),10,1-2-5 / 1-5-2 / 5-1-2 / 2-1-5 / 1-2-4 / 1-4-2 / 1-2-6 / 2-1-4 / 5-2-1 / 2-5-1,0.0361,1号岡崎 恭裕,5号寺島 美里,2号本田 愛,4.0,4.0,1-4-5,×,1900,-1000,,,,,,,,
2026-09-11,大村,9,✅低(堅),14,1-2-3 / 1-3-2 / 1-3-6 / 1-2-6 / 1-6-3 / 1-6-2 / 2-1-3 / 3-1-2 / 1-2-4 / 1-6-5 / 1-5-6 / 3-1-6 / 2-1-6 / 1-2-5,0.0403,1号西山 貴浩,3号杉山 正樹,2号松田 大志郎,2.0,1.0,1-2-3,○,700,-700,,,,,,,,
2026-09-11,住之江,10,✅低(堅),6,3-1-5 / 1-5-3 / 5-1-3 / 3-1-6 / 1-3-5 / 1-5-6,0.0156,1号高田 明,3号照屋 厚仁,2号大塚 康雅,0.0,1.0,1-4-3,×,3930,-600,,,,,,,,
2026-09-11,若松,10,△中,0,,0.0000,1号片岡 恵里,4号若狭 奈美子,6号柴田 大輔,5.0,5.0,1-3-2,×,3570,,,,,,,,,
2026-09-11,大村,10,✅低(堅),13,1-6-3 / 1-3-6 / 1-6-5 / 1-5-6 / 1-6-2 / 1-5-3 / 1-3-5 / 6-1-3 / 3-1-6 / 1-6-4 / 6-1-5 / 5-1-6 / 1-4-6,0.0269,1号久田 敏之,2号毒島 誠,3号山田 康二,2.0,1.0,2-3-1,×,5490,-1300,,,,,,,,
2026-09-11,住之江,11,✅低(堅),7,1-2-4 / 1-4-2 / 2-1-4 / 4-1-2 / 1-4-6 / 1-2-6 / 1-6-4,0.0445,1号和田 拓也,2号渡邉 英児,4号大場 恒季,0.0,1.0,1-2-4,○,690,-10,,,,,,,,
2026-09-11,若松,11,✅低(堅),12,1-5-4 / 1-4-5 / 1-5-2 / 1-4-2 / 1-2-5 / 1-2-4 / 1-4-3 / 1-5-3 / 5-1-4 / 4-1-5 / 1-3-4 / 1-3-5,0.0747,1号大須賀 友,5号中辻 博訓,4号梶山 涼斗,5.0,5.0,1-2-3,×,1330,-1200,,,,,,,,
2026-09-11,大村,11,✅低(堅),9,1-2-6 / 1-6-2 / 1-2-3 / 2-1-6 / 2-1-3 / 1-6-3 / 1-2-5 / 6-1-2 / 1-3-6,0.0348,1号馬場 貴也,2号赤坂 俊輔,3号黒野 元基,1.0,1.0,1-3-2,×,670,-900,,,,,,,,
2026-09-11,住之江,12,✅低(堅),14,1-4-6 / 1-6-4 / 1-6-5 / 1-6-3 / 1-5-6 / 1-4-5 / 1-3-6 / 1-5-4 / 4-1-6 / 1-6-2 / 6-1-4 / 1-2-6 / 6-1-5 / 6-1-3,0.0474,1号井上 忠政,4号中村 日向,6号岡村 仁,4.0,2.0,3-4-2,×,40420,-1400,,,,,,,,
2026-09-11,若松,12,✅低(堅),0,,0.0000,1号上平 真二,3号嶋 義信,6号藤田 竜弘,3.0,3.0,1-3-2,×,490,,,,,,,,,
2026-09-11,大村,12,✅低(堅),23,1-6-5 / 1-5-6 / 1-6-2 / 1-2-6 / 1-6-4 / 1-4-6 / 1-5-2 / 1-2-5 / 1-5-4 / 1-4-5 / 1-2-4 / 1-4-2 / 6-1-5 / 5-1-6 / 6-1-2 / 2-1-6 / 6-1-4 / 5-1-2 / 4-1-6 / 2-1-5 / 5-1-4 / 4-1-5 / 2-1-4,0.0315,1号瓜生 正義,2号永井 彪也,6号高憧 四季,1.0,1.0,1-6-3,×,14260,-2300,,,,,,,,
2026-09-12,芦屋,2,△中,6,1-3-4 / 3-1-4 / 1-4-3 / 4-1-3 / 3-4-1 / 4-3-1,0.0413,1号井手 良太,4号君島 秀三,3号岡部 大輔,2.0,2.0,1-2-4,×,2240,-600,,,,,,,,
2026-09-12,三国,3,✅低(堅),17,1-6-4 / 1-4-6 / 1-6-5 / 1-4-5 / 1-5-6 / 1-5-4 / 1-6-3 / 1-5-3 / 1-3-5 / 1-3-6 / 6-1-4 / 4-1-6 / 6-1-5 / 4-1-5 / 5-1-6 / 5-1-4 / 6-1-3,0.0414,1号高岡 竜也,4号宮武 英司,6号高橋 英之,1.0,1.0,2-1-5,×,12210,-1700,,,,,,,,
2026-09-12,三国,4,✅低(堅),12,1-6-4 / 1-6-5 / 1-5-6 / 1-4-6 / 6-1-4 / 1-6-3 / 6-1-5 / 5-1-6 / 1-3-6 / 4-1-6 / 6-1-3 / 1-6-2,0.0716,1号若林 義人,6号亀山 雅幸,4号長野 壮志郎,2.0,2.0,1-4-3,×,820,-1200,,,,,,,,
2026-09-12,三国,5,✅低(堅),20,1-6-3 / 1-3-6 / 1-6-2 / 6-1-3 / 1-2-6 / 1-3-2 / 3-1-6 / 1-2-3 / 1-6-5 / 6-1-2 / 1-3-5 / 1-5-6 / 2-1-6 / 3-1-2 / 1-5-3 / 6-1-5 / 6-3-1 / 2-1-3 / 3-6-1 / 1-2-5,0.0851,1号佐藤 悠,6号尾上 雅也,3号石川 諒,2.0,2.0,1-6-4,×,3140,-2000,,,,,,,,
2026-09-12,芦屋,3,✅低(堅),4,1-5-3 / 5-1-3 / 1-4-3 / 1-5-4,0.0192,1号田中 宏樹,3号西野 雄貴,5号中田 元泰,2.0,2.0,3-1-4,×,2270,-400,,,,,,,,
2026-09-12,芦屋,4,✅低(堅),13,1-5-6 / 1-6-5 / 1-6-2 / 1-2-6 / 1-5-2 / 1-6-3 / 1-6-4 / 1-2-5 / 1-4-6 / 5-1-6 / 6-1-5 / 1-5-4 / 6-1-2,0.0301,1号仲谷 颯仁,3号秋山 広一,5号宗行 治哉,3.0,3.0,1-3-2,×,980,-1300,,,,,,,,
2026-09-12,多摩川,7,✅低(堅),10,1-3-6 / 1-3-4 / 1-3-5 / 1-6-3 / 1-5-3 / 3-1-4 / 3-1-6 / 1-4-3 / 3-1-5 / 6-1-3,0.0444,1号佐藤 大介,3号大澤 大夢,4号田中 堅,3.0,2.0,1-3-6,○,810,-190,,,,,,,,
2026-09-12,多摩川,8,⚠高(荒),7,1-3-4 / 1-4-3 / 3-1-4 / 1-3-2 / 4-1-3 / 1-4-2 / 1-3-6,0.0947,1号平田 健之佑,3号津久井 拓也,4号芝田 京介,4.0,2.0,1-3-2,○,360,-340,,,,,,,,
2026-09-12,多摩川,9,🌊最高(大荒),7,6-1-3 / 6-1-5 / 6-3-1 / 1-6-5 / 6-5-1 / 1-6-3 / 3-6-1,0.0211,6号北中 元樹,1号伊藤 雄二,3号柳橋 宏紀,2.0,2.0,6-1-5,○,8240,7540,,,,,,,,
2026-09-12,多摩川,10,△中,2,6-4-1 / 4-6-1,0.0130,6号伏田 裕隆,1号吉川 昭男,4号畑田 汰一,1.0,2.0,2-1-4,×,6040,-200,,,,,,,,
2026-09-12,多摩川,11,✅低(堅),19,1-4-6 / 1-6-4 / 4-1-6 / 1-6-2 / 6-1-4 / 1-6-5 / 1-5-6 / 1-6-3 / 6-1-2 / 1-3-6 / 1-2-6 / 2-1-6 / 4-1-5 / 1-4-5 / 6-1-5 / 4-6-1 / 1-5-4 / 6-4-1 / 6-1-3,0.0309,1号安達 裕樹,4号一瀬 明,2号田中 豪,2.0,2.0,3-1-2,×,4860,-1900,,,,,,,,
2026-09-12,多摩川,12,△中,8,1-2-4 / 1-2-3 / 1-4-2 / 1-2-5 / 1-2-6 / 1-5-2 / 1-3-5 / 1-5-3,0.0194,1号梶野 学志,3号大澤 普司,2号大崎 翔,2.0,2.0,1-4-3,×,2260,-800,,,,,,,,
2026-09-12,浜名湖,6,⚠高(荒),7,3-1-4 / 3-1-6 / 3-4-1 / 3-6-1 / 1-3-4 / 3-6-4 / 3-4-6,0.0185,3号杉山 裕也,1号松本 庸平,6号守田 俊介,3.0,1.0,3-1-4,○,1540,840,,,,,,,,
2026-09-12,浜名湖,7,⚠高(荒),18,4-6-3 / 6-4-3 / 4-3-6 / 6-3-4 / 3-4-6 / 3-6-4 / 4-6-5 / 6-4-5 / 4-6-1 / 6-4-1 / 4-6-2 / 6-4-2 / 4-5-6 / 6-5-4 / 4-1-6 / 6-1-4 / 4-2-6 / 6-2-4,0.0442,4号東本 勝利,6号石田 章央,3号渡辺 真至,3.0,1.0,1-6-3,×,27130,-1800,,,,,,,,
2026-09-12,浜名湖,8,✅低(堅),8,1-4-6 / 1-4-2 / 4-1-6 / 4-1-2 / 1-4-3 / 1-2-4 / 1-6-4 / 4-1-3,0.0806,1号庄司 孝輔,4号鈴木 孝明,6号日笠 勝弘,3.0,1.0,4-5-3,×,8680,-800,,,,,,,,
2026-09-12,浜名湖,9,✅低(堅),17,1-4-6 / 1-4-5 / 1-6-4 / 1-5-4 / 1-4-3 / 1-6-5 / 1-5-6 / 4-1-6 / 4-1-5 / 4-1-3 / 6-1-4 / 5-1-4 / 1-6-3 / 1-5-3 / 6-1-5 / 5-1-6 / 6-1-3,0.0193,1号井上 恵一,3号中村 魁生,4号梅木 敬太,3.0,1.0,3-1-4,×,1140,-1700,,,,,,,,
2026-09-12,浜名湖,10,✅低(堅),15,1-6-2 / 6-1-2 / 1-2-6 / 1-6-3 / 1-6-5 / 1-6-4 / 1-3-6 / 1-5-6 / 6-1-3 / 6-1-5 / 1-4-6 / 6-1-4 / 3-1-6 / 5-1-6 / 6-2-1,0.1054,1号丹下 将,6号田路 朋史,2号浜先 真範,3.0,1.0,1-2-6,○,1090,-410,,,,,,,,
2026-09-12,浜名湖,11,✅低(堅),7,1-4-6 / 1-6-4 / 4-1-6 / 1-4-5 / 1-4-2 / 6-1-4 / 4-1-5,0.0538,1号田中 辰彦,4号山田 雄太,3号守田 俊介,3.0,1.0,1-2-4,×,2170,-700,,,,,,,,
2026-09-12,浜名湖,12,✅低(堅),9,1-6-2 / 1-2-6 / 1-6-4 / 1-4-6 / 6-1-2 / 2-1-6 / 6-1-4 / 1-6-3 / 1-2-4,0.0591,1号鈴木 孝明,2号東本 勝利,6号杉山 裕也,3.0,1.0,1-2-3,×,1240,-900,,,,,,,,
2026-09-12,住之江,1,⚠高(荒),6,1-4-3 / 1-3-4 / 4-1-3 / 3-1-4 / 4-3-1 / 3-4-1,0.0538,1号伊達 正利,3号三宅 健太,4号小林 泰,2.0,1.0,1-3-4,○,790,190,,,,,,,,
2026-09-12,住之江,2,🌊最高(大荒),6,1-5-6 / 1-4-6 / 1-6-5 / 1-6-4 / 5-1-6 / 4-1-6,0.0181,1号岸蔭 亮,5号植田 太一,4号大塚 康雅,2.0,1.0,4-3-5,×,5780,-600,,,,,,,,
2026-09-12,住之江,3,⚠高(荒),12,1-5-6 / 1-6-5 / 5-1-6 / 6-1-5 / 5-6-1 / 6-5-1 / 1-6-2 / 1-2-6 / 1-6-4 / 1-4-6 / 6-1-2 / 2-1-6,0.0361,1号若林 麗,5号大場 恒季,2号山本 浩次,2.0,1.0,4-5-1,×,2430,-1200,,,,,,,,
2026-09-12,住之江,4,🌊最高(大荒),7,5-2-3 / 2-5-3 / 3-2-5 / 2-3-5 / 5-3-2 / 3-5-2 / 5-3-1,0.0152,2号中嶋 健一郎,1号赤峰 和也,5号武田 光史,0.0,1.0,1-5-4,×,18690,-700,,,,,,,,
2026-09-12,住之江,5,✅低(堅),6,1-6-5 / 1-5-6 / 6-1-5 / 1-6-2 / 5-1-6 / 6-1-2,0.0760,1号福田 宗平,6号高田 明,5号西川 真人,2.0,1.0,1-5-3,×,8500,-600,,,,,,,,
2026-09-12,住之江,6,⚠高(荒),11,5-1-6 / 5-6-1 / 6-5-1 / 1-5-6 / 6-1-5 / 1-6-5 / 5-6-3 / 5-6-2 / 5-3-6 / 6-5-3 / 5-6-4,0.0379,5号和田 拓也,1号大谷 健太,6号小林 泰,2.0,1.0,5-6-4,○,6040,4940,,,,,,,,
2026-09-12,住之江,7,⚠高(荒),2,4-2-1 / 2-4-1,0.0301,1号大谷 直弘,4号岡村 仁,2号川崎 智幸,2.0,1.0,5-1-6,×,56920,-200,,,,,,,,
2026-09-12,若松,1,🌊最高(大荒),17,1-4-6 / 1-6-4 / 4-1-6 / 1-4-2 / 6-1-4 / 1-4-5 / 1-6-2 / 1-2-6 / 1-5-4 / 4-1-5 / 1-2-4 / 4-6-1 / 6-4-1 / 6-1-2 / 1-6-5 / 1-5-6 / 2-1-6,0.0641,1号金子 順一,4号本田 愛,6号渡辺 千草,2.0,2.0,2-1-6,○,1650,-50,,,,,,,,
2026-09-12,若松,2,⚠高(荒),15,1-4-5 / 1-5-4 / 4-1-5 / 1-4-2 / 1-2-5 / 1-2-4 / 4-1-2 / 1-4-3 / 4-5-1 / 1-5-2 / 2-1-4 / 1-3-4 / 2-1-5 / 4-1-3 / 1-4-6,0.1008,1号荻野 裕介,5号井内 将太郎,4号村松 将平,3.0,3.0,1-2-3,×,2780,-1500,,,,,,,,
2026-09-12,若松,3,🌊最高(大荒),18,1-5-6 / 1-3-6 / 1-3-5 / 1-3-4 / 1-6-5 / 1-6-3 / 5-1-6 / 3-1-6 / 1-4-3 / 3-1-5 / 3-1-4 / 6-1-5 / 6-1-3 / 4-1-3 / 1-4-6 / 5-6-1 / 1-6-4 / 3-6-1,0.0227,1号大田 直弥,5号田中 和也,3号片岡 恵里,2.0,2.0,5-2-3,×,4840,-1800,,,,,,,,
2026-09-12,若松,4,🌊最高(大荒),15,6-5-1 / 5-6-1 / 6-1-5 / 5-1-6 / 6-5-2 / 6-5-4 / 1-5-6 / 6-5-3 / 5-6-2 / 1-6-5 / 6-2-5 / 5-6-4 / 6-4-5 / 5-6-3 / 6-3-5,0.0729,6号岡崎 恭裕,1号森口 和紀,5号村松 修二,2.0,2.0,6-3-5,○,9990,8490,,,,,,,,
2026-09-12,若松,5,✅低(堅),8,1-4-3 / 1-3-4 / 1-4-6 / 4-1-3 / 3-1-4 / 1-4-5 / 1-6-4 / 1-3-6,0.0405,1号今垣 光太郎,4号大瀧 明日香,3号柴田 大輔,2.0,2.0,1-4-2,×,990,-800,,,,,,,,
2026-09-12,若松,6,△中,9,1-6-4 / 6-1-4 / 1-4-6 / 4-1-6 / 1-6-5 / 6-4-1 / 6-1-5 / 4-6-1 / 1-5-6,0.0572,1号三川 昂暁,6号大須賀 友,3号中辻 博訓,2.0,2.0,1-3-2,×,1350,-900,,,,,,,,
2026-09-12,若松,7,✅低(堅),14,1-3-2 / 1-3-4 / 1-3-5 / 1-3-6 / 1-2-3 / 1-4-3 / 1-5-3 / 1-6-3 / 1-2-4 / 1-2-5 / 1-2-6 / 1-4-2 / 1-5-2 / 1-6-2,0.0519,1号若狭 奈美子,3号上平 真二,2号花田 凱成,2.0,2.0,1-3-5,○,490,-910,,,,,,,,
2026-09-12,大村,1,✅低(堅),11,1-2-4 / 1-2-5 / 1-4-2 / 1-2-6 / 1-5-2 / 1-2-3 / 1-3-2 / 2-1-4 / 1-6-2 / 2-1-5 / 2-1-6,0.0450,1号河合 佑樹,2号重木 輝彦,4号村上 遼,1.0,1.0,4-1-2,×,3220,-1100,,,,,,,,
2026-09-12,大村,2,✅低(堅),18,1-5-4 / 1-5-6 / 1-4-5 / 1-6-5 / 5-1-4 / 5-1-6 / 1-4-6 / 1-6-4 / 4-1-5 / 6-1-5 / 1-5-2 / 4-1-6 / 6-1-4 / 1-5-3 / 5-4-1 / 4-5-1 / 5-6-1 / 6-5-1,0.0812,1号杉山 正樹,5号西橋 奈未,4号松本 純平,1.0,1.0,5-2-4,×,58830,-1800,,,,,,,,
2026-09-12,大村,3,✅低(堅),11,1-5-6 / 1-6-5 / 1-5-3 / 1-3-5 / 1-6-3 / 5-1-6 / 1-5-4 / 1-3-6 / 6-1-5 / 5-1-3 / 1-5-2,0.0371,1号石橋 道友,5号北野 輝季,3号飛田 江己,1.0,1.0,1-3-6,○,1970,870,,,,,,,,
2026-09-12,大村,4,✅低(堅),15,1-6-5 / 1-6-4 / 1-5-6 / 6-1-5 / 6-1-4 / 1-6-2 / 6-1-2 / 5-1-6 / 1-4-6 / 4-1-6 / 6-5-1 / 1-6-3 / 6-1-3 / 5-6-1 / 6-4-1,0.0567,1号石渡 鉄兵,6号桑原 悠,5号中村 泰平,1.0,1.0,1-2-3,×,700,-1500,,,,,,,,
2026-09-12,大村,5,✅低(堅),4,1-5-3 / 1-5-4 / 5-1-3 / 5-1-4,0.0172,1号若林 将,5号菅 章哉,4号赤坂 俊輔,1.0,1.0,5-6-4,×,14100,-400,,,,,,,,
2026-09-12,大村,6,✅低(堅),4,1-4-6 / 1-6-4 / 1-4-5 / 1-6-5,0.0154,1号上野 真之介,4号重木 輝彦,3号深谷 知博,1.0,1.0,1-6-5,○,4920,4520,,,,,,,,
2026-09-12,若松,12,△中,19,1-5-6 / 1-6-5 / 5-1-6 / 1-5-2 / 6-1-5 / 1-5-3 / 1-5-4 / 1-6-3 / 5-1-3 / 5-1-2 / 1-3-6 / 5-1-4 / 1-6-4 / 1-6-2 / 5-6-1 / 1-2-5 / 1-4-6 / 1-2-6 / 6-5-1,0.0436,1号中辻 博訓,5号上平 真二,3号今垣 光太郎,3.0,3.0,1-2-4,×,1350,-1900,,,,,,,,
2026-09-12,大村,11,✅低(堅),10,1-6-3 / 1-6-2 / 1-3-6 / 1-6-5 / 1-6-4 / 1-5-6 / 1-4-6 / 1-2-6 / 6-1-2 / 6-1-3,0.0290,1号久田 敏之,2号上條 暢嵩,6号若林 将,1.0,1.0,1-3-4,×,990,-1000,,,,,,,,
2026-09-12,大村,12,✅低(堅),14,1-6-4 / 1-4-6 / 1-6-2 / 1-6-5 / 6-1-4 / 4-1-6 / 1-6-3 / 1-5-6 / 1-2-6 / 1-4-5 / 1-4-2 / 1-5-4 / 6-1-2 / 6-1-5,0.0875,1号馬場 貴也,6号山田 康二,4号松田 大志郎,0.0,1.0,1-3-5,×,1000,-1400,,,,,,,,
2026-09-12,三国,1,✅低(堅),13,1-6-5 / 1-5-6 / 1-6-3 / 1-6-2 / 1-3-6 / 1-2-6 / 6-1-5 / 5-1-6 / 6-1-3 / 6-1-2 / 3-1-6 / 1-5-3 / 1-5-2,0.0667,1号平川 香織,6号塩崎 桐加,5号木村 紗友希,1.0,1.0,2-1-3,×,12550,-1300,,,,,,,,
2026-09-12,三国,2,✅低(堅),12,1-2-3 / 1-3-2 / 1-2-6 / 1-6-2 / 3-1-2 / 2-1-3 / 1-3-5 / 1-5-3 / 1-3-6 / 1-6-3 / 6-1-2 / 2-1-6,0.0820,1号亀山 雅幸,2号中 亮太,3号金子 良昭,2.0,2.0,1-2-6,○,6160,4960,,,,,,,,
2026-09-12,芦屋,1,✅低(堅),14,1-2-3 / 1-2-6 / 1-3-2 / 2-1-3 / 1-6-2 / 2-1-6 / 3-1-2 / 1-3-6 / 1-6-3 / 6-1-2 / 2-3-1 / 3-2-1 / 3-1-6 / 2-6-1,0.0669,1号伊藤 喜智,2号小林 遼太,3号津田 裕絵,1.0,1.0,1-3-4,×,830,-1400,,,,,,,,
2026-09-13,三国,3,✅低(堅),6,1-5-3 / 1-3-2 / 1-5-2 / 1-2-3 / 1-2-5 / 5-1-3,0.0331,1号尾上 雅也,3号長野 壮志郎,5号小倉 康典,0.0,0.0,3-1-4,×,2560,-600,,,,,,,,
2026-09-13,芦屋,2,△中,10,1-4-2 / 1-4-6 / 1-2-4 / 1-6-4 / 4-1-6 / 4-1-2 / 1-2-6 / 1-6-2 / 2-1-4 / 6-1-4,0.0569,1号岡 祐臣,4号石川 真二,2号長尾 萌加,1.0,1.0,1-3-4,×,1550,-1000,,,,,,,,
2026-09-13,三国,4,✅低(堅),0,,0.0000,1号大澤 風葵,3号角谷 健吾,5号岡瀬 正人,1.0,1.0,1-2-5,×,1710,,,,,,,,,
2026-09-13,芦屋,3,✅低(堅),0,,0.0000,1号田中 宏樹,3号仲谷 颯仁,5号奈須 啓太,1.0,1.0,1-5-3,×,800,,,,,,,,,
2026-09-13,戸田,1,🌊最高(大荒),2,1-2-3 / 1-3-2,0.0140,1号西村 勝,2号金子 貴志,3号橋本 英一,1.0,1.0,2-1-3,×,3520,-200,,,,,,,,
2026-09-13,常滑,1,△中,7,1-4-6 / 1-4-3 / 1-6-4 / 4-1-6 / 1-3-4 / 4-1-3 / 6-1-4,0.0272,1号山口 真喜子,4号赤井 星璃菜,6号山川 波乙,3.0,1.0,2-3-1,×,4640,-700,,,,,,,,
2026-09-13,津,1,✅低(堅),8,1-4-6 / 1-6-4 / 4-1-6 / 6-1-4 / 1-6-2 / 1-2-6 / 1-6-5 / 1-5-6,0.0385,1号浜野 孝志,4号坂口 貴彦,6号松本 弓雄,1.0,1.0,1-4-6,○,840,40,,,,,,,,
2026-09-13,津,2,🌊最高(大荒),8,1-4-6 / 1-4-3 / 4-1-6 / 4-1-3 / 1-4-5 / 4-1-5 / 1-4-2 / 4-1-2,0.0531,1号宇恵 有香,4号泥谷 一毅,6号長谷川 暖,1.0,1.0,4-5-1,×,4420,-800,,,,,,,,
2026-09-13,三国,5,✅低(堅),14,1-6-2 / 1-6-5 / 1-6-3 / 6-1-2 / 1-2-6 / 6-1-5 / 1-5-6 / 1-6-4 / 6-1-3 / 2-1-6 / 6-1-4 / 5-1-6 / 1-4-6 / 6-2-1,0.0727,1号木谷 賢太,6号佐藤 悠,3号飯山 泰,1.0,1.0,1-2-3,×,1830,-1400,,,,,,,,
2026-09-13,三国,6,🌊最高(大荒),23,6-1-5 / 1-6-5 / 6-5-1 / 1-5-6 / 5-1-6 / 5-6-1 / 6-3-1 / 6-1-3 / 3-6-1 / 6-5-3 / 1-5-3 / 6-3-5 / 5-1-3 / 1-3-5 / 3-1-5 / 5-6-3 / 3-6-5 / 5-3-1 / 3-5-1 / 5-3-6 / 3-5-6 / 3-1-6 / 1-6-3,0.0281,1号香川 陽太,6号若林 義人,5号山下 昂大,1.0,1.0,3-6-2,×,10100,-2300,,,,,,,,
2026-09-13,びわこ,1,🌊最高(大荒),16,1-6-2 / 6-1-2 / 2-1-6 / 1-2-6 / 6-2-1 / 1-6-5 / 2-6-1 / 6-1-5 / 1-6-4 / 6-1-3 / 6-1-4 / 1-6-3 / 1-5-6 / 1-4-6 / 5-1-6 / 6-5-1,0.0371,1号喜多 那由夏,6号宇田川 信一,2号石井 孝之,1.0,1.0,2-5-6,×,4110,-1600,,,,,,,,
2026-09-13,びわこ,2,⚠高(荒),16,1-5-2 / 1-3-2 / 1-5-3 / 5-1-2 / 1-3-5 / 3-1-2 / 5-1-3 / 3-1-5 / 5-2-1 / 5-3-1 / 3-5-1 / 3-2-1 / 5-2-3 / 2-5-3 / 2-3-5 / 3-2-5,0.0483,1号伊倉 光,2号中野 希一,5号佐藤 太亮,1.0,1.0,1-3-2,○,1620,20,,,,,,,,
2026-09-13,宮島,1,⚠高(荒),8,1-2-5 / 1-4-5 / 1-5-2 / 1-2-6 / 1-5-4 / 1-4-6 / 1-6-2 / 1-6-4,0.0154,1号大庭 元明,2号小宮 涼雅,4号安田 吉宏,1.0,2.0,1-3-4,×,860,-800,,,,,,,,
2026-09-13,徳山,1,✅低(堅),11,1-5-6 / 1-5-4 / 1-6-5 / 5-1-6 / 1-5-3 / 5-1-4 / 5-1-3 / 1-4-5 / 6-1-5 / 1-3-5 / 1-5-2,0.0781,1号白神 優,5号竹田 辰也,4号土屋 智則,2.0,2.0,4-3-6,×,89750,-1100,,,,,,,,
2026-09-13,徳山,2,✅低(堅),10,1-3-2 / 1-2-3 / 1-3-5 / 1-5-3 / 1-2-5 / 1-5-2 / 3-1-2 / 2-1-3 / 3-1-5 / 5-1-3,0.0379,1号黒井 達矢,2号磯部 誠,3号今泉 友吾,2.0,2.0,1-3-2,○,1830,830,,,,,,,,
2026-09-13,芦屋,4,✅低(堅),4,1-2-6 / 1-6-2 / 1-6-5 / 1-5-6,0.0187,1号君島 秀三,2号岡部 大輔,5号金子 萌,1.0,1.0,1-2-3,×,570,-400,,,,,,,,
2026-09-13,芦屋,5,✅低(堅),8,1-6-4 / 6-1-4 / 1-6-2 / 1-4-6 / 1-6-5 / 6-1-2 / 4-1-6 / 1-2-6,0.0445,1号下寺 秀和,6号西野 雄貴,4号野中 一平,2.0,2.0,1-4-5,×,15510,-800,,,,,,,,
2026-09-13,芦屋,6,⚠高(荒),1,4-5-1,0.0101,1号仁科 さやか,4号津田 裕絵,5号長尾 萌加,2.0,2.0,1-4-3,×,880,-100,,,,,,,,
2026-09-14,三国,2,✅低(堅),10,1-2-6 / 1-6-2 / 1-6-4 / 2-1-6 / 1-4-6 / 6-1-2 / 6-1-4 / 4-1-6 / 1-6-3 / 1-2-3,0.0678,1号石川 諒,2号平石 和男,4号表 憲一,1.0,1.0,2-4-1,×,2470,-1000,,,,,,,,
2026-09-14,三国,3,✅低(堅),7,1-3-6 / 1-3-5 / 3-1-6 / 3-1-5 / 1-5-3 / 1-3-2 / 1-6-3,0.0448,1号長野 壮志郎,3号中 亮太,2号宮武 英司,3.0,3.0,1-2-3,×,800,-700,,,,,,,,
2026-09-14,三国,4,✅低(堅),6,4-1-5 / 4-5-1 / 5-4-1 / 4-1-3 / 1-4-3 / 5-1-4,0.0334,1号岡瀬 正人,4号大澤 風葵,5号飯山 泰,2.0,2.0,1-4-5,×,760,-600,,,,,,,,
2026-09-14,芦屋,1,✅低(堅),13,1-4-6 / 1-6-4 / 1-4-2 / 1-6-2 / 1-2-4 / 1-4-3 / 1-2-6 / 1-4-5 / 1-6-5 / 1-5-4 / 4-1-6 / 6-1-4 / 1-5-6,0.0507,1号秋山 広一,6号屋良 龍紀,4号長尾 萌加,2.0,2.0,1-2-3,×,1480,-1300,,,,,,,,
2026-09-14,芦屋,2,✅低(堅),9,1-4-3 / 1-3-4 / 4-1-3 / 3-1-4 / 4-3-1 / 3-4-1 / 1-4-5 / 1-4-6 / 1-3-5,0.0945,1号浜本 裕己,4号中田 元泰,3号鈴木 秀茉,0.0,1.0,1-4-3,○,640,-260,,,,,,,,
2026-09-14,芦屋,3,△中,14,5-1-3 / 1-5-2 / 5-1-2 / 1-5-4 / 5-1-6 / 5-3-1 / 5-1-4 / 3-5-1 / 1-5-6 / 2-1-5 / 5-2-1 / 1-2-5 / 1-4-5 / 5-6-1,0.0369,1号三嶌 誠司,5号石川 真二,3号野中 一平,2.0,2.0,5-1-3,○,1640,240,,,,,,,,
2026-09-14,芦屋,4,✅低(堅),16,4-1-6 / 4-1-3 / 4-1-2 / 1-4-6 / 4-3-1 / 4-6-1 / 6-1-4 / 4-1-5 / 4-2-1 / 3-4-1 / 6-4-1 / 3-1-4 / 2-4-1 / 1-4-3 / 2-1-4 / 4-5-1,0.0265,1号鶴本 崇文,4号小林 遼太,3号仁科 さやか,2.0,2.0,1-2-3,×,1220,-1600,,,,,,,,
2026-09-14,戸田,1,🌊最高(大荒),23,1-4-2 / 4-1-2 / 1-2-4 / 4-2-1 / 1-2-5 / 2-4-5 / 1-5-2 / 2-1-5 / 4-2-5 / 2-5-4 / 5-1-2 / 5-2-1 / 2-5-1 / 1-4-5 / 5-2-4 / 4-5-2 / 4-1-5 / 2-4-1 / 1-5-4 / 5-4-2 / 2-1-4 / 4-5-1 / 5-1-4,0.0211,2号栗原 直也,1号野田 昇吾,4号古場 輝義,3.0,2.0,5-2-3,×,7460,-2300,,,,,,,,
2026-09-14,戸田,2,⚠高(荒),11,1-4-2 / 1-2-4 / 4-1-2 / 2-1-4 / 4-2-1 / 1-4-3 / 2-4-1 / 4-1-3 / 1-3-4 / 1-4-6 / 1-4-5,0.0772,1号富永 大一,2号是澤 孝宏,4号大野 芳顕,3.0,2.0,2-1-4,○,1270,170,,,,,,,,
2026-09-14,平和島,1,🌊最高(大荒),4,1-5-3 / 1-3-5 / 5-1-3 / 5-3-1,0.0149,3号久永 祥平,1号宮迫 暢彦,2号山口 修路,4.0,3.0,1-3-4,×,1430,-400,,,,,,,,
2026-09-14,平和島,2,🌊最高(大荒),1,1-3-4,0.0276,1号澤崎 雄哉,3号木下 翔太,4号篠原 飛翔,4.0,3.0,3-4-5,×,2570,-100,,,,,,,,
2026-09-14,常滑,1,△中,12,1-6-5 / 1-5-6 / 1-5-3 / 1-3-5 / 1-6-3 / 1-5-2 / 6-1-5 / 5-1-6 / 1-3-6 / 1-2-5 / 1-6-2 / 1-5-4,0.0578,1号野田 彩加,6号羽田 妃希,3号石原 凪紗,3.0,1.0,1-3-5,○,590,-610,,,,,,,,
2026-09-14,常滑,2,🌊最高(大荒),14,1-3-6 / 1-6-3 / 1-4-3 / 3-1-6 / 1-4-6 / 6-1-3 / 1-6-4 / 4-1-3 / 4-1-6 / 3-6-1 / 6-3-1 / 6-1-4 / 4-6-1 / 6-4-1,0.0445,1号坂 咲友理,3号武井 莉里佳,4号小池 礼乃,3.0,1.0,6-1-2,×,141640,-1400,,,,,,,,
2026-09-14,津,1,✅低(堅),10,1-3-4 / 1-4-3 / 1-3-6 / 1-3-5 / 3-1-4 / 1-6-3 / 4-1-3 / 3-1-6 / 1-5-3 / 3-1-5,0.1050,1号松井 洪弥,3号抹香 雄三,4号坂井 康嗣,0.0,0.0,1-3-2,×,440,-1000,,,,,,,,
2026-09-14,津,2,⚠高(荒),14,1-6-3 / 1-6-4 / 1-6-5 / 1-3-6 / 1-5-6 / 1-4-6 / 6-1-3 / 6-1-4 / 6-1-5 / 3-1-6 / 4-1-6 / 5-1-6 / 6-3-1 / 3-6-1,0.0410,1号渡邊 雄斗,6号長谷川 充,3号松本 弓雄,0.0,0.0,1-3-5,×,1070,-1400,,,,,,,,
2026-09-14,三国,5,⚠高(荒),6,1-3-5 / 3-1-5 / 1-5-3 / 5-1-3 / 3-5-1 / 5-3-1,0.0771,1号松瀬 弘美,3号木谷 賢太,5号尾上 雅也,2.0,2.0,3-4-6,×,6540,-600,,,,,,,,
2026-09-14,三国,6,⚠高(荒),10,1-4-2 / 1-2-4 / 4-1-2 / 2-1-4 / 1-4-6 / 2-4-1 / 4-2-1 / 1-2-6 / 1-4-5 / 1-2-5,0.0395,1号樋口 範政,4号平川 香織,2号亀山 雅幸,3.0,3.0,1-6-4,×,3670,-1000,,,,,,,,
2026-09-14,三国,7,⚠高(荒),3,5-6-1 / 6-5-1 / 5-1-6,0.0186,1号堤 昇,5号塩崎 桐加,6号山本 景士郎,2.0,2.0,1-4-5,×,3180,-300,,,,,,,,
2026-09-14,びわこ,1,🌊最高(大荒),8,1-2-3 / 1-2-4 / 1-4-2 / 1-3-2 / 2-1-3 / 2-1-4 / 4-1-2 / 1-4-3,0.0510,1号上田 洋平,3号土屋 太朗,2号間庭 菜摘,3.0,2.0,1-4-2,○,2620,1820,,,,,,,,
2026-09-14,びわこ,2,⚠高(荒),18,1-3-4 / 3-1-4 / 3-1-6 / 1-3-6 / 3-6-1 / 1-6-3 / 6-3-1 / 6-1-3 / 3-6-4 / 1-6-4 / 3-1-2 / 1-3-2 / 1-4-6 / 3-4-6 / 3-1-5 / 1-3-5 / 6-3-4 / 6-1-4,0.0316,3号中村 有裕,1号宇野 弥生,4号佐藤 博亮,0.0,1.0,4-2-5,×,8170,-1800,,,,,,,,
2026-09-14,びわこ,3,🌊最高(大荒),3,3-4-1 / 4-3-1 / 4-1-3,0.0580,3号中野 希一,4号川島 圭司,1号星 栄爾,3.0,2.0,2-1-4,×,2210,-300,,,,,,,,
2026-09-14,徳山,1,✅低(堅),15,1-5-4 / 1-4-5 / 1-4-3 / 1-4-2 / 1-5-2 / 1-2-4 / 1-2-5 / 1-3-4 / 1-5-3 / 1-4-6 / 1-5-6 / 1-6-4 / 1-6-5 / 4-1-5 / 5-1-4,0.0379,1号渡辺 浩司,3号関 浩哉,5号中村 晃朋,2.0,2.0,3-1-5,×,3690,-1500,,,,,,,,
2026-09-14,徳山,2,✅低(堅),14,1-6-3 / 1-6-4 / 1-3-6 / 1-4-6 / 1-6-5 / 6-1-3 / 6-1-4 / 1-5-6 / 3-1-6 / 4-1-6 / 6-1-5 / 5-1-6 / 1-6-2 / 6-3-1,0.0547,1号松田 祐季,6号渡邉 和将,3号坪井 康晴,2.0,2.0,1-4-3,×,1210,-1400,,,,,,,,
2026-09-14,芦屋,5,✅低(堅),16,1-3-2 / 1-2-3 / 1-3-6 / 3-1-2 / 2-1-3 / 1-6-3 / 1-2-6 / 1-3-5 / 1-6-2 / 3-1-6 / 2-1-6 / 3-2-1 / 1-5-3 / 6-1-3 / 2-3-1 / 3-1-5,0.1237,1号下寺 秀和,3号伊藤 喜智,2号岡部 大輔,2.0,2.0,4-3-1,×,51260,-1600,,,,,,,,
2026-09-14,芦屋,6,🌊最高(大荒),5,2-1-5 / 2-5-1 / 2-5-4 / 5-2-1 / 1-2-5,0.0165,2号津田 裕絵,4号田中 宏樹,1号屋良 龍紀,0.0,1.0,2-4-3,×,4920,-500,,,,,,,,
2026-09-14,芦屋,7,⚠高(荒),6,1-5-3 / 1-3-5 / 5-1-3 / 1-3-4 / 1-4-3 / 3-1-5,0.0243,1号鈴木 秀茉,5号長尾 萌加,2号小池 公生,1.0,1.0,1-5-2,×,1490,-600,,,,,,,,
2026-09-14,蒲郡,1,🌊最高(大荒),14,1-5-6 / 1-6-5 / 5-1-6 / 6-1-5 / 1-6-3 / 5-6-1 / 6-5-1 / 1-3-6 / 6-1-3 / 1-5-4 / 1-6-4 / 1-6-2 / 3-1-6 / 1-4-6,0.0716,1号石田 勇斗,5号仲道 大輔,6号仲本 舜,2.0,1.0,2-3-5,×,4750,-1400,,,,,,,,
2026-09-14,蒲郡,2,⚠高(荒),0,,0.0000,1号樅山 拓馬,4号竹間 隆晟,5号出畑 孝成,2.0,1.0,1-2-4,×,1570,,,,,,,,,
2026-09-14,蒲郡,3,⚠高(荒),9,4-3-1 / 3-4-1 / 4-1-3 / 4-3-2 / 4-2-1 / 3-4-2 / 4-2-3 / 4-1-2 / 2-4-1,0.0280,1号成貞 琳平,4号荒木 颯斗,3号津田 陸翔,2.0,1.0,1-3-4,×,910,-900,,,,,,,,
2026-09-14,蒲郡,4,🌊最高(大荒),18,1-5-3 / 5-1-3 / 1-3-5 / 1-5-2 / 5-1-2 / 3-1-5 / 5-3-1 / 3-5-1 / 1-2-5 / 5-2-1 / 1-3-2 / 2-1-5 / 2-5-1 / 3-1-2 / 1-2-3 / 5-3-2 / 5-2-3 / 3-5-2,0.0570,1号島崎 丈一朗,5号前田 滉,3号上野 俊樹,2.0,1.0,2-3-5,×,3230,-1800,,,,,,,,
2026-09-14,蒲郡,5,🌊最高(大荒),7,1-5-2 / 5-1-2 / 1-2-5 / 1-5-6 / 1-5-3 / 5-1-6 / 5-1-3,0.0408,1号中野 仁照,5号塚越 海斗,2号島川 海輝,2.0,1.0,5-4-3,×,51640,-700,,,,,,,,
2026-09-14,蒲郡,6,✅低(堅),9,1-6-4 / 1-4-6 / 6-1-4 / 4-1-6 / 1-4-2 / 1-6-3 / 1-6-5 / 1-4-3 / 1-2-4,0.0606,1号鰐部 太空海,6号藤原 仙二,4号高橋 龍治,2.0,1.0,2-3-6,×,1490,-900,,,,,,,,
2026-09-14,蒲郡,7,✅低(堅),10,1-4-2 / 1-2-4 / 1-4-5 / 1-5-4 / 1-4-3 / 1-2-5 / 1-5-2 / 4-1-2 / 2-1-4 / 4-1-5,0.0394,1号中山 翔太,3号安河内 鈴之介,4号大原 祥昌,2.0,1.0,1-4-3,○,1920,920,,,,,,,,
2026-09-14,蒲郡,8,✅低(堅),15,1-2-5 / 1-5-2 / 1-5-3 / 2-1-5 / 5-1-2 / 1-2-6 / 1-5-4 / 1-5-6 / 1-6-2 / 1-6-5 / 1-4-5 / 1-2-4 / 1-3-6 / 1-6-3 / 5-1-3,0.0744,1号荒木 颯斗,2号澁川 夏,5号笹木 香吾,2.0,1.0,1-4-2,×,3160,-1500,,,,,,,,
2026-09-14,蒲郡,9,✅低(堅),12,1-6-4 / 1-4-6 / 6-1-4 / 4-1-6 / 6-4-1 / 4-6-1 / 1-6-3 / 1-6-5 / 1-5-6 / 6-1-5 / 6-1-3 / 1-3-6,0.1245,1号山口 晃朋,4号前田 滉,6号松田 淳平,2.0,1.0,1-6-5,○,4540,3340,,,,,,,,
2026-09-14,蒲郡,10,✅低(堅),12,1-3-6 / 1-6-3 / 1-3-2 / 1-2-3 / 1-3-5 / 1-6-2 / 1-5-3 / 1-2-6 / 3-1-6 / 1-6-5 / 6-1-3 / 3-1-2,0.0497,1号津田 陸翔,3号三馬 崇史,6号高山 敬悟,2.0,1.0,1-6-2,○,5490,4290,,,,,,,,
2026-09-14,住之江,1,🌊最高(大荒),6,1-6-5 / 6-1-5 / 1-5-6 / 5-1-6 / 6-5-1 / 5-6-1,0.0111,1号浦野 海,4号植田 太一,6号福田 宗平,1.0,1.0,2-6-3,×,12870,-600,,,,,,,,
2026-09-14,住之江,2,🌊最高(大荒),6,2-3-5 / 2-5-3 / 3-2-5 / 5-2-3 / 3-5-2 / 5-3-2,0.0163,2号中越 博紀,1号泉 啓文,3号大谷 健太,0.0,1.0,5-1-4,×,13090,-600,,,,,,,,
2026-09-14,住之江,3,⚠高(荒),16,1-5-6 / 1-6-5 / 5-1-6 / 6-1-5 / 5-6-1 / 6-5-1 / 1-6-4 / 1-4-6 / 1-6-3 / 6-1-4 / 6-1-3 / 5-1-4 / 4-1-6 / 1-3-6 / 1-5-4 / 1-6-2,0.0693,1号杉山 喜一,5号小林 泰,6号島田 一生,0.0,1.0,3-5-1,×,6940,-1600,,,,,,,,
2026-09-14,住之江,4,⚠高(荒),18,6-1-4 / 1-6-4 / 6-1-3 / 1-6-3 / 6-1-5 / 1-6-5 / 6-4-1 / 6-3-1 / 1-4-6 / 6-5-1 / 4-6-1 / 1-5-6 / 5-6-1 / 6-1-2 / 1-3-6 / 4-1-6 / 5-1-6 / 1-6-2,0.0550,6号大場 恒季,1号吉田 祐貴,4号武田 光史,0.0,1.0,6-1-5,○,34840,33040,,,,,,,,
2026-09-14,住之江,5,△中,10,1-4-6 / 1-6-4 / 1-4-5 / 1-4-2 / 1-5-4 / 1-2-4 / 1-6-5 / 1-6-2 / 1-5-6 / 1-2-6,0.0648,1号照屋 厚仁,4号三宅 健太,6号井上 忠政,1.0,1.0,1-5-6,○,10230,9230,,,,,,,,
2026-09-14,住之江,6,⚠高(荒),9,3-4-5 / 4-3-5 / 3-5-4 / 4-5-3 / 5-3-4 / 3-5-1 / 5-4-3 / 3-1-5 / 1-3-5,0.0155,3号今井 貴士,4号高田 明,1号安部 慎一,0.0,1.0,3-1-4,×,1930,-900,,,,,,,,
2026-09-14,住之江,7,🌊最高(大荒),15,1-2-5 / 1-5-2 / 1-4-2 / 5-1-2 / 1-4-5 / 1-5-4 / 1-2-6 / 4-1-5 / 5-2-1 / 4-1-2 / 5-1-4 / 1-6-2 / 4-5-1 / 2-1-6 / 5-4-1,0.0316,1号一色 颯輝,2号中村 日向,4号福田 宗平,4.0,2.0,2-3-4,×,4110,-1500,,,,,,,,
2026-09-14,住之江,8,✅低(堅),7,1-5-3 / 1-5-6 / 1-5-2 / 5-1-3 / 1-6-5 / 1-2-5 / 1-5-4,0.0254,1号植田 太一,3号和田 拓也,5号中嶋 健一郎,1.0,1.0,3-5-4,×,3780,-700,,,,,,,,
2026-09-14,住之江,9,✅低(堅),7,1-2-4 / 1-2-3 / 1-4-2 / 1-2-6 / 1-6-2 / 2-1-4 / 1-2-5,0.0514,1号渡邉 英児,2号畑 竜生,3号吉川 喜継,2.0,1.0,1-3-4,×,710,-700,,,,,,,,
2026-09-14,住之江,10,△中,13,1-3-5 / 1-5-3 / 1-5-2 / 5-1-3 / 1-2-5 / 3-1-5 / 1-3-6 / 1-6-3 / 1-5-4 / 1-4-3 / 1-4-5 / 5-1-2 / 1-5-6,0.0464,1号畑 和宏,3号大場 恒季,2号市橋 卓士,1.0,1.0,1-2-5,○,3630,2330,,,,,,,,
2026-09-14,下関,1,🌊最高(大荒),17,1-3-2 / 1-2-3 / 1-3-5 / 1-5-3 / 3-1-2 / 1-2-5 / 1-5-2 / 3-1-5 / 1-3-6 / 1-2-6 / 5-1-3 / 2-1-3 / 1-6-3 / 1-6-2 / 1-3-4 / 3-1-6 / 1-5-6,0.0399,1号亀本 勇樹,3号山下 夏鈴,2号中村 真,1.0,1.0,5-2-1,×,2610,-1700,,,,,,,,
2026-09-14,下関,2,🌊最高(大荒),0,,0.0000,1号木村 浩士,5号長谷川 晴哉,6号岡部 浩,1.0,1.0,5-1-6,×,1520,,,,,,,,,
2026-09-14,下関,3,⚠高(荒),10,1-4-6 / 1-6-4 / 4-1-6 / 6-1-4 / 4-6-1 / 6-4-1 / 1-6-3 / 6-1-3 / 1-4-5 / 1-6-2,0.0838,1号川原 正明,4号金子 和之,6号三村 岳人,1.0,1.0,1-3-4,×,500,-1000,,,,,,,,
2026-09-14,下関,4,⚠高(荒),20,2-6-5 / 2-5-6 / 6-2-5 / 5-2-6 / 6-2-4 / 6-1-5 / 1-6-5 / 6-5-2 / 6-4-2 / 2-5-4 / 2-4-5 / 4-2-5 / 5-6-2 / 4-6-2 / 1-5-6 / 5-2-4 / 2-6-4 / 5-1-6 / 6-5-1 / 4-5-2,0.0128,2号吉永 則雄,1号加藤 綾,4号山田 晃大,1.0,1.0,1-2-4,×,1420,-2000,,,,,,,,
2026-09-14,下関,5,✅低(堅),13,1-2-3 / 1-3-2 / 1-2-6 / 1-6-2 / 1-3-6 / 1-6-3 / 2-1-3 / 1-2-4 / 2-1-6 / 1-3-4 / 3-1-2 / 6-1-2 / 1-6-4,0.0611,1号麻生 慎介,2号中田 夕貴,4号井上 遥妃,1.0,1.0,4-1-2,×,2590,-1300,,,,,,,,
2026-09-14,下関,6,🌊最高(大荒),11,1-5-2 / 1-2-5 / 5-1-2 / 1-5-4 / 2-1-5 / 5-1-4 / 5-2-1 / 2-5-1 / 1-5-6 / 5-4-1 / 1-5-3,0.0453,1号山室 展弘,5号西川 拓利,2号山本 梨菜,1.0,1.0,4-5-2,×,1580,-1100,,,,,,,,
2026-09-14,下関,7,✅低(堅),7,1-5-2 / 1-2-5 / 1-5-4 / 5-1-2 / 1-4-5 / 2-1-5 / 5-1-4,0.0953,1号藤井 公人,5号品川 二千翔,2号川北 浩貴,1.0,1.0,1-5-2,○,410,-290,,,,,,,,
2026-09-14,下関,8,△中,19,1-6-3 / 1-6-4 / 1-3-6 / 1-4-6 / 6-1-3 / 6-1-4 / 3-1-6 / 1-4-3 / 4-1-6 / 1-3-4 / 1-6-5 / 6-3-1 / 3-6-1 / 4-1-3 / 3-1-4 / 6-4-1 / 1-5-6 / 4-6-1 / 6-1-5,0.0934,1号竹田 吉行,6号立間 充宏,3号加藤 翔馬,1.0,1.0,2-4-3,×,37850,-1900,,,,,,,,
2026-09-14,下関,9,✅低(堅),5,1-4-5 / 1-5-4 / 4-1-5 / 5-1-4 / 1-5-3,0.0512,1号向後 龍一,4号川原 正明,5号山田 和佐,1.0,1.0,1-5-4,○,2980,2480,,,,,,,,
2026-09-14,下関,10,✅低(堅),11,1-5-3 / 1-3-5 / 5-1-3 / 1-5-2 / 3-1-5 / 5-1-2 / 5-3-1 / 3-5-1 / 5-2-1 / 1-5-4 / 2-1-5,0.0890,1号鈴木 勝博,5号金子 和之,3号長谷川 晴哉,1.0,1.0,1-5-3,○,1120,20,,,,,,,,
2026-09-14,若松,1,⚠高(荒),15,1-4-3 / 1-3-4 / 1-4-2 / 1-3-2 / 4-1-3 / 3-1-4 / 1-4-5 / 4-1-2 / 1-2-3 / 1-2-4 / 1-4-6 / 1-3-5 / 3-1-2 / 1-6-4 / 4-3-1,0.0347,1号夏山 亮平,4号佐藤 旭,2号蒲原 健太,1.0,1.0,1-4-3,○,1270,-230,,,,,,,,
2026-09-14,若松,2,⚠高(荒),15,1-6-4 / 1-6-5 / 1-4-6 / 1-5-6 / 6-1-4 / 6-1-5 / 4-1-6 / 1-6-3 / 5-1-6 / 1-3-6 / 6-1-3 / 6-4-1 / 6-5-1 / 4-6-1 / 5-6-1,0.0276,1号藤原 孝斗,6号桐本 康臣,5号中辻 博訓,1.0,1.0,5-3-6,×,13790,-1500,,,,,,,,
2026-09-14,若松,3,🌊最高(大荒),21,1-4-6 / 1-6-4 / 4-1-6 / 6-1-4 / 4-6-1 / 6-4-1 / 1-6-3 / 1-4-3 / 1-3-6 / 6-1-3 / 4-1-3 / 1-3-4 / 1-6-5 / 3-1-6 / 1-6-2 / 3-1-4 / 6-3-1 / 6-1-5 / 4-3-1 / 3-6-1 / 6-1-2,0.0729,1号村松 将平,4号大須賀 友,6号若狭 奈美子,1.0,1.0,1-5-4,×,2760,-2100,,,,,,,,
2026-09-14,若松,4,⚠高(荒),18,4-1-6 / 4-6-1 / 1-4-6 / 6-4-1 / 1-6-4 / 6-1-4 / 4-5-6 / 4-6-5 / 5-4-6 / 6-4-5 / 6-1-5 / 1-6-5 / 5-6-4 / 6-5-4 / 5-1-6 / 5-6-1 / 6-5-1 / 1-5-6,0.0333,1号杉田 篤光,4号上平 真二,5号井内 将太郎,1.0,1.0,1-4-5,×,940,-1800,,,,,,,,
2026-09-14,若松,5,✅低(堅),8,1-2-3 / 1-3-2 / 1-3-4 / 3-1-2 / 2-1-3 / 1-4-3 / 1-3-5 / 3-1-4,0.1374,1号今垣 光太郎,2号大瀧 明日香,3号梶山 涼斗,1.0,1.0,1-2-3,○,570,-230,,,,,,,,
2026-09-14,若松,6,✅低(堅),10,1-5-4 / 1-4-2 / 1-5-2 / 1-4-5 / 1-2-4 / 1-2-5 / 5-1-4 / 5-1-2 / 1-5-6 / 1-5-3,0.0739,1号藤田 竜弘,4号田中 和也,5号岡崎 恭裕,0.0,1.0,1-5-2,○,1850,850,,,,,,,,
2026-09-14,若松,7,✅低(堅),10,1-2-3 / 1-3-2 / 1-2-4 / 1-4-2 / 2-1-3 / 1-2-6 / 3-1-2 / 1-2-5 / 1-3-4 / 2-1-4,0.0656,1号嶋 義信,2号本田 愛,3号大田 直弥,0.0,1.0,1-6-4,×,1120,-1000,,,,,,,,
2026-09-14,若松,8,△中,3,1-6-3 / 1-3-6 / 3-1-6,0.0139,1号中村 栄治,2号濱崎 直矢,3号森口 和紀,1.0,1.0,2-3-1,×,990,-300,,,,,,,,
2026-09-14,若松,9,✅低(堅),7,1-2-6 / 1-2-5 / 1-6-2 / 1-2-4 / 2-1-6 / 1-5-2 / 2-1-5,0.0535,1号上平 真二,2号大須賀 友,5号蒲原 健太,0.0,1.0,1-2-3,×,440,-700,,,,,,,,
2026-09-14,若松,10,✅低(堅),9,1-2-4 / 1-2-5 / 2-1-4 / 1-4-2 / 2-1-5 / 1-5-2 / 4-1-2 / 1-2-6 / 5-1-2,0.0633,1号岡崎 恭裕,2号井内 将太郎,3号藤田 竜弘,1.0,1.0,1-3-6,×,3210,-900,,,,,,,,
2026-09-14,蒲郡,11,✅低(堅),6,1-4-2 / 4-1-2 / 1-4-3 / 4-1-3 / 2-1-4 / 4-1-5,0.0345,1号塚越 海斗,4号中山 翔太,2号仲道 大輔,1.0,0.0,1-5-6,×,3450,-600,,,,,,,,
2026-09-14,住之江,11,✅低(堅),16,1-2-6 / 1-6-2 / 1-5-6 / 1-5-2 / 1-6-5 / 1-2-5 / 2-1-6 / 1-6-3 / 1-6-4 / 5-1-6 / 6-1-2 / 1-4-6 / 1-5-4 / 1-3-6 / 6-1-5 / 5-1-2,0.0617,1号宮脇 遼太,2号武田 光史,5号高田 明,0.0,1.0,1-3-2,×,610,-1600,,,,,,,,
2026-09-14,下関,11,✅低(堅),3,1-5-6 / 1-6-5 / 5-1-6,0.0143,1号平田 忠則,3号藤原 碧生,5号山本 梨菜,1.0,1.0,1-2-3,×,920,-300,,,,,,,,
2026-09-14,若松,11,✅低(堅),6,1-2-4 / 1-4-2 / 1-2-6 / 1-6-2 / 1-4-6 / 1-6-4,0.0260,1号田中 和也,2号三川 昂暁,3号嶋 義信,1.0,1.0,1-2-3,×,440,-600,,,,,,,,
2026-09-14,蒲郡,12,✅低(堅),11,1-3-2 / 1-2-3 / 3-1-2 / 1-3-6 / 2-1-3 / 1-3-4 / 1-3-5 / 3-1-6 / 3-2-1 / 3-1-4 / 2-3-1,0.0477,1号廣瀬 凜,3号竹間 隆晟,2号上野 俊樹,1.0,0.0,1-3-2,○,1170,70,,,,,,,,
2026-09-14,住之江,12,✅低(堅),6,1-6-5 / 1-6-3 / 1-5-6 / 1-3-6 / 6-1-5 / 6-1-3,0.0535,1号井上 忠政,6号中村 日向,5号和田 拓也,2.0,1.0,5-1-6,×,4920,-600,,,,,,,,
2026-09-14,下関,12,✅低(堅),5,1-2-5 / 1-5-2 / 1-5-3 / 1-3-5 / 1-5-6,0.0126,1号品川 二千翔,6号井上 遥妃,2号加藤 翔馬,1.0,1.0,2-3-6,×,24380,-500,,,,,,,,
2026-09-14,若松,12,✅低(堅),12,1-5-4 / 1-5-6 / 1-4-5 / 1-6-5 / 5-1-4 / 1-4-6 / 1-6-4 / 5-1-6 / 4-1-5 / 6-1-5 / 4-1-6 / 6-1-4,0.0534,1号濱崎 直矢,5号柴田 大輔,4号杉田 篤光,1.0,1.0,1-5-2,×,3300,-1200,,,,,,,,
2026-09-14,三国,1,✅低(堅),12,1-5-2 / 1-5-4 / 1-2-5 / 1-5-6 / 1-4-5 / 1-6-5 / 1-5-3 / 1-3-5 / 1-2-6 / 1-6-2 / 1-2-4 / 1-2-3,0.0408,1号飯山 泰,4号金子 猛志,5号豊田 祥生,1.0,1.0,1-4-5,○,1560,360,,,,,,,,
2026-09-14,鳴門,1,✅低(堅),0,,0.0000,1号烏野 賢太,6号塩田 雄一,5号恵良 琴美,0.0,1.0,,,,,,,,,,,,
2026-09-15,三国,4,△中,12,6-1-5 / 6-5-1 / 1-6-5 / 5-6-1 / 5-1-6 / 1-5-6 / 6-5-2 / 6-2-5 / 5-6-2 / 6-1-3 / 6-1-2 / 6-5-3,0.0205,6号平川 香織,1号藤生 雄人,5号高岡 竜也,2.0,2.0,2-3-5,×,6940,-1200,,,,,,,,
2026-09-15,三国,5,🌊最高(大荒),18,5-1-6 / 5-1-2 / 1-5-6 / 5-6-1 / 5-1-3 / 1-5-2 / 5-1-4 / 1-5-3 / 6-5-1 / 1-6-5 / 1-5-4 / 5-2-1 / 6-1-5 / 5-4-1 / 5-2-6 / 5-6-2 / 5-6-3 / 5-3-6,0.0301,5号大澤 風葵,1号小倉 康典,2号塩崎 桐加,1.0,1.0,5-2-1,○,3900,2100,,,,,,,,
2026-09-15,鳴門,3,✅低(堅),8,1-3-6 / 1-6-3 / 3-1-6 / 6-1-3 / 1-6-4 / 1-6-5 / 1-4-6 / 1-6-2,0.1211,1号岡村 慶太,3号佃 來紀,6号村越 篤,1.0,1.0,3-1-5,×,1880,-800,,,,,,,,
2026-09-15,鳴門,4,△中,14,1-2-3 / 1-4-3 / 1-3-4 / 1-3-2 / 1-2-4 / 1-2-6 / 1-4-6 / 2-1-3 / 3-1-2 / 1-6-4 / 1-6-2 / 3-1-4 / 4-1-3 / 1-3-5,0.0390,1号久田 武,4号稲田 浩二,2号宮崎 奨,2.0,2.0,4-2-5,×,3030,-1400,,,,,,,,
2026-09-15,鳴門,5,✅低(堅),6,1-3-5 / 1-3-6 / 1-5-3 / 1-6-3 / 3-1-5 / 3-1-6,0.0371,1号岩崎 芳美,3号谷口 佳蓮,2号上田 紗奈,2.0,2.0,1-2-5,×,1200,-600,,,,,,,,
2026-09-15,平和島,1,🌊最高(大荒),26,6-2-1 / 6-1-2 / 2-6-1 / 6-2-5 / 1-6-2 / 6-5-2 / 2-6-5 / 6-1-3 / 6-1-5 / 2-1-6 / 1-2-6 / 6-5-1 / 6-2-3 / 5-6-2 / 6-5-3 / 1-6-5 / 2-5-6 / 1-6-3 / 5-6-1 / 5-2-6 / 6-3-5 / 6-3-1 / 5-6-3 / 1-5-6 / 5-1-6 / 2-6-3,0.0209,6号森 貴洋,2号内山 文典,3号河野 主樹,1.0,3.0,3-2-6,×,1540,-2600,,,,,,,,
2026-09-15,平和島,2,🌊最高(大荒),2,2-3-1 / 3-2-1,0.0112,1号永井 亮次,2号渡辺 空依,3号牧 宏次,1.0,3.0,1-2-4,×,2610,-200,,,,,,,,
2026-09-15,常滑,1,△中,6,1-4-6 / 1-4-3 / 1-3-4 / 1-6-4 / 1-3-6 / 1-6-3,0.0223,1号内山 七海,4号薮内 瑞希,3号畑田 希咲,2.0,1.0,2-1-6,×,30450,-600,,,,,,,,
2026-09-15,常滑,2,🌊最高(大荒),9,1-2-5 / 2-1-5 / 1-5-2 / 2-5-1 / 1-3-5 / 5-1-2 / 1-5-3 / 5-2-1 / 3-1-5,0.0284,1号矢野 真梨菜,2号三浦 永理,3号土屋 南,2.0,1.0,2-1-3,×,680,-900,,,,,,,,
2026-09-15,津,1,✅低(堅),14,1-6-5 / 1-5-6 / 1-6-4 / 1-4-6 / 6-1-5 / 5-1-6 / 6-1-4 / 1-5-4 / 4-1-6 / 1-6-3 / 1-6-2 / 1-4-5 / 6-5-1 / 5-6-1,0.0496,1号浅見 昌克,5号坂口 貴彦,6号犬童 千秋,1.0,1.0,1-4-5,○,1410,10,,,,,,,,
2026-09-15,津,2,🌊最高(大荒),23,1-3-4 / 1-4-3 / 3-1-4 / 4-1-3 / 3-4-1 / 4-3-1 / 1-3-6 / 1-4-6 / 3-1-6 / 1-6-3 / 4-1-6 / 1-3-2 / 1-6-4 / 3-1-2 / 6-1-3 / 3-6-1 / 6-1-4 / 4-6-1 / 6-3-1 / 1-6-2 / 6-4-1 / 3-4-6 / 4-3-6,0.0237,1号吉岡 誠,3号坂井 康嗣,4号高山 秀雄,1.0,1.0,1-3-2,○,1800,-500,,,,,,,,
2026-09-15,津,3,🌊最高(大荒),6,1-2-5 / 2-1-5 / 1-2-6 / 2-1-6 / 1-2-3 / 2-1-3,0.0345,1号長谷川 充,2号江夏 満,5号赤羽 克也,1.0,1.0,4-1-3,×,19860,-600,,,,,,,,
2026-09-15,三国,6,🌊最高(大荒),14,2-6-1 / 2-5-1 / 5-2-1 / 6-2-1 / 6-1-2 / 1-5-6 / 1-6-5 / 1-6-2 / 5-1-6 / 2-5-6 / 6-1-5 / 2-6-5 / 5-1-2 / 5-2-6,0.0208,1号一宮 稔弘,2号佐藤 悠,5号平石 和男,1.0,1.0,1-4-6,×,17000,-1400,,,,,,,,
2026-09-15,三国,7,⚠高(荒),13,4-5-1 / 4-1-5 / 4-5-3 / 1-4-5 / 4-3-5 / 3-4-5 / 4-5-6 / 4-1-3 / 4-3-1 / 1-4-3 / 4-6-5 / 3-5-4 / 3-4-1,0.0461,5号中 亮太,4号石川 諒,1号高田 綾,2.0,2.0,3-4-5,○,3750,2450,,,,,,,,
2026-09-15,びわこ,1,🌊最高(大荒),18,1-5-6 / 5-1-6 / 1-6-5 / 1-5-4 / 1-5-2 / 5-6-1 / 5-1-4 / 5-1-2 / 1-5-3 / 6-1-5 / 5-1-3 / 6-5-1 / 1-4-5 / 1-2-5 / 5-4-1 / 5-2-1 / 4-1-5 / 4-5-1,0.0331,1号川田 正人,5号竹之内 極,6号土屋 太朗,1.0,1.0,3-1-6,×,9560,-1800,,,,,,,,
2026-09-15,びわこ,2,△中,7,1-5-4 / 1-4-5 / 5-1-4 / 1-5-6 / 4-1-5 / 1-4-2 / 1-6-5,0.0542,1号安井 瑞紀,5号寺田 千恵,2号宇野 弥生,2.0,2.0,4-1-5,○,3940,3240,,,,,,,,
2026-09-15,びわこ,3,⚠高(荒),0,,0.0000,1号井川 大作,3号池田 雄一,6号谷村 一哉,1.0,1.0,3-4-6,×,1310,,,,,,,,,
2026-09-15,鳴門,6,⚠高(荒),14,5-2-1 / 2-5-1 / 5-1-2 / 5-2-3 / 2-5-3 / 5-2-4 / 2-5-4 / 5-2-6 / 2-5-6 / 5-3-2 / 5-4-2 / 1-5-2 / 2-1-5 / 5-6-2,0.0774,5号古澤 光紀,2号馬袋 義則,1号佐口 達也,3.0,3.0,2-1-5,○,1330,-70,,,,,,,,
2026-09-15,鳴門,7,⚠高(荒),6,1-2-3 / 1-3-2 / 3-1-2 / 2-1-3 / 3-2-1 / 2-3-1,0.0699,1号渡邊 裕貴,3号竹井 貴史,2号長岡 良也,2.0,2.0,1-4-3,×,9900,-600,,,,,,,,
2026-09-15,徳山,1,✅低(堅),18,1-3-6 / 1-3-5 / 1-5-3 / 1-6-3 / 1-5-6 / 1-3-4 / 1-6-5 / 1-5-4 / 1-4-5 / 1-4-3 / 1-4-6 / 1-6-4 / 3-1-6 / 5-1-6 / 6-1-3 / 3-1-5 / 5-1-3 / 6-1-5,0.0259,1号高橋 竜矢,3号渡邉 和将,5号宮地 元輝,1.0,1.0,1-2-6,×,2640,-1800,,,,,,,,
2026-09-15,徳山,2,✅低(堅),17,1-6-4 / 1-2-6 / 1-6-2 / 1-4-6 / 1-2-4 / 1-6-3 / 1-6-5 / 1-3-6 / 1-5-6 / 1-2-5 / 6-1-4 / 2-1-6 / 6-1-2 / 1-5-2 / 4-1-6 / 1-2-3 / 1-4-2,0.0348,1号砂長 知輝,4号西村 拓也,2号中村 晃朋,1.0,1.0,1-2-4,○,620,-1080,,,,,,,,
2026-09-15,徳山,3,✅低(堅),5,1-4-3 / 1-3-4 / 1-4-2 / 4-1-3 / 1-2-4,0.0390,1号金子 拓矢,3号井本 昌也,4号大上 卓人,1.0,1.0,3-4-1,×,5220,-500,,,,,,,,
2026-09-15,平和島,4,🌊最高(大荒),16,5-6-4 / 6-5-4 / 5-6-2 / 5-6-1 / 6-5-2 / 6-5-1 / 5-4-6 / 5-6-3 / 6-5-3 / 6-4-5 / 4-5-6 / 4-6-5 / 5-1-6 / 6-1-5 / 6-2-5 / 5-2-6,0.0605,5号中辻 崇人,6号渡邉 睦広,4号濱崎 誠,2.0,3.0,3-5-2,×,4940,-1600,,,,,,,,
2026-09-15,平和島,5,🌊最高(大荒),0,,0.0000,4号原田 秀弥,6号大場 広孝,1号國弘 翔平,2.0,3.0,2-4-6,×,2830,,,,,,,,,
2026-09-15,浜名湖,1,⚠高(荒),5,1-2-3 / 1-3-2 / 2-1-3 / 3-1-2 / 1-2-5,0.0174,1号長野 道臣,5号西舘 健,4号梶原 正,0.0,0.0,1-3-5,×,1320,-500,,,,,,,,
2026-09-15,浜名湖,2,⚠高(荒),7,5-4-1 / 5-1-4 / 4-5-1 / 5-1-6 / 5-6-1 / 5-3-1 / 5-1-3,0.0228,1号幸田 智裕,5号石田 章央,4号井上 恵一,1.0,1.0,1-3-6,×,5600,-700,,,,,,,,
2026-09-15,浜名湖,3,🌊最高(大荒),7,6-2-4 / 2-6-4 / 6-2-1 / 6-4-2 / 2-6-1 / 2-4-6 / 4-6-2,0.0111,1号占部 一真,4号楠原 翔太,2号樋口 亮,0.0,0.0,1-6-5,×,18430,-700,,,,,,,,
2026-09-15,常滑,3,🌊最高(大荒),6,1-6-4 / 6-1-4 / 1-4-6 / 4-1-6 / 6-4-1 / 4-6-1,0.0448,1号島田 なぎさ,6号小芦 るり華,4号松田 真実,2.0,1.0,1-3-2,×,2240,-600,,,,,,,,
2026-09-15,常滑,4,🌊最高(大荒),14,1-5-6 / 1-6-5 / 1-5-3 / 5-1-6 / 1-3-5 / 1-6-3 / 1-3-6 / 6-1-5 / 5-1-3 / 6-1-3 / 3-1-6 / 3-1-5 / 5-6-1 / 6-5-1,0.0363,1号中村 紋夕梨,5号小池 礼乃,3号南 彩寧,2.0,1.0,5-2-6,×,4750,-1400,,,,,,,,
2026-09-15,常滑,5,✅低(堅),6,1-5-2 / 1-2-5 / 1-5-4 / 5-1-2 / 5-1-4 / 2-1-5,0.1209,1号川野 芽唯,5号武井 莉里佳,2号山川 波乙,2.0,1.0,1-3-5,×,260,-600,,,,,,,,
2026-09-15,津,4,⚠高(荒),7,1-2-5 / 1-5-2 / 5-1-2 / 1-2-6 / 1-5-4 / 1-4-5 / 1-6-2,0.0247,1号井上 未都,2号三浦 敬太,4号吉村 誠,1.0,1.0,2-1-3,×,1960,-700,,,,,,,,
2026-09-15,津,5,✅低(堅),11,1-5-6 / 1-6-5 / 1-6-4 / 1-6-3 / 1-4-6 / 1-3-6 / 5-1-6 / 6-1-5 / 6-1-4 / 1-5-3 / 6-1-3,0.0594,1号森永 隆,5号田村 慶,6号長谷川 暖,1.0,1.0,1-2-6,×,6650,-1100,,,,,,,,
2026-09-15,三国,8,🌊最高(大荒),14,1-4-6 / 1-6-4 / 1-4-3 / 4-1-6 / 1-4-2 / 6-1-4 / 1-3-4 / 1-6-3 / 4-1-3 / 1-4-5 / 1-2-4 / 1-3-6 / 1-6-2 / 4-1-2,0.0333,1号鈴木 茂高,4号淺田 千亜希,3号宮武 英司,1.0,1.0,1-6-3,○,11180,9780,,,,,,,,
2026-09-15,三国,9,🌊最高(大荒),6,5-1-3 / 1-5-3 / 5-3-1 / 3-5-1 / 1-3-5 / 3-1-5,0.0519,5号亀山 雅幸,1号山本 景士郎,3号高岡 竜也,1.0,1.0,1-3-5,○,1000,400,,,,,,,,
2026-09-15,三国,10,🌊最高(大荒),0,,0.0000,2号大澤 風葵,1号木村 紗友希,6号佐藤 悠,1.0,1.0,1-4-2,×,2910,,,,,,,,,
2026-09-15,びわこ,4,⚠高(荒),7,5-1-3 / 1-5-3 / 5-3-1 / 5-1-4 / 1-5-4 / 5-4-1 / 5-1-2,0.0210,5号前田 篤哉,1号小川 時光,3号妻鳥 晋也,2.0,2.0,1-4-2,×,7640,-700,,,,,,,,
2026-09-15,びわこ,5,△中,8,1-2-5 / 1-5-2 / 2-1-5 / 5-1-2 / 1-5-3 / 1-5-4 / 1-2-3 / 1-3-5,0.0347,1号川島 圭司,2号竹之内 極,4号中野 希一,2.0,2.0,1-4-3,×,1220,-800,,,,,,,,
2026-09-15,びわこ,6,⚠高(荒),0,,0.0000,1号間庭 菜摘,2号谷口 知優,4号野村 誠,2.0,2.0,2-3-1,×,4820,,,,,,,,,
2026-09-15,鳴門,8,⚠高(荒),16,1-2-5 / 1-5-2 / 2-1-5 / 1-2-6 / 5-1-2 / 2-1-6 / 1-6-2 / 1-2-4 / 5-2-1 / 1-5-6 / 2-5-1 / 6-1-2 / 1-6-5 / 2-6-1 / 2-1-4 / 1-4-2,0.0480,1号赤池 修平,2号岡本 翔太郎,5号中井 俊祐,2.0,2.0,1-2-3,×,1290,-1600,,,,,,,,
2026-09-15,鳴門,9,⚠高(荒),5,1-6-3 / 6-1-3 / 1-6-5 / 6-3-1 / 6-1-5,0.0193,1号小野 勇作,3号渡邉 雄朗,6号佃 來紀,4.0,4.0,6-3-4,×,37680,-500,,,,,,,,
2026-09-15,徳山,4,✅低(堅),11,1-5-6 / 1-6-5 / 1-3-6 / 1-6-3 / 1-6-4 / 1-4-6 / 5-1-6 / 1-6-2 / 6-1-5 / 1-2-6 / 3-1-6,0.0289,1号坪井 康晴,5号磯部 誠,3号常住 蓮,2.0,2.0,1-3-4,×,1630,-1100,,,,,,,,
2026-09-15,徳山,5,✅低(堅),0,,0.0000,1号末永 和也,6号大峯 豊,4号澤田 尚也,3.0,3.0,2-4-1,×,9880,,,,,,,,,
2026-09-15,福岡,1,✅低(堅),18,1-2-6 / 1-6-2 / 1-6-4 / 1-2-5 / 1-6-5 / 1-4-6 / 1-5-6 / 2-1-6 / 1-5-2 / 6-1-2 / 1-2-4 / 1-4-5 / 1-5-4 / 1-4-2 / 2-1-5 / 2-1-4 / 6-1-4 / 5-1-2,0.0367,1号石倉 洋行,2号松下 誉士,6号山下 奈緒,3.0,3.0,1-2-6,○,2110,310,,,,,,,,
2026-09-15,福岡,2,⚠高(荒),9,1-5-3 / 5-1-3 / 1-5-2 / 1-3-5 / 5-1-2 / 1-5-4 / 1-2-5 / 5-1-4 / 1-3-4,0.0711,1号藤丸 光一,5号末永 祐輝,3号森 悠稀,3.0,3.0,2-1-3,×,3820,-900,,,,,,,,
2026-09-15,福岡,3,⚠高(荒),14,3-2-1 / 2-3-1 / 3-2-4 / 2-3-4 / 3-4-2 / 2-4-3 / 3-1-2 / 2-1-3 / 4-3-2 / 4-2-3 / 3-4-1 / 2-4-1 / 4-3-1 / 4-2-1,0.0511,3号仲口 博崇,2号木場 悠介,1号小林 孝弘,3.0,3.0,1-3-2,×,930,-1400,,,,,,,,
2026-09-15,浜名湖,4,△中,0,,0.0000,1号田中 京介,6号吉原 聖人,3号松田 竜馬,0.0,0.0,1-2-3,×,450,,,,,,,,,
2026-09-15,常滑,6,✅低(堅),6,1-4-3 / 1-4-6 / 1-6-4 / 4-1-3 / 4-1-6 / 6-1-4,0.0829,1号竹井 奈美,4号遠藤 エミ,2号羽田 妃希,2.0,1.0,4-6-1,×,4820,-600,,,,,,,,
2026-09-15,津,6,🌊最高(大荒),0,,0.0000,1号松田 憲幸,4号馬野 耀,3号秋元 哲,2.0,1.0,1-3-2,×,2830,,,,,,,,,
2026-09-15,鳴門,10,✅低(堅),10,1-6-2 / 1-6-4 / 1-4-6 / 1-2-6 / 1-6-3 / 1-3-6 / 6-1-4 / 6-1-2 / 6-1-3 / 4-1-6,0.0751,1号久富 政弘,6号鈴木 雅希,2号深川 麻奈美,4.0,4.0,2-4-3,×,13550,-1000,,,,,,,,
2026-09-15,徳山,6,✅低(堅),0,,0.0000,1号川原 祐明,2号関 浩哉,3号石本 裕武,3.0,3.0,5-1-2,×,33690,,,,,,,,,
2026-09-15,浜名湖,7,✅低(堅),6,1-3-6 / 1-6-3 / 3-1-6 / 6-1-3 / 3-6-1 / 6-3-1,0.1018,1号東本 勝利,3号片橋 幸貴,6号石田 章央,0.0,0.0,1-2-3,×,760,-600,,,,,,,,
2026-09-15,浜名湖,8,△中,9,1-2-6 / 1-6-2 / 1-5-6 / 1-6-5 / 1-6-4 / 1-4-6 / 2-1-6 / 6-1-2 / 1-2-5,0.0768,1号西舘 健,2号待鳥 雄紀,5号長野 道臣,0.0,0.0,2-1-4,×,2430,-900,,,,,,,,
2026-09-15,浜名湖,9,⚠高(荒),10,1-6-2 / 1-2-6 / 6-1-2 / 2-1-6 / 1-6-3 / 6-2-1 / 2-6-1 / 6-1-3 / 1-3-6 / 3-1-6,0.0537,1号星野 太郎,6号向井田 佑紀,2号梅木 敬太,0.0,0.0,1-6-2,○,2210,1210,,,,,,,,
2026-09-15,浜名湖,10,✅低(堅),12,1-3-6 / 1-6-3 / 1-6-5 / 1-6-4 / 1-4-6 / 1-6-2 / 1-3-4 / 1-2-6 / 1-5-6 / 1-4-3 / 3-1-6 / 6-1-3,0.0298,1号篠田 優也,5号田路 朋史,3号鈴木 孝明,0.0,0.0,1-5-2,×,2470,-1200,,,,,,,,
2026-09-15,浜名湖,11,✅低(堅),8,1-4-5 / 1-5-4 / 4-1-5 / 1-4-2 / 1-4-3 / 5-1-4 / 4-1-2 / 4-1-3,0.0389,1号片橋 幸貴,4号東本 勝利,5号井上 恵一,1.0,1.0,3-1-4,×,8110,-800,,,,,,,,
2026-09-15,浜名湖,12,✅低(堅),3,1-4-6 / 4-1-6 / 1-6-4,0.0238,1号杉山 裕也,4号浜先 真範,3号守田 俊介,2.0,1.0,3-1-2,×,3500,-300,,,,,,,,
2026-09-15,蒲郡,1,🌊最高(大荒),13,4-3-1 / 3-4-1 / 4-1-3 / 3-1-4 / 1-4-3 / 1-3-4 / 4-3-2 / 4-3-5 / 3-4-5 / 3-4-2 / 4-3-6 / 3-4-6 / 4-5-3,0.0334,4号笹木 香吾,3号樅山 拓馬,1号藤森 拓海,1.0,0.0,2-4-3,×,1690,-1300,,,,,,,,
2026-09-15,蒲郡,2,⚠高(荒),7,2-1-3 / 2-1-5 / 2-1-6 / 2-3-1 / 1-2-3 / 1-2-5 / 2-5-1,0.0488,2号中山 翔太,1号高橋 龍治,3号仲道 大輔,1.0,0.0,6-2-3,×,67940,-700,,,,,,,,
2026-09-15,蒲郡,3,⚠高(荒),18,1-5-4 / 1-4-5 / 5-1-4 / 1-5-3 / 1-5-6 / 4-1-5 / 1-3-5 / 1-4-3 / 1-6-5 / 1-3-4 / 1-4-6 / 5-1-3 / 5-1-6 / 1-6-4 / 5-4-1 / 4-5-1 / 4-1-3 / 3-1-5,0.0431,1号岩下 巧斗,5号廣瀬 凜,4号成貞 琳平,2.0,1.0,1-5-4,○,2100,300,,,,,,,,
2026-09-15,蒲郡,4,⚠高(荒),15,1-6-3 / 6-1-3 / 1-6-4 / 1-6-2 / 1-4-6 / 1-2-6 / 6-1-4 / 6-1-2 / 1-3-6 / 6-3-1 / 4-1-6 / 2-1-6 / 3-6-1 / 1-2-4 / 1-4-2,0.0383,1号高山 敬悟,3号松田 淳平,6号上野 俊樹,2.0,1.0,3-6-5,×,8560,-1500,,,,,,,,
2026-09-15,蒲郡,5,🌊最高(大荒),8,5-3-1 / 1-5-3 / 5-1-3 / 3-5-1 / 1-3-5 / 3-1-5 / 3-5-6 / 5-3-6,0.0209,3号前田 滉,1号坪井 爽佑,5号荒木 颯斗,1.0,0.0,3-1-5,○,1540,740,,,,,,,,
2026-09-15,蒲郡,6,✅低(堅),8,1-2-4 / 2-1-4 / 1-2-6 / 1-2-3 / 1-2-5 / 2-1-6 / 2-1-3 / 2-1-5,0.1623,1号土井 歩夢,2号山口 晃朋,4号竹間 隆晟,1.0,0.0,1-2-3,○,1170,370,,,,,,,,
2026-09-15,住之江,1,△中,11,1-5-2 / 1-5-4 / 1-2-5 / 5-1-2 / 1-5-3 / 1-4-5 / 2-1-5 / 5-1-4 / 1-3-5 / 5-1-3 / 4-1-5,0.0531,1号今井 貴士,2号杉山 喜一,5号吉田 祐貴,1.0,1.0,1-2-3,×,630,-1100,,,,,,,,
2026-09-15,住之江,2,△中,14,1-5-4 / 5-1-4 / 4-1-5 / 1-4-5 / 1-5-3 / 4-5-1 / 5-4-1 / 1-3-5 / 1-5-2 / 5-1-3 / 1-5-6 / 1-2-5 / 3-1-5 / 5-1-2,0.0523,1号福田 宗平,4号渡邉 英児,5号大塚 康雅,2.0,1.0,1-5-4,○,2860,1460,,,,,,,,
2026-09-15,住之江,3,✅低(堅),14,1-5-6 / 1-6-5 / 1-5-3 / 1-5-2 / 1-5-4 / 5-1-6 / 1-3-5 / 6-1-5 / 1-6-3 / 1-6-2 / 1-3-6 / 1-4-5 / 5-1-3 / 1-6-4,0.1127,1号高田 明,5号植田 太一,6号黒田 誠司,4.0,2.0,2-1-4,×,3780,-1400,,,,,,,,
2026-09-15,住之江,4,✅低(堅),16,1-6-3 / 1-6-2 / 1-3-6 / 1-6-5 / 1-2-6 / 1-5-6 / 6-1-3 / 6-1-2 / 6-1-5 / 3-1-6 / 1-2-5 / 1-5-2 / 1-3-5 / 1-5-3 / 1-3-2 / 5-1-6,0.0744,1号中村 日向,6号和田 拓也,2号大場 恒季,4.0,2.0,2-1-3,×,2070,-1600,,,,,,,,
2026-09-15,住之江,5,✅低(堅),7,1-3-6 / 1-6-3 / 3-1-6 / 1-3-5 / 6-1-3 / 3-1-5 / 1-5-3,0.0883,1号吉川 喜継,3号三宅 健太,6号井上 忠政,0.0,1.0,1-3-2,×,1140,-700,,,,,,,,
2026-09-15,住之江,6,✅低(堅),9,1-6-4 / 1-4-6 / 6-1-4 / 4-1-6 / 6-4-1 / 4-6-1 / 6-1-2 / 6-1-5 / 1-6-5,0.0899,1号岡村 仁,6号宮脇 遼太,4号中嶋 健一郎,1.0,1.0,1-6-3,×,1890,-900,,,,,,,,
2026-09-15,下関,1,⚠高(荒),15,1-3-6 / 1-6-3 / 1-3-5 / 1-4-6 / 3-1-6 / 1-5-3 / 1-6-4 / 6-1-3 / 1-2-6 / 1-6-2 / 1-4-5 / 1-2-4 / 1-4-2 / 1-5-4 / 4-1-6,0.0283,1号谷本 幸司,3号山室 展弘,4号村田 浩司,5.0,5.0,1-6-2,○,12430,10930,,,,,,,,
2026-09-15,下関,2,🌊最高(大荒),14,1-6-5 / 1-5-6 / 1-6-2 / 1-5-3 / 6-1-5 / 1-6-4 / 1-3-5 / 5-1-6 / 1-2-6 / 6-1-2 / 1-3-2 / 1-4-6 / 1-2-3 / 5-1-3,0.0262,1号中村 真,6号麻生 慎介,3号宮地 秀祈,5.0,5.0,6-5-2,×,16630,-1400,,,,,,,,
2026-09-15,下関,3,⚠高(荒),9,1-6-5 / 6-1-5 / 1-5-6 / 5-1-6 / 6-5-1 / 5-6-1 / 6-1-4 / 1-6-4 / 6-4-1,0.0376,1号福嶋 智之,6号加藤 翔馬,5号向後 龍一,5.0,5.0,3-2-6,×,25210,-900,,,,,,,,
2026-09-15,下関,4,🌊最高(大荒),14,5-1-6 / 1-5-6 / 5-6-1 / 1-6-5 / 6-5-1 / 6-1-5 / 5-6-2 / 6-5-2 / 5-2-6 / 1-6-2 / 5-1-3 / 6-1-2 / 1-5-3 / 6-2-5,0.0374,5号平田 忠則,1号岡部 浩,2号井上 遥妃,5.0,5.0,5-3-6,×,10970,-1400,,,,,,,,
2026-09-15,下関,5,✅低(堅),10,1-6-4 / 1-6-2 / 1-2-6 / 1-6-5 / 6-1-2 / 1-2-4 / 6-1-4 / 1-5-6 / 2-1-6 / 1-6-3,0.1070,1号長谷川 晴哉,6号川原 正明,4号三村 岳人,5.0,5.0,1-4-6,×,490,-1000,,,,,,,,
2026-09-15,若松,1,🌊最高(大荒),11,1-6-5 / 1-5-6 / 1-6-4 / 1-4-6 / 6-1-5 / 1-6-2 / 1-5-4 / 5-1-6 / 6-1-4 / 1-4-5 / 4-1-6,0.0433,1号寺島 美里,6号梶山 涼斗,2号蒲原 健太,5.0,5.0,2-5-4,×,2230,-1100,,,,,,,,
2026-09-15,若松,2,🌊最高(大荒),17,1-6-3 / 1-3-6 / 1-6-5 / 6-1-3 / 3-1-6 / 1-5-6 / 6-1-5 / 6-3-1 / 1-6-2 / 3-6-1 / 5-1-6 / 6-5-1 / 6-1-2 / 1-2-6 / 5-6-1 / 2-1-6 / 6-2-1,0.0515,1号中島 真二,6号中村 栄治,3号本田 愛,3.0,3.0,2-1-3,×,4280,-1700,,,,,,,,
2026-09-15,若松,3,⚠高(荒),15,1-6-2 / 1-6-3 / 1-2-6 / 6-1-2 / 6-1-3 / 1-3-6 / 2-1-6 / 3-1-6 / 1-2-3 / 1-3-2 / 6-3-1 / 6-2-1 / 3-6-1 / 1-6-4 / 2-6-1,0.0502,1号花田 凱成,6号中辻 博訓,2号間嶋 仁志,3.0,3.0,4-3-6,×,7640,-1500,,,,,,,,
2026-09-15,若松,4,✅低(堅),7,1-2-4 / 2-1-6 / 2-1-4 / 1-4-2 / 4-1-2 / 2-6-1 / 6-2-1,0.0412,1号今垣 光太郎,2号村松 将平,6号嶋 義信,5.0,5.0,1-3-2,×,940,-700,,,,,,,,
2026-09-15,若松,5,✅低(堅),12,1-3-4 / 1-5-4 / 1-3-2 / 1-2-3 / 1-2-4 / 1-3-5 / 1-2-5 / 1-5-3 / 1-5-2 / 3-1-4 / 5-1-4 / 1-6-4,0.0353,1号大瀧 明日香,4号濱崎 直矢,2号村松 修二,5.0,5.0,2-1-4,×,1560,-1200,,,,,,,,
2026-09-15,若松,6,△中,6,1-3-5 / 3-1-5 / 1-5-3 / 5-1-3 / 3-5-1 / 5-3-1,0.0488,1号片岡 恵里,3号若狭 奈美子,5号渡辺 千草,5.0,5.0,1-5-6,×,11200,-600,,,,,,,,
2026-09-15,福岡,7,△中,12,1-6-3 / 1-3-6 / 1-6-2 / 6-1-3 / 1-6-5 / 1-6-4 / 3-1-6 / 1-2-6 / 1-3-2 / 1-3-5 / 1-5-6 / 1-2-3,0.0685,1号森 悠稀,6号山田 竜一,3号島田 賢人,4.0,4.0,1-3-2,○,590,-610,,,,,,,,
2026-09-15,福岡,8,△中,8,1-2-3 / 1-2-4 / 1-3-2 / 1-2-6 / 1-2-5 / 1-4-2 / 3-1-2 / 1-6-2,0.0602,1号岩永 雅人,2号豊田 健士郎,3号淺香 文武,4.0,4.0,1-2-3,○,470,-330,,,,,,,,
2026-09-15,福岡,9,△中,14,1-5-3 / 1-3-5 / 1-5-2 / 5-1-3 / 1-5-4 / 1-5-6 / 3-1-5 / 1-2-5 / 5-1-2 / 5-1-4 / 5-1-6 / 1-6-5 / 1-4-5 / 5-3-1,0.0798,1号中村 桃佳,5号石倉 洋行,3号佐竹 恒彦,4.0,4.0,1-5-2,○,1050,-350,,,,,,,,
2026-09-15,福岡,10,✅低(堅),11,1-6-5 / 1-6-3 / 1-5-6 / 1-6-4 / 6-1-5 / 1-3-6 / 6-1-3 / 1-4-6 / 5-1-6 / 3-1-6 / 6-1-4,0.0467,1号吉田 裕平,6号竹下 大樹,3号西村 美智子,4.0,4.0,1-2-3,×,480,-1100,,,,,,,,
2026-09-15,福岡,11,✅低(堅),19,1-5-6 / 1-5-3 / 1-5-2 / 1-6-5 / 1-3-5 / 1-5-4 / 1-4-5 / 1-6-3 / 1-3-6 / 1-6-4 / 5-1-2 / 5-1-3 / 1-2-5 / 5-1-6 / 1-4-6 / 5-1-4 / 3-1-5 / 1-6-2 / 6-1-5,0.0306,1号渡邉 優美,5号白井 友晴,2号仲口 博崇,4.0,4.0,3-1-4,×,6420,-1900,,,,,,,,
2026-09-15,福岡,12,✅低(堅),14,1-2-6 / 1-6-2 / 1-6-3 / 1-3-6 / 1-6-5 / 1-5-6 / 1-2-5 / 1-5-2 / 2-1-6 / 6-1-2 / 1-5-3 / 6-1-3 / 3-1-6 / 1-6-4,0.0350,1号島村 隆幸,2号岩永 雅人,3号末永 祐輝,4.0,4.0,1-4-3,×,1510,-1400,,,,,,,,
2026-09-15,蒲郡,7,✅低(堅),0,,0.0000,1号津田 陸翔,4号島川 海輝,3号楠 将太郎,1.0,0.0,4-3-1,×,7390,,,,,,,,,
2026-09-15,蒲郡,8,△中,15,1-3-2 / 1-2-3 / 1-5-2 / 1-2-5 / 1-3-6 / 1-5-6 / 1-6-3 / 1-6-5 / 3-1-2 / 2-1-3 / 1-2-6 / 2-1-5 / 1-6-2 / 5-1-2 / 3-1-6,0.0430,1号笹木 香吾,3号塚越 海斗,5号安河内 鈴之介,1.0,0.0,2-3-5,×,8250,-1500,,,,,,,,
2026-09-15,蒲郡,9,✅低(堅),10,1-2-6 / 1-6-2 / 2-1-6 / 6-1-2 / 1-6-5 / 1-6-4 / 1-5-6 / 1-4-6 / 1-6-3 / 1-2-5,0.0806,1号仲道 大輔,2号藤原 仙二,6号石渡 翔一郎,1.0,0.0,6-2-1,×,15750,-1000,,,,,,,,
2026-09-15,住之江,7,✅低(堅),6,1-3-4 / 1-3-6 / 1-3-5 / 1-4-3 / 3-1-4 / 3-1-6,0.0313,1号市橋 卓士,3号畑 和宏,2号小林 泰,0.0,1.0,3-1-2,×,5580,-600,,,,,,,,
2026-09-15,住之江,8,🌊最高(大荒),23,1-4-6 / 4-1-6 / 1-6-4 / 4-6-1 / 6-1-4 / 6-4-1 / 1-4-5 / 4-1-5 / 1-5-4 / 1-6-5 / 4-5-1 / 1-5-6 / 6-1-5 / 1-4-3 / 4-6-5 / 4-1-3 / 5-1-4 / 6-4-5 / 4-5-6 / 5-4-1 / 5-1-6 / 6-5-1 / 1-6-3,0.0417,1号小坂 風太,4号照屋 厚仁,6号川崎 智幸,4.0,2.0,5-4-2,×,8060,-2300,,,,,,,,
2026-09-15,住之江,9,✅低(堅),7,1-4-3 / 1-4-2 / 1-3-4 / 1-4-6 / 1-6-4 / 1-4-5 / 1-3-6,0.0379,1号井上 忠政,2号中村 日向,4号大場 恒季,1.0,1.0,1-4-2,○,850,150,,,,,,,,
2026-09-15,住之江,10,✅低(堅),13,1-6-2 / 1-2-6 / 1-6-4 / 1-4-6 / 1-2-4 / 2-1-6 / 6-1-2 / 1-6-5 / 1-4-2 / 6-1-4 / 1-5-6 / 2-1-4 / 4-1-6,0.0578,1号和田 拓也,2号渡邉 英児,6号岡村 仁,2.0,1.0,1-2-4,○,450,-850,,,,,,,,
2026-09-15,下関,6,△中,14,1-4-2 / 4-1-2 / 1-4-6 / 1-2-6 / 1-6-2 / 1-6-4 / 1-4-3 / 4-1-6 / 1-4-5 / 1-3-4 / 6-1-2 / 6-1-4 / 1-5-4 / 4-1-3,0.0563,1号山田 晃大,2号品川 二千翔,4号山下 夏鈴,5.0,5.0,4-1-2,○,5430,4030,,,,,,,,
2026-09-15,下関,7,✅低(堅),11,1-2-6 / 1-6-2 / 1-2-3 / 1-3-2 / 1-3-6 / 1-6-3 / 2-1-6 / 1-6-4 / 6-1-2 / 1-2-5 / 1-4-6,0.0400,1号金子 和之,2号藤原 碧生,3号福嶋 智之,5.0,5.0,1-2-4,×,590,-1100,,,,,,,,
2026-09-15,下関,8,✅低(堅),17,1-3-4 / 1-3-6 / 1-4-3 / 1-6-3 / 3-1-4 / 3-1-6 / 4-1-3 / 1-3-5 / 6-1-3 / 1-4-6 / 1-6-4 / 1-3-2 / 1-6-2 / 1-5-3 / 3-6-1 / 1-4-2 / 3-1-5,0.0642,1号山本 梨菜,3号加藤 翔馬,4号山室 展弘,5.0,5.0,3-4-6,×,4690,-1700,,,,,,,,
2026-09-15,下関,9,△中,14,1-6-3 / 6-1-3 / 1-3-6 / 3-1-6 / 6-1-5 / 6-3-1 / 3-6-1 / 1-6-2 / 6-1-2 / 1-6-5 / 6-5-1 / 1-2-6 / 5-6-1 / 2-1-6,0.0579,1号西川 拓利,6号鈴木 勝博,3号長谷川 晴哉,5.0,5.0,3-5-6,×,3480,-1400,,,,,,,,
2026-09-15,若松,7,△中,9,1-5-6 / 1-5-4 / 1-6-5 / 1-4-5 / 1-4-6 / 1-6-4 / 1-5-3 / 1-3-5 / 1-6-3,0.0177,1号松尾 昂明,2号杉田 篤光,3号浅見 宗孝,5.0,5.0,2-1-3,×,2140,-900,,,,,,,,
2026-09-15,若松,8,✅低(堅),10,1-4-5 / 1-5-4 / 1-5-3 / 1-3-5 / 4-1-5 / 5-1-4 / 1-5-6 / 5-1-3 / 1-6-5 / 3-1-5,0.0515,1号井内 将太郎,4号村松 将平,5号佐藤 旭,5.0,5.0,4-2-3,×,38630,-1000,,,,,,,,
2026-09-15,若松,9,△中,4,1-4-6 / 1-6-4 / 4-1-6 / 6-1-4,0.0197,1号桐本 康臣,4号梶山 涼斗,3号間嶋 仁志,3.0,3.0,1-3-6,×,1630,-400,,,,,,,,
2026-09-15,蒲郡,10,✅低(堅),10,1-5-2 / 1-2-5 / 5-1-2 / 2-1-5 / 5-2-1 / 2-5-1 / 5-1-4 / 5-1-6 / 2-1-6 / 2-1-4,0.0618,1号廣瀬 凜,5号中山 翔太,2号荒木 颯斗,1.0,0.0,5-3-1,×,16710,-1000,,,,,,,,
2026-09-15,若松,10,△中,17,1-5-2 / 1-5-3 / 1-5-6 / 5-1-2 / 5-1-3 / 1-2-5 / 1-5-4 / 5-1-6 / 1-6-5 / 2-1-5 / 5-1-4 / 1-4-5 / 5-2-1 / 5-3-1 / 6-1-5 / 2-5-1 / 3-5-1,0.0632,1号中辻 博訓,5号若狭 奈美子,3号今垣 光太郎,3.0,3.0,1-2-4,×,1790,-1700,,,,,,,,
2026-09-15,住之江,11,✅低(堅),5,1-2-4 / 1-4-2 / 2-1-4 / 4-1-2 / 1-2-6,0.0302,1号宮脇 遼太,2号福田 宗平,4号武田 光史,2.0,1.0,1-4-2,○,1360,860,,,,,,,,
2026-09-15,下関,10,✅低(堅),4,1-5-6 / 1-5-2 / 1-5-3 / 1-6-5,0.0180,1号平田 忠則,5号前野 竜一,2号竹田 吉行,5.0,5.0,1-3-5,×,2750,-400,,,,,,,,
2026-09-15,蒲郡,11,✅低(堅),10,1-5-2 / 1-5-6 / 1-6-5 / 1-2-5 / 1-5-3 / 1-3-5 / 1-5-4 / 1-4-5 / 1-6-3 / 1-3-6,0.0332,1号前田 滉,2号竹間 隆晟,5号高山 敬悟,1.0,0.0,1-6-2,×,6040,-1000,,,,,,,,
2026-09-15,住之江,12,△中,24,1-2-5 / 1-2-4 / 1-2-6 / 2-1-5 / 1-4-2 / 1-6-2 / 1-2-3 / 2-1-4 / 1-5-2 / 2-1-6 / 1-4-5 / 1-6-5 / 1-3-2 / 4-1-2 / 6-1-2 / 2-1-3 / 1-4-6 / 1-6-4 / 2-4-1 / 2-6-1 / 1-3-5 / 4-2-1 / 3-1-2 / 6-1-5,0.0582,1号川崎 智幸,2号植田 太一,5号畑 和宏,3.0,1.0,2-1-3,○,6460,4060,,,,,,,,
2026-09-15,下関,11,✅低(堅),11,1-6-2 / 6-1-2 / 1-6-4 / 1-2-6 / 2-1-6 / 1-4-6 / 1-6-3 / 6-2-1 / 2-6-1 / 1-6-5 / 6-1-4,0.0605,1号藤原 碧生,2号三村 岳人,6号品川 二千翔,5.0,5.0,1-3-6,×,3780,-1100,,,,,,,,
2026-09-15,若松,11,✅低(堅),0,,0.0000,1号嶋 義信,4号松尾 昂明,3号大瀧 明日香,3.0,3.0,1-3-6,×,1050,,,,,,,,,
2026-09-15,鳴門,1,✅低(堅),9,1-6-4 / 1-6-2 / 1-4-6 / 1-2-6 / 6-1-4 / 6-1-2 / 4-1-6 / 1-6-5 / 2-1-6,0.1131,1号水摩 敦,6号赤池 修平,4号倉田 茂将,1.0,1.0,1-3-5,×,2840,-900,,,,,,,,
2026-09-15,唐津,1,△中,0,,0.0000,1号芝田 浩治,5号深山 祐二,2号中嶋 誠一郎,4.0,4.0,,,,,,,,,,,,
2026-09-16,鳴門,2,⚠高(荒),6,1-5-4 / 1-5-3 / 1-4-5 / 5-1-4 / 5-1-3 / 4-1-5,0.0225,1号中尾 彩香,3号岩崎 芳美,5号稲田 浩二,1.0,1.0,,,,,,,,,,,,
2026-09-16,鳴門,3,✅低(堅),15,1-2-4 / 1-4-2 / 1-2-5 / 1-2-6 / 1-5-2 / 1-6-2 / 1-2-3 / 2-1-4 / 1-5-4 / 1-3-2 / 1-6-4 / 2-1-5 / 2-1-6 / 1-5-6 / 1-6-5,0.1088,1号益田 啓司,2号小野 勇作,4号佃 來紀,1.0,1.0,,,,,,,,,,,,
2026-09-16,鳴門,4,✅低(堅),7,1-5-4 / 1-4-5 / 1-5-6 / 1-5-2 / 1-6-5 / 5-1-4 / 1-5-3,0.0834,1号馬袋 義則,5号久富 政弘,4号久田 武,2.0,2.0,,,,,,,,,,,,
2026-09-16,鳴門,5,⚠高(荒),11,2-3-5 / 2-5-3 / 3-2-5 / 5-2-3 / 2-3-1 / 3-5-2 / 5-3-2 / 2-3-4 / 3-2-1 / 2-5-1 / 3-2-4,0.0332,2号烏野 賢太,3号村越 篤,1号登 みひ果,3.0,3.0,,,,,,,,,,,,
2026-09-16,唐津,2,△中,18,1-4-5 / 1-5-4 / 1-5-3 / 1-3-5 / 1-4-6 / 1-6-4 / 1-6-3 / 1-3-6 / 1-5-6 / 1-6-5 / 4-1-5 / 5-1-4 / 1-5-2 / 5-1-3 / 4-1-6 / 1-2-5 / 1-6-2 / 6-1-4,0.0347,1号飯島 昌弘,3号鈴谷 一平,4号松尾 宣邦,5.0,5.0,,,,,,,,,,,,
2026-09-16,唐津,3,⚠高(荒),6,1-3-6 / 1-6-3 / 6-1-3 / 3-1-6 / 1-6-2 / 1-6-5,0.0494,1号佐々木 翔斗,3号島川 光男,6号藤田 俊祐,5.0,5.0,,,,,,,,,,,,
2026-09-16,唐津,4,✅低(堅),8,1-4-3 / 1-4-6 / 1-3-4 / 1-6-4 / 1-4-2 / 1-4-5 / 1-5-4 / 4-1-3,0.0366,1号古結 宏,4号江藤 敦宏,3号加藤 高史,5.0,5.0,,,,,,,,,,,,
2026-09-16,平和島,1,🌊最高(大荒),17,1-5-3 / 5-1-3 / 1-3-5 / 1-5-4 / 1-5-6 / 5-1-4 / 5-1-6 / 1-4-5 / 1-6-5 / 5-3-1 / 6-1-5 / 1-3-6 / 1-6-3 / 4-1-5 / 5-6-1 / 3-1-5 / 5-4-1,0.0410,1号金山 立樹,5号國崎 良春,3号篠原 飛翔,3.0,3.0,,,,,,,,,,,,
2026-09-16,平和島,2,🌊最高(大荒),0,,0.0000,1号大場 広孝,3号渡邉 睦広,2号佐藤 大佑,0.0,3.0,,,,,,,,,,,,
2026-09-16,多摩川,1,✅低(堅),10,1-4-6 / 1-6-4 / 4-1-6 / 1-5-6 / 1-6-5 / 4-1-5 / 1-5-4 / 1-6-2 / 6-1-4 / 1-2-6,0.0263,1号若林 将,4号黒野 元基,5号坂口 周,1.0,2.0,,,,,,,,,,,,
2026-09-16,多摩川,2,✅低(堅),11,1-6-5 / 1-5-6 / 1-6-4 / 1-6-2 / 6-1-5 / 1-4-6 / 1-6-3 / 5-1-6 / 6-1-4 / 1-2-6 / 6-1-2,0.0720,1号椎名 豊,6号岩瀬 裕亮,5号中野 次郎,1.0,2.0,,,,,,,,,,,,
2026-09-16,多摩川,3,✅低(堅),26,1-4-2 / 1-4-3 / 1-2-4 / 1-3-4 / 1-4-5 / 1-5-4 / 1-5-2 / 1-2-5 / 1-5-3 / 1-3-5 / 1-4-6 / 1-6-4 / 1-5-6 / 4-1-2 / 4-1-3 / 4-1-5 / 1-6-5 / 5-1-4 / 1-6-2 / 1-6-3 / 2-1-4 / 3-1-4 / 1-2-6 / 5-1-2 / 1-3-6 / 5-1-3,0.0364,1号杉山 正樹,4号山田 康二,2号永井 彪也,1.0,2.0,,,,,,,,,,,,
2026-09-16,常滑,1,✅低(堅),9,1-6-4 / 1-6-3 / 1-4-6 / 1-3-6 / 1-6-5 / 1-5-6 / 1-6-2 / 6-1-4 / 1-2-6,0.0398,1号山口 真喜子,6号野田部 宏子,3号佐々木 裕美,1.0,1.0,,,,,,,,,,,,
2026-09-16,常滑,2,⚠高(荒),13,1-3-6 / 1-6-3 / 1-6-4 / 1-6-2 / 1-2-6 / 6-1-4 / 3-1-6 / 6-1-3 / 6-1-2 / 2-1-6 / 4-1-6 / 4-6-1 / 6-4-1,0.0250,1号小池 礼乃,4号小芦 るり華,3号大久保 佑香,1.0,1.0,,,,,,,,,,,,
2026-09-16,津,1,△中,10,1-3-6 / 1-6-3 / 1-3-5 / 1-6-2 / 1-5-3 / 1-6-5 / 1-5-6 / 1-2-6 / 1-3-2 / 1-5-2,0.0338,1号香川 素子,2号井上 未都,3号向井 美鈴,0.0,0.0,,,,,,,,,,,,
2026-09-16,津,2,⚠高(荒),18,1-2-6 / 1-6-2 / 1-2-5 / 2-1-6 / 1-5-2 / 1-6-3 / 6-1-2 / 1-3-6 / 1-6-4 / 2-1-5 / 1-4-6 / 1-2-4 / 1-6-5 / 2-6-1 / 1-5-6 / 5-1-2 / 6-2-1 / 6-1-3,0.0339,1号森 竜也,2号田村 慶,3号佐藤 世那,0.0,0.0,,,,,,,,,,,,
2026-09-16,びわこ,1,⚠高(荒),21,1-6-3 / 1-3-6 / 1-6-4 / 1-4-6 / 6-1-3 / 6-1-4 / 4-1-6 / 3-1-6 / 6-3-1 / 6-4-1 / 4-6-1 / 1-6-5 / 3-6-1 / 1-5-6 / 1-4-3 / 6-1-5 / 1-4-5 / 1-3-5 / 1-5-4 / 1-5-3 / 5-1-6,0.0267,1号岩井 繁,3号間庭 菜摘,6号鶴田 勇雄,1.0,1.0,,,,,,,,,,,,
2026-09-16,びわこ,2,🌊最高(大荒),14,2-1-3 / 1-2-3 / 2-3-1 / 3-2-1 / 1-3-2 / 3-1-2 / 2-1-4 / 1-2-4 / 1-3-4 / 2-3-4 / 3-1-4 / 2-1-5 / 3-2-4 / 1-2-5,0.0362,2号野村 誠,1号山戸 信二,3号岡部 貴司,0.0,1.0,,,,,,,,,,,,
2026-09-16,びわこ,3,🌊最高(大荒),1,6-2-3,0.0108,3号川島 圭司,6号寺田 千恵,5号谷村 一哉,1.0,1.0,,,,,,,,,,,,
2026-09-16,尼崎,1,🌊最高(大荒),12,3-5-1 / 3-1-6 / 5-3-1 / 3-6-1 / 1-3-6 / 5-1-3 / 1-6-3 / 6-3-1 / 1-5-3 / 6-1-3 / 3-1-5 / 3-5-6,0.0244,3号近江 翔吾,1号村田 敦,5号浜崎 準也,2.0,0.0,,,,,,,,,,,,
2026-09-16,尼崎,2,🌊最高(大荒),8,1-2-6 / 2-1-6 / 1-6-2 / 6-1-2 / 2-6-1 / 6-2-1 / 1-6-4 / 1-4-6,0.0478,1号加藤 雅之,2号松井 賢治,4号三好 勇人,2.0,0.0,,,,,,,,,,,,
2026-09-16,鳴門,6,✅低(堅),8,1-6-4 / 1-4-6 / 6-1-4 / 1-6-5 / 4-1-6 / 1-6-3 / 1-5-6 / 1-4-5,0.0697,1号鈴木 雅希,4号深川 麻奈美,6号古澤 光紀,2.0,2.0,,,,,,,,,,,,
2026-09-16,鳴門,7,⚠高(荒),19,5-6-1 / 5-1-6 / 5-1-4 / 6-5-1 / 5-2-1 / 5-4-1 / 5-6-2 / 5-2-6 / 5-6-3 / 5-3-6 / 5-6-4 / 5-4-6 / 5-2-3 / 6-5-2 / 5-3-2 / 4-5-1 / 2-5-6 / 6-5-3 / 5-2-4,0.0283,5号竹井 貴史,1号倉田 茂将,6号石塚 久也,2.0,2.0,,,,,,,,,,,,
2026-09-16,徳山,1,✅低(堅),15,1-6-5 / 1-6-3 / 1-5-6 / 1-3-6 / 1-6-2 / 6-1-5 / 6-1-3 / 1-2-6 / 5-1-6 / 6-1-2 / 3-1-6 / 6-5-1 / 1-6-4 / 2-1-6 / 5-6-1,0.0547,1号栗城 匠,6号石本 裕武,5号佐々木 完太,4.0,4.0,,,,,,,,,,,,
2026-09-16,徳山,2,✅低(堅),9,1-4-2 / 1-2-4 / 1-4-6 / 4-1-2 / 1-6-4 / 1-2-6 / 2-1-4 / 1-6-2 / 4-1-6,0.0721,1号塩田 北斗,4号常住 蓮,2号寺田 祥,4.0,4.0,,,,,,,,,,,,
2026-09-16,唐津,5,✅低(堅),5,1-3-5 / 1-3-4 / 1-5-3 / 1-4-3 / 1-5-4,0.0233,1号大神 康司,3号都築 正治,5号渡邊 雄一郎,5.0,5.0,,,,,,,,,,,,
2026-09-16,唐津,6,🌊最高(大荒),14,4-5-1 / 5-4-1 / 4-1-5 / 4-5-2 / 5-4-2 / 5-1-4 / 4-2-5 / 1-4-5 / 1-5-4 / 5-2-4 / 2-4-5 / 4-5-6 / 2-5-4 / 5-4-6,0.0241,4号山ノ内 雅人,1号山崎 鉄平,5号服部 達哉,5.0,5.0,,,,,,,,,,,,
2026-09-16,唐津,7,🌊最高(大荒),0,,0.0000,2号鳥飼 眞,3号赤岩 善生,1号吉永 泰弘,5.0,5.0,,,,,,,,,,,,
2026-09-16,平和島,3,🌊最高(大荒),18,1-5-2 / 5-1-2 / 1-5-3 / 1-2-5 / 5-1-3 / 2-1-5 / 5-2-1 / 2-5-1 / 1-5-4 / 5-1-4 / 1-5-6 / 1-4-5 / 5-1-6 / 1-6-5 / 5-4-1 / 5-3-1 / 1-2-4 / 4-1-5,0.0343,1号永松 良教,5号本吉 正樹,2号濱本 優一,2.0,3.0,,,,,,,,,,,,
2026-09-16,多摩川,4,✅低(堅),14,1-6-5 / 1-5-6 / 1-6-3 / 1-3-6 / 1-6-2 / 1-2-6 / 1-3-5 / 1-5-3 / 6-1-5 / 6-1-3 / 5-1-6 / 3-1-6 / 1-3-2 / 6-1-2,0.0378,1号森高 一真,6号中山 将,2号石渡 鉄兵,3.0,2.0,,,,,,,,,,,,
2026-09-16,常滑,3,⚠高(荒),7,1-2-6 / 2-1-4 / 1-2-5 / 1-2-4 / 2-1-6 / 1-6-2 / 2-1-5,0.0184,1号坂 咲友理,2号薮内 瑞希,4号竹井 奈美,1.0,1.0,,,,,,,,,,,,
2026-09-16,常滑,4,🌊最高(大荒),19,1-6-5 / 6-1-5 / 1-5-6 / 5-1-6 / 6-5-1 / 5-6-1 / 1-6-2 / 6-1-2 / 1-6-3 / 6-1-3 / 1-2-6 / 1-5-2 / 6-2-1 / 1-3-6 / 1-5-3 / 1-2-5 / 2-1-6 / 5-1-2 / 2-6-1,0.1139,1号孫崎 百世,6号三浦 永理,5号武井 莉里佳,1.0,1.0,,,,,,,,,,,,
2026-09-16,津,3,✅低(堅),11,1-4-5 / 1-4-2 / 1-5-4 / 1-2-4 / 1-2-5 / 1-5-2 / 1-4-6 / 1-5-6 / 1-6-5 / 4-1-5 / 1-5-3,0.0447,1号山田 亮太,4号桑原 将光,2号上原 健次郎,0.0,0.0,,,,,,,,,,,,
2026-09-16,津,4,⚠高(荒),4,1-2-6 / 1-2-3 / 2-1-6 / 2-1-3,0.0210,1号坂口 貴彦,6号山田 祐也,3号横田 貴満,0.0,0.0,,,,,,,,,,,,
2026-09-16,びわこ,4,⚠高(荒),7,1-4-2 / 4-1-2 / 1-3-2 / 1-5-2 / 1-2-3 / 3-1-2 / 5-1-2,0.0304,2号田中 駿兵,1号石井 孝之,4号谷口 知優,1.0,1.0,,,,,,,,,,,,
2026-09-16,尼崎,3,🌊最高(大荒),12,6-1-5 / 1-6-5 / 6-5-1 / 1-5-6 / 6-1-3 / 5-6-1 / 5-1-6 / 1-6-3 / 6-3-1 / 6-5-3 / 6-3-5 / 5-6-3,0.0572,1号花田 和明,6号萩原 秀人,5号磯村 匠,0.0,0.0,,,,,,,,,,,,
2026-09-16,尼崎,4,🌊最高(大荒),9,5-1-2 / 5-2-1 / 1-5-2 / 2-5-1 / 2-1-5 / 1-2-5 / 5-2-3 / 2-5-3 / 5-3-2,0.0433,5号鈴木 博,1号貫地谷 直人,2号坂元 浩仁,1.0,0.0,,,,,,,,,,,,
2026-09-16,鳴門,8,⚠高(荒),6,6-1-2 / 6-2-1 / 1-6-2 / 2-6-1 / 2-1-6 / 1-2-6,0.0441,1号栗山 繁洋,2号渡邉 雄朗,6号岡村 慶太,3.0,3.0,,,,,,,,,,,,
2026-09-16,徳山,3,✅低(堅),14,1-5-2 / 1-2-5 / 1-5-4 / 1-4-5 / 5-1-2 / 2-1-5 / 5-1-4 / 1-5-6 / 4-1-5 / 1-2-6 / 1-6-5 / 1-6-2 / 1-4-6 / 1-6-4,0.0385,1号中田 竜太,2号渡辺 浩司,5号渡邉 和将,5.0,5.0,,,,,,,,,,,,
2026-09-16,徳山,4,✅低(堅),5,1-2-5 / 1-2-6 / 1-2-3 / 1-2-4 / 2-1-5,0.0280,1号西村 拓也,5号坪井 康晴,6号砂長 知輝,5.0,5.0,,,,,,,,,,,,
2026-09-16,福岡,1,✅低(堅),11,1-3-5 / 1-5-3 / 1-5-4 / 1-4-5 / 3-1-5 / 5-1-3 / 1-5-2 / 1-2-5 / 1-5-6 / 5-1-4 / 1-6-5,0.0942,1号豊田 健士郎,3号藤丸 光一,5号宮内 直哉,2.0,2.0,,,,,,,,,,,,
2026-09-16,福岡,2,🌊最高(大荒),3,1-4-2 / 1-2-4 / 4-1-2,0.0359,1号五反田 忍,2号中村 桃佳,4号仲口 博崇,2.0,2.0,,,,,,,,,,,,
2026-09-16,唐津,8,🌊最高(大荒),5,4-1-5 / 4-5-1 / 5-4-1 / 1-4-5 / 4-3-1,0.0214,4号篠崎 仁志,1号宮地 博士,2号藤田 俊祐,6.0,6.0,,,,,,,,,,,,
2026-09-16,平和島,4,⚠高(荒),4,1-5-4 / 1-4-5 / 1-5-6 / 5-1-6,0.0260,1号阿波 勝哉,5号永田 啓二,4号繁野谷 圭介,3.0,3.0,,,,,,,,,,,,
2026-09-16,多摩川,5,✅低(堅),4,1-3-6 / 1-6-3 / 3-1-6 / 6-1-3,0.0200,1号原田 篤志,6号濱野谷 憲吾,3号福来 剛,3.0,2.0,,,,,,,,,,,,
2026-09-16,常滑,5,🌊最高(大荒),15,5-1-4 / 1-5-4 / 5-4-1 / 4-5-1 / 1-4-5 / 4-1-5 / 5-1-2 / 5-1-3 / 5-4-2 / 1-5-3 / 5-2-4 / 5-2-1 / 5-3-1 / 4-5-2 / 5-1-6,0.0769,5号倉持 莉々,1号長嶋 万記,4号内山 七海,1.0,1.0,,,,,,,,,,,,
2026-09-16,津,5,✅低(堅),0,,0.0000,1号松井 洪弥,3号泥谷 一毅,2号松本 弓雄,0.0,0.0,,,,,,,,,,,,
2026-09-16,びわこ,5,🌊最高(大荒),8,1-2-3 / 1-2-6 / 2-1-3 / 2-1-6 / 1-2-5 / 2-1-5 / 1-3-2 / 1-6-2,0.0273,1号高木 圭大,2号前田 篤哉,3号奥田 誠,3.0,2.0,,,,,,,,,,,,
2026-09-16,尼崎,5,✅低(堅),8,1-6-2 / 1-6-4 / 6-1-4 / 6-1-2 / 1-2-6 / 2-1-6 / 6-4-1 / 4-6-1,0.0553,1号重成 一人,6号三苫 晃幸,4号上原 崚,2.0,0.0,,,,,,,,,,,,
2026-09-16,鳴門,9,✅低(堅),9,1-4-3 / 1-3-4 / 4-1-3 / 3-1-4 / 1-4-2 / 1-4-6 / 1-2-4 / 4-3-1 / 1-6-4,0.0648,1号野長瀬 正孝,3号烏野 賢太,4号長岡 良也,1.0,1.0,,,,,,,,,,,,
2026-09-16,徳山,5,✅低(堅),10,1-3-6 / 1-3-4 / 1-3-2 / 1-6-3 / 1-4-3 / 1-3-5 / 1-6-4 / 1-4-6 / 1-5-3 / 3-1-6,0.0242,1号中村 晃朋,2号宮地 元輝,3号佐々木 完太,5.0,5.0,,,,,,,,,,,,
2026-09-16,福岡,3,⚠高(荒),0,,0.0000,1号木場 悠介,3号竹下 大樹,4号海老澤 泰行,3.0,3.0,,,,,,,,,,,,
2026-09-16,唐津,9,🌊最高(大荒),6,2-3-5 / 3-2-5 / 2-5-3 / 5-2-3 / 3-5-2 / 5-3-2,0.0144,3号寺本 重宣,2号百武 翔,4号飯島 昌弘,5.0,5.0,,,,,,,,,,,,
2026-09-16,平和島,5,🌊最高(大荒),12,1-2-4 / 2-1-4 / 1-2-3 / 2-1-3 / 1-3-2 / 1-3-4 / 2-3-1 / 3-1-2 / 3-2-1 / 3-1-4 / 2-3-4 / 3-2-4,0.0372,1号濱崎 誠,4号新開 航,2号森 貴洋,3.0,3.0,,,,,,,,,,,,
2026-09-16,びわこ,6,✅低(堅),0,,0.0000,1号池田 雄一,5号深井 利寿,2号吉村 正明,2.0,2.0,,,,,,,,,,,,
2026-09-16,平和島,6,🌊最高(大荒),10,5-1-6 / 5-6-1 / 6-5-1 / 1-5-6 / 6-1-5 / 1-6-5 / 5-6-3 / 6-5-3 / 5-3-6 / 5-3-1,0.0549,1号内山 文典,5号河野 主樹,6号山田 丈,3.0,3.0,,,,,,,,,,,,
2026-09-16,平和島,7,🌊最高(大荒),12,4-1-6 / 4-1-5 / 4-6-1 / 1-4-6 / 1-4-5 / 4-5-1 / 6-4-1 / 1-6-4 / 5-4-1 / 6-1-4 / 1-5-4 / 4-6-5,0.0179,4号木下 翔太,1号石川 吉鎬,3号上野 秀和,2.0,3.0,,,,,,,,,,,,
2026-09-16,平和島,8,△中,0,,0.0000,1号原田 秀弥,6号馬場 剛,2号澤崎 雄哉,2.0,3.0,,,,,,,,,,,,
2026-09-16,多摩川,6,✅低(堅),8,1-6-3 / 1-6-4 / 1-6-5 / 1-6-2 / 1-3-6 / 1-4-6 / 1-5-6 / 6-1-3,0.0186,1号坂口 周,6号深谷 知博,2号佐藤 翼,2.0,2.0,,,,,,,,,,,,
2026-09-16,多摩川,7,✅低(堅),13,1-6-3 / 1-4-6 / 1-6-4 / 6-1-3 / 4-1-6 / 1-4-5 / 6-1-4 / 1-6-5 / 4-1-3 / 1-3-6 / 1-5-6 / 1-5-4 / 1-4-3,0.0250,1号山田 哲也,3号丸野 一樹,4号岩瀬 裕亮,2.0,2.0,,,,,,,,,,,,
2026-09-16,多摩川,8,✅低(堅),3,4-1-3 / 4-3-1 / 3-1-4,0.0155,1号上條 暢嵩,4号安河内 健,2号池永 太,2.0,2.0,,,,,,,,,,,,
2026-09-16,多摩川,9,✅低(堅),12,1-2-6 / 1-6-2 / 1-2-5 / 2-1-6 / 1-6-5 / 6-1-2 / 1-5-6 / 1-5-2 / 1-6-3 / 1-3-6 / 2-1-5 / 6-1-5,0.0508,1号原田 幸哉,2号久田 敏之,6号竹田 和哉,2.0,2.0,,,,,,,,,,,,
2026-09-16,常滑,6,△中,4,1-5-2 / 5-1-2 / 1-5-3 / 1-2-5,0.0708,1号野田 彩加,5号川野 芽唯,2号大久保 佑香,1.0,1.0,,,,,,,,,,,,
2026-09-16,常滑,7,🌊最高(大荒),9,6-1-4 / 1-6-4 / 6-4-1 / 1-4-6 / 6-2-4 / 4-6-1 / 4-1-6 / 6-4-2 / 2-6-4,0.0287,6号土屋 南,1号大石 真央,2号山口 真喜子,0.0,0.0,,,,,,,,,,,,
2026-09-16,常滑,8,⚠高(荒),4,1-6-5 / 6-1-5 / 1-6-2 / 6-1-2,0.0326,1号石原 凪紗,6号遠藤 エミ,5号神里 琴音,0.0,0.0,,,,,,,,,,,,
2026-09-16,常滑,9,🌊最高(大荒),11,1-4-2 / 4-1-2 / 1-2-6 / 1-4-6 / 1-6-2 / 1-6-4 / 4-2-1 / 1-4-5 / 2-4-1 / 2-1-6 / 4-1-6,0.0598,1号佐々木 裕美,2号内山 七海,4号山川 美由紀,2.0,1.0,,,,,,,,,,,,
2026-09-16,津,6,✅低(堅),3,1-2-4 / 1-4-2 / 1-2-3,0.0223,1号吉村 誠,4号浅見 昌克,2号尾崎 雄二,0.0,0.0,,,,,,,,,,,,
2026-09-16,津,7,△中,10,1-5-4 / 5-1-4 / 1-5-3 / 1-4-5 / 5-1-3 / 4-1-5 / 1-5-6 / 5-1-6 / 5-4-1 / 4-5-1,0.0399,1号松井 友汰,5号江夏 満,4号松田 憲幸,0.0,0.0,,,,,,,,,,,,
2026-09-16,津,8,△中,12,1-5-3 / 5-1-3 / 1-5-4 / 5-3-1 / 1-4-5 / 5-1-4 / 1-5-6 / 3-5-1 / 1-6-5 / 5-1-6 / 4-1-5 / 1-6-3,0.0375,1号桑原 将光,3号馬野 耀,5号石田 貴洋,1.0,1.0,,,,,,,,,,,,
2026-09-16,津,9,✅低(堅),0,,0.0000,1号野末 智一,6号横田 貴満,5号向井 美鈴,0.0,0.0,,,,,,,,,,,,
2026-09-16,びわこ,7,△中,7,3-1-4 / 1-3-4 / 3-4-1 / 4-3-1 / 4-1-3 / 1-4-3 / 3-1-2,0.0513,1号眞鳥 章太,3号天野 友和,4号竹之内 極,2.0,2.0,,,,,,,,,,,,
2026-09-16,びわこ,8,🌊最高(大荒),2,1-3-6 / 3-1-6,0.0114,1号妻鳥 晋也,3号中村 有裕,2号寺田 千恵,3.0,2.0,,,,,,,,,,,,
2026-09-16,びわこ,9,✅低(堅),12,1-3-6 / 1-6-3 / 1-3-4 / 3-1-6 / 6-1-3 / 1-4-3 / 3-1-4 / 1-3-2 / 3-1-2 / 1-6-4 / 1-4-6 / 3-6-1,0.1179,1号中野 希一,3号安井 瑞紀,6号佐藤 太亮,1.0,1.0,,,,,,,,,,,,
2026-09-16,尼崎,6,✅低(堅),16,1-6-3 / 1-6-4 / 1-3-6 / 1-4-6 / 1-3-4 / 1-4-3 / 1-6-2 / 1-3-2 / 6-1-3 / 6-1-4 / 3-1-6 / 1-2-3 / 1-6-5 / 4-1-6 / 3-1-4 / 4-1-3,0.0611,1号村岡 賢人,6号酒井 陽祐,4号山下 和彦,2.0,0.0,,,,,,,,,,,,
2026-09-16,尼崎,7,🌊最高(大荒),18,1-3-6 / 1-6-3 / 1-6-2 / 3-1-6 / 6-1-3 / 6-1-2 / 1-3-2 / 1-2-6 / 3-6-1 / 6-3-1 / 3-1-2 / 6-2-1 / 3-6-2 / 6-3-2 / 3-2-6 / 6-2-3 / 2-6-1 / 2-6-3,0.0320,1号河合 三弘,2号山本 隆幸,3号荒井 輝年,0.0,0.0,,,,,,,,,,,,
2026-09-16,尼崎,8,🌊最高(大荒),11,1-5-4 / 1-4-5 / 5-1-4 / 4-1-5 / 1-5-2 / 5-4-1 / 4-5-1 / 1-2-5 / 1-4-2 / 5-1-2 / 1-5-3,0.0475,1号関口 智久,5号山本 寛久,4号和田 兼輔,1.0,0.0,,,,,,,,,,,,
2026-09-16,尼崎,9,△中,11,1-6-3 / 1-6-5 / 1-3-6 / 6-1-3 / 1-5-6 / 1-6-4 / 6-1-5 / 3-1-6 / 6-1-4 / 1-6-2 / 5-1-6,0.0443,1号服部 幸男,6号峰重 力也,3号三好 勇人,0.0,0.0,,,,,,,,,,,,
2026-09-16,鳴門,10,🌊最高(大荒),6,1-4-5 / 1-5-4 / 4-1-5 / 4-1-2 / 1-4-2 / 5-1-4,0.0144,1号村越 篤,2号古澤 光紀,4号岩崎 芳美,1.0,1.0,,,,,,,,,,,,
2026-09-16,鳴門,11,✅低(堅),21,1-6-2 / 1-3-6 / 1-6-3 / 1-3-4 / 1-4-3 / 1-6-4 / 1-4-6 / 1-3-5 / 1-5-3 / 1-6-5 / 1-3-2 / 3-1-6 / 6-1-2 / 6-1-3 / 1-5-6 / 1-5-2 / 1-4-5 / 3-1-4 / 1-5-4 / 4-1-3 / 6-1-4,0.0235,1号石岡 将太,2号稲田 浩二,3号平野 和明,0.0,1.0,,,,,,,,,,,,
2026-09-16,鳴門,12,✅低(堅),17,1-5-6 / 1-6-5 / 1-5-4 / 1-6-4 / 1-5-2 / 1-4-5 / 1-2-5 / 1-6-2 / 5-1-6 / 6-1-5 / 1-5-3 / 1-2-6 / 5-1-4 / 1-6-3 / 1-3-5 / 1-3-6 / 5-1-2,0.0593,1号竹井 貴史,5号渡邊 裕貴,4号水摩 敦,2.0,2.0,,,,,,,,,,,,
2026-09-16,徳山,6,✅低(堅),12,1-6-2 / 1-6-4 / 1-6-3 / 6-1-3 / 6-1-2 / 1-2-6 / 1-4-6 / 6-1-4 / 1-6-5 / 2-1-6 / 4-1-6 / 3-1-6,0.0263,1号末永 和也,6号澤田 尚也,3号栗城 匠,4.0,4.0,,,,,,,,,,,,
2026-09-16,徳山,7,✅低(堅),17,1-6-4 / 1-4-6 / 1-6-2 / 1-6-3 / 1-2-6 / 6-1-4 / 1-6-5 / 4-1-6 / 1-3-6 / 1-4-5 / 1-5-6 / 1-5-4 / 6-1-2 / 6-1-3 / 2-1-6 / 6-1-5 / 1-5-2,0.0541,1号羽野 直也,6号柳沢 一,4号中田 竜太,5.0,5.0,,,,,,,,,,,,
2026-09-16,徳山,8,✅低(堅),10,1-2-4 / 1-4-2 / 1-4-6 / 1-6-4 / 1-2-6 / 2-1-4 / 4-1-2 / 1-6-2 / 1-4-5 / 1-2-5,0.0284,1号中島 孝平,2号渡邉 和将,6号下出 卓矢,5.0,5.0,,,,,,,,,,,,
2026-09-16,徳山,9,✅低(堅),12,1-3-2 / 1-3-6 / 1-2-3 / 1-6-3 / 1-2-6 / 1-6-2 / 3-1-2 / 3-1-6 / 2-1-3 / 6-1-3 / 2-1-6 / 6-1-2,0.0492,1号坪井 康晴,3号塩田 北斗,2号金子 拓矢,4.0,4.0,,,,,,,,,,,,
2026-09-16,福岡,4,⚠高(荒),13,1-5-2 / 5-1-2 / 1-5-3 / 1-3-5 / 5-1-3 / 3-1-5 / 5-2-1 / 5-3-1 / 3-5-1 / 5-2-3 / 5-3-2 / 3-5-2 / 3-2-5,0.0253,2号島田 賢人,1号新田 洋一,3号石倉 洋行,3.0,3.0,,,,,,,,,,,,
2026-09-16,福岡,5,⚠高(荒),14,4-1-2 / 4-2-1 / 2-4-1 / 4-1-6 / 1-4-6 / 1-4-2 / 4-6-1 / 2-1-4 / 4-1-3 / 4-2-6 / 4-3-1 / 6-4-1 / 4-2-3 / 4-6-2,0.0909,4号島村 隆幸,1号高井 雄基,2号山田 竜一,4.0,4.0,,,,,,,,,,,,
2026-09-16,福岡,6,🌊最高(大荒),9,5-2-6 / 5-6-2 / 2-5-6 / 6-5-2 / 5-2-1 / 2-6-5 / 5-2-4 / 6-2-5 / 5-6-1,0.0338,5号吉田 裕平,2号妹尾 忠幸,6号佐竹 恒彦,4.0,4.0,,,,,,,,,,,,
2026-09-16,福岡,7,⚠高(荒),21,1-5-2 / 1-2-5 / 5-1-2 / 2-1-5 / 5-2-1 / 2-5-1 / 1-5-4 / 1-2-4 / 5-1-4 / 2-1-4 / 1-4-5 / 1-4-2 / 5-2-4 / 5-4-1 / 2-5-4 / 1-5-6 / 4-1-5 / 2-4-1 / 4-1-2 / 1-2-6 / 5-1-6,0.0944,1号宮内 直哉,5号坪口 竜也,2号佐々木 和伸,4.0,4.0,,,,,,,,,,,,
2026-09-16,唐津,10,🌊最高(大荒),9,1-3-5 / 3-1-5 / 1-5-3 / 5-1-3 / 3-5-1 / 5-3-1 / 1-3-4 / 3-1-4 / 1-3-2,0.0305,1号橋本 年光,3号山ノ内 雅人,5号大神 康司,6.0,6.0,,,,,,,,,,,,
2026-09-16,唐津,11,△中,11,1-6-2 / 6-1-2 / 2-1-6 / 1-6-5 / 1-2-6 / 1-5-6 / 6-1-5 / 6-2-1 / 2-6-1 / 5-1-6 / 2-1-5,0.0455,1号藤田 浩人,6号島川 光男,2号芝田 浩治,6.0,6.0,,,,,,,,,,,,
2026-09-16,多摩川,10,✅低(堅),4,1-4-5 / 1-5-4 / 1-4-2 / 4-1-5,0.0173,1号黒野 元基,5号山田 康二,4号福来 剛,2.0,2.0,,,,,,,,,,,,
2026-09-16,多摩川,11,✅低(堅),10,1-5-3 / 1-3-5 / 1-5-6 / 1-5-4 / 5-1-3 / 1-5-2 / 1-6-5 / 1-4-5 / 3-1-5 / 5-1-6,0.0232,1号松田 大志郎,5号椎名 豊,3号濱野谷 憲吾,2.0,2.0,,,,,,,,,,,,
2026-09-16,多摩川,12,✅低(堅),9,1-6-3 / 1-3-6 / 3-1-6 / 6-1-3 / 1-6-5 / 3-6-1 / 1-5-6 / 6-3-1 / 6-1-5,0.0338,1号毒島 誠,3号菅 章哉,6号吉田 拡郎,2.0,2.0,,,,,,,,,,,,
2026-09-16,蒲郡,1,🌊最高(大荒),10,4-3-2 / 3-4-2 / 4-2-3 / 2-4-3 / 3-2-4 / 2-3-4 / 4-3-5 / 4-2-5 / 3-4-5 / 4-3-6,0.0224,4号成貞 琳平,3号高橋 龍治,2号中野 仁照,2.0,1.0,,,,,,,,,,,,
2026-09-16,蒲郡,2,⚠高(荒),9,3-4-1 / 4-3-1 / 3-1-4 / 1-3-4 / 4-1-3 / 1-4-3 / 3-4-6 / 4-3-6 / 3-1-6,0.0252,4号澁川 夏,3号樅山 拓馬,1号尾道 佳諭,2.0,1.0,,,,,,,,,,,,
2026-09-16,蒲郡,3,🌊最高(大荒),6,3-1-5 / 1-3-5 / 3-5-1 / 3-1-2 / 1-3-2 / 3-1-6,0.0866,3号前田 滉,1号田中 宏典,5号山口 晃朋,2.0,1.0,,,,,,,,,,,,
2026-09-16,蒲郡,4,⚠高(荒),8,1-5-2 / 1-5-3 / 1-2-5 / 1-3-5 / 5-1-2 / 5-1-3 / 2-1-5 / 1-2-3,0.0246,1号佐藤 永梧,3号廣瀬 凜,2号仲道 大輔,2.0,1.0,,,,,,,,,,,,
2026-09-16,蒲郡,5,🌊最高(大荒),5,5-2-6 / 5-2-1 / 5-6-2 / 2-5-6 / 5-2-3,0.0127,5号塚越 海斗,1号村松 遥輝,2号三馬 崇史,2.0,1.0,,,,,,,,,,,,
2026-09-16,住之江,1,🌊最高(大荒),14,3-2-1 / 2-3-1 / 3-1-6 / 2-1-3 / 3-6-1 / 3-4-1 / 2-1-6 / 3-1-2 / 6-3-1 / 3-2-4 / 6-1-3 / 4-3-1 / 3-2-6 / 2-3-4,0.0408,1号吉永 浩則,3号大塚 康雅,2号大谷 健太,0.0,1.0,,,,,,,,,,,,
2026-09-16,住之江,2,⚠高(荒),10,1-6-2 / 1-2-6 / 1-4-2 / 1-2-4 / 6-1-2 / 1-2-3 / 1-6-4 / 1-3-2 / 2-1-6 / 1-4-6,0.0310,1号菊地 敬介,6号今井 貴士,4号泉 啓文,0.0,1.0,,,,,,,,,,,,
2026-09-16,住之江,3,✅低(堅),19,1-6-5 / 1-5-6 / 1-6-3 / 5-1-6 / 1-3-6 / 1-5-3 / 6-1-5 / 1-3-5 / 1-6-2 / 5-1-3 / 1-2-6 / 6-1-3 / 1-6-4 / 3-1-5 / 3-1-6 / 5-6-1 / 6-5-1 / 6-1-2 / 1-3-2,0.0471,1号中嶋 健一郎,5号三宅 健太,6号島田 一生,2.0,1.0,,,,,,,,,,,,
2026-09-16,住之江,4,🌊最高(大荒),20,1-4-6 / 1-4-3 / 4-1-6 / 1-4-5 / 1-6-4 / 4-1-5 / 4-1-3 / 1-5-4 / 6-1-4 / 4-6-1 / 1-3-6 / 1-6-3 / 6-4-1 / 5-1-4 / 1-6-5 / 1-5-6 / 3-1-6 / 6-1-3 / 4-5-1 / 1-3-4,0.0388,1号宮内 由紀英,4号市橋 卓士,3号福田 宗平,0.0,1.0,,,,,,,,,,,,
2026-09-16,住之江,5,△中,11,1-4-6 / 1-6-4 / 4-1-6 / 6-1-4 / 1-4-3 / 1-4-5 / 4-6-1 / 6-4-1 / 4-1-3 / 4-1-5 / 1-5-4,0.0774,1号小林 泰,4号大塚 康雅,6号吉川 喜継,0.0,1.0,,,,,,,,,,,,
2026-09-16,住之江,6,🌊最高(大荒),1,6-2-1,0.0131,1号安部 慎一,6号中村 日向,5号中越 博紀,0.0,1.0,,,,,,,,,,,,
2026-09-16,下関,1,🌊最高(大荒),2,1-2-3 / 1-3-2,0.0121,1号平瀬 城啓,3号川原 正明,4号中村 真,4.0,4.0,,,,,,,,,,,,
2026-09-16,下関,2,🌊最高(大荒),9,1-6-3 / 6-1-3 / 1-6-2 / 6-1-2 / 1-3-6 / 1-2-6 / 6-3-1 / 3-1-6 / 6-2-1,0.0273,1号新田 智彰,6号鈴木 勝博,4号川原 愛未,4.0,4.0,,,,,,,,,,,,
2026-09-16,下関,3,🌊最高(大荒),8,6-1-5 / 1-6-5 / 6-5-1 / 5-6-1 / 1-5-6 / 5-1-6 / 6-1-3 / 6-1-2,0.0337,1号加藤 綾,6号長谷川 晴哉,5号三村 岳人,4.0,4.0,,,,,,,,,,,,
2026-09-16,下関,4,🌊最高(大荒),15,2-3-6 / 3-2-6 / 2-6-3 / 3-6-2 / 6-2-3 / 6-3-2 / 3-2-1 / 2-3-1 / 3-1-2 / 3-6-1 / 3-1-6 / 2-1-3 / 1-3-2 / 3-2-5 / 6-3-1,0.0186,2号西川 拓利,3号山下 夏鈴,6号藤原 碧生,4.0,4.0,,,,,,,,,,,,
2026-09-16,下関,5,△中,8,1-2-5 / 1-5-2 / 2-1-5 / 1-2-3 / 2-1-3 / 5-1-2 / 1-2-6 / 2-1-4,0.1123,1号吉永 則雄,2号山田 和佐,5号松尾 基成,4.0,4.0,,,,,,,,,,,,
2026-09-16,福岡,8,✅低(堅),7,1-4-5 / 1-5-4 / 1-4-3 / 1-3-4 / 1-5-3 / 1-3-5 / 1-4-6,0.0633,1号木下 雄介,5号森 悠稀,4号岩永 雅人,4.0,4.0,,,,,,,,,,,,
2026-09-16,福岡,9,✅低(堅),7,1-3-6 / 1-6-3 / 3-1-6 / 1-3-5 / 6-1-3 / 1-6-2 / 1-3-4,0.0405,1号末永 祐輝,3号渡邉 優美,2号島村 隆幸,5.0,5.0,,,,,,,,,,,,
2026-09-16,福岡,10,✅低(堅),13,1-5-2 / 1-5-3 / 1-3-5 / 1-5-4 / 1-4-5 / 1-3-4 / 1-4-3 / 5-1-3 / 5-1-2 / 3-1-5 / 1-4-2 / 1-3-2 / 1-5-6,0.0486,1号島田 賢人,2号吉田 裕平,5号木場 悠介,5.0,5.0,,,,,,,,,,,,
2026-09-16,福岡,11,✅低(堅),16,1-4-3 / 1-3-4 / 1-4-5 / 1-3-5 / 1-5-3 / 1-5-4 / 4-1-3 / 1-4-6 / 3-1-4 / 1-4-2 / 1-3-2 / 1-6-4 / 1-3-6 / 3-1-5 / 4-1-5 / 1-6-3,0.0557,1号仲口 博崇,4号山田 竜一,5号豊田 健士郎,5.0,5.0,,,,,,,,,,,,
2026-09-16,福岡,12,✅低(堅),9,1-2-6 / 1-3-2 / 2-1-3 / 1-2-3 / 1-6-2 / 1-3-4 / 1-4-3 / 2-1-4 / 1-4-2,0.0152,1号竹下 大樹,2号石倉 洋行,3号木下 雄介,5.0,5.0,,,,,,,,,,,,
2026-09-16,蒲郡,6,✅低(堅),12,1-5-3 / 1-5-6 / 1-5-4 / 1-3-5 / 1-5-2 / 1-6-5 / 1-4-5 / 1-2-5 / 1-4-3 / 1-6-3 / 1-6-4 / 1-4-6,0.0459,1号中山 翔太,3号松田 淳平,5号高橋 龍治,1.0,0.0,,,,,,,,,,,,
2026-09-16,蒲郡,7,✅低(堅),8,1-3-2 / 1-3-4 / 1-2-3 / 3-1-2 / 1-4-3 / 1-3-5 / 1-3-6 / 3-1-4,0.0832,1号竹間 隆晟,3号荒木 颯斗,2号高山 敬悟,1.0,0.0,,,,,,,,,,,,
2026-09-16,蒲郡,8,✅低(堅),11,4-1-5 / 4-2-1 / 4-1-2 / 1-4-5 / 2-4-1 / 4-1-6 / 5-1-4 / 4-5-1 / 1-5-4 / 5-4-1 / 1-4-6,0.0341,1号大原 祥昌,4号津田 陸翔,2号安河内 鈴之介,1.0,0.0,,,,,,,,,,,,
2026-09-16,住之江,7,⚠高(荒),8,1-6-4 / 6-1-4 / 1-4-6 / 6-4-1 / 4-1-6 / 4-6-1 / 6-1-5 / 1-6-5,0.0395,1号市川 美宏,6号高田 明,4号川崎 智幸,0.0,1.0,,,,,,,,,,,,
2026-09-16,住之江,8,🌊最高(大荒),27,6-4-1 / 6-4-5 / 6-1-4 / 4-6-1 / 6-5-4 / 4-6-5 / 6-4-2 / 6-1-5 / 5-6-4 / 6-5-1 / 4-6-2 / 6-2-4 / 1-6-4 / 4-5-6 / 5-4-6 / 6-4-3 / 4-1-6 / 5-6-1 / 1-6-5 / 2-6-4 / 6-5-2 / 4-6-3 / 6-2-1 / 6-2-5 / 6-1-2 / 4-2-6 / 6-3-4,0.0504,6号中嶋 健一郎,4号畑 竜生,1号杉山 喜一,0.0,1.0,,,,,,,,,,,,
2026-09-16,下関,6,△中,11,1-6-5 / 6-1-5 / 1-6-3 / 1-6-2 / 6-1-3 / 1-5-6 / 6-1-2 / 5-1-6 / 6-5-1 / 1-2-6 / 5-6-1,0.0366,1号金子 和之,6号平田 忠則,5号井上 遥妃,4.0,4.0,,,,,,,,,,,,
2026-09-16,下関,7,✅低(堅),15,1-5-3 / 1-5-6 / 1-3-5 / 1-5-2 / 1-6-5 / 5-1-3 / 1-5-4 / 5-1-6 / 1-2-5 / 1-4-5 / 5-1-2 / 1-6-3 / 6-1-5 / 5-1-4 / 1-3-6,0.0996,1号向後 龍一,5号竹田 吉行,3号麻生 慎介,3.0,3.0,,,,,,,,,,,,
2026-09-16,下関,8,✅低(堅),7,1-3-2 / 1-2-3 / 3-1-2 / 1-3-5 / 1-5-3 / 3-1-5 / 2-1-3,0.1440,1号前野 竜一,3号山本 梨菜,2号藤井 公人,3.0,3.0,,,,,,,,,,,,
2026-09-16,蒲郡,9,✅低(堅),10,1-4-6 / 1-2-4 / 1-4-2 / 1-6-4 / 1-2-3 / 1-2-6 / 1-6-2 / 1-3-2 / 1-3-6 / 1-6-3,0.0365,1号藤原 仙二,4号島川 海輝,3号澁川 夏,1.0,0.0,,,,,,,,,,,,
2026-09-16,住之江,9,△中,7,1-2-3 / 1-2-4 / 1-3-2 / 1-4-2 / 2-1-3 / 2-1-4 / 1-2-6,0.0721,1号畑 和宏,2号三宅 健太,3号照屋 厚仁,0.0,1.0,,,,,,,,,,,,
2026-09-16,住之江,10,△中,0,,0.0000,1号福田 宗平,2号吉川 喜継,3号市橋 卓士,2.0,1.0,,,,,,,,,,,,
2026-09-16,下関,9,✅低(堅),17,1-5-4 / 1-4-5 / 1-5-3 / 1-3-5 / 1-5-6 / 5-1-4 / 1-4-3 / 4-1-5 / 1-6-5 / 5-1-3 / 1-3-4 / 3-1-5 / 1-4-6 / 1-6-4 / 5-1-6 / 4-1-3 / 1-3-6,0.0411,1号長谷川 晴哉,5号西川 拓利,4号川原 正明,3.0,3.0,,,,,,,,,,,,
2026-09-16,蒲郡,10,✅低(堅),7,1-4-5 / 4-1-5 / 1-5-4 / 5-1-4 / 4-5-1 / 4-1-6 / 5-4-1,0.0491,1号山口 晃朋,4号中山 翔太,5号三馬 崇史,1.0,0.0,,,,,,,,,,,,
2026-09-16,住之江,11,✅低(堅),2,2-1-3 / 3-1-2,0.0209,1号中村 日向,2号高田 明,3号岡村 仁,2.0,1.0,,,,,,,,,,,,
2026-09-16,下関,10,△中,12,4-1-2 / 2-4-1 / 2-1-4 / 4-2-1 / 4-1-3 / 2-3-1 / 3-1-4 / 3-2-1 / 1-4-3 / 4-3-1 / 3-4-1 / 4-1-5,0.0252,1号鈴木 勝博,2号井上 遥妃,4号品川 二千翔,4.0,4.0,,,,,,,,,,,,
2026-09-16,蒲郡,11,✅低(堅),5,1-6-2 / 1-6-3 / 1-3-6 / 1-3-2 / 1-2-6,0.0224,1号松田 淳平,2号竹間 隆晟,6号塚越 海斗,1.0,0.0,,,,,,,,,,,,
2026-09-16,下関,11,✅低(堅),9,1-5-3 / 1-3-5 / 1-5-4 / 5-1-3 / 1-4-5 / 3-1-5 / 1-5-6 / 1-5-2 / 5-1-4,0.0536,1号平田 忠則,5号山田 和佐,3号三村 岳人,4.0,4.0,,,,,,,,,,,,
2026-09-17,鳴門,1,✅低(堅),12,1-4-5 / 1-5-4 / 1-4-3 / 1-3-4 / 1-3-5 / 1-5-3 / 1-5-6 / 1-4-6 / 1-6-5 / 1-3-6 / 1-6-4 / 1-6-3,0.0315,1号古澤 光紀,5号小野 勇作,4号恵良 琴美,2.0,2.0,,,,,,,,,,,,
2026-09-17,鳴門,2,⚠高(荒),0,,0.0000,1号上田 紗奈,5号佃 來紀,2号水摩 敦,2.0,2.0,,,,,,,,,,,,
2026-09-17,唐津,1,△中,12,1-6-2 / 1-2-6 / 1-6-4 / 1-4-6 / 6-1-2 / 2-1-6 / 1-6-3 / 1-6-5 / 6-1-4 / 4-1-6 / 1-5-6 / 1-3-6,0.0588,1号百武 翔,2号都築 正治,6号深山 祐二,3.0,3.0,,,,,,,,,,,,
2026-09-17,鳴門,3,△中,11,1-3-2 / 3-1-2 / 1-3-4 / 1-3-5 / 1-3-6 / 1-2-3 / 3-1-4 / 3-1-5 / 3-1-6 / 1-5-3 / 1-6-3,0.0516,1号長岡 良也,3号深川 麻奈美,4号稲田 浩二,3.0,3.0,,,,,,,,,,,,
2026-09-17,鳴門,4,✅低(堅),7,1-6-5 / 1-5-6 / 1-6-2 / 1-2-6 / 1-5-2 / 1-2-5 / 1-6-3,0.0613,1号渡邉 雄朗,5号村越 篤,6号渡邊 裕貴,2.0,2.0,,,,,,,,,,,,
2026-09-17,鳴門,5,🌊最高(大荒),11,1-2-3 / 1-3-2 / 2-1-3 / 3-1-2 / 2-3-1 / 1-2-5 / 1-2-4 / 1-3-5 / 2-1-5 / 3-2-1 / 2-1-4,0.0569,1号谷口 佳蓮,3号益田 啓司,2号岩崎 芳美,2.0,2.0,,,,,,,,,,,,
2026-09-17,唐津,2,✅低(堅),10,1-2-5 / 1-2-4 / 1-2-6 / 1-5-2 / 2-1-5 / 1-6-2 / 1-4-2 / 2-1-6 / 2-1-4 / 5-1-2,0.0933,1号三角 哲男,2号山ノ内 雅人,5号中嶋 誠一郎,4.0,4.0,,,,,,,,,,,,
2026-09-17,唐津,3,△中,12,1-3-6 / 1-6-3 / 3-1-6 / 6-1-3 / 1-6-4 / 1-4-6 / 1-3-5 / 3-6-1 / 6-1-4 / 6-3-1 / 4-1-6 / 1-6-5,0.0939,1号北山 康介,3号古結 宏,6号加藤 高史,4.0,4.0,,,,,,,,,,,,
2026-09-17,唐津,4,🌊最高(大荒),6,1-4-5 / 1-5-4 / 4-1-5 / 5-1-4 / 4-5-1 / 5-4-1,0.0202,1号田邉 亮蔵,4号渡邊 雄一郎,6号芝田 浩治,5.0,5.0,,,,,,,,,,,,
2026-09-17,平和島,1,🌊最高(大荒),8,1-5-2 / 1-2-5 / 5-1-2 / 1-5-6 / 1-5-3 / 1-6-5 / 5-1-6 / 5-1-3,0.0240,1号伊藤 尚汰,2号阿波 勝哉,5号芦澤 望,4.0,4.0,,,,,,,,,,,,
2026-09-17,平和島,2,🌊最高(大荒),18,2-3-5 / 2-5-3 / 3-2-5 / 5-2-3 / 2-3-6 / 2-5-6 / 2-6-3 / 2-6-5 / 3-2-6 / 3-5-2 / 5-3-2 / 5-2-6 / 6-2-3 / 6-2-5 / 3-6-2 / 6-3-2 / 5-6-2 / 6-5-2,0.0390,2号中辻 崇人,3号桑原 啓,5号原田 秀弥,4.0,4.0,,,,,,,,,,,,
2026-09-17,平和島,3,🌊最高(大荒),4,4-1-5 / 1-4-5 / 4-5-1 / 4-2-5,0.0222,4号佐藤 大佑,1号山口 修路,2号上野 秀和,4.0,4.0,,,,,,,,,,,,
2026-09-17,多摩川,1,✅低(堅),7,1-5-6 / 1-6-5 / 5-1-6 / 6-1-5 / 1-6-3 / 1-6-4 / 1-6-2,0.0489,1号佐藤 隆太郎,5号安河内 健,2号森高 一真,4.0,2.0,,,,,,,,,,,,
2026-09-17,多摩川,2,✅低(堅),5,1-5-4 / 5-1-4 / 1-4-5 / 4-1-5 / 1-5-6,0.0506,1号池永 太,5号菅 章哉,4号長田 頼宗,1.0,2.0,,,,,,,,,,,,
2026-09-17,多摩川,3,✅低(堅),8,1-4-5 / 1-5-4 / 1-4-3 / 4-1-5 / 1-3-4 / 5-1-4 / 1-5-3 / 1-3-5,0.0357,1号秦 英悟,4号中野 次郎,2号毒島 誠,2.0,2.0,,,,,,,,,,,,
2026-09-17,多摩川,4,✅低(堅),8,1-2-5 / 1-5-2 / 2-1-5 / 5-1-2 / 2-5-1 / 5-2-1 / 1-2-6 / 2-1-6,0.0305,1号岩瀬 裕亮,2号上田 龍星,5号永井 彪也,4.0,2.0,,,,,,,,,,,,
2026-09-17,常滑,1,△中,10,1-3-2 / 1-2-3 / 1-3-6 / 1-2-6 / 1-6-3 / 1-6-2 / 1-2-4 / 1-4-2 / 1-6-4 / 1-4-6,0.0305,1号山川 美由紀,3号赤井 星璃菜,4号大久保 佑香,3.0,1.0,,,,,,,,,,,,
2026-09-17,常滑,2,⚠高(荒),8,1-2-6 / 1-2-5 / 1-6-2 / 1-5-2 / 2-1-6 / 2-1-5 / 1-2-3 / 6-1-2,0.0682,1号薮内 瑞希,2号矢野 真梨菜,3号宮崎 安奈,3.0,1.0,,,,,,,,,,,,
2026-09-17,常滑,3,🌊最高(大荒),11,5-1-2 / 5-2-1 / 1-5-2 / 2-5-1 / 2-1-5 / 5-1-4 / 1-2-5 / 5-2-4 / 5-4-2 / 5-4-1 / 2-5-4,0.0224,1号中村 紋夕梨,5号佐々木 裕美,2号大石 真央,3.0,1.0,,,,,,,,,,,,
2026-09-17,常滑,4,⚠高(荒),2,1-3-4 / 1-4-3,0.0242,1号松田 真実,4号長嶋 万記,3号山口 真喜子,3.0,1.0,,,,,,,,,,,,
2026-09-17,津,1,✅低(堅),12,1-2-5 / 1-5-2 / 1-3-5 / 1-5-3 / 1-2-3 / 1-3-2 / 1-5-6 / 1-2-6 / 1-6-5 / 1-6-2 / 1-3-6 / 1-6-3,0.0203,1号吉村 誠,4号長谷川 充,3号犬童 千秋,2.0,1.0,,,,,,,,,,,,
2026-09-17,津,2,🌊最高(大荒),10,1-4-5 / 1-5-4 / 1-4-2 / 1-2-4 / 1-5-2 / 1-2-5 / 4-1-5 / 5-1-4 / 1-4-3 / 4-1-2,0.0309,1号宇恵 有香,4号高山 秀雄,5号角浜 修,1.0,1.0,,,,,,,,,,,,
2026-09-17,津,3,⚠高(荒),15,1-6-2 / 1-2-6 / 1-6-3 / 6-1-2 / 6-1-3 / 2-1-6 / 1-6-5 / 3-1-6 / 1-5-6 / 6-2-1 / 6-1-5 / 2-6-1 / 6-3-1 / 3-6-1 / 1-3-6,0.0323,1号泥谷 一毅,6号江夏 満,3号石田 貴洋,1.0,1.0,,,,,,,,,,,,
2026-09-17,津,4,⚠高(荒),9,2-4-5 / 4-2-5 / 4-1-5 / 2-5-4 / 4-5-2 / 4-5-1 / 5-2-4 / 5-4-2 / 5-4-1,0.0136,1号佐藤 世那,2号森永 隆,4号松井 友汰,2.0,1.0,,,,,,,,,,,,
2026-09-17,びわこ,1,⚠高(荒),12,1-5-3 / 5-1-3 / 1-5-2 / 1-2-5 / 1-3-5 / 1-2-3 / 5-1-2 / 5-3-1 / 2-1-5 / 2-1-3 / 1-5-6 / 5-2-1,0.0395,1号上田 洋平,3号寺田 千恵,5号妻鳥 晋也,0.0,1.0,,,,,,,,,,,,
2026-09-17,びわこ,2,⚠高(荒),11,1-6-2 / 6-1-2 / 1-6-5 / 6-1-5 / 1-6-4 / 6-1-4 / 1-2-6 / 6-2-1 / 6-5-1 / 2-6-1 / 1-5-6,0.0958,1号竹之内 極,6号深井 利寿,2号岡部 貴司,0.0,1.0,,,,,,,,,,,,
2026-09-17,びわこ,3,🌊最高(大荒),15,3-6-1 / 3-6-5 / 6-3-1 / 6-3-5 / 3-5-6 / 3-6-2 / 6-3-2 / 5-3-6 / 6-1-3 / 3-6-4 / 6-5-3 / 6-3-4 / 3-2-6 / 5-6-3 / 3-5-1,0.0358,3号前田 篤哉,6号鶴田 勇雄,1号間庭 菜摘,0.0,1.0,,,,,,,,,,,,
2026-09-17,びわこ,4,🌊最高(大荒),6,1-6-5 / 1-5-6 / 6-1-5 / 5-1-6 / 5-6-1 / 6-5-1,0.0228,6号田中 駿兵,1号土屋 太朗,5号池田 雄一,0.0,1.0,,,,,,,,,,,,
2026-09-17,びわこ,5,🌊最高(大荒),0,,0.0000,1号高橋 真吾,3号吉村 正明,5号中野 希一,0.0,1.0,,,,,,,,,,,,
2026-09-17,尼崎,1,🌊最高(大荒),7,1-3-5 / 3-1-5 / 1-2-3 / 1-5-3 / 3-5-1 / 1-3-2 / 2-1-3,0.0329,3号服部 幸男,1号谷口 健一,2号伯母 芳恒,3.0,0.0,,,,,,,,,,,,
2026-09-17,尼崎,2,🌊最高(大荒),13,4-1-5 / 1-4-5 / 4-5-1 / 4-1-2 / 4-1-6 / 1-5-4 / 1-4-6 / 4-1-3 / 1-4-3 / 5-4-1 / 5-1-4 / 4-2-5 / 4-5-2,0.0287,4号山本 寛久,1号渡 修平,2号鈴木 博,3.0,0.0,,,,,,,,,,,,
2026-09-17,尼崎,3,⚠高(荒),16,1-5-2 / 5-1-2 / 1-2-5 / 5-2-1 / 2-5-1 / 2-1-5 / 1-5-3 / 1-5-4 / 5-1-3 / 5-1-4 / 1-3-5 / 1-4-5 / 5-3-1 / 5-4-1 / 3-1-5 / 5-2-3,0.0766,1号今出 晋二,5号後藤 正宗,2号榎 幸司,2.0,0.0,,,,,,,,,,,,
2026-09-17,尼崎,4,⚠高(荒),10,5-1-3 / 5-3-1 / 3-1-5 / 1-5-3 / 3-5-1 / 1-3-5 / 5-1-4 / 5-4-1 / 5-1-6 / 4-5-1,0.0694,1号本村 大,5号山本 隆幸,3号木下 大將,0.0,0.0,,,,,,,,,,,,
2026-09-17,尼崎,5,⚠高(荒),8,1-5-3 / 1-5-2 / 1-5-6 / 5-1-3 / 5-1-2 / 5-1-6 / 1-5-4 / 5-1-4,0.0761,1号浦田 信義,5号坂元 浩仁,3号関口 智久,3.0,0.0,,,,,,,,,,,,
2026-09-17,鳴門,6,⚠高(荒),5,1-3-6 / 3-1-6 / 1-6-3 / 3-1-5 / 3-5-1,0.0204,1号岡本 翔太郎,3号野長瀬 正孝,4号登 みひ果,3.0,3.0,,,,,,,,,,,,
2026-09-17,鳴門,7,✅低(堅),9,1-4-2 / 1-4-3 / 1-2-4 / 1-3-4 / 1-3-2 / 1-2-6 / 1-2-3 / 1-4-6 / 1-6-2,0.0387,1号宮崎 奨,2号岡村 慶太,4号上田 紗奈,1.0,1.0,,,,,,,,,,,,
2026-09-17,鳴門,8,⚠高(荒),7,1-4-2 / 1-2-4 / 1-4-5 / 4-1-2 / 2-1-4 / 1-5-4 / 4-1-5,0.0418,1号小澤 和也,4号馬袋 義則,2号渡邊 裕貴,2.0,2.0,,,,,,,,,,,,
2026-09-17,鳴門,9,⚠高(荒),1,1-6-3,0.0113,1号中井 俊祐,3号稲田 浩二,6号岩崎 芳美,2.0,2.0,,,,,,,,,,,,
2026-09-17,児島,1,✅低(堅),9,1-6-2 / 1-2-6 / 1-2-3 / 1-3-2 / 1-6-4 / 6-1-2 / 2-1-6 / 1-4-6 / 1-2-4,0.0964,1号林 美憲,6号福田 理,3号寺島 吉彦,4.0,3.0,,,,,,,,,,,,
2026-09-17,児島,2,⚠高(荒),10,1-2-3 / 1-2-5 / 1-2-4 / 1-5-2 / 1-2-6 / 2-1-3 / 1-3-2 / 2-1-5 / 1-4-2 / 1-6-2,0.0709,1号東 健介,2号津留 浩一郎,3号榮田 将彦,4.0,3.0,,,,,,,,,,,,
2026-09-17,児島,3,🌊最高(大荒),11,2-5-1 / 5-2-1 / 2-5-4 / 5-2-4 / 2-4-5 / 2-4-1 / 4-2-5 / 5-4-2 / 4-5-2 / 4-2-1 / 5-4-1,0.0353,2号山本 修一,1号嘉手苅 徹哉,5号吉田 凌太朗,3.0,3.0,,,,,,,,,,,,
2026-09-17,児島,4,⚠高(荒),0,,0.0000,1号山地 正樹,4号笠原 亮,5号土山 卓也,4.0,3.0,,,,,,,,,,,,
2026-09-17,徳山,1,✅低(堅),12,1-6-3 / 1-3-6 / 3-1-6 / 6-1-3 / 1-6-4 / 1-6-5 / 1-4-6 / 6-1-5 / 3-6-1 / 6-3-1 / 1-6-2 / 6-1-4,0.0284,1号井本 昌也,3号磯部 誠,6号塩田 北斗,5.0,5.0,,,,,,,,,,,,
2026-09-17,徳山,2,✅低(堅),13,1-4-6 / 1-6-4 / 1-2-6 / 1-6-2 / 4-1-6 / 1-6-3 / 6-1-4 / 1-6-5 / 2-1-6 / 1-3-6 / 6-1-2 / 1-5-6 / 6-1-3,0.0274,1号高橋 竜矢,4号西村 拓也,2号井口 佳典,5.0,5.0,,,,,,,,,,,,
2026-09-17,徳山,3,✅低(堅),15,1-6-3 / 1-3-6 / 1-6-4 / 1-4-6 / 1-6-5 / 1-5-6 / 1-6-2 / 1-2-6 / 3-1-6 / 6-1-3 / 6-1-4 / 4-1-6 / 6-1-5 / 5-1-6 / 6-1-2,0.0354,1号宮之原 輝紀,3号渡辺 浩司,6号中村 晃朋,5.0,5.0,,,,,,,,,,,,
2026-09-17,徳山,4,✅低(堅),10,1-5-3 / 1-3-5 / 1-5-6 / 1-6-5 / 1-3-6 / 1-6-3 / 5-1-3 / 1-5-2 / 3-1-5 / 5-1-6,0.0211,1号大峯 豊,5号石本 裕武,3号大上 卓人,5.0,5.0,,,,,,,,,,,,
2026-09-17,福岡,1,△中,18,1-4-5 / 1-4-2 / 1-5-4 / 1-2-4 / 1-5-2 / 1-2-5 / 4-1-2 / 1-4-3 / 2-1-4 / 4-1-5 / 5-1-4 / 5-1-2 / 2-1-5 / 1-5-3 / 4-1-3 / 5-1-3 / 2-4-1 / 4-2-1,0.0386,1号妹尾 忠幸,2号松下 誉士,4号小林 孝弘,3.0,3.0,,,,,,,,,,,,
2026-09-17,福岡,2,🌊最高(大荒),11,5-1-4 / 5-4-1 / 1-5-4 / 4-5-1 / 4-1-5 / 5-1-2 / 5-1-3 / 1-4-5 / 1-5-3 / 5-2-1 / 5-4-2,0.0259,1号岡部 哲,5号島村 隆幸,4号渡邉 優美,3.0,3.0,,,,,,,,,,,,
2026-09-17,唐津,5,△中,14,1-5-2 / 1-5-4 / 1-2-5 / 1-4-5 / 1-5-3 / 1-3-5 / 5-1-2 / 5-1-4 / 5-1-3 / 1-2-3 / 1-4-3 / 1-3-2 / 1-3-4 / 2-1-5,0.0317,1号寺本 重宣,5号島川 光男,2号中島 友和,5.0,5.0,,,,,,,,,,,,
2026-09-17,唐津,6,🌊最高(大荒),10,3-6-1 / 3-6-2 / 3-2-6 / 6-3-1 / 6-3-2 / 3-1-6 / 2-3-6 / 6-2-3 / 2-6-3 / 6-1-3,0.0315,3号鳥飼 眞,1号松尾 宣邦,2号大神 康司,5.0,5.0,,,,,,,,,,,,
2026-09-17,唐津,7,🌊最高(大荒),9,1-2-6 / 1-3-6 / 1-6-2 / 2-1-6 / 1-6-3 / 3-1-6 / 6-1-2 / 1-3-4 / 6-1-3,0.0203,1号都築 正治,2号藤田 浩人,3号佐々木 翔斗,5.0,5.0,,,,,,,,,,,,
2026-09-17,唐津,8,🌊最高(大荒),17,4-5-6 / 4-6-5 / 5-4-6 / 6-4-5 / 4-3-6 / 4-6-3 / 5-6-4 / 4-6-1 / 4-5-3 / 4-3-5 / 6-5-4 / 5-4-3 / 4-1-6 / 3-4-5 / 3-4-6 / 6-4-3 / 6-4-1,0.0323,4号赤岩 善生,5号藤田 俊祐,1号西尾 亮輔,5.0,5.0,,,,,,,,,,,,
2026-09-17,唐津,9,⚠高(荒),0,,0.0000,1号中島 友和,3号飯島 昌弘,4号北山 康介,5.0,5.0,,,,,,,,,,,,
2026-09-17,平和島,4,⚠高(荒),5,1-2-5 / 1-6-5 / 1-5-2 / 1-5-6 / 2-1-5,0.0166,1号森作 広大,6号繁野谷 圭介,2号大平 誉史明,4.0,3.0,,,,,,,,,,,,
2026-09-17,多摩川,5,✅低(堅),15,1-6-4 / 1-4-6 / 1-6-5 / 1-5-6 / 1-6-3 / 1-6-2 / 1-4-5 / 1-3-6 / 1-5-4 / 6-1-4 / 1-2-6 / 4-1-6 / 1-4-3 / 6-1-5 / 5-1-6,0.0509,1号深谷 知博,6号若林 将,4号原田 篤志,1.0,2.0,,,,,,,,,,,,
2026-09-17,常滑,5,✅低(堅),6,1-6-2 / 6-1-2 / 2-1-6 / 1-6-5 / 1-6-3 / 6-1-3,0.0695,1号川野 芽唯,6号小芦 るり華,2号野田 彩加,3.0,1.0,,,,,,,,,,,,
2026-09-17,津,5,✅低(堅),0,,0.0000,1号三浦 敬太,5号渡邊 雄斗,6号抹香 雄三,2.0,1.0,,,,,,,,,,,,
2026-09-17,徳山,5,✅低(堅),4,1-3-2 / 1-2-3 / 3-1-2 / 2-1-3,0.0334,1号山口 剛,2号塩田 北斗,3号常住 蓮,5.0,5.0,,,,,,,,,,,,
2026-09-17,平和島,5,⚠高(荒),17,1-3-6 / 3-1-6 / 1-6-3 / 1-3-5 / 3-1-5 / 3-6-1 / 6-1-3 / 6-3-1 / 1-5-3 / 3-5-1 / 5-1-3 / 5-3-1 / 1-6-5 / 1-5-6 / 6-1-5 / 5-1-6 / 3-6-5,0.0626,1号渡辺 空依,3号山田 丈,6号野間 大樹,3.0,3.0,,,,,,,,,,,,
2026-09-17,多摩川,6,✅低(堅),15,1-4-6 / 1-6-4 / 1-6-3 / 1-4-5 / 1-5-4 / 1-5-6 / 1-6-5 / 1-3-6 / 1-5-3 / 4-1-6 / 6-1-4 / 6-1-3 / 5-1-4 / 4-1-5 / 5-1-6,0.0213,1号河野 大,3号椎名 豊,4号瓜生 正義,5.0,2.0,,,,,,,,,,,,
2026-09-17,常滑,6,✅低(堅),10,1-2-6 / 1-6-4 / 1-4-6 / 1-6-2 / 1-6-3 / 1-3-6 / 4-1-6 / 2-1-6 / 6-1-4 / 6-1-2,0.0552,1号竹井 奈美,4号内山 七海,2号宮崎 安奈,2.0,1.0,,,,,,,,,,,,
2026-09-17,津,6,✅低(堅),11,1-6-3 / 1-6-2 / 1-2-6 / 1-2-3 / 1-6-5 / 1-5-6 / 6-1-3 / 1-2-5 / 1-5-2 / 2-1-3 / 6-1-2,0.0289,1号上原 健次郎,3号山田 亮太,6号浅見 昌克,2.0,1.0,,,,,,,,,,,,
2026-09-17,びわこ,6,✅低(堅),6,1-5-4 / 5-1-4 / 1-5-3 / 1-5-2 / 5-1-3 / 1-3-5,0.0587,1号中村 有裕,5号谷村 一哉,4号相原 利章,2.0,2.0,,,,,,,,,,,,
2026-09-17,びわこ,7,✅低(堅),34,1-6-4 / 1-6-5 / 1-6-3 / 1-6-2 / 1-4-6 / 1-5-6 / 1-3-6 / 1-2-6 / 6-1-4 / 6-1-5 / 6-1-3 / 6-1-2 / 1-4-5 / 1-5-4 / 4-1-6 / 5-1-6 / 1-4-3 / 1-5-3 / 1-3-4 / 1-3-5 / 1-4-2 / 1-5-2 / 3-1-6 / 1-2-4 / 1-2-5 / 2-1-6 / 1-3-2 / 1-2-3 / 6-4-1 / 6-5-1 / 4-1-5 / 5-1-4 / 4-6-1 / 5-6-1,0.0462,1号天野 友和,6号佐藤 博亮,4号星 栄爾,1.0,1.0,,,,,,,,,,,,
2026-09-17,尼崎,6,✅低(堅),18,1-5-3 / 1-3-5 / 1-5-6 / 1-6-5 / 1-3-6 / 1-6-3 / 1-5-2 / 1-5-4 / 1-2-5 / 1-6-2 / 1-2-6 / 1-6-4 / 1-4-5 / 1-3-2 / 5-1-3 / 3-1-5 / 5-1-6 / 6-1-5,0.0600,1号萩原 秀人,5号渡 修平,3号河内 一馬,1.0,0.0,,,,,,,,,,,,
2026-09-17,尼崎,7,🌊最高(大荒),16,1-6-2 / 6-1-2 / 1-6-3 / 6-1-3 / 1-2-6 / 6-2-1 / 1-3-6 / 6-3-1 / 3-1-6 / 3-6-1 / 2-1-6 / 2-6-1 / 1-3-2 / 1-2-3 / 6-3-2 / 6-2-3,0.0380,1号宇土 泰就,6号上原 崚,2号三好 勇人,3.0,0.0,,,,,,,,,,,,
2026-09-17,鳴門,10,✅低(堅),13,1-2-4 / 1-2-5 / 1-4-2 / 2-1-4 / 1-5-2 / 1-2-6 / 2-1-5 / 4-1-2 / 1-2-3 / 1-4-5 / 1-5-4 / 5-1-2 / 1-6-2,0.0896,1号平野 和明,2号竹井 貴史,4号谷口 佳蓮,2.0,2.0,,,,,,,,,,,,
2026-09-17,児島,5,△中,9,4-1-5 / 4-1-2 / 4-1-3 / 4-1-6 / 1-4-6 / 5-1-4 / 6-1-4 / 3-1-4 / 2-1-4,0.0264,1号村田 修次,4号稗田 聖也,2号谷野 錬志,4.0,3.0,,,,,,,,,,,,
2026-09-17,児島,6,⚠高(荒),0,,0.0000,1号杉山 太陽,2号上田 健太,5号田村 隆信,4.0,3.0,,,,,,,,,,,,
2026-09-17,徳山,6,✅低(堅),10,1-6-5 / 1-5-6 / 1-6-4 / 1-4-6 / 6-1-5 / 5-1-6 / 6-1-4 / 4-1-6 / 1-6-2 / 1-6-3,0.0330,1号今泉 友吾,6号磯部 誠,5号菊地 孝平,5.0,5.0,,,,,,,,,,,,
2026-09-17,福岡,3,⚠高(荒),10,1-4-2 / 1-2-4 / 1-4-5 / 1-5-4 / 4-1-2 / 1-2-5 / 2-1-4 / 1-5-2 / 4-1-5 / 1-2-3,0.0215,1号白井 友晴,3号仲口 博崇,4号谷 勝幸,3.0,3.0,,,,,,,,,,,,
2026-09-17,福岡,4,△中,4,5-3-1 / 3-5-1 / 5-1-3 / 3-1-5,0.0508,1号佐竹 恒彦,5号中村 桃佳,3号佐々木 和伸,4.0,4.0,,,,,,,,,,,,
2026-09-17,唐津,10,🌊最高(大荒),25,6-4-3 / 4-6-3 / 6-4-2 / 4-6-2 / 6-3-4 / 6-4-1 / 4-6-1 / 6-2-4 / 4-3-6 / 3-6-4 / 3-4-6 / 4-2-6 / 6-1-4 / 2-6-4 / 2-4-6 / 4-1-6 / 1-6-4 / 6-3-2 / 6-2-3 / 6-3-1 / 1-4-6 / 3-6-2 / 6-1-3 / 2-6-3 / 6-2-1,0.0228,6号齊藤 仁,4号三角 哲男,3号百武 翔,6.0,6.0,,,,,,,,,,,,
2026-09-17,多摩川,9,✅低(堅),12,1-5-2 / 1-5-6 / 1-2-5 / 1-5-3 / 1-6-5 / 1-3-5 / 1-5-4 / 1-4-5 / 5-1-2 / 5-1-6 / 5-1-3 / 2-1-5,0.0371,1号石橋 道友,5号太田 和美,2号黒野 元基,3.0,2.0,,,,,,,,,,,,
2026-09-17,多摩川,10,✅低(堅),10,1-2-6 / 1-6-2 / 1-2-5 / 1-5-2 / 1-6-5 / 2-1-6 / 1-5-6 / 6-1-2 / 2-1-5 / 1-2-4,0.0299,1号久田 敏之,2号河野 大,4号秦 英悟,1.0,2.0,,,,,,,,,,,,
2026-09-17,多摩川,11,✅低(堅),5,1-3-2 / 1-2-3 / 3-1-2 / 2-1-3 / 1-2-6,0.0902,1号瓜生 正義,3号中野 次郎,2号須藤 博倫,2.0,2.0,,,,,,,,,,,,
2026-09-17,多摩川,12,✅低(堅),16,1-5-6 / 1-5-2 / 1-6-5 / 1-6-2 / 1-2-6 / 1-5-3 / 5-1-2 / 5-1-6 / 6-1-5 / 1-3-5 / 6-1-2 / 1-6-3 / 1-2-5 / 2-1-6 / 1-3-6 / 5-1-3,0.0367,1号濱野谷 憲吾,2号馬場 貴也,5号丸野 一樹,1.0,2.0,,,,,,,,,,,,
2026-09-17,蒲郡,1,⚠高(荒),11,1-5-6 / 1-5-2 / 1-6-5 / 5-1-2 / 6-1-5 / 2-1-5 / 1-2-5 / 5-1-6 / 2-5-1 / 5-2-1 / 6-5-1,0.0272,1号三馬 崇史,2号廣瀬 凜,6号澁川 夏,2.0,1.0,,,,,,,,,,,,
2026-09-17,蒲郡,2,🌊最高(大荒),19,1-6-4 / 1-4-6 / 1-6-2 / 1-2-6 / 1-6-5 / 6-1-4 / 1-5-6 / 6-1-2 / 1-2-4 / 1-4-2 / 4-1-6 / 6-1-5 / 2-1-6 / 1-4-5 / 1-5-4 / 5-1-6 / 2-1-4 / 4-1-2 / 6-4-1,0.0199,1号中野 仁照,6号中山 翔太,2号樅山 拓馬,4.0,2.0,,,,,,,,,,,,
2026-09-17,蒲郡,3,⚠高(荒),7,6-1-3 / 6-1-5 / 1-6-3 / 6-3-1 / 6-1-2 / 6-5-1 / 3-6-1,0.0470,1号岩下 巧斗,6号前田 滉,5号鰐部 太空海,4.0,2.0,,,,,,,,,,,,
2026-09-17,蒲郡,4,⚠高(荒),13,5-1-2 / 5-2-1 / 2-5-1 / 1-5-2 / 5-1-3 / 5-2-3 / 1-5-3 / 5-3-1 / 2-5-3 / 2-1-5 / 5-3-2 / 3-5-1 / 3-5-2,0.0508,1号成貞 琳平,5号松田 淳平,2号藤原 仙二,4.0,2.0,,,,,,,,,,,,
2026-09-17,蒲郡,5,✅低(堅),11,1-6-4 / 1-4-6 / 1-6-2 / 1-2-6 / 1-6-3 / 1-6-5 / 6-1-4 / 1-3-6 / 1-5-6 / 1-3-4 / 1-2-4,0.1152,1号荒木 颯斗,4号山口 晃朋,6号竹間 隆晟,3.0,1.0,,,,,,,,,,,,
2026-09-17,蒲郡,6,✅低(堅),13,1-3-6 / 1-6-3 / 1-2-6 / 1-6-2 / 1-3-2 / 1-2-3 / 3-1-6 / 6-1-3 / 3-1-2 / 2-1-6 / 2-1-3 / 6-1-2 / 1-6-4,0.0510,1号島川 海輝,3号石渡 翔一郎,2号高山 敬悟,3.0,1.0,,,,,,,,,,,,
2026-09-17,蒲郡,7,✅低(堅),5,3-1-4 / 4-1-3 / 3-4-1 / 4-3-1 / 1-4-3,0.0495,1号仲道 大輔,3号津田 陸翔,4号安河内 鈴之介,2.0,1.0,,,,,,,,,,,,
2026-09-17,丸亀,1,⚠高(荒),7,1-2-6 / 1-6-2 / 2-1-6 / 6-1-2 / 1-2-5 / 2-6-1 / 1-5-2,0.0345,1号森安 弘雅,2号金田 大輔,6号柳瀬 興志,3.0,3.0,,,,,,,,,,,,
2026-09-17,丸亀,2,⚠高(荒),23,1-5-4 / 5-1-4 / 1-5-2 / 1-4-5 / 1-5-6 / 5-1-2 / 5-1-6 / 1-2-5 / 1-6-5 / 4-1-5 / 1-5-3 / 5-4-1 / 5-1-3 / 6-1-5 / 2-1-5 / 5-6-1 / 4-5-1 / 5-2-1 / 1-4-6 / 6-5-1 / 1-6-4 / 2-5-1 / 1-3-5,0.0450,1号泉 具巳,5号河村 了,4号香川 颯太,1.0,1.0,,,,,,,,,,,,
2026-09-17,丸亀,3,🌊最高(大荒),14,1-4-5 / 1-5-4 / 5-1-4 / 4-1-5 / 5-4-1 / 1-4-6 / 4-5-1 / 4-1-6 / 1-6-4 / 1-5-6 / 6-1-4 / 6-4-1 / 5-1-6 / 4-6-1,0.0501,4号外崎 悟,1号中野 和裕,5号深川 和仁,3.0,3.0,,,,,,,,,,,,
2026-09-17,丸亀,4,⚠高(荒),6,1-4-5 / 1-5-4 / 5-1-4 / 4-1-5 / 5-4-1 / 1-4-6,0.0227,4号藤岡 俊介,1号菅沼 佳昭,3号北川 太一,3.0,3.0,,,,,,,,,,,,
2026-09-17,丸亀,5,🌊最高(大荒),12,1-3-6 / 1-6-3 / 6-1-3 / 6-3-1 / 3-1-6 / 3-6-1 / 1-3-5 / 1-6-2 / 1-5-3 / 1-2-6 / 6-1-2 / 1-6-5,0.0526,1号小畑 実成,3号権藤 俊光,6号高橋 正男,3.0,3.0,,,,,,,,,,,,
2026-09-17,丸亀,6,✅低(堅),6,1-5-2 / 1-2-5 / 1-5-6 / 5-1-2 / 1-5-4 / 2-1-5,0.0776,1号森 智也,5号森永 淳,2号三原 司,3.0,3.0,,,,,,,,,,,,
2026-09-17,丸亀,7,✅低(堅),10,1-2-6 / 1-2-5 / 1-5-2 / 1-6-2 / 2-1-5 / 2-1-6 / 1-5-6 / 1-6-5 / 5-1-2 / 1-2-4,0.0717,1号高倉 孝太,2号大池 佑来,6号中村 辰也,3.0,3.0,,,,,,,,,,,,
2026-09-17,下関,1,🌊最高(大荒),11,1-4-6 / 1-6-4 / 1-4-3 / 6-1-4 / 1-3-4 / 1-6-3 / 4-1-6 / 1-3-6 / 1-6-5 / 1-4-5 / 4-1-3,0.0535,1号萩原 丈太朗,4号岡部 浩,6号中田 夕貴,1.0,1.0,,,,,,,,,,,,
2026-09-17,下関,2,⚠高(荒),11,1-5-4 / 1-4-2 / 1-5-2 / 1-2-4 / 5-1-4 / 1-2-5 / 1-3-2 / 1-2-3 / 1-5-3 / 4-1-2 / 5-1-3,0.0190,1号山下 夏鈴,4号向後 龍一,3号村田 浩司,2.0,2.0,,,,,,,,,,,,
2026-09-17,下関,3,🌊最高(大荒),8,1-6-5 / 1-5-6 / 6-1-5 / 5-1-6 / 6-5-1 / 5-6-1 / 6-1-3 / 1-6-3,0.0162,1号川原 愛未,6号山本 梨菜,5号山田 晃大,1.0,1.0,,,,,,,,,,,,
2026-09-17,下関,4,✅低(堅),0,,0.0000,1号加藤 翔馬,6号藤井 公人,5号立間 充宏,1.0,1.0,,,,,,,,,,,,
2026-09-17,下関,5,✅低(堅),8,1-4-6 / 1-5-4 / 1-4-5 / 1-6-4 / 4-1-6 / 1-5-2 / 1-5-6 / 5-1-4,0.0395,1号麻生 慎介,4号金子 和之,5号山田 和佐,1.0,1.0,,,,,,,,,,,,
2026-09-17,下関,6,✅低(堅),9,1-3-2 / 1-2-3 / 1-2-5 / 3-1-2 / 1-3-5 / 2-1-3 / 1-3-4 / 1-5-2 / 1-5-3,0.0512,1号井上 遥妃,2号吉永 則雄,3号岡部 浩,1.0,1.0,,,,,,,,,,,,
2026-09-17,福岡,6,✅低(堅),2,1-2-4 / 2-1-4,0.0132,1号森 悠稀,2号末永 祐輝,4号島田 賢人,4.0,4.0,,,,,,,,,,,,
2026-09-17,福岡,7,△中,9,1-5-2 / 1-5-6 / 1-2-5 / 5-1-2 / 1-5-3 / 1-6-5 / 5-1-6 / 2-1-5 / 1-2-3,0.0558,1号木下 雄介,5号石倉 洋行,3号松下 誉士,4.0,4.0,,,,,,,,,,,,
2026-09-17,福岡,8,△中,11,1-4-6 / 1-6-4 / 4-1-6 / 1-4-3 / 6-1-4 / 4-1-3 / 1-3-4 / 4-6-1 / 1-6-3 / 6-4-1 / 1-3-6,0.0685,1号柏野 幸二,4号竹下 大樹,6号藤丸 光一,4.0,4.0,,,,,,,,,,,,
2026-09-17,福岡,9,⚠高(荒),8,1-3-4 / 1-3-5 / 3-1-4 / 1-3-6 / 1-4-3 / 3-1-6 / 3-1-5 / 4-1-3,0.1121,1号高井 雄基,3号岩永 雅人,4号西村 美智子,4.0,4.0,,,,,,,,,,,,
2026-09-17,福岡,10,✅低(堅),0,,0.0000,1号島村 隆幸,2号豊田 健士郎,6号白井 友晴,4.0,4.0,,,,,,,,,,,,
2026-09-17,福岡,11,△中,10,1-4-2 / 1-2-4 / 1-4-3 / 1-3-4 / 1-3-2 / 4-1-2 / 1-2-3 / 4-1-3 / 3-1-4 / 1-4-5,0.0334,1号中村 桃佳,2号石倉 洋行,4号仲口 博崇,3.0,3.0,,,,,,,,,,,,
2026-09-17,福岡,12,✅低(堅),8,1-4-2 / 1-4-6 / 1-6-4 / 1-2-4 / 1-4-3 / 1-6-2 / 1-3-4 / 1-2-6,0.0250,1号吉田 裕平,2号木下 雄介,3号竹下 大樹,3.0,3.0,,,,,,,,,,,,
2026-09-17,大村,1,🌊最高(大荒),13,5-1-2 / 5-1-6 / 1-5-2 / 1-5-6 / 5-2-1 / 5-6-1 / 5-1-4 / 2-5-1 / 1-6-5 / 1-2-5 / 6-5-1 / 2-1-5 / 6-1-5,0.0533,5号数原 魁,1号中里 英夫,4号門間 雄大,3.0,2.0,,,,,,,,,,,,
2026-09-17,大村,2,🌊最高(大荒),5,1-3-5 / 3-1-5 / 3-5-1 / 5-3-1 / 1-5-3,0.0639,1号中島 浩哉,5号篠崎 元志,3号登玉 隼百,3.0,2.0,,,,,,,,,,,,
2026-09-17,大村,9,✅低(堅),3,1-6-4 / 1-4-6 / 1-6-2,0.0193,1号松尾 充,6号桑島 和宏,3号萬 正嗣,1.0,1.0,,,,,,,,,,,,
2026-09-17,大村,10,△中,14,1-3-5 / 1-3-6 / 1-3-2 / 1-5-3 / 3-1-5 / 1-2-3 / 3-1-2 / 1-3-4 / 5-1-3 / 1-5-6 / 1-6-5 / 2-1-3 / 1-6-3 / 3-5-1,0.0400,1号今村 暢孝,3号数原 魁,6号木村 仁紀,1.0,1.0,,,,,,,,,,,,
2026-09-17,大村,11,✅低(堅),4,1-5-6 / 1-6-5 / 5-1-6 / 6-1-5,0.0894,1号溝口 海義也,5号登玉 隼百,6号小林 文彦,1.0,1.0,,,,,,,,,,,,
2026-09-17,大村,12,✅低(堅),4,1-6-5 / 1-5-6 / 6-1-5 / 5-1-6,0.0385,1号篠崎 元志,6号上條 嘉嗣,3号大山 千広,1.0,1.0,,,,,,,,,,,,
2026-09-18,鳴門,1,✅低(堅),17,1-6-3 / 1-6-2 / 1-3-6 / 1-6-5 / 1-2-6 / 1-6-4 / 1-5-6 / 6-1-3 / 6-1-2 / 3-1-6 / 6-1-5 / 2-1-6 / 6-1-4 / 1-3-2 / 5-1-6 / 1-4-6 / 1-2-3,0.0758,1号岩崎 芳美,6号谷口 佳蓮,3号中井 俊祐,1.0,1.0,,,,,,,,,,,,
2026-09-18,鳴門,2,🌊最高(大荒),7,1-4-3 / 1-3-4 / 4-1-3 / 3-1-4 / 3-4-1 / 4-3-1 / 1-4-6,0.0192,1号塩田 雄一,3号烏野 賢太,4号久富 政弘,1.0,1.0,,,,,,,,,,,,
2026-09-18,鳴門,3,✅低(堅),10,1-4-6 / 1-6-4 / 1-6-3 / 1-6-2 / 1-3-6 / 4-1-6 / 1-2-6 / 6-1-4 / 1-6-5 / 1-5-6,0.0732,1号竹井 貴史,4号渡邉 雄朗,6号上田 紗奈,1.0,1.0,,,,,,,,,,,,
2026-09-18,鳴門,4,✅低(堅),6,1-2-4 / 1-4-2 / 1-2-5 / 1-4-5 / 1-5-2 / 1-5-4,0.0152,1号佃 來紀,3号岡村 慶太,2号野長瀬 正孝,2.0,2.0,,,,,,,,,,,,
2026-09-18,鳴門,5,⚠高(荒),20,1-6-3 / 6-1-3 / 6-3-1 / 3-6-1 / 1-3-6 / 3-1-6 / 1-6-2 / 1-2-6 / 6-1-2 / 2-1-6 / 3-6-2 / 6-2-1 / 6-3-2 / 2-6-1 / 3-2-6 / 1-6-5 / 6-2-3 / 2-3-6 / 2-6-3 / 6-1-5,0.0323,1号山道 諄也,3号益田 啓司,6号岡本 翔太郎,1.0,1.0,,,,,,,,,,,,
2026-09-18,唐津,1,△中,8,1-6-3 / 1-6-2 / 1-3-6 / 1-2-6 / 6-1-3 / 3-1-6 / 6-1-2 / 2-1-6,0.0323,1号郷原 章平,3号中島 友和,2号吉永 泰弘,2.0,2.0,,,,,,,,,,,,
2026-09-18,唐津,2,✅低(堅),12,1-5-2 / 1-2-5 / 1-5-3 / 1-3-5 / 1-2-3 / 1-3-2 / 1-5-6 / 1-2-6 / 5-1-2 / 5-1-3 / 2-1-5 / 1-6-5,0.0405,1号鈴谷 一平,2号寺本 重宣,5号橋本 年光,2.0,2.0,,,,,,,,,,,,
2026-09-18,唐津,3,✅低(堅),4,1-5-6 / 1-6-5 / 5-1-6 / 6-1-5,0.0515,1号齊藤 仁,5号古結 宏,6号宮地 博士,2.0,2.0,,,,,,,,,,,,
2026-09-18,唐津,4,⚠高(荒),10,5-1-4 / 5-1-3 / 5-3-1 / 3-5-1 / 5-4-1 / 1-5-2 / 4-5-1 / 4-1-5 / 5-1-2 / 1-2-5,0.0325,1号藤田 俊祐,5号島川 光男,3号服部 達哉,2.0,2.0,,,,,,,,,,,,
2026-09-18,多摩川,9,✅低(堅),11,1-6-4 / 1-6-2 / 6-1-4 / 1-4-6 / 1-6-5 / 1-6-3 / 6-1-2 / 1-2-6 / 6-1-5 / 4-1-6 / 1-5-6,0.0462,1号太田 和美,6号菅 章哉,3号馬場 貴也,1.0,2.0,,,,,,,,,,,,
2026-09-18,多摩川,10,✅低(堅),15,1-4-2 / 1-2-4 / 1-2-5 / 1-5-2 / 1-4-5 / 1-5-4 / 1-4-6 / 1-2-6 / 1-6-4 / 1-6-2 / 1-5-6 / 1-6-5 / 2-1-4 / 4-1-2 / 2-1-5,0.0307,1号石渡 鉄兵,4号松田 大志郎,2号中山 将,0.0,2.0,,,,,,,,,,,,
2026-09-18,多摩川,11,✅低(堅),3,2-1-3 / 1-2-3 / 2-1-4,0.0147,1号吉田 拡郎,2号椎名 豊,3号黒野 元基,2.0,2.0,,,,,,,,,,,,
2026-09-18,多摩川,12,✅低(堅),4,1-6-5 / 1-5-6 / 1-6-3 / 1-3-6,0.0177,1号西山 貴浩,3号佐藤 翼,5号福来 剛,2.0,2.0,,,,,,,,,,,,
2026-09-18,蒲郡,1,🌊最高(大荒),6,1-3-6 / 1-6-3 / 3-1-6 / 6-1-3 / 1-4-6 / 1-6-4,0.0211,1号石田 勇斗,3号高山 敬悟,4号安藤 瑠希,2.0,1.0,,,,,,,,,,,,
2026-09-18,蒲郡,2,🌊最高(大荒),4,3-1-6 / 1-6-3 / 6-1-3 / 1-3-6,0.0124,1号樅山 拓馬,3号澁川 夏,2号佐藤 永梧,3.0,1.0,,,,,,,,,,,,
2026-09-18,蒲郡,3,🌊最高(大荒),13,2-1-3 / 1-2-3 / 2-1-5 / 1-2-5 / 2-3-1 / 1-3-2 / 3-2-1 / 3-1-2 / 2-5-1 / 1-5-2 / 2-3-5 / 2-5-3 / 5-2-1,0.0389,2号大原 祥昌,1号堀本 翔太,5号岩下 巧斗,3.0,1.0,,,,,,,,,,,,
2026-09-18,蒲郡,4,🌊最高(大荒),11,4-1-6 / 1-4-6 / 4-6-1 / 6-4-1 / 1-6-4 / 6-1-4 / 4-6-3 / 4-3-6 / 4-1-3 / 1-4-3 / 6-4-3,0.0517,4号竹間 隆晟,1号村松 遥輝,3号中野 仁照,3.0,1.0,,,,,,,,,,,,
2026-09-18,蒲郡,5,🌊最高(大荒),13,3-1-5 / 3-5-1 / 5-3-1 / 3-1-2 / 3-5-2 / 3-2-1 / 1-3-5 / 5-3-2 / 3-2-5 / 2-3-1 / 1-3-2 / 2-3-5 / 5-2-3,0.0673,3号中山 翔太,1号島崎 丈一朗,5号安河内 鈴之介,2.0,1.0,,,,,,,,,,,,
2026-09-18,住之江,1,△中,10,1-3-4 / 1-4-3 / 1-3-6 / 1-6-3 / 1-4-6 / 1-6-4 / 1-4-5 / 1-5-4 / 4-1-3 / 1-4-2,0.0358,1号伊藤 喜智,3号谷川 将太,4号鳥居塚 嶺王,2.0,1.0,,,,,,,,,,,,
2026-09-18,住之江,2,⚠高(荒),12,1-5-3 / 5-1-3 / 3-5-1 / 5-3-1 / 3-1-5 / 1-5-4 / 1-5-2 / 1-4-5 / 5-1-2 / 5-1-4 / 1-2-5 / 2-1-5,0.0396,1号畔柳 俊吾,3号永嶋 裕一,5号森林 太,0.0,1.0,,,,,,,,,,,,
2026-09-18,住之江,3,🌊最高(大荒),10,1-6-3 / 1-4-6 / 1-6-4 / 1-4-2 / 1-6-2 / 4-1-6 / 6-1-4 / 1-2-6 / 6-1-3 / 1-2-4,0.0227,1号牧原 崇,3号森野 正弘,4号廣瀬 将亨,0.0,1.0,,,,,,,,,,,,
2026-09-18,住之江,4,⚠高(荒),18,1-4-6 / 1-6-4 / 4-1-6 / 6-1-4 / 1-4-5 / 1-5-4 / 6-4-1 / 1-6-5 / 4-6-1 / 1-5-6 / 5-1-4 / 1-6-3 / 4-1-5 / 1-6-2 / 1-3-6 / 6-1-5 / 1-2-6 / 5-1-6,0.0398,1号宮嵜 隆太郎,4号桑原 悠,6号古川 誠之,3.0,1.0,,,,,,,,,,,,
2026-09-18,住之江,5,✅低(堅),11,1-6-2 / 1-2-6 / 1-6-4 / 1-6-5 / 1-4-6 / 6-1-2 / 1-2-4 / 2-1-6 / 1-5-6 / 1-4-2 / 1-2-5,0.0501,1号松本 博昭,6号尾嶋 一広,2号上野 拓馬,2.0,1.0,,,,,,,,,,,,
2026-09-18,住之江,6,🌊最高(大荒),10,5-1-6 / 5-6-1 / 5-3-1 / 6-5-1 / 3-5-1 / 6-1-5 / 5-3-6 / 5-6-3 / 3-5-6 / 6-5-3,0.0349,1号汐崎 正則,5号藤原 啓史朗,3号宇佐見 淳,3.0,1.0,,,,,,,,,,,,
2026-09-18,丸亀,1,⚠高(荒),14,1-6-4 / 1-4-6 / 1-6-5 / 1-6-2 / 1-5-6 / 1-4-5 / 1-4-2 / 1-5-4 / 1-6-3 / 6-1-4 / 1-2-6 / 4-1-6 / 6-1-2 / 6-1-5,0.0294,1号深川 和仁,2号渡邉 健,6号小畑 実成,1.0,1.0,,,,,,,,,,,,
2026-09-18,丸亀,2,⚠高(荒),8,6-1-4 / 1-6-4 / 4-1-6 / 6-4-1 / 4-6-1 / 1-4-6 / 6-1-3 / 6-1-5,0.0448,1号金田 大輔,6号河野 真也,4号松尾 祭,3.0,3.0,,,,,,,,,,,,
2026-09-18,丸亀,3,🌊最高(大荒),16,1-5-6 / 5-1-6 / 1-6-5 / 6-1-5 / 1-5-3 / 5-6-1 / 6-5-1 / 1-5-2 / 1-6-3 / 5-1-2 / 5-1-3 / 1-5-4 / 1-2-5 / 6-1-3 / 1-3-6 / 5-1-4,0.0582,1号志道 吉和,5号外崎 悟,6号池田 雄祐,2.0,2.0,,,,,,,,,,,,
2026-09-18,丸亀,4,🌊最高(大荒),10,1-3-4 / 1-3-5 / 1-4-3 / 3-1-5 / 3-1-4 / 4-1-3 / 1-5-3 / 5-1-3 / 3-5-1 / 1-4-2,0.0506,1号草場 康幸,3号木田 峰由季,4号庄司 樹良々,2.0,2.0,,,,,,,,,,,,
2026-09-18,丸亀,5,⚠高(荒),9,5-1-2 / 5-2-1 / 5-1-4 / 2-5-1 / 1-5-4 / 5-4-1 / 5-2-4 / 5-4-2 / 1-5-2,0.0235,5号藤岡 俊介,1号三原 司,2号高倉 孝太,1.0,1.0,,,,,,,,,,,,
2026-09-18,福岡,6,✅低(堅),8,1-5-2 / 1-2-5 / 1-3-5 / 1-5-3 / 1-3-2 / 1-2-3 / 5-1-2 / 2-1-5,0.0778,1号渡邉 優美,5号西村 美智子,3号山下 奈緒,3.0,3.0,,,,,,,,,,,,
2026-09-18,福岡,7,✅低(堅),11,1-4-3 / 1-3-4 / 1-4-2 / 1-2-4 / 1-3-2 / 1-2-3 / 3-1-4 / 4-1-3 / 4-1-2 / 2-1-4 / 3-1-2,0.0319,1号島田 賢人,3号岡本 大,4号淺香 文武,3.0,3.0,,,,,,,,,,,,
2026-09-18,福岡,8,△中,10,1-4-6 / 1-4-5 / 1-6-4 / 1-6-5 / 1-4-3 / 4-1-6 / 1-5-6 / 6-1-4 / 4-1-5 / 1-3-4,0.0398,1号山田 竜一,4号松下 誉士,5号岩永 雅人,3.0,3.0,,,,,,,,,,,,
2026-09-18,福岡,9,⚠高(荒),20,1-6-3 / 1-3-6 / 6-1-3 / 3-1-6 / 6-3-1 / 3-6-1 / 1-6-5 / 1-6-2 / 6-1-5 / 1-5-6 / 1-6-4 / 6-1-2 / 6-1-4 / 1-2-6 / 1-4-6 / 5-1-6 / 6-5-1 / 2-1-6 / 5-6-1 / 6-2-1,0.0438,1号宮内 直哉,6号柏野 幸二,3号木場 悠介,3.0,3.0,,,,,,,,,,,,
2026-09-18,福岡,10,△中,0,,0.0000,1号妹尾 忠幸,2号仲口 博崇,3号佐々木 和伸,3.0,3.0,,,,,,,,,,,,
2026-09-18,福岡,11,✅低(堅),3,1-2-6 / 1-6-2 / 2-1-6,0.0215,1号竹下 大樹,2号渡邉 優美,3号島田 賢人,3.0,3.0,,,,,,,,,,,,
2026-09-18,福岡,12,✅低(堅),10,1-6-5 / 1-6-2 / 1-5-6 / 1-6-4 / 6-1-2 / 1-6-3 / 6-1-5 / 6-1-4 / 6-1-3 / 5-1-6,0.0315,1号島村 隆幸,6号豊田 健士郎,2号石倉 洋行,3.0,3.0,,,,,,,,,,,,
2026-09-18,大村,8,△中,8,1-6-2 / 1-2-6 / 6-1-2 / 1-6-5 / 1-6-3 / 1-5-6 / 6-1-5 / 1-2-5,0.1261,1号小林 文彦,6号高野 哲史,2号数原 魁,1.0,1.0,,,,,,,,,,,,
2026-09-18,大村,9,△中,17,1-2-4 / 1-4-2 / 1-2-6 / 1-5-2 / 4-1-2 / 1-3-2 / 1-6-2 / 1-2-3 / 1-4-5 / 1-5-4 / 5-1-2 / 1-4-3 / 1-3-4 / 1-4-6 / 3-1-2 / 6-1-2 / 1-6-4,0.0600,1号門間 雄大,2号篠崎 元志,4号小林 基樹,2.0,1.0,,,,,,,,,,,,
2026-09-18,大村,10,△中,1,1-2-6,0.0127,1号後藤 隼之,2号新田 泰章,3号中村 かなえ,1.0,1.0,,,,,,,,,,,,
2026-09-19,鳴門,1,✅低(堅),0,,0.0000,1号長岡 良也,5号岡本 翔太郎,3号谷口 佳蓮,0.0,1.0,,,,,,model_new(old),1:1.2|2:3.7|3:3.7|4:0.0|5:0.0|6:0.0,,leakfree-2026-06,,0.657 0.04 0.1209 0.0176 0.1557 0.0088,
2026-09-19,唐津,1,✅低(堅),0,,0.0000,1号鈴谷 一平,2号中島 友和,4号都築 正治,3.0,3.0,,,,,,model_new(old),1:1.0|2:15.3|3:0.0|4:15.3|5:0.0|6:76.5,,leakfree-2026-06,,0.7586 0.0752 0.0752 0.0752 0.0109 0.005,
2026-09-19,鳴門,2,🌊最高(大荒),24,1-5-6 / 5-1-6 / 1-6-5 / 6-1-5 / 5-6-1 / 6-5-1 / 1-6-4 / 1-5-4 / 6-1-4 / 5-1-4 / 5-6-4 / 6-5-4 / 1-4-6 / 1-4-5 / 6-4-1 / 5-4-6 / 5-4-1 / 6-4-5 / 4-1-6 / 4-6-1 / 4-1-5 / 4-5-6 / 4-5-1 / 4-6-5,0.0356,1号佐口 達也,5号岡村 慶太,6号馬袋 義則,2.0,2.0,,,,,,model_new(old),1:4.1|2:37.6|3:1.3|4:12.5|5:4.4|6:21.5,1-5-6:0.0356 / 5-1-6:0.0351 / 1-6-5:0.0349 / 6-1-5:0.0339 / 5-6-1:0.0337 / 6-5-1:0.0332 / 1-6-4:0.0208 / 1-5-4:0.0203 / 6-1-4:0.0202 / 5-1-4:0.0200 / 5-6-4:0.0192 / 6-5-4:0.0189 / 1-4-6:0.0178 / 1-4-5:0.0168 / 6-4-1:0.0166 / 5-4-6:0.0165 / 5-4-1:0.0163 / 6-4-5:0.0159 / 4-1-6:0.0155 / 4-6-1:0.0149 / 4-1-5:0.0146 / 4-5-6:0.0145 / 4-5-1:0.0144 / 4-6-5:0.0143,leakfree-2026-06,4-1-5:0.0628 / 1-4-5:0.0625 / 4-5-1:0.0505 / 1-5-4:0.0497 / 5-4-1:0.0440 / 5-1-4:0.0435,0.2991 0.0376 0.0941 0.2991 0.2049 0.0652,
2026-09-19,鳴門,3,✅低(堅),8,1-4-5 / 1-5-4 / 1-4-6 / 4-1-5 / 5-1-4 / 1-5-6 / 1-6-4 / 1-6-5,0.1253,1号古澤 光紀,4号石塚 久也,5号野長瀬 正孝,1.0,1.0,,,,,,model_new(old),1:1.3|2:10.3|3:11.3|4:4.2|5:6.4|6:39.7,1-4-5:0.1253 / 1-5-4:0.1004 / 1-4-6:0.0342 / 4-1-5:0.0295 / 5-1-4:0.0233 / 1-5-6:0.0213 / 1-6-4:0.0185 / 1-6-5:0.0145,leakfree-2026-06,1-4-2:0.0519 / 1-2-4:0.0409,0.6979 0.0673 0.0377 0.1253 0.0673 0.0045,
2026-09-19,唐津,2,✅低(堅),16,1-5-6 / 1-6-5 / 1-5-3 / 1-6-3 / 1-3-5 / 1-3-6 / 1-6-2 / 5-1-6 / 1-5-2 / 6-1-5 / 1-5-4 / 1-6-4 / 1-4-5 / 1-4-6 / 5-1-3 / 6-1-3,0.0542,1号鳥飼 眞,5号柴田 大輔,6号藤田 俊祐,3.0,3.0,,,,,,model_new(old),1:1.4|2:2.6|3:10.7|4:16.5|5:14.7|6:18.9,1-5-6:0.0542 / 1-6-5:0.0527 / 1-5-3:0.0310 / 1-6-3:0.0289 / 1-3-5:0.0258 / 1-3-6:0.0250 / 1-6-2:0.0228 / 5-1-6:0.0202 / 1-5-2:0.0201 / 6-1-5:0.0195 / 1-5-4:0.0159 / 1-6-4:0.0150 / 1-4-5:0.0117 / 1-4-6:0.0116 / 5-1-3:0.0109 / 6-1-3:0.0102,leakfree-2026-06,1-2-4:0.0466 / 1-2-3:0.0373 / 1-4-2:0.0351 / 1-3-2:0.0350,0.7153 0.1448 0.0539 0.0436 0.0311 0.0113,
2026-09-19,唐津,3,✅低(堅),8,1-2-5 / 1-2-3 / 1-2-4 / 2-1-5 / 2-1-3 / 1-5-2 / 2-1-4 / 5-1-2,0.0643,1号大神 康司,2号加藤 高史,3号中嶋 誠一郎,4.0,4.0,,,,,,model_new(old),1:1.0|2:6.7|3:13.5|4:27.0|5:27.0|6:13.5,1-2-5:0.0643 / 1-2-3:0.0425 / 1-2-4:0.0339 / 2-1-5:0.0311 / 2-1-3:0.0273 / 1-5-2:0.0263 / 2-1-4:0.0188 / 5-1-2:0.0114,leakfree-2026-06,1-2-5:0.0431 / 1-5-2:0.0409,0.6534 0.1328 0.0756 0.0544 0.0785 0.0052,
2026-09-19,鳴門,4,✅低(堅),5,1-6-4 / 1-4-6 / 1-6-5 / 1-5-6 / 1-4-5,0.0330,1号宮崎 奨,6号益田 啓司,4号岩崎 芳美,1.0,1.0,,,,,,model_new(old),1:1.3|2:8.3|3:15.9|4:6.3|5:36.6|6:5.0,1-6-4:0.0330 / 1-4-6:0.0267 / 1-6-5:0.0172 / 1-5-6:0.0112 / 1-4-5:0.0110,leakfree-2026-06,1-4-2:0.0431 / 1-2-4:0.0347,0.6733 0.0809 0.0453 0.1146 0.0117 0.0742,
2026-09-19,鳴門,5,⚠高(荒),5,6-1-5 / 1-6-5 / 6-5-1 / 5-6-1 / 5-1-6,0.0164,1号中尾 彩香,5号水摩 敦,6号烏野 賢太,1.0,1.0,,,,,,model_new(old),1:1.5|2:0.0|3:3.0|4:0.0|5:4.5|6:9.0,6-1-5:0.0164 / 1-6-5:0.0136 / 6-5-1:0.0132 / 5-6-1:0.0124 / 5-1-6:0.0104,leakfree-2026-06,,0.4369 0.1967 0.1967 0.0131 0.1279 0.0287,
2026-09-19,唐津,4,🌊最高(大荒),12,1-6-5 / 6-1-5 / 1-5-6 / 6-5-1 / 5-1-6 / 5-6-1 / 1-6-4 / 1-5-4 / 1-6-3 / 1-4-5 / 5-1-4 / 6-1-3,0.0425,1号江藤 敦宏,6号赤岩 善生,5号芝田 浩治,4.0,4.0,,,,,,model_new(old),1:4.6|2:10.8|3:7.1|4:2.8|5:10.1|6:2.2,1-6-5:0.0425 / 6-1-5:0.0387 / 1-5-6:0.0327 / 6-5-1:0.0266 / 5-1-6:0.0263 / 5-6-1:0.0236 / 1-6-4:0.0148 / 1-5-4:0.0148 / 1-6-3:0.0142 / 1-4-5:0.0128 / 5-1-4:0.0117 / 6-1-3:0.0101,leakfree-2026-06,1-3-4:0.0338,0.329 0.0673 0.2115 0.1807 0.089 0.1226,
2026-09-19,戸田,1,⚠高(荒),12,1-2-5 / 1-5-2 / 2-1-5 / 5-1-2 / 2-5-1 / 1-5-3 / 5-2-1 / 1-5-4 / 1-3-5 / 1-4-5 / 1-2-6 / 5-1-3,0.0639,1号中里 昌志,2号根岸 真優,5号須藤 隆雄,2.0,1.0,,,,,,model_new(old),1:1.0|2:8.1|3:14.4|4:15.6|5:93.7|6:187.5,1-2-5:0.0639 / 1-5-2:0.0523 / 2-1-5:0.0435 / 5-1-2:0.0303 / 2-5-1:0.0174 / 1-5-3:0.0167 / 5-2-1:0.0157 / 1-5-4:0.0150 / 1-3-5:0.0123 / 1-4-5:0.0109 / 1-2-6:0.0107 / 5-1-3:0.0107,leakfree-2026-06,,0.5351 0.2123 0.0971 0.0971 0.0533 0.0051,
2026-09-19,平和島,1,⚠高(荒),12,1-6-3 / 6-1-3 / 1-6-5 / 6-1-5 / 1-6-4 / 6-3-1 / 1-3-6 / 6-1-4 / 3-6-1 / 1-5-6 / 3-1-6 / 6-1-2,0.0633,1号桑原 啓,6号久永 祥平,3号國弘 翔平,4.0,3.0,,,,,,model_new(old),1:1.4|2:3.8|3:6.0|4:24.2|5:72.7|6:6.6,1-6-3:0.0633 / 6-1-3:0.0545 / 1-6-5:0.0313 / 6-1-5:0.0235 / 1-6-4:0.0230 / 6-3-1:0.0215 / 1-3-6:0.0210 / 6-1-4:0.0188 / 3-6-1:0.0155 / 1-5-6:0.0154 / 3-1-6:0.0151 / 6-1-2:0.0128,leakfree-2026-06,1-3-4:0.0582 / 1-4-3:0.0403 / 1-3-6:0.0321 / 3-1-4:0.0303,0.5699 0.0788 0.1783 0.0751 0.016 0.0819,
2026-09-19,尼崎,1,⚠高(荒),1,1-4-3,0.0145,1号河内 一馬,3号山本 隆幸,6号浦田 信義,4.0,0.0,,,,,,model_new(old),1:1.8|2:6.5|3:1.6|4:29.2|5:39.0|6:0.0,1-4-3:0.0145,leakfree-2026-06,1-3-4:0.0455 / 3-1-4:0.0441,0.4005 0.0866 0.4189 0.06 0.017 0.017,
2026-09-19,尼崎,2,⚠高(荒),0,,0.0000,1号浮田 圭浩,5号村岡 賢人,2号服部 幸男,4.0,0.0,,,,,,model_new(old),1:1.0|2:0.0|3:0.0|4:0.0|5:0.0|6:0.0,,leakfree-2026-06,,0.5166 0.1837 0.0472 0.0584 0.1837 0.0104,
2026-09-19,鳴門,6,⚠高(荒),10,1-5-6 / 5-1-6 / 1-6-5 / 5-6-1 / 6-1-5 / 6-5-1 / 5-1-4 / 1-5-4 / 1-5-2 / 5-1-2,0.0560,1号赤池 修平,5号深川 麻奈美,6号稲田 浩二,2.0,2.0,,,,,,model_new(old),1:2.9|2:14.6|3:6.5|4:2.7|5:3.9|6:6.5,1-5-6:0.0560 / 5-1-6:0.0547 / 1-6-5:0.0382 / 5-6-1:0.0362 / 6-1-5:0.0302 / 6-5-1:0.0293 / 5-1-4:0.0180 / 1-5-4:0.0171 / 1-5-2:0.0124 / 5-1-2:0.0122,leakfree-2026-06,1-5-4:0.0451 / 1-4-5:0.0351,0.4321 0.0647 0.0523 0.1826 0.2035 0.0647,
2026-09-19,児島,1,△中,8,1-6-4 / 1-4-6 / 1-4-5 / 1-5-4 / 1-6-5 / 1-5-6 / 1-4-2 / 1-5-2,0.0261,1号山本 修一,2号瀬川 大地,6号寺嶋 雄,3.0,3.0,,,,,,model_new(old),1:1.0|2:7.7|3:23.2|4:46.5|5:46.5|6:23.2,1-6-4:0.0261 / 1-4-6:0.0259 / 1-4-5:0.0258 / 1-5-4:0.0255 / 1-6-5:0.0247 / 1-5-6:0.0242 / 1-4-2:0.0165 / 1-5-2:0.0141,leakfree-2026-06,1-3-4:0.0386 / 1-4-3:0.0366 / 1-4-2:0.0340,0.7427 0.0942 0.0653 0.0527 0.0315 0.0136,
2026-09-19,宮島,1,△中,12,1-5-6 / 1-5-3 / 1-6-5 / 1-6-2 / 1-3-5 / 1-3-6 / 1-2-6 / 1-6-3 / 1-5-4 / 5-1-3 / 5-1-6 / 5-1-2,0.0269,1号平高 奈菜,2号向井田 真紀,5号水野 望美,1.0,1.0,,,,,,model_new(old),1:1.0|2:5.6|3:12.3|4:24.6|5:16.4|6:98.6,1-5-6:0.0269 / 1-5-3:0.0219 / 1-6-5:0.0214 / 1-6-2:0.0153 / 1-3-5:0.0138 / 1-3-6:0.0133 / 1-2-6:0.0130 / 1-6-3:0.0126 / 1-5-4:0.0123 / 5-1-3:0.0112 / 5-1-6:0.0105 / 5-1-2:0.0100,leakfree-2026-06,1-5-3:0.0657 / 1-5-4:0.0615 / 1-3-5:0.0450 / 1-4-5:0.0445,0.8393 0.0332 0.0332 0.0264 0.0576 0.0102,
2026-09-19,唐津,5,△中,11,1-6-4 / 1-6-5 / 6-1-4 / 6-1-5 / 1-6-3 / 6-1-3 / 1-4-6 / 1-5-6 / 6-5-1 / 6-4-1 / 1-3-6,0.0410,1号飯島 昌弘,6号渡邊 雄一郎,4号服部 達哉,5.0,5.0,,,,,,model_new(old),1:2.4|2:11.1|3:7.2|4:3.8|5:5.5|6:3.8,1-6-4:0.0410 / 1-6-5:0.0351 / 6-1-4:0.0337 / 6-1-5:0.0290 / 1-6-3:0.0240 / 6-1-3:0.0198 / 1-4-6:0.0166 / 1-5-6:0.0164 / 6-5-1:0.0105 / 6-4-1:0.0104 / 1-3-6:0.0101,leakfree-2026-06,1-6-4:0.0376 / 1-4-6:0.0366,0.6633 0.0302 0.0534 0.0918 0.066 0.0953,
2026-09-19,唐津,6,🌊最高(大荒),14,6-1-5 / 1-6-5 / 6-5-1 / 1-5-6 / 5-6-1 / 5-1-6 / 6-1-4 / 1-6-4 / 6-4-1 / 6-5-4 / 6-4-5 / 5-6-4 / 1-5-4 / 5-1-4,0.0569,6号古結 宏,1号宮地 博士,5号藤田 浩人,5.0,5.0,,,,,,model_new(old),1:2.2|2:6.7|3:2.8|4:5.0|5:20.2|6:6.7,6-1-5:0.0569 / 1-6-5:0.0558 / 6-5-1:0.0438 / 1-5-6:0.0420 / 5-6-1:0.0370 / 5-1-6:0.0363 / 6-1-4:0.0243 / 1-6-4:0.0205 / 6-4-1:0.0154 / 6-5-4:0.0152 / 6-4-5:0.0131 / 5-6-4:0.0129 / 1-5-4:0.0115 / 5-1-4:0.0105,leakfree-2026-06,,0.3317 0.1005 0.1043 0.1318 0.2273 0.1043,
2026-09-19,戸田,2,⚠高(荒),5,1-3-4 / 1-4-3 / 3-1-4 / 4-1-3 / 3-4-1,0.0211,1号長谷川 親王,3号柘植 政浩,4号平田 さやか,1.0,1.0,,,,,,model_new(old),1:3.3|2:6.7|3:3.3|4:3.3|5:3.3|6:0.0,1-3-4:0.0211 / 1-4-3:0.0194 / 3-1-4:0.0169 / 4-1-3:0.0144 / 3-4-1:0.0102,leakfree-2026-06,,0.2029 0.139 0.2162 0.2951 0.139 0.0078,
2026-09-19,江戸川,1,🌊最高(大荒),0,,0.0000,1号高橋 直哉,5号眞崎 武蔵,3号有山 望,5.0,5.0,,,,,,model_new(old),1:1.3|2:2.7|3:8.2|4:8.2|5:0.0|6:0.0,,leakfree-2026-06,,0.5156 0.1784 0.1784 0.0327 0.0789 0.0161,
2026-09-19,多摩川,1,✅低(堅),10,1-5-6 / 1-6-5 / 1-5-2 / 1-5-4 / 1-4-5 / 1-2-5 / 1-6-4 / 1-4-6 / 1-4-2 / 1-5-3,0.0241,1号小池 修平,2号丸野 一樹,6号長田 頼宗,1.0,2.0,,,,,,model_new(old),1:1.6|2:3.6|3:4.8|4:11.4|5:18.0|6:9.0,1-5-6:0.0241 / 1-6-5:0.0239 / 1-5-2:0.0239 / 1-5-4:0.0233 / 1-4-5:0.0229 / 1-2-5:0.0205 / 1-6-4:0.0198 / 1-4-6:0.0196 / 1-4-2:0.0138 / 1-5-3:0.0132,leakfree-2026-06,1-2-3:0.0588 / 1-2-4:0.0505 / 1-3-2:0.0419 / 1-2-5:0.0386 / 1-4-2:0.0353,0.7278 0.1122 0.0726 0.0443 0.0316 0.0115,
2026-09-19,多摩川,2,✅低(堅),8,1-2-3 / 1-3-2 / 1-2-5 / 1-5-2 / 1-2-4 / 2-1-3 / 3-1-2 / 2-1-5,0.0342,1号中野 次郎,2号船岡 洋一郎,3号坂口 周,1.0,2.0,,,,,,model_new(old),1:1.1|2:17.1|3:14.5|4:6.9|5:10.0|6:10.8,1-2-3:0.0342 / 1-3-2:0.0311 / 1-2-5:0.0227 / 1-5-2:0.0167 / 1-2-4:0.0159 / 2-1-3:0.0150 / 3-1-2:0.0133 / 2-1-5:0.0106,leakfree-2026-06,1-4-2:0.0449 / 1-2-4:0.0423 / 1-4-3:0.0381 / 1-2-3:0.0367 / 1-3-2:0.0363 / 1-3-4:0.0361,0.7034 0.0697 0.0697 0.0987 0.0483 0.0101,
2026-09-19,鳴門,7,△中,17,1-5-6 / 1-6-5 / 1-5-2 / 1-6-2 / 1-2-5 / 5-1-6 / 6-1-5 / 1-2-6 / 5-1-2 / 6-1-2 / 2-1-5 / 2-1-6 / 5-6-1 / 6-5-1 / 1-5-3 / 5-2-1 / 2-5-1,0.0895,1号鈴木 雅希,5号平野 和明,6号竹井 貴史,2.0,2.0,,,,,,model_new(old),1:1.7|2:23.2|3:7.7|4:2.1|5:23.2|6:11.6,1-5-6:0.0895 / 1-6-5:0.0875 / 1-5-2:0.0564 / 1-6-2:0.0516 / 1-2-5:0.0467 / 5-1-6:0.0456 / 6-1-5:0.0443 / 1-2-6:0.0435 / 5-1-2:0.0288 / 6-1-2:0.0260 / 2-1-5:0.0223 / 2-1-6:0.0206 / 5-6-1:0.0183 / 6-5-1:0.0181 / 1-5-3:0.0155 / 5-2-1:0.0108 / 2-5-1:0.0100,leakfree-2026-06,1-2-3:0.1136 / 1-3-2:0.1038 / 2-1-3:0.0608 / 3-1-2:0.0538 / 1-2-6:0.0455 / 1-2-5:0.0376 / 1-6-2:0.0313,0.5552 0.1724 0.1492 0.0128 0.0494 0.0611,
2026-09-19,児島,2,⚠高(荒),6,1-4-3 / 1-4-5 / 1-4-6 / 4-1-3 / 4-1-5 / 4-1-6,0.0156,1号齋藤 真之,3号重富 伸也,5号鈴木 猛,5.0,5.0,,,,,,model_new(old),1:1.2|2:0.0|3:0.0|4:1.8|5:0.0|6:0.0,1-4-3:0.0156 / 1-4-5:0.0148 / 1-4-6:0.0138 / 4-1-3:0.0126 / 4-1-5:0.0120 / 4-1-6:0.0112,leakfree-2026-06,,0.5559 0.0799 0.1486 0.1486 0.0553 0.0116,
2026-09-19,宮島,2,🌊最高(大荒),9,1-6-2 / 6-1-2 / 6-2-1 / 2-6-1 / 1-6-3 / 1-6-5 / 6-1-3 / 1-6-4 / 1-2-6,0.0289,1号鈴木 成美,2号原田 佑実,6号藤原 早菜,1.0,1.0,,,,,,model_new(old),1:2.2|2:1.9|3:7.4|4:9.4|5:20.8|6:11.5,1-6-2:0.0289 / 6-1-2:0.0279 / 6-2-1:0.0213 / 2-6-1:0.0151 / 1-6-3:0.0120 / 1-6-5:0.0112 / 6-1-3:0.0111 / 1-6-4:0.0104 / 1-2-6:0.0101,leakfree-2026-06,1-2-4:0.0321,0.385 0.385 0.0802 0.0832 0.0332 0.0332,
2026-09-19,戸田,3,⚠高(荒),24,6-4-5 / 4-6-5 / 6-5-4 / 4-5-6 / 5-6-4 / 5-4-6 / 6-4-2 / 6-4-1 / 4-6-2 / 4-6-1 / 6-5-2 / 6-2-5 / 5-6-2 / 6-1-4 / 4-1-6 / 6-2-4 / 6-5-1 / 1-6-4 / 5-2-6 / 1-4-6 / 6-1-5 / 5-6-1 / 2-6-5 / 1-6-5,0.0262,6号黒崎 竜也,4号西野 雄貴,5号松尾 拓,2.0,1.0,,,,,,model_new(old),1:7.7|2:1.4|3:16.0|4:2.8|5:12.6|6:21.8,6-4-5:0.0262 / 4-6-5:0.0255 / 6-5-4:0.0237 / 4-5-6:0.0222 / 5-6-4:0.0216 / 5-4-6:0.0208 / 6-4-2:0.0200 / 6-4-1:0.0181 / 4-6-2:0.0175 / 4-6-1:0.0174 / 6-5-2:0.0169 / 6-2-5:0.0156 / 5-6-2:0.0153 / 6-1-4:0.0150 / 4-1-6:0.0136 / 6-2-4:0.0136 / 6-5-1:0.0129 / 1-6-4:0.0127 / 5-2-6:0.0121 / 1-4-6:0.0120 / 6-1-5:0.0119 / 5-6-1:0.0118 / 2-6-5:0.0118 / 1-6-5:0.0102,leakfree-2026-06,1-4-2:0.0820 / 4-1-2:0.0620 / 1-4-5:0.0484 / 4-1-5:0.0403 / 1-2-4:0.0391,0.3971 0.1678 0.0343 0.2909 0.0827 0.0273,
2026-09-19,戸田,4,🌊最高(大荒),19,2-1-5 / 2-5-1 / 5-2-1 / 1-2-5 / 5-1-2 / 1-5-2 / 1-5-4 / 5-1-4 / 1-2-4 / 2-1-4 / 1-4-5 / 5-4-1 / 2-1-6 / 1-2-6 / 1-4-2 / 2-5-6 / 5-1-6 / 5-2-6 / 1-5-6,0.0322,2号武富 智亮,5号笠置 博之,1号杉村 賢也,1.0,1.0,,,,,,model_new(old),1:23.2|2:2.9|3:11.6|4:1.5|5:5.8|6:23.2,2-1-5:0.0322 / 2-5-1:0.0321 / 5-2-1:0.0315 / 1-2-5:0.0315 / 5-1-2:0.0305 / 1-5-2:0.0305 / 1-5-4:0.0177 / 5-1-4:0.0175 / 1-2-4:0.0170 / 2-1-4:0.0161 / 1-4-5:0.0134 / 5-4-1:0.0120 / 2-1-6:0.0118 / 1-2-6:0.0115 / 1-4-2:0.0107 / 2-5-6:0.0104 / 5-1-6:0.0104 / 5-2-6:0.0104 / 1-5-6:0.0103,leakfree-2026-06,1-2-4:0.0623 / 2-1-4:0.0501 / 1-4-2:0.0476 / 1-2-3:0.0305,0.3688 0.2535 0.0797 0.1737 0.0797 0.0446,
2026-09-19,江戸川,2,⚠高(荒),28,1-6-5 / 1-5-6 / 6-1-5 / 5-1-6 / 1-6-2 / 1-2-6 / 6-5-1 / 6-1-2 / 5-6-1 / 1-5-2 / 1-2-5 / 5-1-2 / 2-1-6 / 6-2-1 / 2-1-5 / 2-6-1 / 5-2-1 / 2-5-1 / 1-6-3 / 6-5-2 / 5-6-2 / 6-1-3 / 6-2-5 / 5-2-6 / 2-6-5 / 2-5-6 / 1-5-3 / 5-1-3,0.0355,1号森 雄利,6号戸塚 邦好,5号鶴本 崇文,4.0,5.0,,,,,,model_new(old),1:8.4|2:5.7|3:1.0|4:126.7|5:12.6|6:25.3,1-6-5:0.0355 / 1-5-6:0.0345 / 6-1-5:0.0323 / 5-1-6:0.0309 / 1-6-2:0.0302 / 1-2-6:0.0277 / 6-5-1:0.0276 / 6-1-2:0.0275 / 5-6-1:0.0271 / 1-5-2:0.0270 / 1-2-5:0.0254 / 5-1-2:0.0241 / 2-1-6:0.0238 / 6-2-1:0.0223 / 2-1-5:0.0218 / 2-6-1:0.0211 / 5-2-1:0.0195 / 2-5-1:0.0188 / 1-6-3:0.0176 / 6-5-2:0.0166 / 5-6-2:0.0163 / 6-1-3:0.0160 / 6-2-5:0.0158 / 5-2-6:0.0151 / 2-6-5:0.0149 / 2-5-6:0.0145 / 1-5-3:0.0136 / 5-1-3:0.0119,leakfree-2026-06,1-2-3:0.0339 / 2-1-3:0.0306,0.2752 0.2242 0.2582 0.01 0.1512 0.0812,
2026-09-19,江戸川,3,🌊最高(大荒),15,2-3-4 / 3-2-4 / 2-3-6 / 3-2-6 / 2-3-1 / 2-6-3 / 3-2-1 / 3-6-2 / 2-3-5 / 3-2-5 / 6-2-3 / 6-3-2 / 2-1-3 / 3-1-2 / 2-5-3,0.0452,2号佐々木 大河,3号中村 泰平,4号佐竹 太一,4.0,5.0,,,,,,model_new(old),1:19.5|2:4.8|3:4.8|4:1.5|5:9.7|6:9.7,2-3-4:0.0452 / 3-2-4:0.0421 / 2-3-6:0.0399 / 3-2-6:0.0379 / 2-3-1:0.0241 / 2-6-3:0.0240 / 3-2-1:0.0229 / 3-6-2:0.0214 / 2-3-5:0.0205 / 3-2-5:0.0194 / 6-2-3:0.0170 / 6-3-2:0.0160 / 2-1-3:0.0137 / 3-1-2:0.0122 / 2-5-3:0.0109,leakfree-2026-06,2-3-4:0.1395 / 3-2-4:0.1395 / 2-3-1:0.0493 / 3-2-1:0.0493 / 2-4-3:0.0334 / 3-4-2:0.0334,0.0442 0.391 0.391 0.1391 0.0255 0.0092,
2026-09-19,平和島,2,🌊最高(大荒),6,3-6-2 / 6-3-2 / 3-2-6 / 6-2-3 / 2-3-6 / 2-6-3,0.0129,2号渡辺 空依,3号大場 広孝,6号濱崎 誠,4.0,3.0,,,,,,model_new(old),1:2.7|2:1.8|3:9.8|4:15.7|5:6.5|6:9.8,3-6-2:0.0129 / 6-3-2:0.0128 / 3-2-6:0.0126 / 6-2-3:0.0124 / 2-3-6:0.0111 / 2-6-3:0.0109,leakfree-2026-06,,0.3485 0.1997 0.1902 0.1022 0.1022 0.0572,
2026-09-19,平和島,3,✅低(堅),18,1-4-2 / 1-2-4 / 1-4-3 / 4-1-2 / 1-3-4 / 1-3-2 / 1-4-5 / 1-5-2 / 4-1-3 / 1-5-4 / 3-1-4 / 1-4-6 / 1-2-5 / 1-3-5 / 1-5-3 / 1-6-4 / 4-1-5 / 1-6-2,0.0827,1号渡邉 睦広,2号馬場 剛,4号伊藤 尚汰,3.0,3.0,,,,,,model_new(old),1:3.2|2:1.1|3:11.4|4:43.7|5:65.6|6:43.7,1-4-2:0.0827 / 1-2-4:0.0664 / 1-4-3:0.0429 / 4-1-2:0.0372 / 1-3-4:0.0370 / 1-3-2:0.0288 / 1-4-5:0.0251 / 1-5-2:0.0219 / 4-1-3:0.0199 / 1-5-4:0.0199 / 3-1-4:0.0163 / 1-4-6:0.0155 / 1-2-5:0.0145 / 1-3-5:0.0132 / 1-5-3:0.0120 / 1-6-4:0.0118 / 4-1-5:0.0117 / 1-6-2:0.0104,leakfree-2026-06,1-3-2:0.0588 / 1-2-4:0.0574 / 1-2-3:0.0381 / 1-4-2:0.0347 / 3-1-2:0.0314,0.4666 0.3242 0.1134 0.0645 0.0268 0.0045,
2026-09-19,平和島,4,🌊最高(大荒),0,,0.0000,1号澤崎 雄哉,4号折下 寛法,6号篠原 飛翔,3.0,3.0,,,,,,model_new(old),1:2.5|2:7.5|3:2.5|4:2.5|5:0.0|6:0.0,,leakfree-2026-06,,0.4244 0.0805 0.2422 0.1911 0.0127 0.0491,
2026-09-19,多摩川,3,✅低(堅),8,1-5-6 / 1-5-2 / 1-6-5 / 1-5-3 / 1-3-5 / 1-5-4 / 1-6-3 / 1-4-5,0.0172,1号村上 遼,2号瓜生 正義,5号須藤 博倫,0.0,2.0,,,,,,model_new(old),1:1.3|2:3.4|3:11.3|4:10.0|5:21.2|6:18.9,1-5-6:0.0172 / 1-5-2:0.0167 / 1-6-5:0.0166 / 1-5-3:0.0145 / 1-3-5:0.0133 / 1-5-4:0.0119 / 1-6-3:0.0101 / 1-4-5:0.0101,leakfree-2026-06,,0.5951 0.1862 0.0855 0.0823 0.0341 0.0168,
2026-09-19,多摩川,4,✅低(堅),0,,0.0000,1号安河内 将,4号吉田 拡郎,2号太田 和美,0.0,2.0,,,,,,model_new(old),1:1.1|2:9.5|3:8.6|4:8.1|5:21.2|6:14.5,,leakfree-2026-06,1-4-2:0.0590 / 1-4-3:0.0532 / 4-1-2:0.0359 / 4-1-3:0.0337,0.6 0.0862 0.0862 0.1878 0.0274 0.0125,
2026-09-19,浜名湖,1,🌊最高(大荒),9,1-2-5 / 1-2-6 / 1-2-3 / 1-5-2 / 1-6-2 / 2-1-5 / 2-1-6 / 5-1-2 / 1-5-6,0.0691,1号加藤 翔,2号橋本 久和,3号山一 鉄也,3.0,1.0,,,,,,model_new(old),1:1.4|2:5.8|3:3.1|4:19.1|5:15.3|6:19.1,1-2-5:0.0691 / 1-2-6:0.0562 / 1-2-3:0.0521 / 1-5-2:0.0408 / 1-6-2:0.0320 / 2-1-5:0.0216 / 2-1-6:0.0176 / 5-1-2:0.0106 / 1-5-6:0.0102,leakfree-2026-06,1-2-3:0.0482 / 2-1-3:0.0423,0.4765 0.2148 0.2148 0.0113 0.0714 0.0113,
2026-09-19,浜名湖,2,🌊最高(大荒),7,1-5-3 / 5-1-3 / 1-3-5 / 3-1-5 / 5-3-1 / 3-5-1 / 1-5-2,0.0168,5号江本 真治,3号有賀 達也,1号高橋 勲,3.0,1.0,,,,,,model_new(old),1:5.6|2:2.9|3:2.8|4:14.4|5:2.9|6:16.8,1-5-3:0.0168 / 5-1-3:0.0159 / 1-3-5:0.0151 / 3-1-5:0.0129 / 5-3-1:0.0119 / 3-5-1:0.0105 / 1-5-2:0.0104,leakfree-2026-06,1-3-2:0.1420 / 1-2-3:0.0997 / 3-1-2:0.0929 / 2-1-3:0.0539 / 1-3-5:0.0337,0.4776 0.1698 0.2642 0.0248 0.054 0.0096,
2026-09-19,尼崎,3,⚠高(荒),12,1-6-2 / 1-2-6 / 1-6-4 / 6-1-2 / 6-1-4 / 1-6-5 / 1-6-3 / 2-1-6 / 1-4-6 / 6-1-5 / 1-5-6 / 1-3-6,0.1050,1号浜崎 準也,6号和田 兼輔,2号後藤 正宗,3.0,0.0,,,,,,model_new(old),1:5.3|2:4.0|3:5.6|4:162.7|5:32.5|6:1.4,1-6-2:0.1050 / 1-2-6:0.0567 / 1-6-4:0.0414 / 6-1-2:0.0305 / 6-1-4:0.0296 / 1-6-5:0.0279 / 1-6-3:0.0253 / 2-1-6:0.0226 / 1-4-6:0.0183 / 6-1-5:0.0149 / 1-5-6:0.0123 / 1-3-6:0.0109,leakfree-2026-06,1-2-6:0.0987 / 2-1-6:0.0684 / 1-2-3:0.0595 / 1-6-2:0.0494 / 2-1-3:0.0436 / 1-3-2:0.0365,0.439 0.262 0.0949 0.0137 0.0137 0.1766,
2026-09-19,尼崎,4,🌊最高(大荒),13,5-1-2 / 1-5-2 / 5-1-4 / 5-2-1 / 1-5-4 / 2-5-1 / 5-4-1 / 1-4-5 / 2-1-5 / 4-5-1 / 1-2-5 / 4-1-5 / 5-2-4,0.0629,1号酒井 陽祐,5号萩原 秀人,2号山下 和彦,2.0,0.0,,,,,,model_new(old),1:1.7|2:4.5|3:5.4|4:12.4|5:4.5|6:14.5,5-1-2:0.0629 / 1-5-2:0.0504 / 5-1-4:0.0395 / 5-2-1:0.0384 / 1-5-4:0.0355 / 2-5-1:0.0262 / 5-4-1:0.0209 / 1-4-5:0.0151 / 2-1-5:0.0150 / 4-5-1:0.0142 / 1-2-5:0.0141 / 4-1-5:0.0120 / 5-2-4:0.0114,leakfree-2026-06,1-5-2:0.0556 / 1-2-5:0.0470 / 5-1-2:0.0427 / 2-1-5:0.0339,0.438 0.1975 0.0656 0.0715 0.2274 0.0001,
2026-09-19,尼崎,5,△中,6,2-1-4 / 4-1-2 / 1-2-4 / 1-4-2 / 2-4-1 / 4-2-1,0.0265,1号三苫 晃幸,2号磯村 匠,4号近江 翔吾,2.0,0.0,,,,,,model_new(old),1:1.0|2:17.2|3:8.6|4:17.2|5:0.0|6:0.0,2-1-4:0.0265 / 4-1-2:0.0263 / 1-2-4:0.0175 / 1-4-2:0.0171 / 2-4-1:0.0129 / 4-2-1:0.0129,leakfree-2026-06,1-4-2:0.0336,0.6487 0.0779 0.0751 0.1451 0.0436 0.0096,
2026-09-19,鳴門,8,✅低(堅),7,1-6-4 / 1-6-2 / 1-4-6 / 1-2-6 / 1-4-2 / 1-2-4 / 6-1-4,0.0245,1号久田 武,4号久富 政弘,6号佃 來紀,2.0,2.0,,,,,,model_new(old),1:1.2|2:20.0|3:10.0|4:4.6|5:30.0|6:6.6,1-6-4:0.0245 / 1-6-2:0.0194 / 1-4-6:0.0158 / 1-2-6:0.0144 / 1-4-2:0.0140 / 1-2-4:0.0118 / 6-1-4:0.0113,leakfree-2026-06,,0.6394 0.0637 0.0637 0.1301 0.0113 0.0919,
2026-09-19,鳴門,9,⚠高(荒),0,,0.0000,1号栗山 繁洋,2号岡本 翔太郎,6号渡邉 雄朗,2.0,2.0,,,,,,model_new(old),1:3.0|2:0.0|3:3.0|4:2.0|5:0.0|6:6.0,,leakfree-2026-06,,0.3377 0.3377 0.0424 0.1062 0.1023 0.0736,
2026-09-19,児島,3,🌊最高(大荒),16,2-1-6 / 2-6-1 / 6-1-2 / 6-2-1 / 1-2-6 / 1-6-2 / 2-6-3 / 2-3-1 / 6-2-3 / 2-3-6 / 6-3-1 / 6-3-2 / 3-2-6 / 3-2-1 / 3-6-2 / 3-6-1,0.0352,1号塩崎 優司,2号三宅 潤,6号村田 修次,5.0,5.0,,,,,,model_new(old),1:1.0|2:12.8|3:5.5|4:17.1|5:25.7|6:22.0,2-1-6:0.0352 / 2-6-1:0.0319 / 6-1-2:0.0306 / 6-2-1:0.0303 / 1-2-6:0.0255 / 1-6-2:0.0236 / 2-6-3:0.0157 / 2-3-1:0.0156 / 6-2-3:0.0149 / 2-3-6:0.0143 / 6-3-1:0.0128 / 6-3-2:0.0127 / 3-2-6:0.0127 / 3-2-1:0.0126 / 3-6-2:0.0119 / 3-6-1:0.0114,leakfree-2026-06,3-2-1:0.0359 / 2-3-1:0.0345,0.2645 0.2297 0.2645 0.1548 0.0102 0.0763,
2026-09-19,児島,4,△中,0,,0.0000,1号上田 健太,4号品田 直樹,5号岡田 憲行,2.0,3.0,,,,,,model_new(old),1:1.0|2:0.0|3:0.0|4:0.0|5:0.0|6:0.0,,leakfree-2026-06,,0.6208 0.0517 0.1388 0.1262 0.0517 0.0108,
2026-09-19,宮島,3,🌊最高(大荒),11,1-4-2 / 1-2-4 / 2-1-4 / 1-4-3 / 4-1-2 / 1-2-3 / 1-3-4 / 1-3-2 / 4-1-6 / 1-4-6 / 2-1-3,0.0215,4号海野 ゆかり,1号池 千夏,2号永井 聖美,0.0,1.0,,,,,,model_new(old),1:7.3|2:3.3|3:2.8|4:1.9|5:68.5|6:68.5,1-4-2:0.0215 / 1-2-4:0.0201 / 2-1-4:0.0161 / 1-4-3:0.0151 / 4-1-2:0.0147 / 1-2-3:0.0132 / 1-3-4:0.0131 / 1-3-2:0.0119 / 4-1-6:0.0117 / 1-4-6:0.0114 / 2-1-3:0.0104,leakfree-2026-06,2-3-1:0.0307,0.1662 0.2881 0.2881 0.2348 0.0104 0.0123,
2026-09-19,宮島,4,⚠高(荒),5,1-4-3 / 4-1-3 / 1-2-3 / 1-3-6 / 1-4-2,0.0415,1号山崎 小葉音,3号今井 美亜,4号角 ひとみ,0.0,1.0,,,,,,model_new(old),1:2.3|2:30.7|3:1.3|4:8.3|5:39.5|6:138.3,1-4-3:0.0415 / 4-1-3:0.0287 / 1-2-3:0.0156 / 1-3-6:0.0114 / 1-4-2:0.0113,leakfree-2026-06,1-4-3:0.0636 / 1-3-4:0.0343 / 4-1-3:0.0320,0.4831 0.0481 0.321 0.1292 0.0085 0.01,
2026-09-19,唐津,7,🌊最高(大荒),8,4-6-1 / 6-4-1 / 4-1-6 / 6-1-4 / 1-4-6 / 1-6-4 / 6-4-2 / 4-6-2,0.0703,4号島川 光男,1号松尾 宣邦,6号三角 哲男,5.0,5.0,,,,,,model_new(old),1:2.6|2:3.9|3:7.9|4:3.7|5:7.2|6:5.8,4-6-1:0.0703 / 6-4-1:0.0693 / 4-1-6:0.0663 / 6-1-4:0.0643 / 1-4-6:0.0622 / 1-6-4:0.0613 / 6-4-2:0.0142 / 4-6-2:0.0140,leakfree-2026-06,4-1-2:0.0686 / 1-4-2:0.0489 / 4-2-1:0.0476 / 4-1-6:0.0333,0.2771 0.1622 0.0488 0.4032 0.0215 0.0872,
2026-09-19,唐津,8,🌊最高(大荒),9,1-3-6 / 1-6-3 / 1-6-5 / 6-1-3 / 1-6-4 / 3-1-6 / 1-5-6 / 1-4-6 / 1-6-2,0.0234,1号山下 智己,3号藤田 俊祐,4号中島 友和,4.0,4.0,,,,,,model_new(old),1:1.9|2:8.5|3:3.2|4:4.1|5:9.8|6:21.3,1-3-6:0.0234 / 1-6-3:0.0229 / 1-6-5:0.0147 / 6-1-3:0.0145 / 1-6-4:0.0144 / 3-1-6:0.0144 / 1-5-6:0.0139 / 1-4-6:0.0124 / 1-6-2:0.0101,leakfree-2026-06,,0.3608 0.132 0.2643 0.1452 0.0541 0.0437,
2026-09-19,戸田,8,🌊最高(大荒),10,1-4-6 / 1-6-4 / 4-1-6 / 6-1-4 / 4-6-1 / 6-4-1 / 1-6-2 / 1-4-2 / 6-1-2 / 4-1-2,0.0449,1号中嶋 世奈,4号黒崎 竜也,6号荒井 翔伍,0.0,0.0,,,,,,model_new(old),1:3.3|2:1.6|3:8.5|4:5.8|5:32.0|6:9.1,1-4-6:0.0449 / 1-6-4:0.0425 / 4-1-6:0.0377 / 6-1-4:0.0346 / 4-6-1:0.0279 / 6-4-1:0.0271 / 1-6-2:0.0224 / 1-4-2:0.0194 / 6-1-2:0.0179 / 4-1-2:0.0152,leakfree-2026-06,4-2-1:0.0341 / 4-1-2:0.0336,0.2085 0.3034 0.111 0.3034 0.0081 0.0656,
2026-09-19,戸田,9,✅低(堅),9,1-4-6 / 1-6-4 / 4-1-6 / 1-4-2 / 1-4-5 / 1-4-3 / 6-1-4 / 1-5-4 / 4-1-5,0.0715,1号盛本 真輔,4号大場 敏,6号小山 勉,0.0,0.0,,,,,,model_new(old),1:1.6|2:4.0|3:6.6|4:5.1|5:28.5|6:8.6,1-4-6:0.0715 / 1-6-4:0.0438 / 4-1-6:0.0324 / 1-4-2:0.0300 / 1-4-5:0.0277 / 1-4-3:0.0204 / 6-1-4:0.0161 / 1-5-4:0.0149 / 4-1-5:0.0128,leakfree-2026-06,1-4-2:0.0762 / 1-2-4:0.0588 / 4-1-2:0.0348,0.5624 0.1504 0.0452 0.176 0.0099 0.056,
2026-09-19,戸田,10,✅低(堅),16,1-2-5 / 1-2-3 / 2-1-5 / 1-5-2 / 2-1-3 / 1-2-4 / 1-3-2 / 2-1-4 / 3-1-2 / 1-4-2 / 5-1-2 / 2-5-1 / 2-3-1 / 1-5-3 / 1-3-5 / 3-2-1,0.0632,1号松尾 拓,2号平田 さやか,5号下寺 秀和,1.0,1.0,,,,,,model_new(old),1:2.5|2:6.8|3:26.8|4:6.8|5:3.0|6:3.4,1-2-5:0.0632 / 1-2-3:0.0471 / 2-1-5:0.0444 / 1-5-2:0.0375 / 2-1-3:0.0339 / 1-2-4:0.0327 / 1-3-2:0.0310 / 2-1-4:0.0230 / 3-1-2:0.0184 / 1-4-2:0.0183 / 5-1-2:0.0166 / 2-5-1:0.0160 / 2-3-1:0.0152 / 1-5-3:0.0147 / 1-3-5:0.0143 / 3-2-1:0.0125,leakfree-2026-06,1-2-5:0.0964 / 1-5-2:0.0681 / 2-1-5:0.0547 / 1-2-4:0.0513 / 1-2-3:0.0407 / 1-4-2:0.0316,0.5209 0.2066 0.0519 0.0721 0.1393 0.0092,
2026-09-19,戸田,11,△中,3,5-1-6 / 1-5-4 / 5-1-4,0.0146,1号片岡 雅裕,5号柘植 政浩,6号金田 諭,1.0,1.0,,,,,,model_new(old),1:1.8|2:8.3|3:12.8|4:19.2|5:3.6|6:3.8,5-1-6:0.0146 / 1-5-4:0.0107 / 5-1-4:0.0105,leakfree-2026-06,1-3-2:0.0889 / 1-2-3:0.0767 / 1-3-5:0.0518 / 3-1-2:0.0433 / 2-1-3:0.0353 / 1-3-4:0.0349 / 1-5-3:0.0312,0.5803 0.1181 0.1552 0.0467 0.0834 0.0163,
2026-09-19,戸田,12,✅低(堅),11,1-3-4 / 1-3-2 / 1-3-5 / 1-3-6 / 1-4-3 / 3-1-4 / 1-2-3 / 3-1-2 / 3-1-5 / 3-1-6 / 4-1-3,0.1087,1号上野 真之介,3号荒井 翔伍,4号横川 聖志,0.0,0.0,,,,,,model_new(old),1:1.1|2:28.1|3:18.1|4:18.5|5:6.4|6:7.3,1-3-4:0.1087 / 1-3-2:0.0744 / 1-3-5:0.0616 / 1-3-6:0.0566 / 1-4-3:0.0534 / 3-1-4:0.0357 / 1-2-3:0.0348 / 3-1-2:0.0244 / 3-1-5:0.0200 / 3-1-6:0.0184 / 4-1-3:0.0150,leakfree-2026-06,1-3-4:0.1703 / 1-4-3:0.1204 / 1-3-2:0.0955 / 1-2-3:0.0577 / 1-4-2:0.0343 / 3-1-4:0.0310,0.8232 0.0259 0.0816 0.0457 0.0118 0.0118,
2026-09-19,多摩川,8,✅低(堅),14,1-3-6 / 1-6-3 / 1-3-4 / 1-4-3 / 1-6-4 / 1-4-6 / 3-1-6 / 3-1-4 / 1-6-2 / 3-1-2 / 6-1-3 / 1-2-6 / 4-1-3 / 2-1-3,0.0267,1号山田 康二,3号岩瀬 裕亮,2号中野 次郎,1.0,2.0,,,,,,model_new(old),1:1.0|2:19.4|3:28.0|4:50.7|5:10.1|6:87.9,1-3-6:0.0267 / 1-6-3:0.0235 / 1-3-4:0.0211 / 1-4-3:0.0181 / 1-6-4:0.0155 / 1-4-6:0.0154 / 3-1-6:0.0147 / 3-1-4:0.0139 / 1-6-2:0.0134 / 3-1-2:0.0133 / 6-1-3:0.0124 / 1-2-6:0.0121 / 4-1-3:0.0116 / 2-1-3:0.0106,leakfree-2026-06,1-3-4:0.0483 / 1-4-3:0.0476 / 1-4-2:0.0417 / 1-2-4:0.0398 / 1-3-2:0.0303,0.71 0.0772 0.0772 0.0708 0.0535 0.0112,
2026-09-19,多摩川,9,✅低(堅),13,1-4-5 / 1-5-4 / 1-4-6 / 1-5-6 / 1-6-4 / 1-6-5 / 1-5-2 / 1-2-5 / 4-1-5 / 5-1-4 / 1-6-2 / 1-2-6 / 1-4-2,0.0369,1号佐藤 翼,4号石渡 鉄兵,5号池永 太,1.0,2.0,,,,,,model_new(old),1:1.2|2:9.0|3:4.0|4:10.0|5:19.3|6:36.0,1-4-5:0.0369 / 1-5-4:0.0363 / 1-4-6:0.0248 / 1-5-6:0.0237 / 1-6-4:0.0216 / 1-6-5:0.0213 / 1-5-2:0.0203 / 1-2-5:0.0165 / 4-1-5:0.0129 / 5-1-4:0.0127 / 1-6-2:0.0125 / 1-2-6:0.0120 / 1-4-2:0.0112,leakfree-2026-06,,0.6814 0.0751 0.116 0.0788 0.0327 0.016,
2026-09-19,多摩川,10,✅低(堅),12,1-5-6 / 1-6-5 / 1-6-4 / 1-4-6 / 1-5-4 / 5-1-6 / 1-6-2 / 6-1-5 / 6-1-4 / 5-1-4 / 4-1-6 / 1-4-5,0.0208,1号長尾 章平,4号久田 敏之,2号佐藤 隆太郎,1.0,2.0,,,,,,model_new(old),1:1.3|2:4.4|3:8.5|4:5.6|5:18.9|6:31.5,1-5-6:0.0208 / 1-6-5:0.0203 / 1-6-4:0.0170 / 1-4-6:0.0156 / 1-5-4:0.0144 / 5-1-6:0.0134 / 1-6-2:0.0130 / 6-1-5:0.0129 / 6-1-4:0.0119 / 5-1-4:0.0115 / 4-1-6:0.0114 / 1-4-5:0.0109,leakfree-2026-06,,0.548 0.1465 0.0758 0.1539 0.0644 0.0114,
2026-09-19,多摩川,11,✅低(堅),14,1-4-5 / 1-5-4 / 1-5-2 / 1-2-5 / 1-4-2 / 1-2-4 / 4-1-5 / 5-1-4 / 5-1-2 / 4-1-2 / 2-1-5 / 1-4-6 / 2-1-4 / 1-5-6,0.0303,1号丸野 一樹,2号菅 章哉,4号永井 彪也,1.0,2.0,,,,,,model_new(old),1:1.2|2:6.8|3:5.4|4:10.5|5:14.5|6:51.5,1-4-5:0.0303 / 1-5-4:0.0291 / 1-5-2:0.0238 / 1-2-5:0.0223 / 1-4-2:0.0217 / 1-2-4:0.0182 / 4-1-5:0.0150 / 5-1-4:0.0142 / 5-1-2:0.0123 / 4-1-2:0.0121 / 2-1-5:0.0118 / 1-4-6:0.0112 / 2-1-4:0.0103 / 1-5-6:0.0100,leakfree-2026-06,1-4-5:0.0610 / 1-5-4:0.0553 / 1-4-2:0.0369,0.7184 0.0667 0.048 0.0875 0.0693 0.01,
2026-09-19,多摩川,12,✅低(堅),9,1-6-2 / 1-2-6 / 1-6-4 / 1-6-5 / 1-6-3 / 1-4-6 / 1-5-6 / 6-1-2 / 2-1-6,0.0335,1号馬場 貴也,6号太田 和美,2号原田 篤志,0.0,2.0,,,,,,model_new(old),1:1.1|2:10.3|3:5.5|4:10.8|5:16.5|6:25.8,1-6-2:0.0335 / 1-2-6:0.0315 / 1-6-4:0.0213 / 1-6-5:0.0199 / 1-6-3:0.0177 / 1-4-6:0.0169 / 1-5-6:0.0165 / 6-1-2:0.0151 / 2-1-6:0.0141,leakfree-2026-06,1-3-5:0.0380 / 1-3-4:0.0315,0.724 0.0484 0.13 0.0484 0.0391 0.0101,
2026-09-19,浜名湖,6,⚠高(荒),12,6-2-5 / 6-5-2 / 2-6-5 / 5-6-2 / 6-5-1 / 6-2-4 / 6-1-5 / 6-2-3 / 2-5-6 / 5-2-6 / 6-4-2 / 5-6-1,0.0763,6号下條 雄太郎,2号安達 裕樹,1号柳瀬 幹太,2.0,1.0,,,,,,model_new(old),1:2.2|2:2.8|3:28.2|4:14.1|5:20.1|6:2.7,6-2-5:0.0763 / 6-5-2:0.0547 / 2-6-5:0.0446 / 5-6-2:0.0287 / 6-5-1:0.0223 / 6-2-4:0.0199 / 6-1-5:0.0168 / 6-2-3:0.0164 / 2-5-6:0.0159 / 5-2-6:0.0145 / 6-4-2:0.0112 / 5-6-1:0.0107,leakfree-2026-06,,0.4391 0.1977 0.0131 0.0508 0.0508 0.2484,
2026-09-19,浜名湖,7,🌊最高(大荒),12,6-1-2 / 1-6-2 / 6-1-4 / 1-6-4 / 6-1-3 / 6-2-1 / 1-6-3 / 6-4-1 / 1-4-6 / 6-3-1 / 4-6-1 / 4-1-6,0.0355,1号森 照夫,6号有賀 達也,2号湯川 浩司,0.0,0.0,,,,,,model_new(old),1:2.3|2:2.1|3:6.7|4:9.6|5:22.6|6:6.7,6-1-2:0.0355 / 1-6-2:0.0293 / 6-1-4:0.0267 / 1-6-4:0.0258 / 6-1-3:0.0212 / 6-2-1:0.0203 / 1-6-3:0.0195 / 6-4-1:0.0173 / 1-4-6:0.0156 / 6-3-1:0.0131 / 4-6-1:0.0130 / 4-1-6:0.0122,leakfree-2026-06,,0.2832 0.2832 0.1658 0.0891 0.0129 0.1658,
2026-09-19,浜名湖,8,✅低(堅),16,1-4-5 / 1-5-4 / 4-1-5 / 1-4-6 / 4-1-6 / 5-1-4 / 1-6-4 / 4-5-1 / 5-4-1 / 6-1-4 / 1-5-6 / 1-6-5 / 4-6-1 / 6-4-1 / 5-1-6 / 6-1-5,0.0646,1号中島 昂章,4号渋谷 明憲,5号加藤 翔,0.0,0.0,,,,,,model_new(old),1:1.6|2:9.5|3:3.8|4:7.6|5:6.3|6:12.7,1-4-5:0.0646 / 1-5-4:0.0490 / 4-1-5:0.0478 / 1-4-6:0.0447 / 4-1-6:0.0327 / 5-1-4:0.0326 / 1-6-4:0.0305 / 4-5-1:0.0246 / 5-4-1:0.0219 / 6-1-4:0.0190 / 1-5-6:0.0186 / 1-6-5:0.0163 / 4-6-1:0.0155 / 6-4-1:0.0131 / 5-1-6:0.0126 / 6-1-5:0.0104,leakfree-2026-06,1-4-2:0.1751 / 1-2-4:0.0815 / 4-1-2:0.0774 / 1-4-5:0.0610 / 1-4-3:0.0469,0.643 0.0708 0.0309 0.2133 0.0309 0.0112,
2026-09-19,浜名湖,9,△中,6,1-3-2 / 1-2-3 / 2-1-3 / 3-1-2 / 1-2-4 / 1-3-4,0.0385,1号金子 萌,3号小林 甘寧,2号西丸 敦基,2.0,1.0,,,,,,model_new(old),1:1.9|2:4.8|3:3.3|4:4.2|5:33.7|6:16.8,1-3-2:0.0385 / 1-2-3:0.0355 / 2-1-3:0.0147 / 3-1-2:0.0146 / 1-2-4:0.0135 / 1-3-4:0.0103,leakfree-2026-06,1-3-2:0.0976 / 1-2-3:0.0916,0.612 0.1369 0.1602 0.051 0.0294 0.0106,
2026-09-19,浜名湖,10,✅低(堅),15,1-2-5 / 1-5-2 / 1-5-3 / 1-3-5 / 1-5-6 / 1-6-5 / 1-2-6 / 1-6-2 / 1-6-3 / 1-5-4 / 5-1-2 / 2-1-5 / 5-1-3 / 1-4-5 / 5-1-6,0.0497,1号角谷 健吾,3号江本 真治,2号廣瀬 篤哉,2.0,1.0,,,,,,model_new(old),1:1.7|2:5.9|3:2.5|4:8.4|5:29.6|6:14.8,1-2-5:0.0497 / 1-5-2:0.0492 / 1-5-3:0.0464 / 1-3-5:0.0398 / 1-5-6:0.0352 / 1-6-5:0.0326 / 1-2-6:0.0310 / 1-6-2:0.0286 / 1-6-3:0.0188 / 1-5-4:0.0145 / 5-1-2:0.0143 / 2-1-5:0.0140 / 5-1-3:0.0119 / 1-4-5:0.0113 / 5-1-6:0.0106,leakfree-2026-06,1-2-3:0.0429 / 1-3-5:0.0403 / 1-5-3:0.0317 / 1-2-5:0.0312,0.6294 0.1071 0.1478 0.0524 0.0524 0.0109,
2026-09-19,浜名湖,11,✅低(堅),16,1-5-6 / 1-6-5 / 1-6-2 / 1-2-6 / 5-1-6 / 6-1-5 / 1-6-4 / 1-5-4 / 1-5-3 / 1-4-6 / 1-6-3 / 1-5-2 / 1-3-6 / 1-3-5 / 1-4-5 / 6-1-2,0.0956,1号前田 聖文,5号後藤 翔之,6号小坂 宗司,2.0,1.0,,,,,,model_new(old),1:2.3|2:2.2|3:14.2|4:7.1|5:4.2|6:42.7,1-5-6:0.0956 / 1-6-5:0.0847 / 1-6-2:0.0436 / 1-2-6:0.0357 / 5-1-6:0.0315 / 6-1-5:0.0275 / 1-6-4:0.0261 / 1-5-4:0.0244 / 1-5-3:0.0229 / 1-4-6:0.0212 / 1-6-3:0.0202 / 1-5-2:0.0177 / 1-3-6:0.0161 / 1-3-5:0.0155 / 1-4-5:0.0154 / 6-1-2:0.0131,leakfree-2026-06,1-5-4:0.1252 / 1-4-5:0.1032 / 1-5-3:0.0392 / 5-1-4:0.0335,0.7066 0.0475 0.0284 0.0849 0.1203 0.0123,
2026-09-19,浜名湖,12,✅低(堅),23,1-5-4 / 1-4-5 / 1-5-3 / 1-5-6 / 1-3-5 / 1-4-3 / 1-6-5 / 1-3-4 / 1-4-6 / 1-6-4 / 1-5-2 / 1-3-6 / 1-6-3 / 5-1-4 / 4-1-5 / 5-1-3 / 5-1-6 / 1-4-2 / 3-1-5 / 4-1-3 / 6-1-5 / 4-1-6 / 3-1-4,0.0400,1号湯川 浩司,5号大須賀 友,4号西野 翔太,1.0,0.0,,,,,,model_new(old),1:2.6|2:1.6|3:10.7|4:10.7|5:11.9|6:13.4,1-5-4:0.0400 / 1-4-5:0.0383 / 1-5-3:0.0322 / 1-5-6:0.0295 / 1-3-5:0.0292 / 1-4-3:0.0266 / 1-6-5:0.0263 / 1-3-4:0.0252 / 1-4-6:0.0245 / 1-6-4:0.0228 / 1-5-2:0.0205 / 1-3-6:0.0186 / 1-6-3:0.0182 / 5-1-4:0.0173 / 4-1-5:0.0163 / 5-1-3:0.0138 / 5-1-6:0.0127 / 1-4-2:0.0127 / 3-1-5:0.0120 / 4-1-3:0.0110 / 6-1-5:0.0108 / 4-1-6:0.0102 / 3-1-4:0.0101,leakfree-2026-06,1-2-4:0.0787 / 1-4-2:0.0664 / 1-2-5:0.0443 / 1-5-2:0.0375,0.6453 0.1689 0.0434 0.0775 0.0537 0.0112,
2026-09-19,住之江,1,✅低(堅),11,1-5-4 / 1-5-6 / 1-4-5 / 1-6-5 / 1-5-3 / 1-4-6 / 1-6-4 / 5-1-4 / 4-1-5 / 5-1-6 / 1-3-5,0.0431,1号藤山 雅弘,5号越智 照浩,4号畔柳 俊吾,0.0,1.0,,,,,,model_new(old),1:1.0|2:11.5|3:14.4|4:16.5|5:28.8|6:28.8,1-5-4:0.0431 / 1-5-6:0.0388 / 1-4-5:0.0382 / 1-6-5:0.0338 / 1-5-3:0.0208 / 1-4-6:0.0198 / 1-6-4:0.0195 / 5-1-4:0.0129 / 4-1-5:0.0115 / 5-1-6:0.0113 / 1-3-5:0.0112,leakfree-2026-06,1-4-5:0.0568 / 1-4-2:0.0493 / 1-5-4:0.0388,0.806 0.0447 0.0319 0.0733 0.0326 0.0116,
2026-09-19,住之江,2,⚠高(荒),0,,0.0000,1号土井 祥伍,3号吉島 祥之,4号牟田 奨太,2.0,1.0,,,,,,model_new(old),1:1.5|2:7.9|3:3.7|4:4.3|5:15.0|6:0.0,,leakfree-2026-06,1-3-2:0.0308,0.4332 0.1541 0.2413 0.1541 0.0087 0.0087,
2026-09-19,住之江,3,⚠高(荒),20,1-3-2 / 1-3-5 / 1-3-4 / 1-3-6 / 1-5-2 / 1-6-2 / 1-5-3 / 1-4-3 / 1-6-3 / 1-4-2 / 3-1-5 / 1-5-4 / 1-4-5 / 3-1-4 / 3-1-6 / 1-5-6 / 1-4-6 / 1-6-5 / 1-6-4 / 3-1-2,0.0188,1号池本 輝明,2号小野寺 智洋,3号松江 秀徳,3.0,1.0,,,,,,model_new(old),1:5.1|2:1.3|3:6.5|4:9.6|5:12.0|6:15.0,1-3-2:0.0188 / 1-3-5:0.0158 / 1-3-4:0.0156 / 1-3-6:0.0151 / 1-5-2:0.0150 / 1-6-2:0.0149 / 1-5-3:0.0147 / 1-4-3:0.0144 / 1-6-3:0.0138 / 1-4-2:0.0133 / 3-1-5:0.0110 / 1-5-4:0.0108 / 1-4-5:0.0108 / 3-1-4:0.0107 / 3-1-6:0.0105 / 1-5-6:0.0104 / 1-4-6:0.0103 / 1-6-5:0.0103 / 1-6-4:0.0102 / 3-1-2:0.0101,leakfree-2026-06,1-2-3:0.0450 / 1-3-2:0.0418,0.3675 0.2994 0.1536 0.0887 0.0752 0.0157,
2026-09-19,住之江,4,🌊最高(大荒),0,,0.0000,5号桑原 悠,1号木村 光宏,4号乃村 康友,3.0,1.0,,,,,,model_new(old),1:2.8|2:5.1|3:8.8|4:7.3|5:1.8|6:0.0,,leakfree-2026-06,,0.3033 0.1864 0.0381 0.1351 0.3232 0.0138,
2026-09-19,住之江,5,✅低(堅),10,1-6-4 / 1-6-2 / 6-1-4 / 6-1-2 / 1-6-5 / 1-6-3 / 6-1-5 / 6-1-3 / 1-2-6 / 1-5-6,0.0676,1号津久井 拓也,6号上村 純一,4号宮嵜 隆太郎,0.0,1.0,,,,,,model_new(old),1:1.9|2:6.7|3:6.9|4:4.4|5:36.3|6:3.7,1-6-4:0.0676 / 1-6-2:0.0599 / 6-1-4:0.0402 / 6-1-2:0.0368 / 1-6-5:0.0341 / 1-6-3:0.0327 / 6-1-5:0.0222 / 6-1-3:0.0187 / 1-2-6:0.0125 / 1-5-6:0.0119,leakfree-2026-06,1-3-6:0.0546 / 1-6-3:0.0512 / 1-3-2:0.0418 / 1-2-3:0.0368,0.7137 0.0599 0.0792 0.0484 0.0125 0.0864,
2026-09-19,丸亀,1,🌊最高(大荒),11,1-2-6 / 1-6-2 / 1-2-4 / 2-1-6 / 6-1-2 / 1-4-2 / 1-6-3 / 1-6-4 / 2-1-4 / 1-4-6 / 2-6-1,0.0368,1号吉田 和仁,2号泉 具巳,3号小林 京平,2.0,2.0,,,,,,model_new(old),1:2.1|2:6.0|3:1.8|4:10.0|5:0.0|6:15.0,1-2-6:0.0368 / 1-6-2:0.0315 / 1-2-4:0.0230 / 2-1-6:0.0226 / 6-1-2:0.0181 / 1-4-2:0.0176 / 1-6-3:0.0145 / 1-6-4:0.0143 / 2-1-4:0.0135 / 1-4-6:0.0132 / 2-6-1:0.0106,leakfree-2026-06,1-4-3:0.0453 / 1-4-2:0.0344 / 1-2-4:0.0336 / 1-3-4:0.0309,0.4883 0.1306 0.223 0.1306 0.0101 0.0173,
2026-09-19,丸亀,2,🌊最高(大荒),5,5-6-1 / 5-1-6 / 6-5-1 / 1-5-6 / 6-1-5,0.0145,1号広瀬 聖仁,5号金田 大輔,6号高倉 孝太,1.0,1.0,,,,,,model_new(old),1:1.9|2:4.1|3:8.9|4:6.4|5:8.9|6:5.0,5-6-1:0.0145 / 5-1-6:0.0144 / 6-5-1:0.0138 / 1-5-6:0.0117 / 6-1-5:0.0115,leakfree-2026-06,3-1-6:0.0310,0.2805 0.1642 0.2805 0.0611 0.0494 0.1642,
2026-09-19,丸亀,3,🌊最高(大荒),15,6-5-3 / 6-3-5 / 5-6-3 / 3-6-5 / 6-5-1 / 5-3-6 / 3-5-6 / 5-6-1 / 6-1-5 / 5-1-6 / 6-3-1 / 1-6-5 / 6-1-3 / 1-5-6 / 3-6-1,0.0314,6号河村 了,3号香川 颯太,5号河野 真也,2.0,2.0,,,,,,model_new(old),1:2.8|2:5.1|3:2.8|4:9.9|5:5.5|6:6.3,6-5-3:0.0314 / 6-3-5:0.0302 / 5-6-3:0.0287 / 3-6-5:0.0262 / 6-5-1:0.0244 / 5-3-6:0.0239 / 3-5-6:0.0226 / 5-6-1:0.0222 / 6-1-5:0.0208 / 5-1-6:0.0162 / 6-3-1:0.0161 / 1-6-5:0.0161 / 6-1-3:0.0137 / 1-5-6:0.0136 / 3-6-1:0.0111,leakfree-2026-06,,0.1432 0.1882 0.3425 0.0974 0.1277 0.1011,
2026-09-19,丸亀,4,⚠高(荒),19,6-1-2 / 6-1-3 / 1-6-2 / 1-6-3 / 6-1-5 / 1-6-5 / 6-3-1 / 6-5-1 / 1-3-6 / 1-5-6 / 6-2-1 / 6-1-4 / 1-6-4 / 5-6-1 / 3-6-1 / 1-2-6 / 5-1-6 / 3-1-6 / 6-4-1,0.0446,6号外崎 悟,1号河上 年昭,2号小畑 実成,3.0,3.0,,,,,,model_new(old),1:6.2|2:1.7|3:3.2|4:25.1|5:8.3|6:7.1,6-1-2:0.0446 / 6-1-3:0.0438 / 1-6-2:0.0417 / 1-6-3:0.0412 / 6-1-5:0.0398 / 1-6-5:0.0375 / 6-3-1:0.0257 / 6-5-1:0.0241 / 1-3-6:0.0220 / 1-5-6:0.0211 / 6-2-1:0.0210 / 6-1-4:0.0184 / 1-6-4:0.0174 / 5-6-1:0.0170 / 3-6-1:0.0168 / 1-2-6:0.0165 / 5-1-6:0.0158 / 3-1-6:0.0153 / 6-4-1:0.0103,leakfree-2026-06,1-3-2:0.0345,0.3386 0.1982 0.232 0.0596 0.0977 0.0738,
2026-09-19,丸亀,5,🌊最高(大荒),22,6-4-2 / 4-6-2 / 6-2-4 / 6-4-5 / 4-6-5 / 4-2-6 / 6-4-1 / 4-6-1 / 2-6-4 / 2-4-6 / 6-5-4 / 4-5-6 / 6-1-4 / 4-1-6 / 5-6-4 / 5-4-6 / 1-6-4 / 1-4-6 / 6-2-5 / 6-5-2 / 6-2-1 / 2-6-5,0.0671,6号木田 峰由季,4号高橋 正男,2号中村 辰也,2.0,2.0,,,,,,model_new(old),1:6.1|2:2.0|3:9.5|4:1.9|5:21.5|6:86.2,6-4-2:0.0671 / 4-6-2:0.0656 / 6-2-4:0.0451 / 6-4-5:0.0420 / 4-6-5:0.0417 / 4-2-6:0.0383 / 6-4-1:0.0353 / 4-6-1:0.0347 / 2-6-4:0.0345 / 2-4-6:0.0294 / 6-5-4:0.0255 / 4-5-6:0.0251 / 6-1-4:0.0209 / 4-1-6:0.0198 / 5-6-4:0.0190 / 5-4-6:0.0188 / 1-6-4:0.0152 / 1-4-6:0.0147 / 6-2-5:0.0138 / 6-5-2:0.0123 / 6-2-1:0.0113 / 2-6-5:0.0109,leakfree-2026-06,,0.1802 0.3281 0.0888 0.2674 0.0387 0.0968,
2026-09-19,大村,8,⚠高(荒),15,1-6-5 / 1-5-6 / 6-1-5 / 5-1-6 / 1-6-3 / 6-5-1 / 5-6-1 / 6-1-3 / 1-3-6 / 1-6-2 / 6-1-2 / 1-2-6 / 1-5-3 / 1-5-2 / 6-3-1,0.0338,1号大橋 栄里佳,6号櫻井 優,5号小池 哲也,5.0,4.0,,,,,,model_new(old),1:2.5|2:5.4|3:2.8|4:5.1|5:7.0|6:12.7,1-6-5:0.0338 / 1-5-6:0.0331 / 6-1-5:0.0266 / 5-1-6:0.0257 / 1-6-3:0.0231 / 6-5-1:0.0188 / 5-6-1:0.0186 / 6-1-3:0.0184 / 1-3-6:0.0168 / 1-6-2:0.0165 / 6-1-2:0.0131 / 1-2-6:0.0126 / 1-5-3:0.0125 / 1-5-2:0.0109 / 6-3-1:0.0108,leakfree-2026-06,1-3-2:0.0704 / 3-1-2:0.0463 / 1-2-3:0.0453,0.4476 0.1371 0.2672 0.0671 0.0671 0.014,
2026-09-19,大村,9,△中,1,1-6-5,0.0102,1号大山 千広,3号高野 哲史,6号中村 かなえ,5.0,4.0,,,,,,model_new(old),1:1.1|2:10.4|3:5.1|4:15.5|5:21.5|6:18.0,1-6-5:0.0102,leakfree-2026-06,1-3-2:0.0766 / 1-3-4:0.0602 / 1-2-3:0.0358,0.6903 0.0723 0.1636 0.052 0.0109 0.0109,
2026-09-20,三国,1,✅低(堅),8,1-2-5 / 1-2-4 / 1-2-6 / 2-1-5 / 1-5-2 / 1-6-2 / 2-1-4 / 5-1-2,0.0453,1号小坂 尚哉,2号中本 大樹,5号生方 靖亜,7.0,7.0,,,,,,model_new(old),1:1.0|2:9.8|3:17.7|4:9.8|5:8.0|6:29.5,1-2-5:0.0453:0.11277:0.06748 / 1-2-4:0.0223:0.07741:0.05509 / 1-2-6:0.0221:0.04037:0.01830 / 2-1-5:0.0212:0.04270:0.02149 / 1-5-2:0.0206:0.09332:0.07274 / 1-6-2:0.0121:0.02718:0.01507 / 2-1-4:0.0118:0.02931:0.01754 / 5-1-2:0.0101:0.03371:0.02357,leakfree-2026-06,1-2-5:0.1494:0.21693:0.06748 / 1-2-4:0.0679:0.12298:0.05509 / 1-5-2:0.0513:0.12408:0.07274,0.8019 0.1096 0.0112 0.0246 0.0433 0.0095,grade=5|a1=1|c1cls=1|p1m=0.8019|p1k=0.7045
2026-09-20,三国,2,△中,6,1-3-6 / 1-3-4 / 1-6-3 / 1-6-2 / 1-4-3 / 3-1-6,0.0170,1号秋山 広一,2号金田 智博,3号山崎 昂介,5.0,5.0,,,,,,model_new(old),1:1.4|2:2.4|3:9.3|4:15.8|5:60.8|6:40.5,1-3-6:0.0170:0.02126:0.00431 / 1-3-4:0.0142:0.02524:0.01105 / 1-6-3:0.0140:0.01768:0.00372 / 1-6-2:0.0138:0.02820:0.01441 / 1-4-3:0.0114:0.02156:0.01019 / 3-1-6:0.0108:0.01303:0.00219,leakfree-2026-06,,0.552 0.2521 0.1001 0.0727 0.0115 0.0115,grade=5|a1=0|c1cls=2|p1m=0.5520|p1k=0.5319
2026-09-20,三国,3,△中,4,1-2-3 / 2-1-3 / 1-2-5 / 1-5-2,0.0251,1号大野 芳顕,3号田中 和也,2号西岡 蒼志,5.0,5.0,,,,,,model_new(old),1:1.6|2:10.2|3:2.1|4:21.2|5:15.6|6:33.0,1-2-3:0.0251:0.07434:0.04921 / 2-1-3:0.0155:0.04386:0.02835 / 1-2-5:0.0130:0.01959:0.00662 / 1-5-2:0.0110:0.01732:0.00628,leakfree-2026-06,1-3-2:0.0660:0.19284:0.12688 / 3-1-2:0.0462:0.15120:0.10504 / 1-2-3:0.0455:0.09472:0.04921,0.4745 0.1269 0.3297 0.0216 0.0472 0.0001,grade=5|a1=1|c1cls=2|p1m=0.4745|p1k=0.4661
2026-09-20,三国,4,△中,16,4-1-5 / 4-1-2 / 1-4-5 / 1-4-2 / 1-5-4 / 1-2-4 / 4-5-1 / 4-2-1 / 5-1-4 / 2-1-4 / 5-4-1 / 2-4-1 / 1-5-2 / 1-2-5 / 5-1-2 / 2-1-5,0.0602,1号北中 元樹,4号庄司 孝輔,5号小川 竜太朗,7.0,7.0,,,,,,model_new(old),1:1.0|2:38.2|3:12.7|4:4.7|5:38.2|6:19.1,4-1-5:0.0602:0.07854:0.01837 / 4-1-2:0.0577:0.07610:0.01837 / 1-4-5:0.0482:0.10307:0.05488 / 1-4-2:0.0450:0.09987:0.05488 / 1-5-4:0.0320:0.05917:0.02721 / 1-2-4:0.0297:0.05691:0.02721 / 4-5-1:0.0296:0.03250:0.00291 / 4-2-1:0.0284:0.03133:0.00291 / 5-1-4:0.0279:0.03573:0.00787 / 2-1-4:0.0264:0.03424:0.00787 / 5-4-1:0.0232:0.02576:0.00252 / 2-4-1:0.0222:0.02474:0.00252 / 1-5-2:0.0173:0.02066:0.00335 / 1-2-5:0.0172:0.02051:0.00335 / 5-1-2:0.0115:0.01248:0.00097 / 2-1-5:0.0114:0.01234:0.00097,leakfree-2026-06,1-2-4:0.0899:0.11710:0.02721 / 1-4-2:0.0817:0.13659:0.05488 / 4-1-2:0.0572:0.07558:0.01837 / 2-1-4:0.0537:0.06154:0.00787 / 1-2-5:0.0484:0.05177:0.00335 / 1-5-2:0.0393:0.04265:0.00335 / 1-4-5:0.0229:0.07775:0.05488,0.5524 0.1485 0.0108 0.1911 0.0845 0.0127,grade=5|a1=1|c1cls=1|p1m=0.5524|p1k=0.7162
2026-09-20,鳴門,1,✅低(堅),15,1-6-5 / 1-6-2 / 1-5-6 / 1-2-6 / 1-6-3 / 1-3-6 / 1-6-4 / 6-1-5 / 6-1-2 / 1-5-2 / 1-2-5 / 5-1-6 / 6-1-3 / 2-1-6 / 1-5-3,0.0655,1号石塚 久也,6号栗山 繁洋,2号赤池 修平,2.0,2.0,,,,,,model_new(old),1:1.2|2:9.5|3:14.2|4:4.0|5:14.2|6:19.0,1-6-5:0.0655:0.07370:0.00821 / 1-6-2:0.0627:0.07501:0.01227 / 1-5-6:0.0508:0.05929:0.00851 / 1-2-6:0.0469:0.06060:0.01373 / 1-6-3:0.0428:0.05101:0.00821 / 1-3-6:0.0298:0.03829:0.00851 / 1-6-4:0.0259:0.05499:0.02914 / 6-1-5:0.0183:0.02167:0.00339 / 6-1-2:0.0170:0.02206:0.00506 / 1-5-2:0.0158:0.03280:0.01703 / 1-2-5:0.0146:0.03294:0.01837 / 5-1-6:0.0131:0.01666:0.00356 / 6-1-3:0.0116:0.01500:0.00339 / 2-1-6:0.0111:0.01704:0.00590 / 1-5-3:0.0109:0.02230:0.01139,leakfree-2026-06,1-2-3:0.1294:0.14777:0.01837 / 1-3-2:0.1158:0.13285:0.01703 / 1-2-5:0.0701:0.08842:0.01837 / 1-3-5:0.0528:0.06423:0.01139 / 1-5-2:0.0509:0.06790:0.01703 / 1-5-3:0.0435:0.05486:0.01139,0.8467 0.0566 0.0457 0.0118 0.0274 0.0118,grade=5|a1=0|c1cls=2|p1m=0.8467|p1k=0.6030
2026-09-20,鳴門,2,⚠高(荒),15,1-2-5 / 1-2-6 / 2-1-5 / 1-5-2 / 2-1-6 / 1-6-2 / 5-1-2 / 1-2-4 / 1-5-6 / 2-5-1 / 1-6-5 / 2-1-4 / 5-2-1 / 6-1-2 / 1-4-2,0.0498,1号村越 篤,2号小野 勇作,5号馬袋 義則,3.0,3.0,,,,,,model_new(old),1:1.5|2:4.5|3:3.5|4:28.0|5:6.4|6:126.0,1-2-5:0.0498:0.09876:0.04899 / 1-2-6:0.0362:0.03870:0.00249 / 2-1-5:0.0354:0.06550:0.03010 / 1-5-2:0.0318:0.07496:0.04313 / 2-1-6:0.0241:0.02566:0.00153 / 1-6-2:0.0225:0.02420:0.00173 / 5-1-2:0.0194:0.04445:0.02506 / 1-2-4:0.0185:0.02973:0.01120 / 1-5-6:0.0159:0.01743:0.00154 / 2-5-1:0.0148:0.02948:0.01467 / 1-6-5:0.0131:0.01436:0.00121 / 2-1-4:0.0128:0.01971:0.00688 / 5-2-1:0.0125:0.02636:0.01388 / 6-1-2:0.0122:0.01312:0.00089 / 1-4-2:0.0100:0.01811:0.00809,leakfree-2026-06,,0.5251 0.1643 0.1643 0.0301 0.1069 0.0093,grade=5|a1=1|c1cls=3|p1m=0.5251|p1k=0.4850
2026-09-20,鳴門,3,△中,9,1-6-5 / 6-1-5 / 1-5-6 / 5-1-6 / 6-5-1 / 6-1-4 / 5-6-1 / 1-6-4 / 6-4-1,0.1031,1号野長瀬 正孝,6号古澤 光紀,5号鈴木 雅希,2.0,2.0,,,,,,model_new(old),1:1.0|2:16.0|3:29.7|4:13.0|5:9.9|6:16.0,1-6-5:0.1031:0.15433:0.05119 / 6-1-5:0.0772:0.09076:0.01352 / 1-5-6:0.0567:0.11622:0.05956 / 5-1-6:0.0459:0.06212:0.01623 / 6-5-1:0.0308:0.03394:0.00316 / 6-1-4:0.0281:0.03844:0.01030 / 5-6-1:0.0276:0.03085:0.00326 / 1-6-4:0.0264:0.06536:0.03899 / 6-4-1:0.0104:0.01274:0.00236,leakfree-2026-06,1-6-4:0.0387:0.07766:0.03899 / 1-6-2:0.0318:0.06350:0.03168,0.6398 0.0752 0.0133 0.0919 0.0637 0.1161,grade=5|a1=0|c1cls=2|p1m=0.6398|p1k=0.7482
2026-09-20,鳴門,4,✅低(堅),6,3-1-4 / 4-1-3 / 1-4-3 / 3-4-1 / 4-3-1 / 1-3-4,0.0335,1号平野 和明,3号烏野 賢太,4号久富 政弘,3.0,3.0,,,,,,model_new(old),1:1.0|2:60.7|3:12.1|4:30.3|5:12.1|6:0.0,3-1-4:0.0335:0.04854:0.01501 / 4-1-3:0.0299:0.04040:0.01045 / 1-4-3:0.0228:0.08036:0.05752 / 3-4-1:0.0171:0.01887:0.00180 / 4-3-1:0.0163:0.01800:0.00173 / 1-3-4:0.0130:0.09209:0.07913,leakfree-2026-06,1-3-2:0.0390:0.07855:0.03950 / 1-3-4:0.0342:0.11334:0.07913 / 3-1-4:0.0319:0.04696:0.01501 / 1-4-3:0.0246:0.08210:0.05752,0.6493 0.0545 0.1536 0.0786 0.0545 0.0096,grade=5|a1=1|c1cls=2|p1m=0.6493|p1k=0.8232
2026-09-20,唐津,1,△中,13,1-4-5 / 1-2-5 / 1-5-4 / 1-5-2 / 1-4-2 / 1-2-4 / 1-4-6 / 1-5-6 / 1-6-5 / 1-6-4 / 1-2-6 / 1-6-2 / 4-1-5,0.0290,1号藤田 浩人,2号橋本 年光,4号羽野 諒,7.0,7.0,,,,,,model_new(old),1:1.5|2:4.8|3:5.9|4:5.7|5:23.6|6:8.7,1-4-5:0.0290:0.03851:0.00946 / 1-2-5:0.0286:0.04061:0.01197 / 1-5-4:0.0254:0.03298:0.00758 / 1-5-2:0.0253:0.03426:0.00900 / 1-4-2:0.0238:0.07037:0.04653 / 1-2-4:0.0219:0.07145:0.04957 / 1-4-6:0.0178:0.04350:0.02567 / 1-5-6:0.0162:0.02117:0.00497 / 1-6-5:0.0161:0.02171:0.00557 / 1-6-4:0.0151:0.03819:0.02306 / 1-2-6:0.0134:0.04587:0.03248 / 1-6-2:0.0123:0.03966:0.02739 / 4-1-5:0.0106:0.01624:0.00560,leakfree-2026-06,1-2-4:0.1153:0.16492:0.04957 / 1-2-5:0.0804:0.09235:0.01197 / 1-4-2:0.0592:0.10572:0.04653 / 1-5-2:0.0432:0.05220:0.00900 / 2-1-4:0.0324:0.06252:0.03014,0.6822 0.1616 0.0296 0.0742 0.0416 0.0107,grade=5|a1=0|c1cls=2|p1m=0.6822|p1k=0.4841
2026-09-20,唐津,2,△中,7,1-3-6 / 1-6-3 / 1-4-6 / 3-1-6 / 1-6-4 / 1-2-6 / 6-1-3,0.0248,1号佐々木 翔斗,3号鈴谷 一平,4号藤田 俊祐,7.0,7.0,,,,,,model_new(old),1:1.5|2:10.8|3:3.0|4:4.3|5:31.2|6:83.2,1-3-6:0.0248:0.03234:0.00752 / 1-6-3:0.0194:0.02342:0.00402 / 1-4-6:0.0161:0.02024:0.00412 / 3-1-6:0.0141:0.01922:0.00510 / 1-6-4:0.0141:0.01693:0.00281 / 1-2-6:0.0104:0.01165:0.00126 / 6-1-3:0.0101:0.01216:0.00208,leakfree-2026-06,,0.502 0.0446 0.2535 0.1558 0.0325 0.0115,grade=5|a1=1|c1cls=2|p1m=0.5020|p1k=0.4869
2026-09-20,唐津,3,△中,7,1-4-6 / 1-6-4 / 4-1-6 / 1-4-5 / 6-1-4 / 1-4-2 / 4-1-2,0.0735,1号寺本 重宣,4号芝田 浩治,2号山下 智己,7.0,7.0,,,,,,model_new(old),1:1.1|2:5.4|3:10.8|4:6.4|5:64.8|6:43.2,1-4-6:0.0735:0.08945:0.01592 / 1-6-4:0.0404:0.05162:0.01120 / 4-1-6:0.0314:0.03752:0.00614 / 1-4-5:0.0172:0.02785:0.01061 / 6-1-4:0.0149:0.01877:0.00390 / 1-4-2:0.0144:0.14171:0.12733 / 4-1-2:0.0103:0.05944:0.04911,leakfree-2026-06,1-4-2:0.0465:0.17382:0.12733 / 1-4-6:0.0393:0.05518:0.01592 / 1-4-3:0.0337:0.09734:0.06367,0.7035 0.075 0.042 0.1466 0.0092 0.0238,grade=5|a1=0|c1cls=2|p1m=0.7035|p1k=0.6580
2026-09-20,桐生,1,🌊最高(大荒),9,1-2-6 / 2-1-6 / 1-6-2 / 2-6-1 / 1-5-2 / 6-2-1 / 6-1-2 / 5-1-2 / 1-2-5,0.0144,2号浜先 真範,1号菊池 峰晴,4号奈須 啓太,1.0,1.0,,,,,,model_new(old),1:5.6|2:1.6|3:9.2|4:2.9|5:12.6|6:50.6,1-2-6:0.0144:0.01691:0.00250 / 2-1-6:0.0139:0.01795:0.00402 / 1-6-2:0.0123:0.01350:0.00119 / 2-6-1:0.0123:0.01539:0.00313 / 1-5-2:0.0117:0.01672:0.00505 / 6-2-1:0.0113:0.01305:0.00171 / 6-1-2:0.0111:0.01215:0.00105 / 5-1-2:0.0108:0.01548:0.00466 / 1-2-5:0.0101:0.02017:0.01004,leakfree-2026-06,,0.1832 0.4064 0.0664 0.2109 0.1235 0.0096,grade=5|a1=1|c1cls=4|p1m=0.1832|p1k=0.1317
2026-09-20,桐生,2,🌊最高(大荒),6,1-4-5 / 4-1-5 / 1-5-4 / 5-1-4 / 4-5-1 / 5-4-1,0.0193,1号小野 桜,4号湯淺 紀香,5号森 陽多,2.0,1.0,,,,,,model_new(old),1:1.9|2:9.8|3:3.6|4:4.0|5:8.4|6:10.7,1-4-5:0.0193:0.04222:0.02294 / 4-1-5:0.0180:0.03526:0.01727 / 1-5-4:0.0165:0.03532:0.01879 / 5-1-4:0.0140:0.02666:0.01266 / 4-5-1:0.0133:0.02351:0.01024 / 5-4-1:0.0121:0.02126:0.00916,leakfree-2026-06,1-4-2:0.0404:0.06008:0.01966 / 1-4-3:0.0389:0.09238:0.05352 / 1-3-4:0.0191:0.07529:0.05616,0.4466 0.1033 0.1588 0.2318 0.0505 0.0089,grade=5|a1=0|c1cls=3|p1m=0.4466|p1k=0.3846
2026-09-20,桐生,3,🌊最高(大荒),9,1-6-2 / 1-2-6 / 6-1-2 / 2-1-6 / 6-2-1 / 2-6-1 / 1-2-4 / 1-4-2 / 2-1-4,0.0263,1号柴田 直哉,6号田中 豪,2号浜本 裕己,2.0,1.0,,,,,,model_new(old),1:2.1|2:9.4|3:4.5|4:7.0|5:5.4|6:4.5,1-6-2:0.0263:0.04067:0.01440 / 1-2-6:0.0256:0.03782:0.01224 / 6-1-2:0.0212:0.03236:0.01117 / 2-1-6:0.0203:0.02889:0.00861 / 6-2-1:0.0152:0.02238:0.00714 / 2-6-1:0.0150:0.02149:0.00648 / 1-2-4:0.0145:0.02239:0.00787 / 1-4-2:0.0121:0.02039:0.00826 / 2-1-4:0.0116:0.01711:0.00554,leakfree-2026-06,,0.4216 0.1151 0.1291 0.168 0.1151 0.051,grade=5|a1=1|c1cls=3|p1m=0.4216|p1k=0.3514
2026-09-20,桐生,4,⚠高(荒),10,5-1-2 / 5-2-1 / 5-1-4 / 1-5-2 / 5-1-3 / 2-5-1 / 5-4-1 / 5-1-6 / 5-3-1 / 1-5-6,0.0498,5号大豆生田 蒼,1号福島 陽子,2号津田 裕絵,0.0,0.0,,,,,,model_new(old),1:1.5|2:4.7|3:9.8|4:5.8|5:5.1|6:31.0,5-1-2:0.0498:0.08249:0.03266 / 5-2-1:0.0315:0.04889:0.01743 / 5-1-4:0.0293:0.05575:0.02646 / 1-5-2:0.0243:0.07841:0.05413 / 5-1-3:0.0198:0.03542:0.01566 / 2-5-1:0.0178:0.03550:0.01768 / 5-4-1:0.0170:0.03053:0.01356 / 5-1-6:0.0147:0.01962:0.00495 / 5-3-1:0.0108:0.01834:0.00750 / 1-5-6:0.0104:0.01864:0.00821,leakfree-2026-06,,0.256 0.256 0.0805 0.1754 0.2223 0.0099,grade=5|a1=0|c1cls=3|p1m=0.2560|p1k=0.4823
2026-09-20,桐生,5,⚠高(荒),8,1-5-2 / 1-2-5 / 5-1-2 / 2-1-5 / 1-5-6 / 1-2-6 / 1-6-5 / 1-6-2,0.0182,1号楠原 正剛,3号篠田 優也,5号山下 流心,1.0,1.0,,,,,,model_new(old),1:1.7|2:9.5|3:2.4|4:14.6|5:9.5|6:10.9,1-5-2:0.0182:0.02700:0.00882 / 1-2-5:0.0181:0.02696:0.00882 / 5-1-2:0.0123:0.01777:0.00547 / 2-1-5:0.0123:0.01773:0.00547 / 1-5-6:0.0120:0.01965:0.00769 / 1-2-6:0.0118:0.01953:0.00769 / 1-6-5:0.0107:0.01821:0.00754 / 1-6-2:0.0106:0.01813:0.00754,leakfree-2026-06,1-2-3:0.0425:0.07742:0.03491 / 2-1-3:0.0320:0.05367:0.02164 / 1-3-2:0.0298:0.09405:0.06424 / 3-1-2:0.0186:0.07132:0.05275,0.4261 0.1722 0.2432 0.0352 0.0352 0.0881,grade=5|a1=2|c1cls=3|p1m=0.4261|p1k=0.4276
2026-09-20,桐生,6,△中,12,1-5-3 / 1-5-4 / 5-1-3 / 1-5-2 / 5-1-4 / 1-3-5 / 5-1-2 / 1-4-5 / 1-2-5 / 3-1-5 / 5-3-1 / 4-1-5,0.0485,1号蜂須 瑞生,5号大廣 咲季,3号大澤 真菜,1.0,1.0,,,,,,model_new(old),1:1.2|2:15.0|3:6.8|4:9.3|5:11.1|6:9.3,1-5-3:0.0485:0.08517:0.03670 / 1-5-4:0.0390:0.06580:0.02683 / 5-1-3:0.0321:0.04715:0.01509 / 1-5-2:0.0304:0.04702:0.01664 / 5-1-4:0.0254:0.03642:0.01103 / 1-3-5:0.0222:0.06450:0.04232 / 5-1-2:0.0192:0.02603:0.00684 / 1-4-5:0.0188:0.04679:0.02797 / 1-2-5:0.0158:0.03156:0.01578 / 3-1-5:0.0141:0.03233:0.01822 / 5-3-1:0.0117:0.01753:0.00580 / 4-1-5:0.0112:0.02287:0.01166,leakfree-2026-06,1-2-3:0.0545:0.08028:0.02575 / 1-2-5:0.0399:0.05564:0.01578 / 2-1-3:0.0316:0.04199:0.01039 / 1-3-2:0.0301:0.06147:0.03132,0.5672 0.1724 0.0926 0.0519 0.0642 0.0519,grade=5|a1=0|c1cls=2|p1m=0.5672|p1k=0.6163
2026-09-20,多摩川,9,✅低(堅),11,1-6-5 / 1-6-2 / 1-6-4 / 1-5-6 / 1-2-6 / 1-6-3 / 1-4-6 / 6-1-5 / 6-1-2 / 6-1-4 / 5-1-6,0.0277,1号原田 幸哉,6号深谷 知博,4号椎名 豊,2.0,2.0,,,,,,model_new(old),1:1.2|2:11.4|3:6.5|4:6.4|5:13.1|6:18.8,1-6-5:0.0277:0.03766:0.00995 / 1-6-2:0.0261:0.03751:0.01143 / 1-6-4:0.0236:0.04400:0.02036 / 1-5-6:0.0232:0.03369:0.01046 / 1-2-6:0.0212:0.03352:0.01233 / 1-6-3:0.0174:0.03748:0.02004 / 1-4-6:0.0148:0.04084:0.02601 / 6-1-5:0.0131:0.01713:0.00401 / 6-1-2:0.0125:0.01706:0.00461 / 6-1-4:0.0118:0.02002:0.00821 / 5-1-6:0.0105:0.01474:0.00429,leakfree-2026-06,1-3-5:0.0391:0.07564:0.03652 / 1-3-4:0.0344:0.10915:0.07475 / 1-3-2:0.0337:0.07564:0.04196,0.6555 0.0546 0.1451 0.0788 0.0546 0.0114,grade=2|a1=5|c1cls=1|p1m=0.6555|p1k=0.6124
2026-09-20,多摩川,10,✅低(堅),11,1-6-5 / 1-6-2 / 1-6-3 / 1-5-6 / 1-2-6 / 1-3-6 / 6-1-5 / 1-6-4 / 6-1-2 / 6-1-3 / 5-1-6,0.0513,1号丸野 一樹,6号吉田 拡郎,2号石橋 道友,0.0,2.0,,,,,,model_new(old),1:1.2|2:8.2|3:9.1|4:6.5|5:13.4|6:10.2,1-6-5:0.0513:0.06837:0.01705 / 1-6-2:0.0448:0.07269:0.02785 / 1-6-3:0.0385:0.06357:0.02510 / 1-5-6:0.0353:0.05155:0.01622 / 1-2-6:0.0261:0.05551:0.02938 / 1-3-6:0.0215:0.04726:0.02576 / 6-1-5:0.0169:0.02425:0.00736 / 1-6-4:0.0160:0.05115:0.03514 / 6-1-2:0.0138:0.02579:0.01202 / 6-1-3:0.0117:0.02255:0.01083 / 5-1-6:0.0102:0.01705:0.00688,leakfree-2026-06,,0.7776 0.0534 0.0534 0.0534 0.019 0.0432,grade=2|a1=6|c1cls=1|p1m=0.7776|p1k=0.5988
2026-09-20,多摩川,11,✅低(堅),8,1-2-4 / 2-1-4 / 1-2-6 / 4-1-2 / 1-4-2 / 1-6-2 / 2-1-5 / 2-1-3,0.0218,1号永井 彪也,2号久田 敏之,4号佐藤 隆太郎,1.0,2.0,,,,,,model_new(old),1:1.0|2:22.0|3:13.9|4:12.2|5:9.6|6:66.0,1-2-4:0.0218:0.05422:0.03245 / 2-1-4:0.0179:0.02603:0.00812 / 1-2-6:0.0154:0.02143:0.00600 / 4-1-2:0.0153:0.02495:0.00965 / 1-4-2:0.0151:0.05256:0.03745 / 1-6-2:0.0119:0.01728:0.00540 / 2-1-5:0.0115:0.02180:0.01032 / 2-1-3:0.0103:0.01743:0.00713,leakfree-2026-06,1-2-4:0.0413:0.07376:0.03245 / 1-4-2:0.0348:0.07223:0.03745,0.567 0.1332 0.0965 0.1268 0.0681 0.0084,grade=2|a1=6|c1cls=1|p1m=0.5670|p1k=0.7583
2026-09-20,多摩川,12,✅低(堅),9,1-2-6 / 1-6-2 / 2-1-6 / 6-1-2 / 1-6-4 / 1-2-4 / 1-4-6 / 1-4-2 / 1-6-5,0.0746,1号原田 篤志,2号長田 頼宗,6号若林 将,0.0,1.0,,,,,,model_new(old),1:1.2|2:7.4|3:9.7|4:11.1|5:6.7|6:16.4,1-2-6:0.0746:0.09762:0.02304 / 1-6-2:0.0664:0.08588:0.01946 / 2-1-6:0.0300:0.03999:0.01003 / 6-1-2:0.0260:0.03396:0.00799 / 1-6-4:0.0249:0.03784:0.01297 / 1-2-4:0.0229:0.05692:0.03404 / 1-4-6:0.0189:0.03276:0.01382 / 1-4-2:0.0127:0.04335:0.03062 / 1-6-5:0.0109:0.03239:0.02149,leakfree-2026-06,1-2-4:0.0654:0.09944:0.03404 / 1-2-3:0.0605:0.09944:0.03895 / 1-4-2:0.0429:0.07350:0.03062 / 1-3-2:0.0374:0.07350:0.03609,0.6411 0.1506 0.077 0.077 0.0431 0.0111,grade=2|a1=6|c1cls=1|p1m=0.6411|p1k=0.6074
2026-09-20,浜名湖,7,⚠高(荒),14,1-4-6 / 4-1-6 / 1-2-4 / 1-6-4 / 1-4-2 / 1-2-6 / 6-1-4 / 1-6-2 / 4-6-1 / 1-4-5 / 2-1-6 / 6-4-1 / 6-1-2 / 1-5-4,0.0292,1号熊本 英一,4号下條 雄太郎,2号前田 聖文,3.0,2.0,,,,,,model_new(old),1:6.8|2:2.3|3:29.1|4:1.5|5:16.6|6:23.3,1-4-6:0.0292:0.03351:0.00428 / 4-1-6:0.0245:0.03191:0.00737 / 1-2-4:0.0224:0.05323:0.03087 / 1-6-4:0.0214:0.02345:0.00205 / 1-4-2:0.0202:0.06359:0.04337 / 1-2-6:0.0182:0.02015:0.00199 / 6-1-4:0.0161:0.01799:0.00189 / 1-6-2:0.0155:0.01684:0.00134 / 4-6-1:0.0148:0.02108:0.00624 / 1-4-5:0.0148:0.02076:0.00601 / 2-1-6:0.0147:0.01729:0.00259 / 6-4-1:0.0136:0.01698:0.00334 / 6-1-2:0.0117:0.01292:0.00123 / 1-5-4:0.0107:0.01359:0.00292,leakfree-2026-06,1-4-2:0.0540:0.09736:0.04337 / 1-2-4:0.0435:0.07432:0.03087 / 1-4-5:0.0387:0.04470:0.00601,0.385 0.1813 0.0332 0.2839 0.0832 0.0332,grade=5|a1=2|c1cls=3|p1m=0.3850|p1k=0.1061
2026-09-20,浜名湖,8,△中,10,1-5-4 / 1-5-2 / 1-2-5 / 1-5-3 / 5-1-4 / 1-4-5 / 5-1-2 / 5-1-3 / 2-1-5 / 4-1-5,0.0450,1号安達 裕樹,5号野中 義生,4号川上 剛,3.0,2.0,,,,,,model_new(old),1:1.1|2:12.9|3:5.6|4:6.4|5:17.5|6:193.5,1-5-4:0.0450:0.07458:0.02960 / 1-5-2:0.0426:0.05728:0.01469 / 1-2-5:0.0299:0.04537:0.01544 / 1-5-3:0.0288:0.06259:0.03383 / 5-1-4:0.0266:0.03717:0.01059 / 1-4-5:0.0245:0.06334:0.03881 / 5-1-2:0.0233:0.02855:0.00525 / 5-1-3:0.0191:0.03119:0.01210 / 2-1-5:0.0152:0.02085:0.00561 / 4-1-5:0.0148:0.02986:0.01501,leakfree-2026-06,,0.6089 0.0842 0.148 0.0875 0.0606 0.0107,grade=5|a1=1|c1cls=2|p1m=0.6089|p1k=0.6570
2026-09-20,浜名湖,9,✅低(堅),23,1-5-3 / 1-3-6 / 1-6-3 / 1-3-5 / 1-5-6 / 1-6-5 / 1-5-2 / 1-5-4 / 1-2-3 / 1-2-5 / 1-4-5 / 1-3-2 / 1-6-4 / 1-4-6 / 1-6-2 / 1-2-6 / 1-2-4 / 5-1-3 / 1-4-2 / 6-1-3 / 5-1-6 / 6-1-5 / 5-1-2,0.0390,1号渋谷 明憲,3号大須賀 友,5号小坂 宗司,3.0,2.0,,,,,,model_new(old),1:2.7|2:19.8|3:1.7|4:3.9|5:13.2|6:39.7,1-5-3:0.0390:0.05216:0.01318 / 1-3-6:0.0316:0.04153:0.00989 / 1-6-3:0.0302:0.03433:0.00415 / 1-3-5:0.0285:0.05828:0.02973 / 1-5-6:0.0267:0.02723:0.00056 / 1-6-5:0.0246:0.02515:0.00053 / 1-5-2:0.0234:0.02452:0.00113 / 1-5-4:0.0232:0.02892:0.00574 / 1-2-3:0.0218:0.03035:0.00855 / 1-2-5:0.0211:0.02223:0.00110 / 1-4-5:0.0199:0.02703:0.00715 / 1-3-2:0.0176:0.03740:0.01982 / 1-6-4:0.0172:0.01904:0.00181 / 1-4-6:0.0169:0.01926:0.00238 / 1-6-2:0.0158:0.01614:0.00036 / 1-2-6:0.0155:0.01584:0.00037 / 1-2-4:0.0131:0.01683:0.00373 / 5-1-3:0.0131:0.02325:0.01017 / 1-4-2:0.0126:0.01735:0.00476 / 6-1-3:0.0118:0.01488:0.00308 / 5-1-6:0.0117:0.01214:0.00044 / 6-1-5:0.0105:0.01090:0.00040 / 5-1-2:0.0101:0.01093:0.00087,leakfree-2026-06,1-3-2:0.0850:0.10484:0.01982 / 1-3-5:0.0550:0.08471:0.02973 / 1-2-3:0.0527:0.06130:0.00855 / 1-5-3:0.0346:0.04775:0.01318,0.6199 0.0617 0.194 0.0617 0.0499 0.0129,grade=5|a1=2|c1cls=1|p1m=0.6199|p1k=0.2710
2026-09-20,浜名湖,10,✅低(堅),13,1-6-4 / 1-6-2 / 1-2-6 / 1-4-6 / 1-6-5 / 1-5-6 / 1-2-5 / 6-1-4 / 1-5-2 / 6-1-2 / 1-5-4 / 2-1-6 / 6-1-5,0.0507,1号山一 鉄也,4号湯川 浩司,6号梶野 学志,1.0,1.0,,,,,,model_new(old),1:1.4|2:6.0|3:27.1|4:3.1|5:21.7|6:15.5,1-6-4:0.0507:0.08092:0.03020 / 1-6-2:0.0448:0.06041:0.01560 / 1-2-6:0.0390:0.05801:0.01899 / 1-4-6:0.0322:0.08717:0.05500 / 1-6-5:0.0296:0.03391:0.00431 / 1-5-6:0.0244:0.02857:0.00418 / 1-2-5:0.0154:0.02897:0.01357 / 6-1-4:0.0147:0.02961:0.01495 / 1-5-2:0.0146:0.02541:0.01080 / 6-1-2:0.0144:0.02211:0.00772 / 1-5-4:0.0131:0.03404:0.02090 / 2-1-6:0.0108:0.02100:0.01021 / 6-1-5:0.0103:0.01241:0.00214,leakfree-2026-06,,0.5769 0.1526 0.026 0.1526 0.0459 0.0459,grade=5|a1=1|c1cls=2|p1m=0.5769|p1k=0.5287
2026-09-20,浜名湖,11,✅低(堅),5,1-6-4 / 1-4-6 / 1-6-5 / 1-5-6 / 1-6-2,0.0438,1号西野 翔太,4号金子 萌,6号前田 聖文,2.0,1.0,,,,,,model_new(old),1:1.0|2:8.4|3:28.2|4:7.7|5:16.9|6:16.9,1-6-4:0.0438:0.08340:0.03960 / 1-4-6:0.0355:0.08536:0.04986 / 1-6-5:0.0318:0.04984:0.01804 / 1-5-6:0.0258:0.04381:0.01804 / 1-6-2:0.0186:0.05492:0.03630,leakfree-2026-06,1-2-3:0.0684:0.09476:0.02634 / 1-3-2:0.0551:0.07541:0.02035 / 1-3-4:0.0301:0.05226:0.02220,0.788 0.0781 0.0437 0.0541 0.0248 0.0113,grade=5|a1=2|c1cls=1|p1m=0.7880|p1k=0.7129
2026-09-20,浜名湖,12,✅低(堅),10,1-6-2 / 1-6-4 / 1-2-6 / 1-4-6 / 6-1-2 / 1-6-5 / 6-1-4 / 2-1-6 / 4-1-6 / 1-5-6,0.0683,1号下條 雄太郎,6号後藤 翔之,2号有賀 達也,3.0,2.0,,,,,,model_new(old),1:1.1|2:5.9|3:21.9|4:10.4|5:9.1|6:19.9,1-6-2:0.0683:0.09658:0.02824 / 1-6-4:0.0571:0.07308:0.01602 / 1-2-6:0.0521:0.09154:0.03940 / 1-4-6:0.0450:0.06295:0.01798 / 6-1-2:0.0254:0.03539:0.01001 / 1-6-5:0.0249:0.04317:0.01831 / 6-1-4:0.0211:0.02678:0.00568 / 2-1-6:0.0178:0.03310:0.01534 / 4-1-6:0.0156:0.02219:0.00660 / 1-5-6:0.0120:0.03331:0.02133,leakfree-2026-06,1-2-4:0.1233:0.19866:0.07539 / 1-2-6:0.0795:0.11887:0.03940 / 1-4-2:0.0347:0.09533:0.06065,0.7569 0.1466 0.0109 0.042 0.0185 0.0251,grade=5|a1=2|c1cls=1|p1m=0.7569|p1k=0.6585
2026-09-20,住之江,1,✅低(堅),12,1-6-3 / 1-3-6 / 1-6-2 / 6-1-3 / 3-1-6 / 1-2-6 / 6-1-2 / 1-6-5 / 2-1-6 / 6-3-1 / 3-6-1 / 1-6-4,0.0839,1号永嶋 裕一,6号宮嵜 隆太郎,3号森林 太,3.0,1.0,,,,,,model_new(old),1:1.1|2:14.6|3:7.3|4:20.5|5:6.0|6:34.2,1-6-3:0.0839:0.09806:0.01414 / 1-3-6:0.0781:0.09714:0.01900 / 1-6-2:0.0450:0.05204:0.00707 / 6-1-3:0.0396:0.04441:0.00479 / 3-1-6:0.0369:0.04386:0.00700 / 1-2-6:0.0342:0.04203:0.00780 / 6-1-2:0.0212:0.02357:0.00239 / 1-6-5:0.0169:0.03413:0.01720 / 2-1-6:0.0150:0.01775:0.00272 / 6-3-1:0.0141:0.01576:0.00169 / 3-6-1:0.0139:0.01571:0.00184 / 1-6-4:0.0120:0.01700:0.00503,leakfree-2026-06,1-3-2:0.0463:0.09077:0.04451 / 1-2-3:0.0420:0.07848:0.03652 / 1-2-5:0.0340:0.07848:0.04444 / 1-5-2:0.0309:0.09077:0.05982,0.7601 0.0562 0.081 0.0099 0.081 0.0117,grade=5|a1=0|c1cls=2|p1m=0.7601|p1k=0.6688
2026-09-20,住之江,2,🌊最高(大荒),0,,0.0000,1号谷川 将太,3号上村 純一,6号畔柳 俊吾,6.0,3.0,,,,,,model_new(old),1:1.3|2:6.0|3:3.5|4:30.0|5:10.0|6:0.0,,leakfree-2026-06,1-3-2:0.0549:0.20876:0.15385 / 3-1-2:0.0420:0.12629:0.08428,0.5472 0.1382 0.2515 0.0107 0.0416 0.0107,grade=5|a1=1|c1cls=3|p1m=0.5472|p1k=0.5677
2026-09-20,住之江,3,🌊最高(大荒),5,1-5-2 / 5-1-2 / 1-5-4 / 5-1-4 / 1-2-5,0.0198,1号上野 拓馬,5号尾嶋 一広,3号岩崎 正哉,4.0,2.0,,,,,,model_new(old),1:1.7|2:13.2|3:2.5|4:26.4|5:3.7|6:0.0,1-5-2:0.0198:0.04156:0.02180 / 5-1-2:0.0164:0.03195:0.01551 / 1-5-4:0.0158:0.02674:0.01090 / 5-1-4:0.0128:0.02056:0.00775 / 1-2-5:0.0113:0.02711:0.01581,leakfree-2026-06,,0.427 0.0883 0.1923 0.036 0.2437 0.0128,grade=5|a1=1|c1cls=3|p1m=0.4270|p1k=0.4287
2026-09-20,住之江,4,🌊最高(大荒),2,4-5-2 / 5-4-2,0.0109,4号藤原 啓史朗,1号杉山 勝匡,2号松本 博昭,6.0,3.0,,,,,,model_new(old),1:2.5|2:4.7|3:8.6|4:2.2|5:8.2|6:22.0,4-5-2:0.0109:0.02343:0.01257 / 5-4-2:0.0105:0.01965:0.00917,leakfree-2026-06,,0.2039 0.2368 0.0941 0.3604 0.0941 0.0108,grade=5|a1=1|c1cls=3|p1m=0.2039|p1k=0.2961
2026-09-20,住之江,5,△中,5,1-6-5 / 6-1-5 / 1-5-6 / 1-6-3 / 6-1-3,0.0214,1号小野寺 智洋,6号森野 正弘,5号乃村 康友,6.0,3.0,,,,,,model_new(old),1:1.1|2:15.4|3:9.7|4:18.9|5:11.2|6:7.8,1-6-5:0.0214:0.07818:0.05678 / 6-1-5:0.0139:0.03436:0.02042 / 1-5-6:0.0135:0.06399:0.05045 / 1-6-3:0.0108:0.07639:0.06556 / 6-1-3:0.0100:0.03358:0.02357,leakfree-2026-06,1-6-3:0.0207:0.08624:0.06556,0.5997 0.0597 0.0862 0.0344 0.0597 0.1603,grade=5|a1=1|c1cls=2|p1m=0.5997|p1k=0.6746
2026-09-20,住之江,6,🌊最高(大荒),9,1-5-2 / 1-5-4 / 5-1-2 / 5-1-4 / 1-2-5 / 1-5-3 / 5-1-3 / 5-2-1 / 2-1-5,0.0315,1号森 晋太郎,5号松本 純平,4号古川 誠之,4.0,2.0,,,,,,model_new(old),1:2.0|2:5.9|3:8.4|4:3.3|5:5.0|6:20.4,1-5-2:0.0315:0.05499:0.02348 / 1-5-4:0.0279:0.06992:0.04198 / 5-1-2:0.0250:0.04228:0.01730 / 5-1-4:0.0228:0.05376:0.03094 / 1-2-5:0.0180:0.04036:0.02241 / 1-5-3:0.0158:0.03228:0.01649 / 5-1-3:0.0127:0.02482:0.01215 / 5-2-1:0.0112:0.02261:0.01141 / 2-1-5:0.0106:0.02664:0.01609,leakfree-2026-06,1-5-4:0.0566:0.09856:0.04198 / 1-4-5:0.0485:0.09856:0.05002,0.5003 0.0817 0.0566 0.1779 0.1779 0.0055,grade=5|a1=1|c1cls=4|p1m=0.5003|p1k=0.3730
2026-09-20,住之江,7,🌊最高(大荒),17,1-6-5 / 6-1-5 / 6-1-3 / 6-3-1 / 1-5-6 / 6-5-1 / 3-6-1 / 1-6-3 / 5-1-6 / 5-6-1 / 6-3-5 / 3-6-5 / 6-5-3 / 3-5-6 / 5-6-3 / 5-3-6 / 3-1-6,0.0187,1号山崎 善庸,3号佐藤 大介,6号廣瀬 将亨,3.0,1.0,,,,,,model_new(old),1:2.0|2:3.0|3:3.1|4:54.3|5:10.8|6:10.8,1-6-5:0.0187:0.02346:0.00478 / 6-1-5:0.0185:0.02170:0.00325 / 6-1-3:0.0182:0.02954:0.01131 / 6-3-1:0.0175:0.02668:0.00918 / 1-5-6:0.0165:0.02128:0.00478 / 6-5-1:0.0157:0.01784:0.00212 / 3-6-1:0.0156:0.02680:0.01122 / 1-6-3:0.0153:0.03194:0.01666 / 5-1-6:0.0152:0.01844:0.00325 / 5-6-1:0.0146:0.01671:0.00212 / 6-3-5:0.0138:0.01554:0.00170 / 3-6-5:0.0135:0.01561:0.00208 / 6-5-3:0.0128:0.01415:0.00137 / 3-5-6:0.0122:0.01429:0.00208 / 5-6-3:0.0119:0.01326:0.00137 / 5-3-6:0.0116:0.01333:0.00170 / 3-1-6:0.0101:0.02987:0.01973,leakfree-2026-06,,0.2352 0.2733 0.2733 0.0105 0.1218 0.086,grade=5|a1=1|c1cls=3|p1m=0.2352|p1k=0.3678
2026-09-20,丸亀,1,🌊最高(大荒),13,1-5-3 / 5-1-3 / 1-3-5 / 1-2-3 / 5-3-1 / 2-1-3 / 1-3-2 / 1-5-2 / 1-5-4 / 1-2-5 / 5-1-2 / 1-4-5 / 5-1-4,0.0234,3号金田 大輔,1号表 健太,5号菅沼 佳昭,4.0,4.0,,,,,,model_new(old),1:6.8|2:12.5|3:1.1|4:6.0|5:11.5|6:75.0,1-5-3:0.0234:0.02908:0.00564 / 5-1-3:0.0214:0.02676:0.00538 / 1-3-5:0.0192:0.03822:0.01901 / 1-2-3:0.0158:0.02092:0.00516 / 5-3-1:0.0152:0.03064:0.01546 / 2-1-3:0.0135:0.01836:0.00490 / 1-3-2:0.0119:0.02938:0.01749 / 1-5-2:0.0118:0.01234:0.00050 / 1-5-4:0.0111:0.01215:0.00103 / 1-2-5:0.0111:0.01155:0.00049 / 5-1-2:0.0109:0.01135:0.00047 / 1-4-5:0.0102:0.01134:0.00111 / 5-1-4:0.0102:0.01118:0.00099,leakfree-2026-06,1-4-3:0.0322:0.04379:0.01161,0.2918 0.1159 0.3131 0.1794 0.0884 0.0113,grade=5|a1=0|c1cls=3|p1m=0.2918|p1k=0.1048
2026-09-20,丸亀,2,🌊最高(大荒),8,1-5-3 / 1-5-2 / 1-2-5 / 1-3-5 / 1-5-4 / 1-5-6 / 1-4-5 / 1-2-3,0.0267,1号宮本 夏樹,5号森安 弘雅,3号三原 司,2.0,2.0,,,,,,model_new(old),1:2.2|2:7.5|3:3.4|4:6.8|5:4.2|6:10.8,1-5-3:0.0267:0.06545:0.03877 / 1-5-2:0.0262:0.04381:0.01757 / 1-2-5:0.0209:0.03610:0.01519 / 1-3-5:0.0179:0.06021:0.04232 / 1-5-4:0.0172:0.03657:0.01938 / 1-5-6:0.0128:0.02496:0.01220 / 1-4-5:0.0121:0.02911:0.01706 / 1-2-3:0.0107:0.02942:0.01876,leakfree-2026-06,1-4-3:0.0604:0.08147:0.02107 / 1-3-4:0.0553:0.08147:0.02614 / 1-4-2:0.0342:0.04377:0.00955,0.5442 0.0782 0.1455 0.1455 0.0753 0.0113,grade=5|a1=0|c1cls=4|p1m=0.5442|p1k=0.3343
2026-09-20,丸亀,3,⚠高(荒),12,5-1-4 / 1-5-4 / 5-1-6 / 1-5-6 / 1-4-5 / 5-4-1 / 1-6-5 / 5-6-1 / 4-1-5 / 4-5-1 / 6-1-5 / 6-5-1,0.0219,1号峰重 侑治,5号河野 真也,4号北川 太一,1.0,1.0,,,,,,model_new(old),1:1.8|2:7.6|3:8.1|4:6.2|5:4.6|6:6.6,5-1-4:0.0219:0.04472:0.02277 / 1-5-4:0.0218:0.05436:0.03258 / 5-1-6:0.0208:0.04224:0.02139 / 1-5-6:0.0207:0.05135:0.03061 / 1-4-5:0.0162:0.04590:0.02965 / 5-4-1:0.0159:0.02930:0.01344 / 1-6-5:0.0151:0.04256:0.02743 / 5-6-1:0.0148:0.02729:0.01250 / 4-1-5:0.0147:0.03446:0.01974 / 4-5-1:0.0139:0.02674:0.01280 / 6-1-5:0.0135:0.03162:0.01811 / 6-5-1:0.0128:0.02464:0.01181,leakfree-2026-06,1-2-4:0.0653:0.08244:0.01713 / 1-4-2:0.0599:0.07789:0.01795 / 2-1-4:0.0460:0.05715:0.01113 / 4-1-2:0.0407:0.05264:0.01195,0.4459 0.2008 0.0516 0.1802 0.0922 0.0293,grade=5|a1=0|c1cls=3|p1m=0.4459|p1k=0.4144
2026-09-20,丸亀,4,🌊最高(大荒),11,1-4-3 / 4-1-3 / 1-3-4 / 1-4-2 / 3-1-4 / 4-1-2 / 4-3-1 / 1-2-4 / 3-4-1 / 1-3-2 / 1-2-3,0.0354,1号小林 京平,4号大池 佑来,6号香川 颯太,2.0,2.0,,,,,,model_new(old),1:2.2|2:6.8|3:16.0|4:4.7|5:77.2|6:2.2,1-4-3:0.0354:0.04282:0.00746 / 4-1-3:0.0280:0.03386:0.00587 / 1-3-4:0.0268:0.03288:0.00611 / 1-4-2:0.0224:0.03992:0.01756 / 3-1-4:0.0184:0.02262:0.00424 / 4-1-2:0.0178:0.03156:0.01381 / 4-3-1:0.0159:0.01963:0.00372 / 1-2-4:0.0142:0.03019:0.01601 / 3-4-1:0.0138:0.01708:0.00328 / 1-3-2:0.0109:0.01512:0.00422 / 1-2-3:0.0102:0.01489:0.00470,leakfree-2026-06,1-4-3:0.1140:0.12150:0.00746 / 4-1-3:0.0941:0.09995:0.00587 / 1-4-2:0.0682:0.08576:0.01756 / 4-1-2:0.0567:0.07055:0.01381 / 1-3-4:0.0538:0.05991:0.00611 / 4-3-1:0.0353:0.03899:0.00372 / 3-1-4:0.0325:0.03676:0.00424,0.4483 0.0712 0.1009 0.3294 0.0103 0.0399,grade=5|a1=1|c1cls=3|p1m=0.4483|p1k=0.3381
2026-09-20,丸亀,5,⚠高(荒),10,6-1-5 / 6-1-3 / 6-5-1 / 1-6-5 / 6-1-4 / 6-3-1 / 5-6-1 / 6-4-1 / 6-1-2 / 3-6-1,0.0261,1号山田 真聖,6号権藤 俊光,3号岡村 将也,5.0,5.0,,,,,,model_new(old),1:1.4|2:21.6|3:3.8|4:9.2|5:10.8|6:7.2,6-1-5:0.0261:0.03682:0.01076 / 6-1-3:0.0206:0.05117:0.03059 / 6-5-1:0.0183:0.02312:0.00485 / 1-6-5:0.0182:0.03853:0.02030 / 6-1-4:0.0182:0.03083:0.01264 / 6-3-1:0.0182:0.03440:0.01624 / 5-6-1:0.0135:0.01815:0.00468 / 6-4-1:0.0131:0.01884:0.00578 / 6-1-2:0.0124:0.01779:0.00538 / 3-6-1:0.0102:0.02826:0.01808,leakfree-2026-06,,0.4951 0.056 0.1505 0.0808 0.0808 0.1368,grade=5|a1=1|c1cls=3|p1m=0.4951|p1k=0.5237
2026-09-20,丸亀,6,✅低(堅),12,1-6-4 / 1-2-4 / 1-6-2 / 1-2-6 / 1-4-6 / 1-4-2 / 1-6-3 / 1-2-3 / 1-3-6 / 1-3-2 / 1-6-5 / 1-2-5,0.0402,1号外崎 悟,4号古賀 智之,3号泉 具巳,4.0,4.0,,,,,,model_new(old),1:1.2|2:28.7|3:6.6|4:3.5|5:43.1|6:28.7,1-6-4:0.0402:0.06342:0.02317 / 1-2-4:0.0352:0.05836:0.02317 / 1-6-2:0.0317:0.03450:0.00283 / 1-2-6:0.0311:0.03395:0.00283 / 1-4-6:0.0303:0.07724:0.04696 / 1-4-2:0.0253:0.07223:0.04696 / 1-6-3:0.0248:0.03712:0.01229 / 1-2-3:0.0219:0.03416:0.01229 / 1-3-6:0.0211:0.03717:0.01608 / 1-3-2:0.0187:0.03476:0.01608 / 1-6-5:0.0113:0.01315:0.00188 / 1-2-5:0.0102:0.01210:0.00188,leakfree-2026-06,1-3-2:0.0344:0.05050:0.01608 / 1-2-4:0.0334:0.05658:0.02317 / 1-2-3:0.0309:0.04315:0.01229,0.738 0.0441 0.0758 0.0993 0.0114 0.0314,grade=5|a1=1|c1cls=1|p1m=0.7380|p1k=0.6112
2026-09-20,丸亀,7,✅低(堅),3,1-6-4 / 1-4-6 / 6-1-4,0.0162,1号河村 了,6号藤岡 俊介,2号高橋 正男,4.0,4.0,,,,,,model_new(old),1:1.0|2:8.6|3:0.0|4:120.7|5:0.0|6:10.9,1-6-4:0.0162:0.03935:0.02319 / 1-4-6:0.0112:0.02505:0.01389 / 6-1-4:0.0107:0.01513:0.00446,leakfree-2026-06,2-1-6:0.0261:0.10582:0.07971 / 6-1-2:0.0201:0.08267:0.06261,0.6565 0.1718 0.0155 0.0114 0.0114 0.1334,grade=5|a1=2|c1cls=1|p1m=0.6565|p1k=0.8222
2026-09-20,大村,1,🌊最高(大荒),9,1-6-5 / 1-5-6 / 1-6-4 / 1-4-6 / 1-6-3 / 1-6-2 / 1-3-6 / 1-2-6 / 6-1-5,0.0308,1号村松 栄太,5号今村 暢孝,6号鈴木 智啓,6.0,5.0,,,,,,model_new(old),1:1.5|2:11.0|3:5.0|4:8.1|5:4.9|6:14.0,1-6-5:0.0308:0.04759:0.01679 / 1-5-6:0.0288:0.05018:0.02138 / 1-6-4:0.0243:0.03448:0.01016 / 1-4-6:0.0220:0.03309:0.01109 / 1-6-3:0.0184:0.03486:0.01646 / 1-6-2:0.0154:0.02292:0.00748 / 1-3-6:0.0128:0.03354:0.02077 / 1-2-6:0.0127:0.02038:0.00772 / 6-1-5:0.0105:0.01952:0.00901,leakfree-2026-06,,0.4398 0.0509 0.198 0.1288 0.1692 0.0132,grade=5|a1=0|c1cls=3|p1m=0.4398|p1k=0.4914
2026-09-20,大村,2,🌊最高(大荒),18,6-2-1 / 2-6-1 / 6-1-2 / 6-2-4 / 2-6-4 / 2-1-6 / 6-4-2 / 6-1-4 / 6-4-1 / 4-6-2 / 2-4-6 / 1-6-2 / 4-2-6 / 4-6-1 / 2-4-1 / 4-2-1 / 4-1-6 / 2-1-4,0.0910,6号数原 魁,2号小林 文彦,1号神田 達也,6.0,5.0,,,,,,model_new(old),1:1.1|2:10.1|3:10.1|4:20.2|5:10.1|6:10.1,6-2-1:0.0910:0.09550:0.00453 / 2-6-1:0.0761:0.08059:0.00453 / 6-1-2:0.0683:0.08344:0.01512 / 6-2-4:0.0549:0.05519:0.00025 / 2-6-4:0.0463:0.04657:0.00025 / 2-1-6:0.0399:0.05497:0.01512 / 6-4-2:0.0393:0.03956:0.00024 / 6-1-4:0.0312:0.03878:0.00756 / 6-4-1:0.0296:0.03181:0.00217 / 4-6-2:0.0278:0.02801:0.00023 / 2-4-6:0.0269:0.02713:0.00024 / 1-6-2:0.0232:0.06580:0.04261 / 4-2-6:0.0225:0.02276:0.00023 / 4-6-1:0.0204:0.02252:0.00209 / 2-4-1:0.0130:0.01520:0.00217 / 4-2-1:0.0107:0.01275:0.00209 / 4-1-6:0.0105:0.01688:0.00636 / 2-1-4:0.0102:0.01780:0.00756,leakfree-2026-06,2-1-6:0.0440:0.05910:0.01512 / 2-6-1:0.0388:0.04334:0.00453 / 2-1-4:0.0329:0.04050:0.00756 / 6-2-1:0.0315:0.03605:0.00453,0.3073 0.3073 0.0907 0.1145 0.0131 0.1671,grade=5|a1=0|c1cls=3|p1m=0.3073|p1k=0.6711
2026-09-20,大村,8,🌊最高(大荒),13,1-4-3 / 1-3-4 / 3-1-4 / 4-1-3 / 1-3-5 / 3-4-1 / 4-3-1 / 1-4-5 / 3-1-5 / 1-5-3 / 1-5-4 / 4-1-5 / 5-1-3,0.0221,1号中島 浩哉,3号小林 文彦,4号門間 雄大,6.0,5.0,,,,,,model_new(old),1:1.9|2:2.6|3:4.0|4:8.0|5:19.4|6:30.8,1-4-3:0.0221:0.04189:0.01980 / 1-3-4:0.0219:0.04587:0.02397 / 3-1-4:0.0197:0.03772:0.01806 / 4-1-3:0.0193:0.03273:0.01342 / 1-3-5:0.0166:0.02648:0.00989 / 3-4-1:0.0158:0.02661:0.01077 / 4-3-1:0.0156:0.02528:0.00969 / 1-4-5:0.0154:0.01949:0.00408 / 3-1-5:0.0143:0.02177:0.00745 / 1-5-3:0.0136:0.02098:0.00741 / 1-5-4:0.0132:0.01691:0.00370 / 4-1-5:0.0125:0.01523:0.00277 / 5-1-3:0.0103:0.01507:0.00474,leakfree-2026-06,3-1-2:0.0174:0.07294:0.05556,0.2959 0.2395 0.2959 0.1095 0.0486 0.0106,grade=5|a1=0|a12=2|c1cls=3|p1m=0.2959|p1k=0.3842
2026-09-20,大村,9,🌊最高(大荒),11,6-1-5 / 6-5-1 / 5-6-1 / 1-6-5 / 5-1-6 / 1-5-6 / 6-5-4 / 5-6-4 / 6-1-4 / 6-4-5 / 6-4-1,0.0338,6号登玉 隼百,1号鈴木 智啓,5号松尾 充,7.0,6.0,,,,,,model_new(old),1:2.5|2:4.0|3:5.5|4:6.3|5:6.0|6:5.2,6-1-5:0.0338:0.04462:0.01084 / 6-5-1:0.0332:0.04150:0.00829 / 5-6-1:0.0288:0.03690:0.00811 / 1-6-5:0.0283:0.04149:0.01321 / 5-1-6:0.0231:0.03335:0.01026 / 1-5-6:0.0221:0.03488:0.01278 / 6-5-4:0.0151:0.01843:0.00329 / 5-6-4:0.0132:0.01639:0.00322 / 6-1-4:0.0128:0.02317:0.01033 / 6-4-5:0.0121:0.01538:0.00326 / 6-4-1:0.0102:0.01799:0.00783,leakfree-2026-06,,0.4039 0.127 0.127 0.127 0.127 0.088,grade=5|a1=0|a12=4|c1cls=3|p1m=0.4039|p1k=0.2964
2026-09-20,大村,10,△中,7,1-2-4 / 1-4-2 / 2-1-4 / 1-2-6 / 4-1-2 / 1-6-2 / 2-1-6,0.0372,1号数原 魁,2号新田 泰章,4号木村 仁紀,7.0,6.0,,,,,,model_new(old),1:1.2|2:7.9|3:6.0|4:8.8|5:15.9|6:13.7,1-2-4:0.0372:0.07576:0.03856 / 1-4-2:0.0300:0.06740:0.03740 / 2-1-4:0.0225:0.03921:0.01675 / 1-2-6:0.0207:0.04549:0.02477 / 4-1-2:0.0174:0.03347:0.01608 / 1-6-2:0.0135:0.03548:0.02194 / 2-1-6:0.0128:0.02354:0.01076,leakfree-2026-06,1-2-4:0.0826:0.12111:0.03856 / 1-2-3:0.0646:0.12111:0.05656 / 1-4-2:0.0516:0.08905:0.03740 / 2-1-4:0.0313:0.04807:0.01675 / 1-3-2:0.0265:0.08905:0.06258,0.6618 0.148 0.0795 0.0795 0.0196 0.0115,grade=5|a1=2|a12=5|c1cls=2|p1m=0.6618|p1k=0.6056
2026-09-20,大村,11,✅低(堅),6,1-6-4 / 1-6-3 / 1-4-6 / 1-3-6 / 1-6-5 / 6-1-3,0.0169,1号篠崎 元志,3号大山 千広,4号高野 哲史,6.0,5.0,,,,,,model_new(old),1:1.2|2:6.8|3:6.1|4:9.1|5:22.5|6:19.2,1-6-4:0.0169:0.03156:0.01467 / 1-6-3:0.0165:0.03839:0.02188 / 1-4-6:0.0162:0.03291:0.01675 / 1-3-6:0.0140:0.04283:0.02880 / 1-6-5:0.0107:0.01659:0.00593 / 6-1-3:0.0103:0.01899:0.00872,leakfree-2026-06,1-3-4:0.1161:0.17690:0.06077 / 1-4-3:0.0706:0.12332:0.05271 / 1-3-2:0.0413:0.12259:0.08132,0.7242 0.0497 0.1336 0.0718 0.0104 0.0104,grade=5|a1=5|a12=6|c1cls=1|p1m=0.7242|p1k=0.6169
2026-09-21,三国,2,⚠高(荒),9,1-2-5 / 2-1-5 / 1-5-2 / 5-1-2 / 2-5-1 / 5-2-1 / 1-2-6 / 1-5-4 / 1-4-5,0.0679,1号前出 達吉,2号田中 和也,4号小川 竜太朗,7.0,7.0,,,,,,model_new(old),1:2.4|2:1.6|3:10.6|4:6.0|5:33.0|6:27.9,1-2-5:0.0679:0.08642:0.01851 / 2-1-5:0.0501:0.07381:0.02369 / 1-5-2:0.0391:0.04572:0.00657 / 5-1-2:0.0245:0.02921:0.00467 / 2-5-1:0.0216:0.03243:0.01086 / 5-2-1:0.0182:0.02426:0.00604 / 1-2-6:0.0142:0.03608:0.02189 / 1-5-4:0.0122:0.01391:0.00175 / 1-4-5:0.0120:0.01402:0.00206,leakfree-2026-06,1-2-3:0.0582:0.11578:0.05762 / 1-3-2:0.0372:0.05919:0.02197,0.5079 0.2829 0.0829 0.0829 0.0331 0.0102,grade=5|a1=1|a12=2|c1cls=2|p1m=0.5079|p1k=0.3044
2026-09-21,三国,3,✅低(堅),4,1-2-6 / 1-6-2 / 1-6-5 / 1-5-6,0.0171,1号石田 章央,2号山本 浩輔,5号中本 大樹,9.0,9.0,,,,,,model_new(old),1:1.3|2:6.4|3:5.4|4:34.9|5:6.1|6:13.5,1-2-6:0.0171:0.04059:0.02353 / 1-6-2:0.0163:0.03621:0.01991 / 1-6-5:0.0150:0.03589:0.02088 / 1-5-6:0.0150:0.04009:0.02511,leakfree-2026-06,1-5-2:0.0474:0.10041:0.05297 / 1-2-5:0.0384:0.09047:0.05206 / 1-5-3:0.0376:0.10041:0.06277 / 1-3-5:0.0245:0.09047:0.06593,0.6949 0.0835 0.0835 0.0121 0.1054 0.0206,grade=5|a1=1|a12=2|c1cls=1|p1m=0.6949|p1k=0.5585
2026-09-21,三国,4,⚠高(荒),7,1-3-6 / 1-6-3 / 3-1-6 / 6-1-3 / 6-3-1 / 3-6-1 / 1-6-4,0.0484,1号山田 雄太,3号金児 隆太,6号大野 芳顕,7.0,7.0,,,,,,model_new(old),1:1.8|2:7.7|3:3.3|4:4.9|5:22.6|6:8.1,1-3-6:0.0484:0.08630:0.03785 / 1-6-3:0.0450:0.07289:0.02787 / 3-1-6:0.0310:0.05976:0.02881 / 6-1-3:0.0287:0.04688:0.01814 / 6-3-1:0.0157:0.02890:0.01323 / 3-6-1:0.0156:0.03112:0.01548 / 1-6-4:0.0152:0.03394:0.01877,leakfree-2026-06,1-3-4:0.1395:0.20205:0.06257 / 3-1-4:0.0572:0.10478:0.04762 / 1-4-3:0.0478:0.10003:0.05226 / 1-3-2:0.0458:0.08558:0.03982,0.6061 0.0355 0.2404 0.0839 0.0171 0.0171,grade=5|a1=1|a12=3|c1cls=2|p1m=0.6061|p1k=0.4084
2026-09-21,徳山,1,✅低(堅),7,1-6-5 / 1-5-6 / 1-6-2 / 1-2-6 / 1-6-4 / 1-4-6 / 1-6-3,0.0257,1号植田 太一,5号岡谷 健吾,6号坂本 一真,4.0,4.0,,,,,,model_new(old),1:1.0|2:15.7|3:8.9|4:15.7|5:13.7|6:33.0,1-6-5:0.0257:0.04109:0.01535 / 1-5-6:0.0250:0.04280:0.01778 / 1-6-2:0.0206:0.03398:0.01340 / 1-2-6:0.0186:0.03361:0.01500 / 1-6-4:0.0171:0.03046:0.01340 / 1-4-6:0.0144:0.02939:0.01500 / 1-6-3:0.0101:0.03372:0.02363,leakfree-2026-06,1-2-4:0.0486:0.08017:0.03152 / 1-4-2:0.0460:0.07755:0.03152 / 1-2-3:0.0318:0.08741:0.05561 / 1-4-3:0.0219:0.07755:0.05561,0.7446 0.0738 0.0738 0.0677 0.0295 0.0107,grade=5|a1=0|a12=1|c1cls=2|p1m=0.7446|p1k=0.7446
2026-09-21,徳山,2,✅低(堅),8,1-5-6 / 1-6-5 / 1-4-6 / 1-3-6 / 1-6-3 / 1-6-4 / 1-2-6 / 1-6-2,0.0235,1号嶋 義信,5号岡部 大輝,3号四宮 与寛,3.0,3.0,,,,,,model_new(old),1:1.1|2:10.4|3:9.8|4:12.8|5:6.5|6:111.7,1-5-6:0.0235:0.03092:0.00741 / 1-6-5:0.0199:0.02484:0.00492 / 1-4-6:0.0165:0.01952:0.00298 / 1-3-6:0.0165:0.02062:0.00416 / 1-6-3:0.0151:0.01834:0.00326 / 1-6-4:0.0151:0.01756:0.00250 / 1-2-6:0.0123:0.01619:0.00385 / 1-6-2:0.0120:0.01509:0.00307,leakfree-2026-06,1-2-4:0.0453:0.07894:0.03363 / 1-2-3:0.0421:0.08607:0.04393 / 1-4-2:0.0348:0.06674:0.03195,0.689 0.1062 0.075 0.0687 0.0519 0.0092,grade=5|a1=1|a12=3|c1cls=1|p1m=0.6890|p1k=0.6743
2026-09-21,徳山,3,✅低(堅),7,1-5-4 / 1-4-5 / 5-1-4 / 4-1-5 / 1-5-3 / 5-4-1 / 4-5-1,0.1542,1号清水 攻二,5号山田 祐也,4号中村 尊,4.0,4.0,,,,,,model_new(old),1:1.5|2:6.6|3:6.0|4:10.0|5:4.6|6:21.8,1-5-4:0.1542:0.18819:0.03400 / 1-4-5:0.0870:0.11414:0.02713 / 5-1-4:0.0799:0.10037:0.02049 / 4-1-5:0.0379:0.05270:0.01481 / 1-5-3:0.0206:0.07728:0.05666 / 5-4-1:0.0187:0.02789:0.00922 / 4-5-1:0.0158:0.02414:0.00836,leakfree-2026-06,1-5-3:0.0278:0.08442:0.05666 / 1-3-5:0.0238:0.07486:0.05108,0.5961 0.0756 0.1071 0.0756 0.1407 0.0051,grade=5|a1=1|a12=3|c1cls=2|p1m=0.5961|p1k=0.4945
2026-09-21,徳山,4,✅低(堅),2,1-4-5 / 1-5-4,0.0234,1号三浦 敬太,2号向後 龍一,5号山田 佑樹,3.0,3.0,,,,,,model_new(old),1:1.1|2:3.9|3:31.5|4:15.7|5:7.8|6:0.0,1-4-5:0.0234:0.05011:0.02674 / 1-5-4:0.0221:0.05373:0.03164,leakfree-2026-06,,0.7068 0.1526 0.0286 0.0392 0.0642 0.0086,grade=5|a1=1|a12=2|c1cls=1|p1m=0.7068|p1k=0.6544
2026-09-21,桐生,1,🌊最高(大荒),16,1-6-4 / 6-1-4 / 6-4-1 / 1-4-6 / 6-1-2 / 1-6-2 / 4-6-1 / 1-6-5 / 6-1-5 / 4-1-6 / 6-2-1 / 1-5-6 / 6-1-3 / 6-5-1 / 1-6-3 / 1-2-6,0.0335,1号飯塚 響,6号高石 梨菜,4号大廣 咲季,0.0,0.0,,,,,,model_new(old),1:2.2|2:4.4|3:6.0|4:3.3|5:8.8|6:11.5,1-6-4:0.0335:0.04567:0.01218 / 6-1-4:0.0333:0.04196:0.00864 / 6-4-1:0.0243:0.03155:0.00728 / 1-4-6:0.0218:0.03838:0.01660 / 6-1-2:0.0201:0.02658:0.00648 / 1-6-2:0.0198:0.02893:0.00913 / 4-6-1:0.0196:0.02842:0.00878 / 1-6-5:0.0187:0.02323:0.00457 / 6-1-5:0.0181:0.02134:0.00324 / 4-1-6:0.0176:0.03176:0.01420 / 6-2-1:0.0130:0.01802:0.00506 / 1-5-6:0.0121:0.01678:0.00472 / 6-1-3:0.0117:0.01649:0.00475 / 6-5-1:0.0117:0.01400:0.00228 / 1-6-3:0.0112:0.01794:0.00670 / 1-2-6:0.0106:0.02168:0.01104,leakfree-2026-06,,0.2992 0.1751 0.1188 0.2992 0.0136 0.0941,grade=5|a1=0|a12=0|c1cls=4|p1m=0.2992|p1k=0.3362
2026-09-21,桐生,2,🌊最高(大荒),18,1-5-6 / 1-6-5 / 1-5-3 / 5-1-6 / 1-6-3 / 6-1-5 / 5-1-3 / 1-5-4 / 1-3-6 / 5-6-1 / 6-1-3 / 6-5-1 / 1-6-4 / 1-4-5 / 5-1-4 / 1-3-5 / 1-4-6 / 6-1-4,0.0263,1号加藤 優弥,5号藤生 雄人,3号奈須 啓太,2.0,1.0,,,,,,model_new(old),1:3.6|2:5.1|3:1.8|4:5.1|5:10.0|6:20.0,1-5-6:0.0263:0.02720:0.00092 / 1-6-5:0.0246:0.02552:0.00088 / 1-5-3:0.0220:0.03220:0.01024 / 5-1-6:0.0215:0.02234:0.00079 / 1-6-3:0.0200:0.02489:0.00488 / 6-1-5:0.0194:0.02017:0.00073 / 5-1-3:0.0176:0.02645:0.00882 / 1-5-4:0.0169:0.02053:0.00362 / 1-3-6:0.0168:0.02627:0.00943 / 5-6-1:0.0157:0.01638:0.00065 / 6-1-3:0.0156:0.01967:0.00404 / 6-5-1:0.0151:0.01576:0.00062 / 1-6-4:0.0141:0.01586:0.00172 / 1-4-5:0.0140:0.01800:0.00400 / 5-1-4:0.0137:0.01686:0.00311 / 1-3-5:0.0131:0.03191:0.01885 / 1-4-6:0.0128:0.01482:0.00200 / 6-1-4:0.0111:0.01253:0.00143,leakfree-2026-06,1-3-4:0.0449:0.08188:0.03696 / 1-4-3:0.0429:0.06510:0.02223 / 4-1-3:0.0349:0.05558:0.02069 / 3-1-4:0.0300:0.07953:0.04949,0.3242 0.0536 0.3042 0.2084 0.0957 0.0138,grade=5|a1=1|a12=3|c1cls=3|p1m=0.3242|p1k=0.2019
2026-09-21,桐生,3,🌊最高(大荒),18,6-1-5 / 1-6-5 / 6-5-1 / 6-1-3 / 5-6-1 / 1-5-6 / 6-3-1 / 1-6-3 / 5-1-6 / 6-5-3 / 6-3-5 / 5-6-3 / 3-6-1 / 3-6-5 / 6-1-4 / 5-3-6 / 3-5-6 / 1-6-4,0.0501,6号若狭 奈美子,1号森 陽多,5号小野 桜,1.0,1.0,,,,,,model_new(old),1:2.3|2:3.3|3:2.8|4:14.5|5:9.8|6:10.5,6-1-5:0.0501:0.05306:0.00295 / 1-6-5:0.0428:0.04685:0.00403 / 6-5-1:0.0424:0.04450:0.00211 / 6-1-3:0.0369:0.04723:0.01032 / 5-6-1:0.0334:0.03554:0.00212 / 1-5-6:0.0293:0.03333:0.00406 / 6-3-1:0.0287:0.03816:0.00944 / 1-6-3:0.0276:0.04170:0.01411 / 5-1-6:0.0272:0.03015:0.00299 / 6-5-3:0.0253:0.02708:0.00173 / 6-3-5:0.0239:0.02608:0.00222 / 5-6-3:0.0199:0.02162:0.00174 / 3-6-1:0.0179:0.02979:0.01191 / 3-6-5:0.0176:0.02037:0.00279 / 6-1-4:0.0146:0.01655:0.00199 / 5-3-6:0.0134:0.01569:0.00224 / 3-5-6:0.0125:0.01534:0.00282 / 1-6-4:0.0119:0.01461:0.00272,leakfree-2026-06,,0.186 0.2358 0.395 0.0124 0.0854 0.0854,grade=5|a1=1|a12=2|c1cls=3|p1m=0.1860|p1k=0.3194
2026-09-21,桐生,4,⚠高(荒),13,1-4-6 / 1-6-4 / 4-1-6 / 6-1-4 / 1-6-3 / 1-3-6 / 1-6-5 / 4-6-1 / 6-4-1 / 1-5-6 / 6-1-3 / 1-6-2 / 3-1-6,0.0489,1号北川 幸典,4号大澤 普司,6号吉田 慎二郎,1.0,1.0,,,,,,model_new(old),1:2.5|2:6.9|3:3.5|4:3.2|5:5.8|6:29.1,1-4-6:0.0489:0.05418:0.00526 / 1-6-4:0.0402:0.04389:0.00366 / 4-1-6:0.0301:0.03487:0.00481 / 6-1-4:0.0231:0.02574:0.00264 / 1-6-3:0.0213:0.02469:0.00335 / 1-3-6:0.0199:0.02454:0.00461 / 1-6-5:0.0142:0.01617:0.00202 / 4-6-1:0.0136:0.01665:0.00306 / 6-4-1:0.0128:0.01517:0.00241 / 1-5-6:0.0124:0.01480:0.00238 / 6-1-3:0.0121:0.01448:0.00242 / 1-6-2:0.0114:0.01310:0.00170 / 3-1-6:0.0102:0.01435:0.00412,leakfree-2026-06,1-3-4:0.0873:0.12924:0.04193 / 3-1-4:0.0547:0.09214:0.03743 / 1-3-2:0.0500:0.06944:0.01945 / 1-4-3:0.0455:0.08923:0.04369 / 3-1-2:0.0321:0.04950:0.01736,0.4741 0.0774 0.2623 0.1441 0.0112 0.0309,grade=5|a1=1|a12=3|c1cls=3|p1m=0.4741|p1k=0.2963
2026-09-21,桐生,5,🌊最高(大荒),9,1-6-2 / 1-2-6 / 6-1-2 / 2-1-6 / 6-2-1 / 2-6-1 / 1-6-4 / 6-1-4 / 1-4-6,0.0541,1号大澤 真菜,2号湯淺 紀香,6号松尾 夏海,1.0,1.0,,,,,,model_new(old),1:3.1|2:2.3|3:4.4|4:7.8|5:19.8|6:5.4,1-6-2:0.0541:0.07642:0.02233 / 1-2-6:0.0507:0.08245:0.03176 / 6-1-2:0.0430:0.06270:0.01969 / 2-1-6:0.0347:0.07040:0.03565 / 6-2-1:0.0269:0.04966:0.02272 / 2-6-1:0.0228:0.05169:0.02893 / 1-6-4:0.0156:0.02217:0.00658 / 6-1-4:0.0124:0.01819:0.00581 / 1-4-6:0.0102:0.01633:0.00617,leakfree-2026-06,,0.2537 0.2704 0.2204 0.156 0.0197 0.0798,grade=5|a1=0|a12=1|c1cls=3|p1m=0.2537|p1k=0.2392
2026-09-21,桐生,6,✅低(堅),12,1-4-5 / 1-5-4 / 1-4-6 / 1-5-6 / 1-6-5 / 1-6-4 / 4-1-5 / 5-1-4 / 4-1-6 / 5-1-6 / 6-1-4 / 6-1-5,0.0306,1号田中 豪,4号山下 流心,5号加藤 優弥,2.0,1.0,,,,,,model_new(old),1:1.0|2:22.0|3:5.7|4:11.7|5:22.0|6:32.1,1-4-5:0.0306:0.05522:0.02466 / 1-5-4:0.0302:0.05191:0.02173 / 1-4-6:0.0258:0.04272:0.01690 / 1-5-6:0.0257:0.03364:0.00792 / 1-6-5:0.0238:0.03144:0.00760 / 1-6-4:0.0232:0.03752:0.01429 / 4-1-5:0.0181:0.02540:0.00728 / 5-1-4:0.0172:0.02338:0.00622 / 4-1-6:0.0147:0.01965:0.00499 / 5-1-6:0.0129:0.01516:0.00227 / 6-1-4:0.0125:0.01650:0.00405 / 6-1-5:0.0117:0.01383:0.00215,leakfree-2026-06,,0.5791 0.0504 0.1676 0.0901 0.0624 0.0504,grade=5|a1=1|a12=1|c1cls=1|p1m=0.5791|p1k=0.7231
2026-09-21,桐生,7,✅低(堅),9,1-3-2 / 3-1-2 / 3-1-4 / 1-2-3 / 2-1-3 / 3-2-1 / 2-3-1 / 1-3-4 / 3-1-6,0.1053,1号藤原 菜希,3号若狭 奈美子,2号大豆生田 蒼,0.0,0.0,,,,,,model_new(old),1:1.0|2:45.9|3:11.0|4:53.6|5:20.1|6:160.8,1-3-2:0.1053:0.19761:0.09236 / 3-1-2:0.0937:0.10950:0.01578 / 3-1-4:0.0395:0.05297:0.01351 / 1-2-3:0.0269:0.08065:0.05380 / 2-1-3:0.0265:0.03513:0.00865 / 3-2-1:0.0213:0.02269:0.00142 / 2-3-1:0.0165:0.01783:0.00133 / 1-3-4:0.0165:0.09559:0.07909 / 3-1-6:0.0144:0.01889:0.00450,leakfree-2026-06,1-3-2:0.2077:0.30004:0.09236 / 3-1-2:0.1830:0.19880:0.01578 / 1-2-3:0.0984:0.15222:0.05380 / 2-1-3:0.0736:0.08221:0.00865 / 3-2-1:0.0568:0.05822:0.00142 / 2-3-1:0.0461:0.04745:0.00133,0.5363 0.1414 0.3002 0.0094 0.0127 0.0001,grade=5|a1=1|a12=2|c1cls=2|p1m=0.5363|p1k=0.8422
2026-09-21,住之江,1,△中,10,1-5-6 / 1-6-5 / 1-4-6 / 1-6-4 / 1-2-6 / 1-6-2 / 1-5-2 / 1-2-5 / 5-1-6 / 1-5-3,0.0444,1号山崎 祥,5号田中 孝明,4号廣中 良一,3.0,1.0,,,,,,model_new(old),1:1.7|2:6.3|3:19.1|4:3.8|5:3.8|6:38.2,1-5-6:0.0444:0.05225:0.00785 / 1-6-5:0.0359:0.04122:0.00532 / 1-4-6:0.0264:0.03423:0.00785 / 1-6-4:0.0251:0.03047:0.00532 / 1-2-6:0.0225:0.02644:0.00391 / 1-6-2:0.0217:0.02493:0.00321 / 1-5-2:0.0215:0.06910:0.04757 / 1-2-5:0.0185:0.05782:0.03936 / 5-1-6:0.0118:0.01734:0.00550 / 1-5-3:0.0101:0.02577:0.01569,leakfree-2026-06,1-2-4:0.1164:0.15576:0.03936 / 1-4-2:0.0785:0.12603:0.04757 / 1-2-5:0.0727:0.11209:0.03936 / 1-5-2:0.0339:0.08145:0.04757,0.7335 0.113 0.0098 0.0768 0.0553 0.0115,grade=5|a1=0|a12=1|c1cls=2|p1m=0.7335|p1k=0.4351
2026-09-21,住之江,2,⚠高(荒),10,1-2-3 / 1-3-2 / 3-1-2 / 2-1-3 / 1-2-4 / 1-3-4 / 1-4-2 / 1-4-3 / 2-1-4 / 3-1-4,0.0458,1号森林 太,2号伊藤 喜智,3号畔柳 俊吾,4.0,2.0,,,,,,model_new(old),1:2.8|2:2.7|3:5.9|4:17.8|5:2.5|6:0.0,1-2-3:0.0458:0.07236:0.02659 / 1-3-2:0.0437:0.06379:0.02012 / 3-1-2:0.0249:0.04187:0.01693 / 2-1-3:0.0234:0.05031:0.02694 / 1-2-4:0.0199:0.02874:0.00881 / 1-3-4:0.0164:0.01944:0.00305 / 1-4-2:0.0146:0.02050:0.00587 / 1-4-3:0.0130:0.01573:0.00268 / 2-1-4:0.0110:0.01998:0.00893 / 3-1-4:0.0102:0.01276:0.00257,leakfree-2026-06,1-2-3:0.0772:0.10376:0.02659 / 1-3-2:0.0623:0.08240:0.02012 / 2-1-3:0.0570:0.08398:0.02694 / 3-1-2:0.0429:0.05981:0.01693,0.4073 0.2677 0.1834 0.0471 0.0842 0.0103,grade=5|a1=0|a12=2|c1cls=3|p1m=0.4073|p1k=0.2639
2026-09-21,住之江,3,🌊最高(大荒),4,1-5-4 / 5-1-4 / 1-5-6 / 1-5-2,0.0129,1号関 裕也,5号伊藤 誠二,4号谷川 将太,3.0,1.0,,,,,,model_new(old),1:2.8|2:8.7|3:2.4|4:3.2|5:7.8|6:39.3,1-5-4:0.0129:0.02506:0.01217 / 5-1-4:0.0120:0.02189:0.00990 / 1-5-6:0.0108:0.01176:0.00099 / 1-5-2:0.0106:0.01506:0.00448,leakfree-2026-06,,0.3154 0.0992 0.2739 0.2161 0.0811 0.0144,grade=5|a1=1|a12=2|c1cls=3|p1m=0.3154|p1k=0.2636
2026-09-21,住之江,4,⚠高(荒),8,1-4-3 / 4-1-3 / 1-3-4 / 4-3-1 / 3-1-4 / 3-4-1 / 1-4-5 / 4-1-5,0.0536,1号鳥居塚 嶺王,4号佐藤 大介,3号津久井 拓也,1.0,1.0,,,,,,model_new(old),1:2.3|2:2.5|3:5.9|4:3.6|5:18.3|6:40.3,1-4-3:0.0536:0.07862:0.02500 / 4-1-3:0.0491:0.07046:0.02138 / 1-3-4:0.0389:0.06031:0.02142 / 4-3-1:0.0314:0.04661:0.01517 / 3-1-4:0.0303:0.04695:0.01666 / 3-4-1:0.0267:0.04048:0.01380 / 1-4-5:0.0113:0.01932:0.00806 / 4-1-5:0.0104:0.01731:0.00689,leakfree-2026-06,1-3-4:0.0399:0.06132:0.02142 / 1-4-3:0.0385:0.06346:0.02500 / 3-1-4:0.0365:0.05312:0.01666 / 4-1-3:0.0347:0.05607:0.02138 / 3-4-1:0.0305:0.04428:0.01380,0.3304 0.1556 0.2271 0.2421 0.04 0.0048,grade=5|a1=1|a12=3|c1cls=3|p1m=0.3304|p1k=0.3193
2026-09-21,住之江,5,✅低(堅),6,1-6-2 / 1-2-6 / 1-6-4 / 1-2-4 / 1-4-6 / 1-4-2,0.0377,1号松江 秀徳,6号桑原 悠,2号岩津 徹郎,5.0,2.0,,,,,,model_new(old),1:1.5|2:6.0|3:6.4|4:6.4|5:17.1|6:5.7,1-6-2:0.0377:0.07453:0.03685 / 1-2-6:0.0370:0.07321:0.03626 / 1-6-4:0.0327:0.06728:0.03455 / 1-2-4:0.0308:0.06312:0.03229 / 1-4-6:0.0304:0.06377:0.03336 / 1-4-2:0.0292:0.06090:0.03169,leakfree-2026-06,1-2-6:0.0551:0.09131:0.03626 / 1-6-2:0.0352:0.07202:0.03685 / 1-2-3:0.0310:0.06328:0.03229 / 1-2-4:0.0310:0.06328:0.03229,0.5956 0.1601 0.0656 0.0656 0.0185 0.0946,grade=5|a1=1|a12=2|c1cls=2|p1m=0.5956|p1k=0.4832
2026-09-21,住之江,6,🌊最高(大荒),19,3-4-5 / 4-3-5 / 3-5-4 / 3-4-6 / 4-5-3 / 4-3-6 / 3-6-4 / 5-4-3 / 5-3-4 / 6-3-4 / 4-6-3 / 3-4-1 / 3-6-5 / 3-5-6 / 6-4-3 / 4-3-1 / 6-3-5 / 4-5-6 / 3-1-4,0.0204,3号藤山 雅弘,4号森林 太,5号大橋 純一郎,4.0,2.0,,,,,,model_new(old),1:8.3|2:2.4|3:3.6|4:16.6|5:2.3|6:24.5,3-4-5:0.0204:0.02532:0.00496 / 4-3-5:0.0193:0.02342:0.00412 / 3-5-4:0.0175:0.02532:0.00787 / 3-4-6:0.0167:0.01716:0.00047 / 4-5-3:0.0162:0.02108:0.00488 / 4-3-6:0.0155:0.01587:0.00039 / 3-6-4:0.0149:0.01536:0.00046 / 5-4-3:0.0142:0.02108:0.00687 / 5-3-4:0.0142:0.02342:0.00921 / 6-3-4:0.0128:0.01315:0.00037 / 4-6-3:0.0126:0.01292:0.00031 / 3-4-1:0.0122:0.01359:0.00137 / 3-6-5:0.0121:0.01535:0.00330 / 3-5-6:0.0118:0.01716:0.00533 / 6-4-3:0.0117:0.01196:0.00031 / 4-3-1:0.0114:0.01257:0.00114 / 6-3-5:0.0105:0.01315:0.00270 / 4-5-6:0.0102:0.01096:0.00072 / 3-1-4:0.0102:0.01162:0.00146,leakfree-2026-06,3-2-4:0.0404:0.04774:0.00733 / 3-4-2:0.0380:0.04279:0.00475 / 3-4-5:0.0334:0.03839:0.00496 / 3-5-4:0.0328:0.04068:0.00787 / 2-3-4:0.0317:0.04013:0.00842,0.0418 0.223 0.347 0.1732 0.2001 0.0148,grade=5|a1=1|a12=2|c1cls=4|p1m=0.0418|p1k=0.0892
2026-09-21,住之江,7,🌊最高(大荒),9,1-2-6 / 2-1-6 / 1-6-2 / 2-6-1 / 6-1-2 / 6-2-1 / 1-4-6 / 1-4-2 / 1-6-4,0.0415,1号乃村 康友,2号藤原 啓史朗,4号宇佐見 淳,3.0,1.0,,,,,,model_new(old),1:2.7|2:1.6|3:15.0|4:5.5|5:9.2|6:60.0,1-2-6:0.0415:0.04905:0.00755 / 2-1-6:0.0338:0.04397:0.01013 / 1-6-2:0.0266:0.02946:0.00287 / 2-6-1:0.0181:0.02329:0.00520 / 6-1-2:0.0181:0.02019:0.00212 / 6-2-1:0.0149:0.01780:0.00286 / 1-4-6:0.0136:0.01460:0.00100 / 1-4-2:0.0128:0.05042:0.03767 / 1-6-4:0.0124:0.01328:0.00084,leakfree-2026-06,1-2-4:0.1103:0.19258:0.08232 / 2-1-4:0.0821:0.19259:0.11048 / 1-4-2:0.0610:0.09862:0.03767 / 4-1-2:0.0415:0.07314:0.03168 / 2-4-1:0.0252:0.09862:0.07344,0.3881 0.3881 0.0156 0.175 0.0253 0.0078,grade=5|a1=1|a12=2|c1cls=3|p1m=0.3881|p1k=0.2705
2026-09-21,住之江,8,🌊最高(大荒),5,5-1-2 / 1-5-2 / 1-5-3 / 5-1-3 / 5-2-1,0.0264,2号尾嶋 一広,1号牟田 奨太,5号廣瀬 将亨,2.0,1.0,,,,,,model_new(old),1:5.2|2:1.2|3:7.8|4:15.7|5:7.8|6:0.0,5-1-2:0.0264:0.03864:0.01223 / 1-5-2:0.0262:0.03915:0.01291 / 1-5-3:0.0112:0.01323:0.00199 / 5-1-3:0.0112:0.01305:0.00188 / 5-2-1:0.0102:0.04282:0.03264,leakfree-2026-06,1-2-3:0.0660:0.10733:0.04135 / 1-3-2:0.0373:0.05016:0.01291 / 2-1-3:0.0337:0.12676:0.09308,0.321 0.4251 0.1356 0.0389 0.0694 0.01,grade=5|a1=1|a12=2|c1cls=3|p1m=0.3210|p1k=0.1429
2026-09-21,丸亀,1,🌊最高(大荒),8,1-6-4 / 1-4-6 / 6-1-4 / 1-6-2 / 4-1-6 / 1-6-5 / 1-5-6 / 6-1-5,0.0445,1号泉 具巳,6号峰重 侑治,4号菅沼 佳昭,6.0,6.0,,,,,,model_new(old),1:1.7|2:9.1|3:5.2|4:4.9|5:14.7|6:5.2,1-6-4:0.0445:0.08316:0.03870 / 1-4-6:0.0341:0.07358:0.03951 / 6-1-4:0.0261:0.05159:0.02552 / 1-6-2:0.0174:0.03819:0.02084 / 4-1-6:0.0171:0.04343:0.02632 / 1-6-5:0.0170:0.02991:0.01290 / 1-5-6:0.0104:0.02104:0.01061 / 6-1-5:0.0100:0.01855:0.00851,leakfree-2026-06,1-4-2:0.0809:0.10349:0.02258 / 1-2-4:0.0792:0.09850:0.01934 / 4-1-2:0.0372:0.05228:0.01504 / 2-1-4:0.0370:0.04895:0.01191,0.5721 0.1391 0.057 0.153 0.046 0.0328,grade=5|a1=0|a12=0|c1cls=3|p1m=0.5721|p1k=0.4342
2026-09-21,丸亀,2,🌊最高(大荒),22,1-3-6 / 3-1-6 / 1-6-3 / 3-6-1 / 6-1-3 / 6-3-1 / 3-1-4 / 3-4-1 / 1-4-6 / 1-6-4 / 4-3-1 / 4-1-6 / 6-1-4 / 3-4-6 / 3-6-4 / 4-6-1 / 6-4-1 / 4-1-3 / 4-3-6 / 6-3-4 / 4-6-3 / 6-4-3,0.0529,1号渡邉 健,3号草場 康幸,4号吉田 和仁,5.0,5.0,,,,,,model_new(old),1:1.3|2:5.4|3:5.4|4:7.1|5:14.2|6:71.2,1-3-6:0.0529:0.05886:0.00599 / 3-1-6:0.0487:0.05170:0.00303 / 1-6-3:0.0410:0.04521:0.00423 / 3-6-1:0.0326:0.03362:0.00107 / 6-1-3:0.0325:0.03436:0.00187 / 6-3-1:0.0282:0.02909:0.00093 / 3-1-4:0.0277:0.05810:0.03035 / 3-4-1:0.0271:0.03904:0.01199 / 1-4-6:0.0260:0.03014:0.00411 / 1-6-4:0.0258:0.02899:0.00322 / 4-3-1:0.0230:0.03455:0.01156 / 4-1-6:0.0214:0.02342:0.00200 / 6-1-4:0.0206:0.02203:0.00142 / 3-4-6:0.0165:0.01668:0.00022 / 3-6-4:0.0159:0.01614:0.00020 / 4-6-1:0.0156:0.01639:0.00075 / 6-4-1:0.0153:0.01602:0.00068 / 4-1-3:0.0147:0.04105:0.02640 / 4-3-6:0.0146:0.01476:0.00021 / 6-3-4:0.0138:0.01397:0.00017 / 4-6-3:0.0121:0.01227:0.00018 / 6-4-3:0.0118:0.01200:0.00016,leakfree-2026-06,3-1-4:0.0530:0.08336:0.03035 / 3-4-1:0.0461:0.05811:0.01199 / 4-3-1:0.0361:0.04768:0.01156 / 1-3-4:0.0235:0.08364:0.06011,0.3291 0.1366 0.3269 0.1795 0.014 0.014,grade=5|a1=0|a12=0|c1cls=3|p1m=0.3291|p1k=0.5636
2026-09-21,丸亀,3,⚠高(荒),5,1-2-5 / 2-1-5 / 1-5-2 / 5-1-2 / 2-5-1,0.0131,1号福西 広太郎,6号山田 真聖,2号三原 司,5.0,5.0,,,,,,model_new(old),1:2.7|2:5.4|3:4.0|4:78.3|5:13.0|6:2.2,1-2-5:0.0131:0.01813:0.00502 / 2-1-5:0.0123:0.01650:0.00423 / 1-5-2:0.0120:0.01644:0.00442 / 5-1-2:0.0106:0.01400:0.00340 / 2-5-1:0.0103:0.01334:0.00309,leakfree-2026-06,1-2-5:0.0370:0.04207:0.00502 / 1-5-2:0.0357:0.04015:0.00442 / 1-3-5:0.0347:0.04207:0.00739 / 1-5-3:0.0342:0.04015:0.00597 / 2-1-5:0.0325:0.03671:0.00423 / 5-1-2:0.0307:0.03407:0.00340 / 1-2-3:0.0306:0.04689:0.01633 / 3-1-5:0.0301:0.03671:0.00658,0.3168 0.2171 0.2171 0.0144 0.1948 0.0398,grade=5|a1=0|a12=2|c1cls=3|p1m=0.3168|p1k=0.2744
2026-09-21,丸亀,4,⚠高(荒),11,1-4-6 / 1-6-4 / 1-6-5 / 1-5-6 / 4-1-6 / 6-1-4 / 6-1-5 / 5-1-6 / 1-6-2 / 6-4-1 / 4-6-1,0.0344,1号金田 大輔,4号松尾 祭,6号高橋 正男,5.0,5.0,,,,,,model_new(old),1:2.1|2:3.4|3:33.2|4:3.2|5:5.5|6:16.6,1-4-6:0.0344:0.04768:0.01329 / 1-6-4:0.0332:0.04244:0.00920 / 1-6-5:0.0247:0.03009:0.00535 / 1-5-6:0.0235:0.02977:0.00628 / 4-1-6:0.0214:0.03262:0.01121 / 6-1-4:0.0212:0.02745:0.00624 / 6-1-5:0.0158:0.01946:0.00363 / 5-1-6:0.0144:0.01916:0.00471 / 1-6-2:0.0136:0.02222:0.00866 / 6-4-1:0.0119:0.01713:0.00520 / 4-6-1:0.0117:0.01812:0.00646,leakfree-2026-06,,0.4494 0.1816 0.0295 0.1572 0.0929 0.0895,grade=5|a1=0|a12=4|c1cls=3|p1m=0.4494|p1k=0.3514
2026-09-21,丸亀,5,△中,4,1-5-2 / 1-2-5 / 5-1-2 / 2-1-5,0.0153,1号柳瀬 興志,3号小林 京平,5号河野 真也,4.0,4.0,,,,,,model_new(old),1:1.2|2:8.5|3:4.6|4:32.8|5:8.5|6:14.3,1-5-2:0.0153:0.04980:0.03454 / 1-2-5:0.0144:0.04894:0.03454 / 5-1-2:0.0138:0.02886:0.01506 / 2-1-5:0.0131:0.02816:0.01506,leakfree-2026-06,3-1-2:0.0327:0.07191:0.03917 / 3-2-1:0.0316:0.04407:0.01251,0.3956 0.1781 0.26 0.016 0.1384 0.0118,grade=5|a1=0|a12=2|c1cls=2|p1m=0.3956|p1k=0.6011
2026-09-21,丸亀,6,△中,7,1-3-4 / 3-1-4 / 1-3-5 / 3-1-5 / 1-3-2 / 3-1-2 / 1-4-3,0.0674,1号北川 太一,3号河村 了,4号木田 峰由季,5.0,5.0,,,,,,model_new(old),1:2.5|2:5.9|3:2.2|4:3.8|5:28.4|6:32.4,1-3-4:0.0674:0.14175:0.07437 / 3-1-4:0.0587:0.13758:0.07888 / 1-3-5:0.0246:0.03457:0.00995 / 3-1-5:0.0230:0.03355:0.01055 / 1-3-2:0.0182:0.06614:0.04790 / 3-1-2:0.0134:0.06420:0.05081 / 1-4-3:0.0119:0.06560:0.05374,leakfree-2026-06,1-3-2:0.0900:0.13789:0.04790 / 1-3-4:0.0635:0.13789:0.07437 / 3-1-2:0.0526:0.10343:0.05081 / 1-3-5:0.0338:0.04377:0.00995 / 3-1-4:0.0245:0.10343:0.07888,0.4983 0.0716 0.3311 0.0716 0.0227 0.0048,grade=5|a1=2|a12=3|c1cls=2|p1m=0.4983|p1k=0.2956
2026-09-21,丸亀,7,△中,8,1-6-2 / 1-6-5 / 1-2-6 / 1-5-6 / 6-1-2 / 1-6-3 / 6-1-5 / 1-6-4,0.1400,1号高倉 孝太,6号池田 雄祐,2号菅沼 佳昭,6.0,6.0,,,,,,model_new(old),1:1.5|2:4.9|3:10.3|4:7.6|5:7.8|6:6.9,1-6-2:0.1400:0.17629:0.03628 / 1-6-5:0.0897:0.11250:0.02279 / 1-2-6:0.0731:0.11367:0.04056 / 1-5-6:0.0431:0.06522:0.02213 / 6-1-2:0.0363:0.05716:0.02086 / 1-6-3:0.0249:0.04220:0.01726 / 6-1-5:0.0234:0.03648:0.01311 / 1-6-4:0.0121:0.03548:0.02339,leakfree-2026-06,1-2-5:0.0661:0.10200:0.03588 / 1-2-4:0.0652:0.10200:0.03682 / 1-2-6:0.0614:0.10200:0.04056 / 1-5-2:0.0393:0.07048:0.03117 / 1-4-2:0.0383:0.07048:0.03217 / 1-6-2:0.0342:0.07048:0.03628,0.8035 0.0839 0.0121 0.0335 0.0335 0.0335,grade=5|a1=0|a12=2|c1cls=2|p1m=0.8035|p1k=0.4857
2026-09-22,常滑,1,△中,5,1-3-4 / 1-4-3 / 3-1-4 / 4-1-3 / 1-4-2,0.0425,1号藤田 竜弘,3号大井 清貴,2号井上 茂,5.0,3.0,,,,,,model_new(old),1:1.1|2:5.1|3:10.3|4:17.2|5:17.2|6:17.2,1-3-4:0.0425:0.06403:0.02152 / 1-4-3:0.0391:0.05860:0.01947 / 3-1-4:0.0230:0.03087:0.00786 / 4-1-3:0.0205:0.02740:0.00690 / 1-4-2:0.0111:0.05040:0.03932,leakfree-2026-06,1-4-2:0.0356:0.07494:0.03932 / 1-2-4:0.0350:0.09426:0.05930,0.6539 0.1339 0.0791 0.0791 0.0443 0.0097,grade=5|a1=0|a12=1|c1cls=2|p1m=0.6539|p1k=0.6604
2026-09-22,三国,3,⚠高(荒),9,1-2-5 / 1-5-2 / 2-1-5 / 1-2-6 / 5-1-2 / 1-2-4 / 2-1-4 / 1-6-2 / 2-1-6,0.0406,1号大串 重幸,2号常盤 海心,4号谷口 丞,6.0,6.0,,,,,,model_new(old),1:1.2|2:7.7|3:6.1|4:5.7|5:13.6|6:54.4,1-2-5:0.0406:0.06422:0.02358 / 1-5-2:0.0284:0.04920:0.02085 / 2-1-5:0.0245:0.03498:0.01046 / 1-2-6:0.0213:0.02716:0.00589 / 5-1-2:0.0154:0.02430:0.00886 / 1-2-4:0.0150:0.07131:0.05626 / 2-1-4:0.0139:0.03884:0.02496 / 1-6-2:0.0136:0.01832:0.00468 / 2-1-6:0.0122:0.01480:0.00262,leakfree-2026-06,,0.5289 0.076 0.1485 0.1655 0.076 0.0051,grade=5|a1=0|a12=2|c1cls=2|p1m=0.5289|p1k=0.5976
2026-09-22,三国,4,△中,9,1-4-6 / 1-4-3 / 4-1-6 / 1-4-5 / 4-1-3 / 1-6-4 / 4-1-5 / 1-5-4 / 6-1-4,0.0248,1号大久保 信一郎,4号石田 章央,3号井手 良太,6.0,6.0,,,,,,model_new(old),1:1.7|2:4.7|3:3.9|4:4.7|5:21.0|6:19.1,1-4-6:0.0248:0.03552:0.01075 / 1-4-3:0.0212:0.07378:0.05263 / 4-1-6:0.0181:0.02532:0.00726 / 1-4-5:0.0174:0.02717:0.00977 / 4-1-3:0.0170:0.05259:0.03556 / 1-6-4:0.0166:0.02502:0.00838 / 4-1-5:0.0128:0.01936:0.00660 / 1-5-4:0.0109:0.01849:0.00758 / 6-1-4:0.0101:0.01507:0.00497,leakfree-2026-06,1-4-2:0.0521:0.09573:0.04367 / 1-4-3:0.0431:0.09573:0.05263 / 1-2-4:0.0403:0.08397:0.04367 / 1-3-4:0.0270:0.08397:0.05700,0.5803 0.1181 0.1181 0.1552 0.0163 0.0121,grade=5|a1=1|a12=3|c1cls=2|p1m=0.5803|p1k=0.4293
2026-09-22,三国,5,🌊最高(大荒),15,3-6-1 / 3-6-5 / 3-5-6 / 3-1-6 / 6-3-1 / 6-3-5 / 3-6-2 / 1-3-6 / 5-3-6 / 6-3-2 / 6-1-3 / 1-6-3 / 6-5-3 / 5-6-3 / 6-2-3,0.0388,3号茅原 悠紀,6号金児 隆太,1号渥美 卓郎,6.0,6.0,,,,,,model_new(old),1:5.7|2:4.3|3:1.3|4:16.5|5:14.2|6:24.1,3-6-1:0.0388:0.05202:0.01326 / 3-6-5:0.0364:0.04171:0.00532 / 3-5-6:0.0301:0.03571:0.00562 / 3-1-6:0.0299:0.04756:0.01764 / 6-3-1:0.0298:0.03571:0.00588 / 6-3-5:0.0263:0.02863:0.00236 / 3-6-2:0.0230:0.04058:0.01757 / 1-3-6:0.0226:0.03128:0.00872 / 5-3-6:0.0202:0.02273:0.00255 / 6-3-2:0.0201:0.02785:0.00780 / 6-1-3:0.0174:0.02024:0.00280 / 1-6-3:0.0163:0.01939:0.00312 / 6-5-3:0.0145:0.01557:0.00103 / 5-6-3:0.0134:0.01444:0.00105 / 6-2-3:0.0112:0.01509:0.00391,leakfree-2026-06,,0.1132 0.2126 0.5527 0.0082 0.0669 0.0464,grade=5|a1=1|a12=3|c1cls=3|p1m=0.1132|p1k=0.1300
2026-09-22,三国,6,🌊最高(大荒),4,3-2-1 / 2-3-1 / 3-2-5 / 3-5-2,0.0178,3号末永 由楽,1号中本 大樹,5号北中 元樹,6.0,6.0,,,,,,model_new(old),1:1.7|2:12.0|3:2.4|4:0.0|5:6.0|6:12.0,3-2-1:0.0178:0.03758:0.01976 / 2-3-1:0.0140:0.02853:0.01451 / 3-2-5:0.0107:0.01630:0.00560 / 3-5-2:0.0103:0.01654:0.00622,leakfree-2026-06,,0.4277 0.1521 0.222 0.1182 0.0698 0.0101,grade=5|a1=1|a12=3|c1cls=3|p1m=0.4277|p1k=0.4396
2026-09-22,びわこ,1,⚠高(荒),16,1-6-3 / 1-3-6 / 6-1-3 / 3-1-6 / 1-6-2 / 6-1-2 / 1-6-5 / 6-3-1 / 3-6-1 / 1-2-6 / 6-1-5 / 2-1-6 / 1-5-6 / 6-2-1 / 2-6-1 / 5-1-6,0.0354,1号笠 雅雄,6号福田 宗平,3号國分 将太郎,2.0,2.0,,,,,,model_new(old),1:1.1|2:7.8|3:9.7|4:7.8|5:13.0|6:39.0,1-6-3:0.0354:0.04407:0.00869 / 1-3-6:0.0327:0.04331:0.01057 / 6-1-3:0.0275:0.03045:0.00298 / 3-1-6:0.0258:0.02966:0.00385 / 1-6-2:0.0228:0.03365:0.01081 / 6-1-2:0.0195:0.02325:0.00371 / 1-6-5:0.0190:0.02546:0.00648 / 6-3-1:0.0175:0.01857:0.00105 / 3-6-1:0.0173:0.01841:0.00111 / 1-2-6:0.0163:0.03043:0.01413 / 6-1-5:0.0154:0.01759:0.00223 / 2-1-6:0.0147:0.01998:0.00525 / 1-5-6:0.0143:0.02166:0.00735 / 6-2-1:0.0121:0.01346:0.00133 / 2-6-1:0.0113:0.01279:0.00144 / 5-1-6:0.0111:0.01377:0.00262,leakfree-2026-06,1-3-2:0.0694:0.12221:0.05283 / 1-3-4:0.0593:0.11209:0.05283 / 1-2-3:0.0329:0.08973:0.05680 / 1-4-3:0.0234:0.08025:0.05680,0.6625 0.0796 0.1481 0.073 0.0253 0.0115,grade=4|a1=0|a12=1|c1cls=3|p1m=0.6625|p1k=0.6630
2026-09-22,宮島,1,△中,3,1-3-2 / 1-2-3 / 3-1-2,0.0773,1号後藤 美翼,3号藤田 美代,2号笠野 友紀恵,5.0,5.0,,,,,,model_new(old),1:1.3|2:6.0|3:6.0|4:5.5|5:0.0|6:11.1,1-3-2:0.0773:0.13584:0.05857 / 1-2-3:0.0330:0.09161:0.05857 / 3-1-2:0.0280:0.05731:0.02935,leakfree-2026-06,1-3-2:0.1393:0.19786:0.05857 / 1-2-3:0.0758:0.13437:0.05857 / 1-3-4:0.0469:0.11079:0.06389 / 3-1-2:0.0368:0.06617:0.02935,0.7139 0.0777 0.1445 0.0435 0.0152 0.0052,grade=4|a1=0|a12=1|c1cls=2|p1m=0.7139|p1k=0.5597
2026-09-22,徳山,3,✅低(堅),10,1-4-6 / 1-6-4 / 1-3-6 / 1-6-3 / 4-1-6 / 6-1-4 / 3-1-6 / 1-3-4 / 6-1-3 / 1-6-5,0.0745,1号堀本 和也,4号江夏 満,3号片岡 大地,1.0,1.0,,,,,,model_new(old),1:1.6|2:7.8|3:4.5|4:3.2|5:23.5|6:82.5,1-4-6:0.0745:0.08056:0.00607 / 1-6-4:0.0601:0.06361:0.00348 / 1-3-6:0.0573:0.06082:0.00353 / 1-6-3:0.0504:0.05287:0.00248 / 4-1-6:0.0282:0.03246:0.00423 / 6-1-4:0.0221:0.02402:0.00188 / 3-1-6:0.0216:0.02390:0.00226 / 1-3-4:0.0188:0.10973:0.09094 / 6-1-3:0.0186:0.01996:0.00134 / 1-6-5:0.0113:0.01181:0.00047,leakfree-2026-06,1-4-2:0.0528:0.11693:0.06416 / 1-2-4:0.0466:0.09068:0.04410 / 1-4-3:0.0335:0.14471:0.11120 / 1-2-3:0.0315:0.06284:0.03136 / 1-3-2:0.0301:0.06742:0.03731 / 1-3-4:0.0295:0.12040:0.09094,0.8002 0.0444 0.055 0.0793 0.0115 0.0097,grade=5|a1=1|a12=3|c1cls=2|p1m=0.8002|p1k=0.4655
2026-09-22,徳山,4,✅低(堅),6,1-2-5 / 1-5-2 / 1-2-4 / 1-2-3 / 2-1-5 / 2-1-4,0.0342,1号片橋 幸貴,2号山崎 裕司,4号山田 佑樹,1.0,1.0,,,,,,model_new(old),1:1.2|2:6.3|3:13.2|4:4.2|5:18.1|6:48.5,1-2-5:0.0342:0.05895:0.02474 / 1-5-2:0.0205:0.04004:0.01955 / 1-2-4:0.0197:0.12635:0.10663 / 1-2-3:0.0186:0.05256:0.03393 / 2-1-5:0.0169:0.02802:0.01110 / 2-1-4:0.0122:0.06005:0.04782,leakfree-2026-06,1-2-4:0.1145:0.22109:0.10663 / 1-4-2:0.0872:0.22109:0.13390 / 2-1-4:0.0407:0.08856:0.04782 / 4-1-2:0.0243:0.08856:0.06421,0.6589 0.1485 0.0272 0.1485 0.0168 0.0001,grade=5|a1=1|a12=2|c1cls=1|p1m=0.6589|p1k=0.6031
2026-09-22,徳山,5,🌊最高(大荒),6,1-5-6 / 5-1-6 / 1-6-5 / 1-6-2 / 6-1-5 / 5-6-1,0.0231,1号香月 大輝,2号三浦 敬太,5号植田 太一,4.0,4.0,,,,,,model_new(old),1:1.7|2:2.4|3:9.8|4:42.7|5:5.0|6:32.0,1-5-6:0.0231:0.02916:0.00609 / 5-1-6:0.0183:0.02237:0.00405 / 1-6-5:0.0183:0.02298:0.00470 / 1-6-2:0.0135:0.02328:0.00980 / 6-1-5:0.0127:0.01548:0.00273 / 5-6-1:0.0109:0.01297:0.00206,leakfree-2026-06,1-3-2:0.0334:0.06881:0.03538 / 1-3-5:0.0302:0.04714:0.01698,0.4391 0.2279 0.1561 0.0104 0.1561 0.0104,grade=5|a1=1|a12=3|c1cls=3|p1m=0.4391|p1k=0.4320
2026-09-22,桐生,1,🌊最高(大荒),13,1-3-2 / 1-3-4 / 3-1-2 / 1-2-3 / 3-1-4 / 1-4-3 / 1-3-6 / 1-3-5 / 3-1-6 / 3-1-5 / 1-6-3 / 4-1-3 / 1-5-3,0.0735,1号村上 宗太郎,3号浜本 裕己,2号武田 光史,2.0,1.0,,,,,,model_new(old),1:2.7|2:2.0|3:5.5|4:8.0|5:12.0|6:12.0,1-3-2:0.0735:0.10602:0.03251 / 1-3-4:0.0425:0.05064:0.00813 / 3-1-2:0.0420:0.06925:0.02724 / 1-2-3:0.0303:0.08461:0.05436 / 3-1-4:0.0263:0.03308:0.00681 / 1-4-3:0.0258:0.03341:0.00758 / 1-3-6:0.0223:0.02774:0.00542 / 1-3-5:0.0211:0.02655:0.00542 / 3-1-6:0.0136:0.01812:0.00454 / 3-1-5:0.0128:0.01734:0.00454 / 1-6-3:0.0123:0.01708:0.00482 / 4-1-3:0.0123:0.01831:0.00606 / 1-5-3:0.0115:0.01629:0.00482,leakfree-2026-06,1-3-2:0.0919:0.12436:0.03251 / 3-1-2:0.0745:0.10175:0.02724 / 1-2-3:0.0700:0.12436:0.05436 / 3-2-1:0.0408:0.07335:0.03257 / 2-1-3:0.0390:0.10175:0.06271,0.3933 0.2585 0.2585 0.0455 0.0325 0.0118,grade=5|a1=0|a12=2|c1cls=4|p1m=0.3933|p1k=0.2756
2026-09-22,桐生,2,⚠高(荒),11,6-1-4 / 1-6-4 / 6-4-1 / 4-6-1 / 6-1-2 / 1-4-6 / 6-1-3 / 1-6-2 / 4-1-6 / 1-6-5 / 6-1-5,0.0473,1号大廣 咲季,6号櫻本 あゆみ,4号津田 裕絵,3.0,2.0,,,,,,model_new(old),1:1.9|2:6.5|3:4.0|4:4.2|5:87.7|6:5.6,6-1-4:0.0473:0.06871:0.02138 / 1-6-4:0.0424:0.07269:0.03031 / 6-4-1:0.0296:0.04445:0.01483 / 4-6-1:0.0209:0.03647:0.01562 / 6-1-2:0.0189:0.03274:0.01381 / 1-4-6:0.0173:0.05061:0.03335 / 6-1-3:0.0162:0.03864:0.02245 / 1-6-2:0.0151:0.03464:0.01959 / 4-1-6:0.0145:0.03925:0.02477 / 1-6-5:0.0124:0.01388:0.00145 / 6-1-5:0.0121:0.01312:0.00102,leakfree-2026-06,,0.3486 0.0754 0.1642 0.2554 0.0092 0.1473,grade=5|a1=1|a12=1|c1cls=3|p1m=0.3486|p1k=0.3875
2026-09-22,桐生,3,🌊最高(大荒),8,3-4-1 / 4-3-1 / 3-1-4 / 1-3-4 / 3-1-2 / 4-1-3 / 1-4-3 / 1-3-2,0.0166,2号奈須 啓太,3号岡村 仁,4号浜先 真範,3.0,2.0,,,,,,model_new(old),1:9.4|2:1.8|3:3.8|4:3.8|5:17.2|6:10.3,3-4-1:0.0166:0.02281:0.00621 / 4-3-1:0.0156:0.02177:0.00621 / 3-1-4:0.0150:0.02021:0.00521 / 1-3-4:0.0132:0.01776:0.00455 / 3-1-2:0.0130:0.02399:0.01100 / 4-1-3:0.0130:0.01819:0.00521 / 1-4-3:0.0122:0.01675:0.00455 / 1-3-2:0.0115:0.02109:0.00961,leakfree-2026-06,4-2-3:0.0508:0.10129:0.05051 / 2-4-3:0.0474:0.11670:0.06926 / 4-3-2:0.0340:0.06648:0.03244 / 2-3-4:0.0251:0.09437:0.06926 / 3-2-4:0.0233:0.07385:0.05051,0.0626 0.3834 0.2121 0.2895 0.0434 0.0091,grade=5|a1=2|a12=3|c1cls=3|p1m=0.0626|p1k=0.0792
2026-09-22,桐生,4,⚠高(荒),12,1-6-2 / 6-2-1 / 6-1-2 / 2-6-1 / 2-6-3 / 2-3-6 / 1-6-3 / 1-3-6 / 6-2-3 / 3-2-6 / 3-1-6 / 6-1-3,0.0179,2号藤原 菜希,1号樋口 由加里,3号蜂須 瑞生,2.0,1.0,,,,,,model_new(old),1:2.0|2:1.7|3:6.7|4:31.3|5:31.3|6:15.6,1-6-2:0.0179:0.03778:0.01991 / 6-2-1:0.0172:0.03211:0.01488 / 6-1-2:0.0172:0.03045:0.01324 / 2-6-1:0.0166:0.04155:0.02491 / 2-6-3:0.0137:0.02110:0.00744 / 2-3-6:0.0133:0.02174:0.00844 / 1-6-3:0.0125:0.01755:0.00505 / 1-3-6:0.0124:0.01806:0.00565 / 6-2-3:0.0119:0.01631:0.00444 / 3-2-6:0.0117:0.01711:0.00540 / 3-1-6:0.0108:0.01482:0.00402 / 6-1-3:0.0108:0.01415:0.00336,leakfree-2026-06,1-2-3:0.0742:0.20820:0.13397 / 1-3-2:0.0631:0.11497:0.05186 / 3-1-2:0.0338:0.07072:0.03690,0.4766 0.3167 0.1491 0.0273 0.0084 0.0217,grade=5|a1=0|a12=2|c1cls=3|p1m=0.4766|p1k=0.3662
2026-09-22,桐生,5,🌊最高(大荒),10,1-2-6 / 2-1-6 / 1-2-5 / 2-1-5 / 1-6-2 / 2-1-3 / 2-6-1 / 1-2-3 / 6-1-2 / 6-2-1,0.0424,1号小林 孝彰,2号田中 豪,6号大澤 普司,2.0,1.0,,,,,,model_new(old),1:1.5|2:3.4|3:12.1|4:6.5|5:14.1|6:10.6,1-2-6:0.0424:0.09099:0.04856 / 2-1-6:0.0390:0.07060:0.03163 / 1-2-5:0.0220:0.05855:0.03651 / 2-1-5:0.0217:0.04543:0.02378 / 1-6-2:0.0194:0.05186:0.03243 / 2-1-3:0.0173:0.04502:0.02771 / 2-6-1:0.0167:0.02978:0.01304 / 1-2-3:0.0155:0.05803:0.04254 / 6-1-2:0.0138:0.03157:0.01780 / 6-2-1:0.0124:0.02337:0.01099,leakfree-2026-06,1-2-3:0.0536:0.09616:0.04254 / 1-3-2:0.0392:0.06707:0.02787,0.5871 0.1837 0.0843 0.0843 0.0337 0.0268,grade=5|a1=2|a12=4|c1cls=3|p1m=0.5871|p1k=0.4893
2026-09-22,桐生,6,✅低(堅),8,1-4-3 / 1-4-5 / 1-3-4 / 1-5-4 / 4-1-3 / 4-1-5 / 1-4-6 / 3-1-4,0.0498,1号若狭 奈美子,4号大澤 真菜,5号湯淺 紀香,2.0,1.0,,,,,,model_new(old),1:1.1|2:12.9|3:9.9|4:12.9|5:6.4|6:43.0,1-4-3:0.0498:0.08375:0.03395 / 1-4-5:0.0491:0.10165:0.05251 / 1-3-4:0.0402:0.07650:0.03633 / 1-5-4:0.0327:0.10004:0.06731 / 4-1-3:0.0140:0.02565:0.01167 / 4-1-5:0.0131:0.03113:0.01805 / 1-4-6:0.0124:0.02024:0.00782 / 3-1-4:0.0103:0.02298:0.01272,leakfree-2026-06,1-4-3:0.0433:0.07721:0.03395 / 1-3-4:0.0409:0.07721:0.03633 / 1-4-5:0.0247:0.07721:0.05251,0.7356 0.0408 0.0729 0.0729 0.0729 0.0049,grade=5|a1=1|a12=1|c1cls=1|p1m=0.7356|p1k=0.6761
2026-09-22,浜名湖,7,🌊最高(大荒),5,1-3-6 / 3-1-6 / 1-6-3 / 3-6-1 / 1-4-6,0.0172,1号下河 誉史,3号大須賀 友,4号宮崎 心之介,2.0,1.0,,,,,,model_new(old),1:2.3|2:5.2|3:2.0|4:5.6|5:90.0|6:45.0,1-3-6:0.0172:0.02709:0.00987 / 3-1-6:0.0154:0.02600:0.01064 / 1-6-3:0.0129:0.01740:0.00452 / 3-6-1:0.0107:0.01594:0.00526 / 1-4-6:0.0100:0.01198:0.00196,leakfree-2026-06,,0.3206 0.129 0.3353 0.1914 0.0136 0.01,grade=5|a1=1|a12=3|c1cls=3|p1m=0.3206|p1k=0.3247
2026-09-22,浜名湖,8,✅低(堅),12,1-4-6 / 1-6-4 / 1-4-3 / 1-6-3 / 1-3-4 / 1-3-6 / 6-1-4 / 6-1-3 / 4-1-6 / 4-1-3 / 3-1-6 / 3-1-4,0.0699,1号後藤 翔之,4号湯川 浩司,6号野中 義生,3.0,1.0,,,,,,model_new(old),1:1.6|2:5.7|3:12.5|4:3.2|5:25.0|6:7.5,1-4-6:0.0699:0.12982:0.05997 / 1-6-4:0.0669:0.10921:0.04230 / 1-4-3:0.0534:0.08942:0.03598 / 1-6-3:0.0441:0.05494:0.01083 / 1-3-4:0.0430:0.06636:0.02333 / 1-3-6:0.0385:0.04846:0.00995 / 6-1-4:0.0218:0.04721:0.02543 / 6-1-3:0.0172:0.02375:0.00651 / 4-1-6:0.0168:0.05894:0.04219 / 4-1-3:0.0153:0.04060:0.02531 / 3-1-6:0.0144:0.02013:0.00574 / 3-1-4:0.0141:0.02757:0.01345,leakfree-2026-06,1-4-3:0.1256:0.16153:0.03598 / 1-4-2:0.0826:0.16153:0.07891 / 1-3-4:0.0615:0.08482:0.02333 / 1-2-4:0.0250:0.08482:0.05979,0.7358 0.0448 0.0448 0.149 0.0098 0.0157,grade=5|a1=1|a12=2|c1cls=2|p1m=0.7358|p1k=0.4574
2026-09-22,浜名湖,9,⚠高(荒),15,5-1-3 / 1-5-3 / 5-1-2 / 5-3-1 / 1-5-2 / 1-3-5 / 3-5-1 / 5-2-1 / 3-1-5 / 5-1-4 / 1-5-4 / 5-1-6 / 5-4-1 / 1-5-6 / 5-3-2,0.0528,1号橋本 久和,5号前田 聖文,3号梶野 学志,3.0,1.0,,,,,,model_new(old),1:1.6|2:2.8|3:5.6|4:19.0|5:10.5|6:31.7,5-1-3:0.0528:0.06313:0.01028 / 1-5-3:0.0501:0.06795:0.01789 / 5-1-2:0.0389:0.05947:0.02056 / 5-3-1:0.0320:0.03802:0.00597 / 1-5-2:0.0282:0.06402:0.03578 / 1-3-5:0.0242:0.04487:0.02067 / 3-5-1:0.0240:0.03042:0.00640 / 5-2-1:0.0210:0.03532:0.01435 / 3-1-5:0.0206:0.03336:0.01273 / 5-1-4:0.0200:0.02298:0.00303 / 1-5-4:0.0195:0.02474:0.00527 / 5-1-6:0.0107:0.01251:0.00182 / 5-4-1:0.0104:0.01200:0.00158 / 1-5-6:0.0103:0.01346:0.00316 / 5-3-2:0.0101:0.01349:0.00341,leakfree-2026-06,,0.4431 0.2451 0.1576 0.023 0.1224 0.0089,grade=5|a1=2|a12=3|c1cls=3|p1m=0.4431|p1k=0.4664
2026-09-22,浜名湖,10,△中,15,1-6-3 / 1-6-4 / 1-3-6 / 1-4-6 / 6-1-3 / 6-1-4 / 3-1-6 / 1-6-5 / 1-5-6 / 6-3-1 / 3-6-1 / 1-3-5 / 6-1-5 / 6-4-1 / 1-5-3,0.0606,1号荒川 健太,6号安達 裕樹,4号小林 甘寧,3.0,1.0,,,,,,model_new(old),1:1.8|2:16.1|3:5.3|4:2.0|5:56.6|6:22.6,1-6-3:0.0606:0.06604:0.00543 / 1-6-4:0.0602:0.07463:0.01438 / 1-3-6:0.0548:0.06145:0.00668 / 1-4-6:0.0376:0.07291:0.03535 / 6-1-3:0.0333:0.03661:0.00333 / 6-1-4:0.0325:0.04137:0.00883 / 3-1-6:0.0285:0.03313:0.00461 / 1-6-5:0.0195:0.02005:0.00051 / 1-5-6:0.0144:0.01487:0.00049 / 6-3-1:0.0140:0.01624:0.00226 / 3-6-1:0.0133:0.01580:0.00253 / 1-3-5:0.0130:0.01567:0.00267 / 6-1-5:0.0108:0.01111:0.00031 / 6-4-1:0.0105:0.01878:0.00823 / 1-5-3:0.0104:0.01250:0.00209,leakfree-2026-06,1-4-2:0.0500:0.09961:0.04962 / 1-2-4:0.0392:0.05987:0.02067,0.6518 0.0547 0.0789 0.1718 0.0114 0.0315,grade=5|a1=1|a12=3|c1cls=2|p1m=0.6518|p1k=0.4060
2026-09-22,浜名湖,11,✅低(堅),5,1-4-6 / 1-6-4 / 4-1-6 / 1-6-2 / 6-1-4,0.0485,1号下條 雄太郎,4号有賀 達也,2号金子 萌,3.0,1.0,,,,,,model_new(old),1:1.0|2:9.8|3:31.8|4:9.8|5:25.5|6:25.5,1-4-6:0.0485:0.09425:0.04577 / 1-6-4:0.0385:0.07379:0.03531 / 4-1-6:0.0195:0.03132:0.01186 / 1-6-2:0.0161:0.05143:0.03531 / 6-1-4:0.0145:0.02321:0.00870,leakfree-2026-06,1-2-4:0.0572:0.17627:0.11910 / 1-4-2:0.0572:0.17627:0.11910,0.7904 0.0783 0.0262 0.0783 0.0154 0.0113,grade=5|a1=1|a12=4|c1cls=1|p1m=0.7904|p1k=0.7611
2026-09-22,浜名湖,12,✅低(堅),6,1-5-3 / 1-5-4 / 1-3-5 / 1-5-2 / 5-1-4 / 4-1-5,0.0166,1号湯川 浩司,4号西野 翔太,3号宮崎 心之介,3.0,1.0,,,,,,model_new(old),1:1.0|2:16.4|3:14.0|4:7.5|5:32.8|6:21.9,1-5-3:0.0166:0.03185:0.01524 / 1-5-4:0.0163:0.04474:0.02845 / 1-3-5:0.0153:0.03287:0.01755 / 1-5-2:0.0120:0.02499:0.01301 / 5-1-4:0.0119:0.01930:0.00742 / 4-1-5:0.0116:0.02365:0.01202,leakfree-2026-06,1-4-2:0.0304:0.11538:0.08497,0.6364 0.077 0.077 0.1677 0.0308 0.0111,grade=5|a1=2|a12=4|c1cls=1|p1m=0.6364|p1k=0.7452
2026-09-22,住之江,1,△中,9,1-5-3 / 1-3-5 / 1-5-4 / 5-1-3 / 3-1-5 / 1-3-4 / 1-4-5 / 1-4-3 / 5-1-4,0.0748,1号古川 誠之,5号宇佐見 淳,3号岩崎 正哉,4.0,2.0,,,,,,model_new(old),1:1.4|2:4.5|3:9.5|4:9.5|5:5.7|6:21.5,1-5-3:0.0748:0.10556:0.03071 / 1-3-5:0.0610:0.08778:0.02679 / 1-5-4:0.0352:0.06596:0.03071 / 5-1-3:0.0331:0.04999:0.01684 / 3-1-5:0.0254:0.03928:0.01388 / 1-3-4:0.0217:0.03773:0.01607 / 1-4-5:0.0214:0.04814:0.02679 / 1-4-3:0.0170:0.03312:0.01607 / 5-1-4:0.0144:0.03123:0.01684,leakfree-2026-06,1-5-3:0.0800:0.11076:0.03071 / 1-3-5:0.0630:0.08976:0.02679 / 1-5-4:0.0570:0.08771:0.03071 / 1-4-5:0.0395:0.06630:0.02679,0.6518 0.0491 0.0895 0.0709 0.1386 0.0001,grade=5|a1=0|a12=3|c1cls=2|p1m=0.6518|p1k=0.5218
2026-09-22,住之江,2,✅低(堅),7,3-1-2 / 3-1-4 / 1-3-2 / 3-4-1 / 2-1-3 / 3-2-1 / 1-3-4,0.0291,1号藤山 雅弘,3号廣瀬 将亨,4号松本 博昭,5.0,2.0,,,,,,model_new(old),1:1.0|2:11.4|3:7.3|4:7.3|5:25.6|6:51.3,3-1-2:0.0291:0.05241:0.02328 / 3-1-4:0.0281:0.06449:0.03635 / 1-3-2:0.0276:0.09863:0.07107 / 3-4-1:0.0119:0.02087:0.00898 / 2-1-3:0.0111:0.03019:0.01909 / 3-2-1:0.0110:0.01651:0.00551 / 1-3-4:0.0104:0.12136:0.11099,leakfree-2026-06,1-3-2:0.0428:0.11388:0.07107 / 3-1-2:0.0351:0.05833:0.02328,0.5876 0.0892 0.1949 0.1 0.0282 0.0001,grade=5|a1=0|a12=3|c1cls=2|p1m=0.5876|p1k=0.7041
2026-09-22,住之江,3,△中,8,1-4-3 / 1-3-4 / 1-4-5 / 4-1-3 / 3-1-4 / 1-5-4 / 1-3-5 / 1-4-6,0.0302,1号伊藤 喜智,4号松江 秀徳,3号森 晋太郎,4.0,2.0,,,,,,model_new(old),1:1.2|2:5.3|3:6.9|4:6.1|5:39.2|6:23.5,1-4-3:0.0302:0.09251:0.06230 / 1-3-4:0.0228:0.08227:0.05948 / 1-4-5:0.0184:0.02941:0.01097 / 4-1-3:0.0183:0.04685:0.02853 / 3-1-4:0.0132:0.04005:0.02683 / 1-5-4:0.0124:0.02059:0.00815 / 1-3-5:0.0112:0.02044:0.00926 / 1-4-6:0.0109:0.02924:0.01829,leakfree-2026-06,1-3-2:0.0391:0.10754:0.06846 / 1-2-3:0.0284:0.10481:0.07641,0.5874 0.1386 0.1456 0.094 0.0236 0.0108,grade=5|a1=0|a12=3|c1cls=2|p1m=0.5874|p1k=0.5957
2026-09-22,住之江,4,✅低(堅),13,1-6-3 / 1-3-6 / 6-1-3 / 3-1-6 / 1-3-5 / 1-6-5 / 1-5-3 / 6-1-5 / 1-5-6 / 3-1-5 / 6-3-1 / 3-6-1 / 5-1-6,0.0568,1号佐藤 大介,6号尾嶋 一広,3号谷川 将太,5.0,2.0,,,,,,model_new(old),1:1.0|2:13.5|3:27.0|4:32.4|5:40.5|6:14.7,1-6-3:0.0568:0.10902:0.05217 / 1-3-6:0.0530:0.09702:0.04399 / 6-1-3:0.0329:0.04343:0.01049 / 3-1-6:0.0289:0.03748:0.00862 / 1-3-5:0.0238:0.03972:0.01597 / 1-6-5:0.0220:0.05675:0.03478 / 1-5-3:0.0182:0.03326:0.01503 / 6-1-5:0.0156:0.02261:0.00700 / 1-5-6:0.0147:0.04228:0.02760 / 3-1-5:0.0122:0.01535:0.00313 / 6-3-1:0.0108:0.01238:0.00155 / 3-6-1:0.0105:0.01200:0.00151 / 5-1-6:0.0102:0.01551:0.00535,leakfree-2026-06,1-3-6:0.0886:0.13255:0.04399 / 1-3-2:0.0576:0.10554:0.04790 / 3-1-6:0.0482:0.05685:0.00862 / 1-6-3:0.0368:0.08901:0.05217 / 3-1-2:0.0359:0.04527:0.00939 / 1-3-5:0.0324:0.04835:0.01597,0.6442 0.0634 0.1704 0.0132 0.0291 0.0797,grade=5|a1=2|a12=3|c1cls=1|p1m=0.6442|p1k=0.8099
2026-09-22,住之江,5,✅低(堅),8,1-6-2 / 1-2-6 / 1-6-3 / 1-6-5 / 6-1-2 / 1-5-6 / 1-3-6 / 6-1-3,0.0480,1号大橋 純一郎,6号上村 純一,2号田中 孝明,4.0,2.0,,,,,,model_new(old),1:1.2|2:7.8|3:8.6|4:11.8|5:20.2|6:7.0,1-6-2:0.0480:0.10506:0.05702 / 1-2-6:0.0294:0.08429:0.05490 / 1-6-3:0.0289:0.08061:0.05172 / 1-6-5:0.0223:0.04428:0.02202 / 6-1-2:0.0180:0.04250:0.02454 / 1-5-6:0.0122:0.02987:0.01766 / 1-3-6:0.0118:0.06010:0.04833 / 6-1-3:0.0104:0.03261:0.02226,leakfree-2026-06,1-6-4:0.0337:0.07136:0.03769 / 1-6-2:0.0313:0.08831:0.05702 / 1-2-6:0.0214:0.07634:0.05490 / 1-6-3:0.0196:0.07136:0.05172,0.7378 0.0614 0.0496 0.0496 0.0128 0.0886,grade=5|a1=2|a12=2|c1cls=1|p1m=0.7378|p1k=0.6150
2026-09-22,住之江,6,✅低(堅),6,1-6-2 / 1-2-6 / 6-1-2 / 1-6-4 / 2-1-6 / 1-4-6,0.1104,1号松本 純平,2号山崎 祥,6号桑原 悠,4.0,2.0,,,,,,model_new(old),1:1.4|2:4.3|3:9.7|4:9.7|5:14.5|6:7.2,1-6-2:0.1104:0.16205:0.05164 / 1-2-6:0.0999:0.16325:0.06332 / 6-1-2:0.0261:0.05342:0.02733 / 1-6-4:0.0252:0.04807:0.02289 / 2-1-6:0.0176:0.05390:0.03629 / 1-4-6:0.0124:0.03381:0.02138,leakfree-2026-06,1-2-6:0.0895:0.15286:0.06332 / 1-6-2:0.0715:0.12313:0.05164 / 1-2-4:0.0369:0.08389:0.04700,0.6993 0.129 0.0277 0.048 0.0085 0.0875,grade=5|a1=2|a12=3|c1cls=1|p1m=0.6993|p1k=0.5249
2026-09-22,若松,1,✅低(堅),9,1-6-3 / 1-3-6 / 1-6-5 / 1-6-2 / 1-5-6 / 6-1-3 / 1-6-4 / 1-2-6 / 3-1-6,0.0376,1号中 亮太,3号宮田 龍馬,6号鰐部 太空海,4.0,4.0,,,,,,model_new(old),1:1.2|2:6.7|3:6.1|4:18.9|5:10.9|6:14.9,1-6-3:0.0376:0.06566:0.02808 / 1-3-6:0.0313:0.06692:0.03562 / 1-6-5:0.0232:0.03894:0.01572 / 1-6-2:0.0205:0.04603:0.02557 / 1-5-6:0.0177:0.03427:0.01661 / 6-1-3:0.0141:0.02551:0.01142 / 1-6-4:0.0126:0.02168:0.00906 / 1-2-6:0.0109:0.04203:0.03116 / 3-1-6:0.0105:0.02614:0.01565,leakfree-2026-06,1-3-2:0.0838:0.16300:0.07921 / 1-3-4:0.0632:0.09127:0.02808 / 1-2-3:0.0392:0.11530:0.07611 / 1-4-3:0.0347:0.05617:0.02147,0.719 0.0713 0.1326 0.0399 0.0285 0.0087,grade=2|a1=5|a12=6|c1cls=1|p1m=0.7190|p1k=0.6135
2026-09-22,若松,2,✅低(堅),10,1-5-6 / 1-6-5 / 1-5-4 / 5-1-6 / 1-6-4 / 1-4-6 / 1-4-5 / 6-1-5 / 5-1-4 / 6-1-4,0.0416,1号小芦 るり華,5号石本 裕武,4号澤田 尚也,5.0,5.0,,,,,,model_new(old),1:1.6|2:5.6|3:5.8|4:7.4|5:5.2|6:17.6,1-5-6:0.0416:0.05413:0.01258 / 1-6-5:0.0346:0.04464:0.01006 / 1-5-4:0.0254:0.05535:0.02991 / 5-1-6:0.0237:0.03161:0.00792 / 1-6-4:0.0199:0.02699:0.00707 / 1-4-6:0.0192:0.02715:0.00800 / 1-4-5:0.0188:0.04590:0.02706 / 6-1-5:0.0184:0.02410:0.00568 / 5-1-4:0.0135:0.03232:0.01883 / 6-1-4:0.0106:0.01457:0.00399,leakfree-2026-06,1-4-2:0.0570:0.08212:0.02513 / 1-4-3:0.0511:0.07531:0.02426 / 1-2-4:0.0442:0.07133:0.02709 / 1-3-4:0.0379:0.06375:0.02587,0.6661 0.08 0.0734 0.1134 0.0555 0.0116,grade=2|a1=6|a12=6|c1cls=1|p1m=0.6661|p1k=0.4595
2026-09-22,若松,3,✅低(堅),18,1-6-5 / 1-5-6 / 6-1-5 / 5-1-6 / 1-6-4 / 1-6-2 / 1-6-3 / 1-2-6 / 6-1-4 / 6-1-2 / 1-5-2 / 6-5-1 / 5-6-1 / 1-3-6 / 1-4-6 / 6-1-3 / 1-2-5 / 2-1-6,0.0522,1号砂長 知輝,6号飛田 江己,5号前田 篤哉,5.0,5.0,,,,,,model_new(old),1:1.5|2:8.7|3:6.2|4:3.1|5:13.8|6:27.7,1-6-5:0.0522:0.05483:0.00267 / 1-5-6:0.0489:0.05170:0.00283 / 6-1-5:0.0309:0.03235:0.00141 / 5-1-6:0.0282:0.02976:0.00154 / 1-6-4:0.0268:0.03866:0.01190 / 1-6-2:0.0255:0.02973:0.00424 / 1-6-3:0.0202:0.02614:0.00595 / 1-2-6:0.0194:0.02420:0.00480 / 6-1-4:0.0165:0.02281:0.00629 / 6-1-2:0.0153:0.01754:0.00224 / 1-5-2:0.0151:0.02406:0.00900 / 6-5-1:0.0150:0.01576:0.00075 / 5-6-1:0.0146:0.01538:0.00077 / 1-3-6:0.0136:0.02087:0.00731 / 1-4-6:0.0123:0.03307:0.02076 / 6-1-3:0.0123:0.01542:0.00315 / 1-2-5:0.0111:0.02077:0.00964 / 2-1-6:0.0103:0.01304:0.00270,leakfree-2026-06,1-2-3:0.0423:0.06373:0.02146 / 1-3-2:0.0352:0.05850:0.02329 / 1-2-5:0.0345:0.04417:0.00964,0.6235 0.1131 0.0896 0.0896 0.0621 0.0221,grade=2|a1=5|a12=6|c1cls=1|p1m=0.6235|p1k=0.4852
2026-09-22,若松,4,△中,11,1-6-2 / 1-5-2 / 1-4-5 / 1-4-2 / 1-5-4 / 1-4-6 / 1-6-4 / 1-4-3 / 1-2-6 / 1-3-4 / 6-1-2,0.0192,1号塚越 海斗,2号若林 義人,4号米丸 乃絵,5.0,5.0,,,,,,model_new(old),1:2.2|2:1.5|3:15.8|4:9.7|5:24.1|6:39.0,1-6-2:0.0192:0.02647:0.00729 / 1-5-2:0.0187:0.03068:0.01201 / 1-4-5:0.0146:0.01664:0.00200 / 1-4-2:0.0140:0.04609:0.03214 / 1-5-4:0.0137:0.01552:0.00186 / 1-4-6:0.0134:0.01465:0.00124 / 1-6-4:0.0123:0.01339:0.00113 / 1-4-3:0.0117:0.01475:0.00305 / 1-2-6:0.0112:0.03847:0.02728 / 1-3-4:0.0106:0.01349:0.00291 / 6-1-2:0.0105:0.01546:0.00493,leakfree-2026-06,1-3-2:0.0414:0.06018:0.01879,0.5566 0.1926 0.0884 0.0884 0.0613 0.0128,grade=2|a1=5|a12=6|c1cls=1|p1m=0.5566|p1k=0.3355
2026-09-22,若松,5,✅低(堅),3,1-5-2 / 1-2-5 / 1-5-6,0.0142,1号鈴木 孝明,5号中村 日向,4号宮之原 輝紀,4.0,4.0,,,,,,model_new(old),1:1.5|2:10.9|3:8.6|4:6.6|5:3.3|6:36.0,1-5-2:0.0142:0.06527:0.05108 / 1-2-5:0.0117:0.04478:0.03305 / 1-5-6:0.0108:0.02627:0.01547,leakfree-2026-06,1-5-2:0.0401:0.09121:0.05108 / 1-2-5:0.0352:0.06825:0.03305,0.6346 0.0762 0.0528 0.0762 0.149 0.011,grade=2|a1=4|a12=6|c1cls=1|p1m=0.6346|p1k=0.4913
2026-09-22,若松,6,✅低(堅),15,1-6-5 / 1-6-4 / 1-6-3 / 6-1-5 / 6-1-4 / 1-4-6 / 6-1-3 / 1-5-6 / 1-3-6 / 4-1-6 / 5-1-6 / 3-1-6 / 6-5-1 / 6-4-1 / 6-3-1,0.0562,1号藤原 仙二,6号大澤 風葵,5号原田 才一郎,4.0,4.0,,,,,,model_new(old),1:1.4|2:6.1|3:8.6|4:8.3|5:5.8|6:10.8,1-6-5:0.0562:0.07790:0.02166 / 1-6-4:0.0539:0.06905:0.01513 / 1-6-3:0.0501:0.06471:0.01461 / 6-1-5:0.0345:0.04574:0.01120 / 6-1-4:0.0327:0.04054:0.00783 / 1-4-6:0.0307:0.04662:0.01591 / 6-1-3:0.0304:0.03800:0.00755 / 1-5-6:0.0288:0.05398:0.02516 / 1-3-6:0.0279:0.04315:0.01524 / 4-1-6:0.0152:0.02362:0.00841 / 5-1-6:0.0138:0.02765:0.01387 / 3-1-6:0.0137:0.02175:0.00803 / 6-5-1:0.0112:0.01699:0.00576 / 6-4-1:0.0110:0.01485:0.00384 / 6-3-1:0.0101:0.01382:0.00370,leakfree-2026-06,,0.6329 0.1005 0.0697 0.0563 0.1005 0.0401,grade=2|a1=4|a12=6|c1cls=1|p1m=0.6329|p1k=0.5176
2026-09-22,若松,7,△中,14,1-4-6 / 1-6-4 / 1-6-5 / 1-4-5 / 6-1-4 / 4-1-6 / 1-5-6 / 1-5-4 / 6-1-5 / 4-1-5 / 5-1-6 / 5-1-4 / 6-4-1 / 4-6-1,0.0442,1号前田 翔,4号竹下 大樹,6号濱野 斗馬,4.0,4.0,,,,,,model_new(old),1:1.6|2:5.4|3:5.1|4:6.4|5:15.0|6:8.4,1-4-6:0.0442:0.06521:0.02103 / 1-6-4:0.0441:0.06386:0.01973 / 1-6-5:0.0298:0.03825:0.00842 / 1-4-5:0.0292:0.04099:0.01178 / 6-1-4:0.0261:0.03766:0.01161 / 4-1-6:0.0260:0.03879:0.01276 / 1-5-6:0.0254:0.03313:0.00775 / 1-5-4:0.0246:0.03477:0.01017 / 6-1-5:0.0176:0.02256:0.00495 / 4-1-5:0.0172:0.02439:0.00715 / 5-1-6:0.0140:0.01836:0.00437 / 5-1-4:0.0135:0.01927:0.00574 / 6-4-1:0.0126:0.01918:0.00654 / 4-6-1:0.0126:0.01934:0.00674,leakfree-2026-06,,0.6854 0.0761 0.0761 0.0829 0.0464 0.0331,grade=2|a1=6|a12=6|c1cls=1|p1m=0.6854|p1k=0.4636
2026-09-22,福岡,7,△中,12,1-6-4 / 6-1-4 / 1-4-6 / 6-4-1 / 4-6-1 / 4-1-6 / 1-6-2 / 1-6-5 / 1-2-6 / 6-1-2 / 1-5-6 / 6-1-5,0.0506,1号浅見 昌克,4号高倉 和士,6号山下 夏鈴,7.0,7.0,,,,,,model_new(old),1:1.4|2:15.2|3:9.1|4:2.4|5:45.7|6:22.8,1-6-4:0.0506:0.07413:0.02353 / 6-1-4:0.0391:0.05079:0.01166 / 1-4-6:0.0279:0.08778:0.05987 / 6-4-1:0.0260:0.03390:0.00785 / 4-6-1:0.0257:0.03664:0.01091 / 4-1-6:0.0238:0.06502:0.04122 / 1-6-2:0.0179:0.02161:0.00372 / 1-6-5:0.0151:0.01637:0.00124 / 1-2-6:0.0134:0.01723:0.00385 / 6-1-2:0.0130:0.01481:0.00184 / 1-5-6:0.0114:0.01264:0.00119 / 6-1-5:0.0106:0.01122:0.00061,leakfree-2026-06,1-4-2:0.0303:0.12008:0.08980,0.5271 0.0837 0.0684 0.2662 0.0281 0.0266,grade=5|a1=1|a12=2|c1cls=2|p1m=0.5271|p1k=0.5205
2026-09-22,福岡,8,△中,12,1-4-6 / 1-6-4 / 1-4-5 / 1-5-4 / 1-6-5 / 1-5-6 / 1-6-3 / 4-1-6 / 1-6-2 / 6-1-4 / 1-3-6 / 1-2-6,0.0339,1号今垣 光太郎,4号間庭 菜摘,3号尾崎 雄二,7.0,7.0,,,,,,model_new(old),1:1.1|2:15.7|3:4.8|4:7.8|5:28.8|6:43.3,1-4-6:0.0339:0.04695:0.01303 / 1-6-4:0.0308:0.04072:0.00988 / 1-4-5:0.0237:0.04333:0.01959 / 1-5-4:0.0217:0.03696:0.01527 / 1-6-5:0.0206:0.02324:0.00268 / 1-5-6:0.0201:0.02287:0.00275 / 1-6-3:0.0196:0.03568:0.01606 / 4-1-6:0.0129:0.01768:0.00482 / 1-6-2:0.0124:0.01733:0.00491 / 6-1-4:0.0114:0.01473:0.00337 / 1-3-6:0.0112:0.03919:0.02797 / 1-2-6:0.0108:0.01624:0.00542,leakfree-2026-06,1-4-5:0.0444:0.06395:0.01959 / 1-5-4:0.0372:0.05251:0.01527,0.6973 0.04 0.0919 0.1002 0.0561 0.0145,grade=5|a1=1|a12=2|c1cls=1|p1m=0.6973|p1k=0.6650
2026-09-22,福岡,9,⚠高(荒),13,1-3-6 / 1-6-3 / 1-6-2 / 1-2-6 / 1-6-4 / 1-4-6 / 1-6-5 / 1-5-6 / 3-1-6 / 6-1-3 / 6-1-2 / 2-1-6 / 6-1-4,0.0403,1号今井 貴士,3号中村 栄治,2号黒柳 浩孝,7.0,7.0,,,,,,model_new(old),1:1.2|2:6.1|3:9.6|4:6.7|5:13.5|6:67.5,1-3-6:0.0403:0.04506:0.00472 / 1-6-3:0.0391:0.04295:0.00386 / 1-6-2:0.0324:0.03844:0.00607 / 1-2-6:0.0303:0.03898:0.00872 / 1-6-4:0.0260:0.03152:0.00553 / 1-4-6:0.0228:0.03039:0.00761 / 1-6-5:0.0203:0.02300:0.00274 / 1-5-6:0.0178:0.02091:0.00312 / 3-1-6:0.0158:0.01777:0.00193 / 6-1-3:0.0152:0.01670:0.00147 / 6-1-2:0.0126:0.01494:0.00232 / 2-1-6:0.0115:0.01522:0.00375 / 6-1-4:0.0101:0.01225:0.00211,leakfree-2026-06,1-2-3:0.0360:0.09726:0.06130 / 1-3-2:0.0283:0.08049:0.05219,0.6842 0.1173 0.0759 0.0828 0.0277 0.012,grade=5|a1=0|a12=4|c1cls=2|p1m=0.6842|p1k=0.6221
2026-09-22,福岡,10,△中,10,1-6-4 / 6-1-4 / 1-4-6 / 4-1-6 / 6-4-1 / 4-6-1 / 1-6-5 / 6-1-5 / 1-6-2 / 6-1-2,0.0529,1号吉川 昭男,6号鶴田 勇雄,4号畑 竜生,7.0,7.0,,,,,,model_new(old),1:1.2|2:11.1|3:8.7|4:5.3|5:13.6|6:11.1,1-6-4:0.0529:0.09199:0.03911 / 6-1-4:0.0389:0.05564:0.01676 / 1-4-6:0.0352:0.08480:0.04958 / 4-1-6:0.0267:0.04968:0.02299 / 6-4-1:0.0192:0.02627:0.00704 / 4-6-1:0.0178:0.02545:0.00762 / 1-6-5:0.0172:0.03245:0.01524 / 6-1-5:0.0131:0.01963:0.00653 / 1-6-2:0.0127:0.03133:0.01868 / 6-1-2:0.0109:0.01895:0.00800,leakfree-2026-06,1-2-4:0.0840:0.12310:0.03911 / 1-4-2:0.0735:0.12310:0.04958 / 1-2-3:0.0615:0.08531:0.02383 / 1-3-2:0.0490:0.07412:0.02517 / 1-4-3:0.0221:0.08531:0.06325 / 1-3-4:0.0214:0.07412:0.05271,0.7595 0.0793 0.0549 0.0793 0.0155 0.0115,grade=5|a1=0|a12=4|c1cls=2|p1m=0.7595|p1k=0.5992
2026-09-22,福岡,11,△中,12,6-1-3 / 1-6-2 / 6-1-2 / 6-3-1 / 3-6-1 / 3-1-6 / 1-6-3 / 1-2-6 / 2-1-6 / 6-2-1 / 1-6-5 / 2-6-1,0.0255,1号市橋 卓士,6号杉山 裕也,3号川島 圭司,7.0,7.0,,,,,,model_new(old),1:1.1|2:14.2|3:5.9|4:9.5|5:47.5|6:14.2,6-1-3:0.0255:0.04274:0.01726 / 1-6-2:0.0215:0.04248:0.02095 / 6-1-2:0.0205:0.02769:0.00717 / 6-3-1:0.0179:0.02366:0.00572 / 3-6-1:0.0172:0.02342:0.00620 / 3-1-6:0.0157:0.04138:0.02566 / 1-6-3:0.0151:0.06556:0.05042 / 1-2-6:0.0151:0.03601:0.02095 / 2-1-6:0.0146:0.02174:0.00717 / 6-2-1:0.0119:0.01410:0.00218 / 1-6-5:0.0111:0.01741:0.00626 / 2-6-1:0.0109:0.01306:0.00218,leakfree-2026-06,1-3-6:0.0359:0.10500:0.06912 / 1-3-5:0.0306:0.05129:0.02066 / 1-6-3:0.0219:0.07232:0.05042,0.6646 0.0557 0.1497 0.0321 0.0321 0.0658,grade=5|a1=1|a12=5|c1cls=1|p1m=0.6646|p1k=0.6755
2026-09-22,福岡,12,✅低(堅),12,1-4-6 / 1-6-4 / 1-4-5 / 1-6-5 / 1-5-6 / 1-5-4 / 1-6-3 / 1-3-6 / 6-1-4 / 4-1-6 / 1-5-3 / 6-1-5,0.0431,1号井口 佳典,4号松田 祐季,6号高倉 和士,7.0,7.0,,,,,,model_new(old),1:1.8|2:7.3|3:4.8|4:4.5|5:9.1|6:8.4,1-4-6:0.0431:0.06683:0.02377 / 1-6-4:0.0419:0.06200:0.02015 / 1-4-5:0.0308:0.05279:0.02194 / 1-6-5:0.0302:0.04014:0.00996 / 1-5-6:0.0277:0.03755:0.00983 / 1-5-4:0.0275:0.04581:0.01835 / 1-6-3:0.0198:0.03870:0.01889 / 1-3-6:0.0141:0.03588:0.02175 / 6-1-4:0.0126:0.02564:0.01301 / 4-1-6:0.0115:0.02828:0.01675 / 1-5-3:0.0114:0.02859:0.01720 / 6-1-5:0.0102:0.01660:0.00644,leakfree-2026-06,1-3-4:0.0704:0.11103:0.04061 / 1-4-3:0.0579:0.09948:0.04159 / 1-3-5:0.0421:0.06217:0.02008 / 1-3-2:0.0371:0.06217:0.02503 / 1-5-3:0.0302:0.04745:0.01720,0.7023 0.0473 0.1066 0.0844 0.0473 0.0122,grade=5|a1=6|a12=6|c1cls=1|p1m=0.7023|p1k=0.4109
2026-09-23,三国,1,✅低(堅),8,1-5-6 / 1-6-5 / 5-1-6 / 6-1-5 / 1-5-3 / 1-5-4 / 5-6-1 / 6-5-1,0.0846,1号北中 元樹,5号金児 隆太,6号常盤 海心,1.0,1.0,,,,,,model_new(old),1:1.3|2:4.1|3:10.9|4:13.5|5:6.9|6:17.6,1-5-6:0.0846:0.10064:0.01608 / 1-6-5:0.0586:0.07216:0.01353 / 5-1-6:0.0428:0.05078:0.00796 / 6-1-5:0.0265:0.03275:0.00625 / 1-5-3:0.0187:0.04468:0.02597 / 1-5-4:0.0148:0.03574:0.02097 / 5-6-1:0.0130:0.01614:0.00315 / 6-5-1:0.0116:0.01452:0.00294,leakfree-2026-06,1-5-2:0.1399:0.20890:0.06903 / 1-2-5:0.0826:0.17020:0.08762 / 5-1-2:0.0503:0.08450:0.03416,0.6604 0.1198 0.0318 0.0137 0.1605 0.0137,grade=5|a1=1|a12=1|c1cls=1|p1m=0.6604|p1k=0.5571
2026-09-23,三国,2,△中,11,1-2-3 / 1-5-2 / 1-3-2 / 3-1-2 / 5-1-2 / 1-2-5 / 1-5-3 / 1-3-5 / 3-2-1 / 5-1-3 / 3-1-5,0.0572,1号松尾 昂明,2号茅原 悠紀,5号中本 大樹,1.0,1.0,,,,,,model_new(old),1:4.9|2:1.0|3:28.7|4:62.3|5:8.3|6:41.5,1-2-3:0.0572:0.07898:0.02174 / 1-5-2:0.0427:0.05639:0.01367 / 1-3-2:0.0414:0.04507:0.00366 / 3-1-2:0.0276:0.03081:0.00321 / 5-1-2:0.0267:0.03951:0.01278 / 1-2-5:0.0194:0.09459:0.07518 / 1-5-3:0.0185:0.01894:0.00048 / 1-3-5:0.0177:0.01813:0.00044 / 3-2-1:0.0170:0.02718:0.01021 / 5-1-3:0.0128:0.01327:0.00045 / 3-1-5:0.0120:0.01239:0.00039,leakfree-2026-06,1-2-3:0.0729:0.09468:0.02174 / 1-2-5:0.0644:0.13955:0.07518 / 1-5-2:0.0421:0.05574:0.01367 / 2-1-3:0.0361:0.10118:0.06505 / 1-3-2:0.0317:0.03533:0.00366,0.3782 0.4181 0.0759 0.0087 0.1118 0.0074,grade=5|a1=1|a12=2|c1cls=2|p1m=0.3782|p1k=0.1458
2026-09-23,三国,3,✅低(堅),6,1-4-6 / 1-6-4 / 1-4-3 / 1-6-3 / 1-3-4 / 1-3-6,0.0444,1号小坂 尚哉,4号竹田 広樹,3号大久保 信一郎,1.0,1.0,,,,,,model_new(old),1:1.1|2:14.7|3:7.3|4:6.7|5:14.7|6:13.5,1-4-6:0.0444:0.08586:0.04151 / 1-6-4:0.0344:0.06856:0.03412 / 1-4-3:0.0269:0.10369:0.07676 / 1-6-3:0.0146:0.04588:0.03131 / 1-3-4:0.0132:0.08734:0.07414 / 1-3-6:0.0116:0.04839:0.03679,leakfree-2026-06,1-3-4:0.1628:0.23696:0.07414 / 1-4-3:0.0875:0.16425:0.07676,0.8387 0.0117 0.0809 0.0453 0.0117 0.0117,grade=5|a1=1|a12=2|c1cls=1|p1m=0.8387|p1k=0.6468
2026-09-23,三国,4,✅低(堅),4,1-5-2 / 5-1-2 / 1-2-5 / 1-5-6,0.0267,1号庄司 孝輔,5号丸尾 義孝,2号伊藤 啓三,1.0,1.0,,,,,,model_new(old),1:1.2|2:7.8|3:15.1|4:12.3|5:5.1|6:16.4,1-5-2:0.0267:0.11214:0.08548 / 5-1-2:0.0165:0.05541:0.03892 / 1-2-5:0.0161:0.08720:0.07114 / 1-5-6:0.0105:0.05117:0.04065,leakfree-2026-06,1-2-3:0.0386:0.06262:0.02403 / 1-2-4:0.0331:0.06262:0.02950 / 1-3-2:0.0303:0.05111:0.02084,0.6869 0.1042 0.0572 0.0572 0.0825 0.0119,grade=5|a1=1|a12=3|c1cls=2|p1m=0.6869|p1k=0.6100
2026-09-23,三国,5,✅低(堅),3,1-3-6 / 1-6-3 / 3-1-6,0.0610,1号末永 由楽,6号田中 和也,3号秋山 広一,1.0,1.0,,,,,,model_new(old),1:1.4|2:17.3|3:5.2|4:18.5|5:23.1|6:3.3,1-3-6:0.0610:0.16330:0.10233 / 1-6-3:0.0409:0.17580:0.13495 / 3-1-6:0.0185:0.07525:0.05678,leakfree-2026-06,1-3-6:0.1469:0.24923:0.10233 / 1-3-2:0.0431:0.06265:0.01952 / 3-1-6:0.0419:0.09865:0.05678 / 1-6-3:0.0317:0.16666:0.13495,0.674 0.0257 0.1764 0.0099 0.0117 0.1023,grade=5|a1=1|a12=3|c1cls=2|p1m=0.6740|p1k=0.5234
2026-09-23,びわこ,1,🌊最高(大荒),20,5-3-1 / 3-5-1 / 5-3-4 / 5-3-2 / 5-3-6 / 3-1-5 / 5-1-3 / 5-4-3 / 5-2-3 / 5-6-3 / 3-5-4 / 5-4-1 / 3-5-2 / 3-5-6 / 5-6-1 / 4-5-3 / 1-3-5 / 2-5-3 / 6-5-3 / 4-5-1,0.0298,5号山崎 郡,1号前川 守嗣,3号石川 諒,2.0,2.0,,,,,,model_new(old),1:1.3|2:7.0|3:63.0|4:63.0|5:2.5|6:63.0,5-3-1:0.0298:0.03380:0.00397 / 3-5-1:0.0242:0.02704:0.00283 / 5-3-4:0.0179:0.01795:0.00008 / 5-3-2:0.0171:0.01782:0.00074 / 5-3-6:0.0170:0.01707:0.00008 / 3-1-5:0.0163:0.02091:0.00465 / 5-1-3:0.0157:0.03533:0.01965 / 5-4-3:0.0157:0.01575:0.00008 / 5-2-3:0.0148:0.01562:0.00085 / 5-6-3:0.0148:0.01485:0.00008 / 3-5-4:0.0143:0.01436:0.00006 / 5-4-1:0.0138:0.01773:0.00397 / 3-5-2:0.0137:0.01426:0.00053 / 3-5-6:0.0136:0.01366:0.00006 / 5-6-1:0.0127:0.01671:0.00397 / 4-5-3:0.0116:0.01164:0.00006 / 1-3-5:0.0109:0.02146:0.01059 / 2-5-3:0.0109:0.01153:0.00067 / 6-5-3:0.0109:0.01091:0.00006 / 4-5-1:0.0103:0.01310:0.00283,leakfree-2026-06,1-5-3:0.0585:0.09046:0.03194 / 5-1-3:0.0559:0.07555:0.01965 / 1-3-5:0.0558:0.06640:0.01059 / 3-1-5:0.0430:0.04768:0.00465 / 5-3-1:0.0397:0.04371:0.00397 / 3-5-1:0.0348:0.03758:0.00283,0.3971 0.079 0.1604 0.0753 0.2781 0.0101,grade=4|a1=1|a12=2|c1cls=3|p1m=0.3971|p1k=0.5657
2026-09-23,徳山,1,△中,6,6-1-4 / 4-1-6 / 1-6-4 / 1-4-6 / 6-4-1 / 4-6-1,0.0142,1号是澤 孝宏,6号八木 治樹,4号籾山 佳岳,1.0,1.0,,,,,,model_new(old),1:1.3|2:7.1|3:7.6|4:11.4|5:9.5|6:9.5,6-1-4:0.0142:0.02340:0.00923 / 4-1-6:0.0136:0.02239:0.00877 / 1-6-4:0.0131:0.03304:0.01996 / 1-4-6:0.0129:0.03210:0.01923 / 6-4-1:0.0110:0.01476:0.00374 / 4-6-1:0.0108:0.01454:0.00369,leakfree-2026-06,1-4-2:0.0988:0.12452:0.02574 / 1-2-4:0.0956:0.12452:0.02892 / 1-4-3:0.0623:0.08630:0.02404 / 1-3-4:0.0483:0.07473:0.02644 / 1-2-3:0.0429:0.08630:0.04337 / 1-3-2:0.0323:0.07473:0.04246,0.7362 0.0885 0.0613 0.0885 0.0128 0.0128,grade=5|a1=0|a12=1|c1cls=2|p1m=0.7362|p1k=0.5741
2026-09-23,徳山,2,△中,9,4-3-1 / 3-4-1 / 4-1-3 / 3-4-5 / 4-3-5 / 3-4-2 / 4-5-3 / 3-5-4 / 4-3-2,0.0228,3号三浦 敬太,1号照屋 厚仁,4号山崎 裕司,1.0,1.0,,,,,,model_new(old),1:1.9|2:19.6|3:2.9|4:6.1|5:4.7|6:19.6,4-3-1:0.0228:0.04492:0.02210 / 3-4-1:0.0223:0.04835:0.02607 / 4-1-3:0.0151:0.04329:0.02817 / 3-4-5:0.0148:0.02530:0.01054 / 4-3-5:0.0146:0.02350:0.00893 / 3-4-2:0.0106:0.01316:0.00253 / 4-5-3:0.0104:0.01815:0.00772 / 3-5-4:0.0102:0.02139:0.01119 / 4-3-2:0.0101:0.01223:0.00214,leakfree-2026-06,1-4-3:0.0493:0.08982:0.04057 / 1-3-4:0.0417:0.09757:0.05590,0.5181 0.057 0.1793 0.1532 0.0823 0.0101,grade=5|a1=1|a12=4|c1cls=2|p1m=0.5181|p1k=0.3899
2026-09-23,徳山,3,✅低(堅),4,1-6-4 / 1-4-6 / 6-1-4 / 4-1-6,0.1051,1号嶋 義信,6号岡部 大輝,4号出畑 孝典,2.0,2.0,,,,,,model_new(old),1:1.1|2:10.2|3:11.5|4:8.0|5:61.7|6:6.6,1-6-4:0.1051:0.18477:0.07967 / 1-4-6:0.0845:0.15817:0.07368 / 6-1-4:0.0385:0.06932:0.03081 / 4-1-6:0.0294:0.05732:0.02790,leakfree-2026-06,1-4-3:0.0741:0.11640:0.04229 / 1-3-4:0.0462:0.08439:0.03817 / 1-4-6:0.0427:0.11640:0.07368,0.7522 0.0298 0.0517 0.1056 0.0091 0.0517,grade=5|a1=1|a12=3|c1cls=1|p1m=0.7522|p1k=0.6555
2026-09-23,徳山,4,△中,23,1-5-4 / 1-4-5 / 1-5-3 / 5-1-4 / 1-3-5 / 4-1-5 / 1-4-3 / 1-3-4 / 1-5-6 / 5-1-3 / 1-4-6 / 1-6-5 / 1-5-2 / 3-1-5 / 5-4-1 / 4-1-3 / 4-5-1 / 1-6-4 / 5-1-6 / 3-1-4 / 1-3-6 / 4-1-6 / 1-6-3,0.0339,1号片岡 大地,5号向井田 佑紀,4号谷川 祐一,2.0,2.0,,,,,,model_new(old),1:3.0|2:1.3|3:16.7|4:10.1|5:13.0|6:58.5,1-5-4:0.0339:0.03583:0.00194 / 1-4-5:0.0323:0.03433:0.00198 / 1-5-3:0.0251:0.02630:0.00117 / 5-1-4:0.0235:0.02502:0.00155 / 1-3-5:0.0221:0.02328:0.00115 / 4-1-5:0.0218:0.02346:0.00161 / 1-4-3:0.0207:0.02223:0.00155 / 1-3-4:0.0190:0.02053:0.00148 / 1-5-6:0.0188:0.01910:0.00033 / 5-1-3:0.0174:0.01837:0.00094 / 1-4-6:0.0157:0.01614:0.00044 / 1-6-5:0.0157:0.01599:0.00031 / 1-5-2:0.0144:0.02942:0.01506 / 3-1-5:0.0143:0.01525:0.00091 / 5-4-1:0.0141:0.01531:0.00124 / 4-1-3:0.0139:0.01519:0.00126 / 4-5-1:0.0137:0.01498:0.00126 / 1-6-4:0.0137:0.01410:0.00041 / 5-1-6:0.0131:0.01334:0.00027 / 3-1-4:0.0123:0.01345:0.00117 / 1-3-6:0.0107:0.01094:0.00026 / 4-1-6:0.0107:0.01103:0.00036 / 1-6-3:0.0101:0.01035:0.00025,leakfree-2026-06,1-4-2:0.0675:0.08735:0.01985 / 4-1-2:0.0422:0.05831:0.01615 / 1-4-3:0.0312:0.03279:0.00155,0.4553 0.205 0.0769 0.1839 0.0652 0.0136,grade=5|a1=1|a12=2|c1cls=2|p1m=0.4553|p1k=0.2459
2026-09-23,徳山,5,⚠高(荒),12,1-6-4 / 6-1-4 / 1-4-6 / 4-1-6 / 6-4-1 / 4-6-1 / 6-1-3 / 6-1-2 / 1-6-3 / 6-3-1 / 6-1-5 / 6-2-1,0.0732,1号山田 佑樹,6号植田 太一,4号四宮 与寛,1.0,1.0,,,,,,model_new(old),1:1.0|2:7.4|3:15.6|4:8.2|5:31.3|6:26.1,1-6-4:0.0732:0.09754:0.02429 / 6-1-4:0.0678:0.07481:0.00703 / 1-4-6:0.0511:0.08288:0.03183 / 4-1-6:0.0491:0.05895:0.00981 / 6-4-1:0.0420:0.04397:0.00202 / 4-6-1:0.0386:0.04077:0.00215 / 6-1-3:0.0197:0.02339:0.00369 / 6-1-2:0.0178:0.02559:0.00779 / 1-6-3:0.0177:0.03050:0.01277 / 6-3-1:0.0102:0.01125:0.00101 / 6-1-5:0.0101:0.01198:0.00184 / 6-2-1:0.0101:0.01240:0.00226,leakfree-2026-06,,0.6405 0.1098 0.0537 0.1311 0.0112 0.0537,grade=5|a1=1|a12=3|c1cls=3|p1m=0.6405|p1k=0.7187
2026-09-23,戸田,1,🌊最高(大荒),12,1-4-6 / 1-6-4 / 1-4-2 / 4-1-6 / 1-6-2 / 6-1-4 / 4-1-2 / 6-1-2 / 4-6-1 / 6-4-1 / 1-2-6 / 1-2-4,0.0385,1号伊藤 雄二,2号中里 昌志,4号山本 景士郎,2.0,1.0,,,,,,model_new(old),1:2.7|2:1.7|3:5.6|4:9.4|5:37.8|6:12.6,1-4-6:0.0385:0.04125:0.00271 / 1-6-4:0.0360:0.03860:0.00263 / 1-4-2:0.0329:0.05305:0.02011 / 4-1-6:0.0291:0.03127:0.00214 / 1-6-2:0.0271:0.04169:0.01455 / 6-1-4:0.0262:0.02823:0.00203 / 4-1-2:0.0244:0.04022:0.01584 / 6-1-2:0.0193:0.03049:0.01122 / 4-6-1:0.0189:0.02051:0.00160 / 6-4-1:0.0182:0.01979:0.00157 / 1-2-6:0.0126:0.04613:0.03349 / 1-2-4:0.0100:0.05493:0.04490,leakfree-2026-06,,0.2968 0.2968 0.195 0.195 0.0075 0.0089,grade=5|a1=0|a12=0|c1cls=3|p1m=0.2968|p1k=0.2745
2026-09-23,戸田,2,△中,19,1-2-3 / 1-3-4 / 1-3-2 / 1-4-6 / 1-4-3 / 1-2-6 / 1-6-4 / 1-6-2 / 2-1-3 / 3-1-2 / 3-1-4 / 1-3-6 / 1-6-3 / 1-3-5 / 1-2-5 / 1-5-3 / 1-5-2 / 4-1-6 / 2-1-6,0.0303,1号松尾 拓,4号金田 諭,2号片岡 雅裕,2.0,1.0,,,,,,model_new(old),1:1.8|2:4.1|3:26.5|4:2.1|5:31.8|6:159.0,1-2-3:0.0303:0.03887:0.00862 / 1-3-4:0.0299:0.04217:0.01226 / 1-3-2:0.0292:0.03549:0.00628 / 1-4-6:0.0217:0.02657:0.00485 / 1-4-3:0.0206:0.04966:0.02908 / 1-2-6:0.0194:0.02080:0.00144 / 1-6-4:0.0182:0.02021:0.00196 / 1-6-2:0.0160:0.01701:0.00100 / 2-1-3:0.0151:0.02127:0.00620 / 3-1-2:0.0149:0.01870:0.00380 / 3-1-4:0.0148:0.02223:0.00742 / 1-3-6:0.0139:0.01410:0.00016 / 1-6-3:0.0125:0.01262:0.00016 / 1-3-5:0.0124:0.01323:0.00081 / 1-2-5:0.0123:0.01952:0.00719 / 1-5-3:0.0110:0.01176:0.00080 / 1-5-2:0.0107:0.01584:0.00519 / 4-1-6:0.0105:0.01495:0.00441 / 2-1-6:0.0103:0.01138:0.00103,leakfree-2026-06,1-2-3:0.0450:0.05361:0.00862 / 1-4-3:0.0398:0.06888:0.02908 / 1-3-4:0.0373:0.04957:0.01226 / 1-3-2:0.0361:0.04236:0.00628,0.6042 0.1361 0.0671 0.1592 0.0245 0.009,grade=5|a1=1|a12=3|c1cls=2|p1m=0.6042|p1k=0.4112
2026-09-23,戸田,3,⚠高(荒),16,1-6-2 / 1-6-3 / 6-1-2 / 1-2-6 / 6-1-3 / 2-1-6 / 6-2-1 / 2-6-1 / 1-6-4 / 1-2-3 / 6-1-4 / 1-6-5 / 1-4-6 / 1-3-6 / 2-1-3 / 6-1-5,0.0282,1号飯田 庄吾,6号田中 信一郎,3号下寺 秀和,2.0,1.0,,,,,,model_new(old),1:9.7|2:7.3|3:1.2|4:11.8|5:35.6|6:6.6,1-6-2:0.0282:0.02943:0.00120 / 1-6-3:0.0263:0.03359:0.00728 / 6-1-2:0.0252:0.02644:0.00124 / 1-2-6:0.0250:0.02618:0.00118 / 6-1-3:0.0226:0.03018:0.00757 / 2-1-6:0.0206:0.02184:0.00121 / 6-2-1:0.0193:0.02054:0.00129 / 2-6-1:0.0178:0.01907:0.00127 / 1-6-4:0.0151:0.01582:0.00074 / 1-2-3:0.0151:0.02156:0.00649 / 6-1-4:0.0134:0.01421:0.00077 / 1-6-5:0.0124:0.01260:0.00025 / 1-4-6:0.0117:0.01243:0.00070 / 1-3-6:0.0115:0.03114:0.01964 / 2-1-3:0.0113:0.01799:0.00667 / 6-1-5:0.0111:0.01132:0.00026,leakfree-2026-06,1-2-3:0.0507:0.05720:0.00649 / 2-1-3:0.0492:0.05590:0.00667 / 1-3-2:0.0416:0.05935:0.01775 / 2-3-1:0.0360:0.05590:0.01994,0.2745 0.2576 0.2745 0.0562 0.0562 0.081,grade=5|a1=2|a12=3|c1cls=3|p1m=0.2745|p1k=0.0771
2026-09-23,戸田,4,🌊最高(大荒),10,1-2-6 / 1-6-2 / 1-2-3 / 2-1-6 / 1-3-2 / 1-6-3 / 1-3-6 / 6-1-2 / 1-2-5 / 6-1-3,0.0272,1号豊田 訓靖,2号笠置 博之,3号杉村 賢也,2.0,1.0,,,,,,model_new(old),1:4.2|2:2.6|3:3.0|4:10.1|5:8.6|6:5.5,1-2-6:0.0272:0.04227:0.01511 / 1-6-2:0.0239:0.03569:0.01182 / 1-2-3:0.0212:0.04894:0.02770 / 2-1-6:0.0176:0.03495:0.01739 / 1-3-2:0.0174:0.04331:0.02588 / 1-6-3:0.0166:0.02689:0.01025 / 1-3-6:0.0159:0.02818:0.01223 / 6-1-2:0.0156:0.02684:0.01126 / 1-2-5:0.0118:0.02149:0.00966 / 6-1-3:0.0105:0.02022:0.00976,leakfree-2026-06,,0.2062 0.301 0.2062 0.0868 0.1341 0.0656,grade=5|a1=2|a12=3|c1cls=3|p1m=0.2062|p1k=0.1760
2026-09-23,江戸川,1,🌊最高(大荒),9,1-3-5 / 1-5-3 / 3-1-5 / 1-5-4 / 5-1-3 / 1-4-5 / 1-3-4 / 1-5-2 / 5-1-4,0.0303,1号増田 進,3号松本 庸平,5号山口 隆史,3.0,5.0,,,,,,model_new(old),1:2.2|2:3.3|3:4.7|4:4.3|5:9.5|6:19.0,1-3-5:0.0303:0.04220:0.01190 / 1-5-3:0.0288:0.03912:0.01031 / 3-1-5:0.0188:0.02820:0.00940 / 1-5-4:0.0187:0.02997:0.01126 / 5-1-3:0.0178:0.02521:0.00744 / 1-4-5:0.0161:0.02950:0.01339 / 1-3-4:0.0137:0.04002:0.02630 / 1-5-2:0.0132:0.02788:0.01468 / 5-1-4:0.0112:0.01931:0.00813,leakfree-2026-06,1-3-2:0.0393:0.07361:0.03427 / 1-2-3:0.0342:0.07361:0.03940,0.4057 0.2049 0.2049 0.12 0.0644 0.0001,grade=5|a1=0|a12=0|c1cls=3|p1m=0.4057|p1k=0.3340
2026-09-23,江戸川,2,⚠高(荒),0,,0.0000,1号坪内 実,3号室田 泰史,4号東口 晃,3.0,5.0,,,,,,model_new(old),1:2.3|2:2.3|3:2.9|4:0.0|5:6.5|6:0.0,,leakfree-2026-06,,0.2527 0.2527 0.2693 0.1344 0.0795 0.0115,grade=5|a1=0|a12=1|c1cls=3|p1m=0.2527|p1k=0.3178
2026-09-23,江戸川,3,🌊最高(大荒),22,1-6-5 / 1-5-6 / 6-1-5 / 5-1-6 / 1-6-3 / 1-3-6 / 1-6-2 / 1-5-2 / 1-5-3 / 6-1-3 / 6-5-1 / 5-6-1 / 1-3-5 / 3-1-6 / 5-1-3 / 6-1-2 / 5-1-2 / 3-1-5 / 6-3-1 / 3-6-1 / 5-3-1 / 1-6-4,0.0281,1号宮崎 奏磨,6号戸塚 邦好,5号森 雄利,3.0,5.0,,,,,,model_new(old),1:5.9|2:1.1|3:11.3|4:13.8|5:20.7|6:10.3,1-6-5:0.0281:0.02848:0.00042 / 1-5-6:0.0267:0.02714:0.00040 / 6-1-5:0.0233:0.02369:0.00040 / 5-1-6:0.0216:0.02193:0.00037 / 1-6-3:0.0213:0.02211:0.00077 / 1-3-6:0.0189:0.01971:0.00077 / 1-6-2:0.0184:0.02630:0.00795 / 1-5-2:0.0180:0.02176:0.00379 / 1-5-3:0.0179:0.01830:0.00037 / 6-1-3:0.0177:0.01840:0.00073 / 6-5-1:0.0175:0.01786:0.00036 / 5-6-1:0.0170:0.01734:0.00035 / 1-3-5:0.0167:0.01711:0.00038 / 3-1-6:0.0146:0.01527:0.00072 / 5-1-3:0.0144:0.01478:0.00034 / 6-1-2:0.0144:0.02188:0.00750 / 5-1-2:0.0141:0.01758:0.00345 / 3-1-5:0.0129:0.01326:0.00036 / 6-3-1:0.0125:0.01315:0.00068 / 3-6-1:0.0116:0.01224:0.00068 / 5-3-1:0.0104:0.01071:0.00031 / 1-6-4:0.0101:0.01073:0.00063,leakfree-2026-06,,0.1063 0.3626 0.2315 0.1063 0.0869 0.1063,grade=5|a1=1|a12=2|c1cls=4|p1m=0.1063|p1k=0.1224
2026-09-23,浜名湖,1,⚠高(荒),9,1-5-6 / 1-6-5 / 5-1-6 / 6-1-5 / 5-6-1 / 6-5-1 / 1-5-4 / 1-6-4 / 1-6-3,0.0540,1号加藤 翔,5号金子 萌,6号藤山 翔大,1.0,1.0,,,,,,model_new(old),1:2.1|2:5.1|3:4.7|4:7.7|5:4.4|6:8.8,1-5-6:0.0540:0.06982:0.01581 / 1-6-5:0.0467:0.06018:0.01346 / 5-1-6:0.0363:0.04859:0.01232 / 6-1-5:0.0296:0.03913:0.00953 / 5-6-1:0.0183:0.02623:0.00792 / 6-5-1:0.0173:0.02451:0.00720 / 1-5-4:0.0125:0.03058:0.01807 / 1-6-4:0.0114:0.01914:0.00769 / 1-6-3:0.0106:0.02322:0.01260,leakfree-2026-06,1-5-3:0.0618:0.09143:0.02960 / 1-5-2:0.0566:0.08386:0.02728 / 1-3-5:0.0399:0.06882:0.02895 / 1-2-5:0.0356:0.06165:0.02603 / 1-5-4:0.0331:0.05120:0.01807,0.5774 0.0865 0.0943 0.0528 0.1755 0.0136,grade=5|a1=0|a12=2|c1cls=3|p1m=0.5774|p1k=0.3512
2026-09-23,浜名湖,2,⚠高(荒),10,6-1-5 / 6-1-2 / 1-6-5 / 6-1-4 / 6-2-1 / 6-5-1 / 6-4-1 / 5-6-1 / 1-6-4 / 2-6-1,0.0246,1号吉田 翔悟,6号大須賀 友,2号川口 貴久,2.0,1.0,,,,,,model_new(old),1:1.5|2:5.6|3:5.1|4:13.5|5:21.6|6:5.4,6-1-5:0.0246:0.03200:0.00738 / 6-1-2:0.0217:0.05016:0.02846 / 1-6-5:0.0200:0.03265:0.01260 / 6-1-4:0.0181:0.02990:0.01181 / 6-2-1:0.0170:0.03135:0.01433 / 6-5-1:0.0153:0.01861:0.00328 / 6-4-1:0.0119:0.01725:0.00537 / 5-6-1:0.0108:0.01376:0.00293 / 1-6-4:0.0104:0.03052:0.02016 / 2-6-1:0.0100:0.02428:0.01425,leakfree-2026-06,,0.423 0.1788 0.1788 0.0915 0.0365 0.0915,grade=5|a1=1|a12=2|c1cls=3|p1m=0.4230|p1k=0.4950
2026-09-23,浜名湖,3,🌊最高(大荒),27,1-5-6 / 5-1-6 / 1-6-5 / 5-6-1 / 6-1-5 / 1-5-2 / 6-5-1 / 5-1-2 / 1-2-5 / 1-5-4 / 5-2-1 / 5-1-4 / 2-1-5 / 2-5-1 / 1-4-5 / 5-4-1 / 1-6-2 / 6-1-2 / 5-6-2 / 1-2-6 / 4-1-5 / 5-2-6 / 6-5-2 / 4-5-1 / 1-6-4 / 2-1-6 / 6-2-1,0.0217,1号武重 雄介,5号宮崎 心之介,6号前田 聖文,1.0,1.0,,,,,,model_new(old),1:2.3|2:10.5|3:1.7|4:15.1|5:15.1|6:10.5,1-5-6:0.0217:0.02438:0.00265 / 5-1-6:0.0212:0.02307:0.00188 / 1-6-5:0.0200:0.02276:0.00274 / 5-6-1:0.0187:0.02004:0.00134 / 6-1-5:0.0186:0.02055:0.00200 / 1-5-2:0.0180:0.02060:0.00265 / 6-5-1:0.0178:0.01913:0.00138 / 5-1-2:0.0176:0.01949:0.00188 / 1-2-5:0.0156:0.01835:0.00274 / 1-5-4:0.0152:0.01707:0.00184 / 5-2-1:0.0149:0.01621:0.00134 / 5-1-4:0.0148:0.01615:0.00131 / 2-1-5:0.0140:0.01604:0.00200 / 2-5-1:0.0136:0.01497:0.00138 / 1-4-5:0.0127:0.01458:0.00184 / 5-4-1:0.0120:0.01292:0.00091 / 1-6-2:0.0119:0.01584:0.00394 / 6-1-2:0.0114:0.01430:0.00287 / 5-6-2:0.0113:0.01164:0.00029 / 1-2-6:0.0112:0.01512:0.00394 / 4-1-5:0.0111:0.01237:0.00131 / 5-2-6:0.0108:0.01114:0.00029 / 6-5-2:0.0108:0.01111:0.00030 / 4-5-1:0.0107:0.01158:0.00091 / 1-6-4:0.0104:0.01313:0.00274 / 2-1-6:0.0103:0.01321:0.00287 / 6-2-1:0.0100:0.01203:0.00203,leakfree-2026-06,1-2-5:0.0461:0.04885:0.00274 / 1-5-2:0.0428:0.04547:0.00265 / 2-1-5:0.0403:0.04228:0.00200 / 5-1-2:0.0359:0.03774:0.00188 / 2-5-1:0.0309:0.03229:0.00138,0.3305 0.2265 0.104 0.104 0.1935 0.0415,grade=5|a1=2|a12=2|c1cls=3|p1m=0.3305|p1k=0.3230
2026-09-23,常滑,1,✅低(堅),12,1-5-6 / 1-5-2 / 1-6-5 / 1-2-5 / 1-5-3 / 1-6-2 / 5-1-6 / 1-2-6 / 5-1-2 / 1-6-3 / 1-3-6 / 6-1-5,0.0344,1号伊藤 将吉,5号中島 航,3号山口 広樹,2.0,1.0,,,,,,model_new(old),1:1.0|2:19.8|3:14.1|4:7.0|5:11.0|6:33.0,1-5-6:0.0344:0.05188:0.01751 / 1-5-2:0.0273:0.05649:0.02918 / 1-6-5:0.0271:0.04165:0.01452 / 1-2-5:0.0205:0.04614:0.02566 / 1-5-3:0.0170:0.05801:0.04098 / 1-6-2:0.0143:0.02237:0.00807 / 5-1-6:0.0143:0.01950:0.00521 / 1-2-6:0.0142:0.02276:0.00855 / 5-1-2:0.0125:0.02124:0.00869 / 1-6-3:0.0116:0.02297:0.01133 / 1-3-6:0.0107:0.02350:0.01279 / 6-1-5:0.0106:0.01474:0.00413,leakfree-2026-06,1-3-2:0.0608:0.08210:0.02132 / 1-2-3:0.0516:0.07159:0.02002 / 1-3-4:0.0218:0.08210:0.06030,0.7655 0.0526 0.0759 0.0526 0.0425 0.011,grade=5|a1=0|a12=1|c1cls=2|p1m=0.7655|p1k=0.7218
2026-09-23,常滑,2,⚠高(荒),13,1-6-4 / 1-6-2 / 1-6-3 / 1-4-6 / 1-2-6 / 6-1-4 / 6-1-2 / 1-4-3 / 4-1-6 / 1-3-4 / 1-2-4 / 1-4-2 / 2-1-6,0.0507,1号小川 知行,6号佐藤 博亮,3号天野 友和,2.0,1.0,,,,,,model_new(old),1:2.3|2:11.4|3:2.4|4:22.8|5:9.1|6:3.8,1-6-4:0.0507:0.05678:0.00610 / 1-6-2:0.0470:0.05925:0.01221 / 1-6-3:0.0373:0.09527:0.05798 / 1-4-6:0.0345:0.03904:0.00458 / 1-2-6:0.0314:0.04103:0.00964 / 6-1-4:0.0240:0.02917:0.00514 / 6-1-2:0.0201:0.03044:0.01029 / 1-4-3:0.0154:0.02268:0.00725 / 4-1-6:0.0144:0.01763:0.00321 / 1-3-4:0.0129:0.02554:0.01260 / 1-2-4:0.0126:0.01421:0.00161 / 1-4-2:0.0126:0.01410:0.00153 / 2-1-6:0.0116:0.01858:0.00700,leakfree-2026-06,1-3-2:0.0652:0.09037:0.02521 / 1-2-3:0.0647:0.07995:0.01526 / 1-3-4:0.0364:0.04899:0.01260 / 1-2-4:0.0321:0.03366:0.00161 / 2-1-3:0.0312:0.04227:0.01108,0.5408 0.1314 0.1692 0.0713 0.0095 0.0777,grade=5|a1=1|a12=2|c1cls=3|p1m=0.5408|p1k=0.3206
2026-09-23,常滑,3,🌊最高(大荒),11,1-5-4 / 1-4-5 / 5-1-4 / 5-4-1 / 4-1-5 / 4-5-1 / 1-5-3 / 5-1-3 / 1-5-2 / 1-3-5 / 5-1-2,0.0517,1号鹿島 敏弘,4号入海 馨,5号野末 智一,2.0,1.0,,,,,,model_new(old),1:2.5|2:6.0|3:7.8|4:1.7|5:11.2|6:213.0,1-5-4:0.0517:0.06929:0.01759 / 1-4-5:0.0432:0.08333:0.04015 / 5-1-4:0.0410:0.05432:0.01334 / 5-4-1:0.0272:0.04418:0.01693 / 4-1-5:0.0222:0.07190:0.04973 / 4-5-1:0.0210:0.04862:0.02764 / 1-5-3:0.0165:0.02037:0.00383 / 5-1-3:0.0131:0.01597:0.00291 / 1-5-2:0.0129:0.01793:0.00498 / 1-3-5:0.0121:0.01612:0.00401 / 5-1-2:0.0103:0.01405:0.00378,leakfree-2026-06,,0.3173 0.1811 0.1282 0.3034 0.0656 0.0044,grade=5|a1=1|a12=3|c1cls=3|p1m=0.3173|p1k=0.2905
2026-09-23,常滑,4,⚠高(荒),21,6-3-5 / 3-6-5 / 6-5-3 / 3-5-6 / 5-6-3 / 5-3-6 / 6-5-4 / 6-5-1 / 6-3-4 / 6-4-5 / 5-6-4 / 5-6-1 / 6-4-3 / 6-1-5 / 4-6-5 / 3-5-4 / 5-3-4 / 3-6-4 / 5-4-6 / 3-4-5 / 4-5-6,0.0293,6号和田 拓也,3号三村 岳人,5号阪本 勇介,2.0,1.0,,,,,,model_new(old),1:2.1|2:15.6|3:2.4|4:6.7|5:26.0|6:4.7,6-3-5:0.0293:0.03234:0.00301 / 3-6-5:0.0278:0.03151:0.00367 / 6-5-3:0.0260:0.02803:0.00198 / 3-5-6:0.0234:0.02640:0.00296 / 5-6-3:0.0231:0.02485:0.00172 / 5-3-6:0.0219:0.02402:0.00211 / 6-5-4:0.0149:0.01565:0.00071 / 6-5-1:0.0142:0.01643:0.00227 / 6-3-4:0.0141:0.02581:0.01170 / 6-4-5:0.0139:0.01472:0.00079 / 5-6-4:0.0133:0.01387:0.00062 / 5-6-1:0.0126:0.01457:0.00197 / 6-4-3:0.0125:0.02106:0.00855 / 6-1-5:0.0119:0.01565:0.00375 / 4-6-5:0.0118:0.01252:0.00075 / 3-5-4:0.0116:0.01366:0.00208 / 5-3-4:0.0110:0.01243:0.00148 / 3-6-4:0.0109:0.02515:0.01423 / 5-4-6:0.0107:0.01127:0.00058 / 3-4-5:0.0105:0.01288:0.00237 / 4-5-6:0.0102:0.01081:0.00064,leakfree-2026-06,,0.3192 0.0907 0.2995 0.1189 0.0527 0.1189,grade=5|a1=1|a12=3|c1cls=3|p1m=0.3192|p1k=0.3508
2026-09-23,常滑,5,✅低(堅),4,1-6-3 / 1-3-6 / 6-1-3 / 3-1-6,0.0471,1号中田 元泰,6号秋元 哲,3号荒木 颯斗,2.0,1.0,,,,,,model_new(old),1:1.3|2:0.0|3:5.2|4:5.2|5:0.0|6:5.2,1-6-3:0.0471:0.14232:0.09524 / 1-3-6:0.0461:0.14131:0.09524 / 6-1-3:0.0227:0.07033:0.04762 / 3-1-6:0.0221:0.06968:0.04762,leakfree-2026-06,1-3-6:0.0581:0.15335:0.09524,0.6576 0.0316 0.1721 0.0442 0.0155 0.079,grade=5|a1=1|a12=3|c1cls=2|p1m=0.6576|p1k=0.5714
2026-09-23,津,1,✅低(堅),8,1-2-6 / 1-6-2 / 1-6-4 / 1-4-6 / 2-1-6 / 1-6-5 / 6-1-2 / 1-5-6,0.0291,1号君島 秀三,2号森清 友翔,4号上之 晃弘,1.0,1.0,,,,,,model_new(old),1:1.0|2:8.5|3:25.5|4:8.5|5:12.7|6:51.0,1-2-6:0.0291:0.04671:0.01766 / 1-6-2:0.0248:0.03759:0.01276 / 1-6-4:0.0187:0.03149:0.01276 / 1-4-6:0.0187:0.03634:0.01766 / 2-1-6:0.0148:0.02001:0.00525 / 1-6-5:0.0117:0.02025:0.00854 / 6-1-2:0.0115:0.01505:0.00351 / 1-5-6:0.0104:0.02064:0.01026,leakfree-2026-06,,0.7644 0.0798 0.0326 0.0798 0.0319 0.0115,grade=5|a1=1|a12=1|c1cls=1|p1m=0.7644|p1k=0.7284
2026-09-23,津,2,⚠高(荒),5,1-3-6 / 1-6-3 / 1-3-2 / 1-3-4 / 3-1-6,0.0211,1号加藤 啓太,3号高山 智至,2号桂林 寛,1.0,1.0,,,,,,model_new(old),1:1.6|2:4.3|3:7.2|4:14.5|5:4.8|6:10.8,1-3-6:0.0211:0.03429:0.01317 / 1-6-3:0.0183:0.03051:0.01223 / 1-3-2:0.0136:0.04664:0.03308 / 1-3-4:0.0125:0.02235:0.00981 / 3-1-6:0.0112:0.01914:0.00796,leakfree-2026-06,1-3-2:0.0897:0.12275:0.03308 / 1-2-3:0.0758:0.11501:0.03917 / 3-1-2:0.0515:0.07147:0.01998 / 2-1-3:0.0398:0.06541:0.02561,0.5269 0.1681 0.1874 0.0351 0.0482 0.0344,grade=5|a1=0|a12=0|c1cls=3|p1m=0.5269|p1k=0.4574
2026-09-23,津,3,🌊最高(大荒),10,6-4-3 / 4-6-3 / 6-4-1 / 4-6-1 / 6-1-4 / 4-1-6 / 4-3-6 / 1-6-4 / 1-4-6 / 6-3-4,0.0237,6号大峯 豊,3号東 潤樹,4号中嶋 健一郎,1.0,1.0,,,,,,model_new(old),1:7.3|2:4.4|3:2.0|4:5.0|5:0.0|6:3.4,6-4-3:0.0237:0.04722:0.02354 / 4-6-3:0.0232:0.04484:0.02163 / 6-4-1:0.0200:0.02640:0.00645 / 4-6-1:0.0191:0.02507:0.00593 / 6-1-4:0.0159:0.02193:0.00601 / 4-1-6:0.0145:0.01953:0.00501 / 4-3-6:0.0141:0.04247:0.02839 / 1-6-4:0.0132:0.01843:0.00524 / 1-4-6:0.0125:0.01729:0.00476 / 6-3-4:0.0123:0.04836:0.03606,leakfree-2026-06,1-3-4:0.0439:0.05533:0.01145 / 1-4-3:0.0384:0.04647:0.00808 / 1-3-2:0.0366:0.04965:0.01301 / 3-1-4:0.0309:0.04723:0.01629 / 1-2-3:0.0308:0.04026:0.00944,0.3542 0.1497 0.2434 0.1668 0.0094 0.0766,grade=5|a1=1|a12=4|c1cls=3|p1m=0.3542|p1k=0.1008
2026-09-23,三国,6,🌊最高(大荒),17,2-6-4 / 4-2-6 / 6-2-4 / 2-4-6 / 4-6-2 / 6-4-2 / 6-2-3 / 2-6-3 / 4-6-3 / 6-4-3 / 6-3-2 / 4-3-6 / 6-3-4 / 3-6-2 / 2-3-6 / 3-2-6 / 2-6-5,0.0487,2号金田 智博,4号山田 雄太,6号大串 重幸,1.0,1.0,,,,,,model_new(old),1:5.8|2:1.5|3:7.0|4:3.7|5:33.5|6:16.7,2-6-4:0.0487:0.06807:0.01935 / 4-2-6:0.0485:0.06706:0.01852 / 6-2-4:0.0480:0.05818:0.01019 / 2-4-6:0.0452:0.07458:0.02940 / 4-6-2:0.0449:0.05233:0.00741 / 6-4-2:0.0436:0.04975:0.00620 / 6-2-3:0.0189:0.02431:0.00539 / 2-6-3:0.0182:0.02844:0.01023 / 4-6-3:0.0154:0.01704:0.00159 / 6-4-3:0.0149:0.01619:0.00133 / 6-3-2:0.0131:0.01602:0.00291 / 4-3-6:0.0122:0.01393:0.00173 / 6-3-4:0.0113:0.01248:0.00118 / 3-6-2:0.0108:0.01396:0.00311 / 2-3-6:0.0107:0.02255:0.01182 / 3-2-6:0.0101:0.01680:0.00666 / 2-6-5:0.0101:0.01222:0.00214,leakfree-2026-06,2-4-3:0.0806:0.15078:0.07014 / 2-3-4:0.0672:0.12057:0.05335 / 4-2-3:0.0444:0.08858:0.04419 / 3-2-4:0.0356:0.06563:0.03005,0.0433 0.5379 0.151 0.2134 0.0112 0.0433,grade=5|a1=0|a12=3|c1cls=4|p1m=0.0433|p1k=0.1285
2026-09-23,三国,7,🌊最高(大荒),21,6-1-2 / 1-6-2 / 6-2-1 / 6-1-3 / 6-1-5 / 2-6-1 / 1-6-5 / 1-6-3 / 6-3-1 / 6-1-4 / 6-5-1 / 1-6-4 / 1-5-6 / 3-6-1 / 5-6-1 / 6-2-3 / 6-4-1 / 6-2-5 / 5-1-6 / 6-3-2 / 6-5-2,0.0617,6号井手 良太,1号西岡 蒼志,2号一瀬 明,3.0,3.0,,,,,,model_new(old),1:1.6|2:2.6|3:4.9|4:18.5|5:25.5|6:20.4,6-1-2:0.0617:0.07141:0.00975 / 1-6-2:0.0453:0.06274:0.01743 / 6-2-1:0.0441:0.05132:0.00721 / 6-1-3:0.0345:0.03963:0.00517 / 6-1-5:0.0326:0.03363:0.00099 / 2-6-1:0.0282:0.03792:0.00970 / 1-6-5:0.0278:0.02954:0.00178 / 1-6-3:0.0256:0.03482:0.00925 / 6-3-1:0.0219:0.02505:0.00320 / 6-1-4:0.0208:0.02220:0.00137 / 6-5-1:0.0203:0.02079:0.00053 / 1-6-4:0.0171:0.01951:0.00245 / 1-5-6:0.0141:0.01580:0.00175 / 3-6-1:0.0136:0.01718:0.00363 / 5-6-1:0.0135:0.01406:0.00053 / 6-2-3:0.0125:0.01487:0.00235 / 6-4-1:0.0124:0.01317:0.00075 / 6-2-5:0.0122:0.01262:0.00045 / 5-1-6:0.0112:0.01217:0.00097 / 6-3-2:0.0111:0.01308:0.00197 / 6-5-2:0.0105:0.01086:0.00033,leakfree-2026-06,1-3-2:0.0575:0.15141:0.09393 / 1-2-3:0.0440:0.18688:0.14289 / 3-1-2:0.0327:0.09229:0.05961,0.5044 0.2455 0.187 0.023 0.0105 0.0296,grade=5|a1=1|a12=2|c1cls=3|p1m=0.5044|p1k=0.4609
2026-09-23,三国,8,⚠高(荒),0,,0.0000,1号山崎 昂介,6号北中 元樹,3号庄司 孝輔,1.0,1.0,,,,,,model_new(old),1:1.6|2:19.3|3:4.6|4:6.9|5:4.8|6:10.7,,leakfree-2026-06,1-3-4:0.0679:0.10902:0.04114 / 1-3-2:0.0463:0.06105:0.01471 / 1-4-3:0.0377:0.07367:0.03592 / 3-1-4:0.0327:0.05887:0.02622,0.5693 0.0521 0.2025 0.093 0.0521 0.0311,grade=5|a1=1|a12=3|c1cls=3|p1m=0.5693|p1k=0.4661
2026-09-23,三国,9,⚠高(荒),5,1-4-5 / 1-5-4 / 1-4-6 / 1-6-4 / 1-5-2,0.0131,1号金児 隆太,2号田中 和也,4号松尾 昂明,1.0,1.0,,,,,,model_new(old),1:1.3|2:2.6|3:18.7|4:11.2|5:28.1|6:18.7,1-4-5:0.0131:0.01850:0.00543 / 1-5-4:0.0120:0.01691:0.00493 / 1-4-6:0.0117:0.01987:0.00816 / 1-6-4:0.0108:0.01839:0.00764 / 1-5-2:0.0102:0.03145:0.02122,leakfree-2026-06,1-2-4:0.0663:0.19974:0.13340 / 1-2-5:0.0587:0.11185:0.05317 / 1-4-2:0.0450:0.10368:0.05866 / 1-5-2:0.0306:0.05183:0.02122,0.641 0.2126 0.0151 0.077 0.0431 0.0111,grade=5|a1=1|a12=3|c1cls=3|p1m=0.6410|p1k=0.5551
2026-09-23,びわこ,2,⚠高(荒),14,1-4-5 / 4-1-5 / 1-4-6 / 4-1-6 / 1-5-4 / 4-5-1 / 5-1-4 / 1-6-4 / 5-4-1 / 1-4-2 / 4-1-2 / 4-6-1 / 6-1-4 / 6-4-1,0.0327,1号鈴木 秀茉,4号青木 玄太,5号永田 秀二,3.0,3.0,,,,,,model_new(old),1:2.6|2:11.7|3:2.1|4:3.7|5:9.6|6:32.8,1-4-5:0.0327:0.04460:0.01191 / 4-1-5:0.0315:0.04212:0.01065 / 1-4-6:0.0250:0.02844:0.00348 / 4-1-6:0.0237:0.02685:0.00312 / 1-5-4:0.0213:0.03089:0.00961 / 4-5-1:0.0196:0.02722:0.00759 / 5-1-4:0.0161:0.02355:0.00745 / 1-6-4:0.0157:0.01825:0.00259 / 5-4-1:0.0154:0.02198:0.00658 / 1-4-2:0.0145:0.02424:0.00977 / 4-1-2:0.0142:0.02289:0.00874 / 4-6-1:0.0141:0.01616:0.00207 / 6-1-4:0.0114:0.01326:0.00190 / 6-4-1:0.0107:0.01244:0.00169,leakfree-2026-06,1-4-3:0.0794:0.13380:0.05443 / 4-1-3:0.0498:0.09850:0.04867 / 1-3-4:0.0384:0.11571:0.07729,0.4472 0.0506 0.2016 0.2491 0.0409 0.0106,grade=4|a1=1|a12=3|c1cls=3|p1m=0.4472|p1k=0.2846
2026-09-23,びわこ,3,✅低(堅),9,1-4-6 / 1-6-4 / 4-1-6 / 6-1-4 / 4-6-1 / 6-4-1 / 1-4-3 / 4-1-3 / 1-6-3,0.0371,1号木下 雄介,4号加藤 政彦,6号中島 孝平,2.0,2.0,,,,,,model_new(old),1:1.6|2:2.5|3:12.2|4:7.5|5:49.1|6:8.9,1-4-6:0.0371:0.05189:0.01483 / 1-6-4:0.0350:0.04934:0.01434 / 4-1-6:0.0305:0.03949:0.00895 / 6-1-4:0.0281:0.03657:0.00851 / 4-6-1:0.0212:0.02610:0.00488 / 6-4-1:0.0206:0.02541:0.00480 / 1-4-3:0.0114:0.02225:0.01082 / 4-1-3:0.0104:0.01693:0.00653 / 1-6-3:0.0100:0.01882:0.00882,leakfree-2026-06,1-4-2:0.0737:0.12655:0.05280 / 1-2-4:0.0417:0.13499:0.09325,0.5878 0.1623 0.0417 0.1457 0.0108 0.0516,grade=4|a1=2|a12=3|c1cls=2|p1m=0.5878|p1k=0.4552
2026-09-23,びわこ,4,△中,17,1-5-2 / 1-2-5 / 1-5-4 / 5-1-2 / 1-4-5 / 1-5-6 / 1-5-3 / 5-1-4 / 2-1-5 / 5-1-6 / 1-2-4 / 4-1-5 / 5-1-3 / 5-2-1 / 1-4-2 / 1-3-5 / 2-5-1,0.0552,1号渡邉 英児,5号川原 涼,2号加倉 侑征,3.0,3.0,,,,,,model_new(old),1:1.7|2:7.2|3:7.6|4:23.0|5:13.8|6:2.7,1-5-2:0.0552:0.06371:0.00850 / 1-2-5:0.0426:0.05201:0.00941 / 1-5-4:0.0386:0.04126:0.00266 / 5-1-2:0.0331:0.03813:0.00505 / 1-4-5:0.0281:0.03064:0.00255 / 1-5-6:0.0258:0.04845:0.02266 / 1-5-3:0.0231:0.03117:0.00805 / 5-1-4:0.0231:0.02469:0.00158 / 2-1-5:0.0228:0.02867:0.00591 / 5-1-6:0.0155:0.02900:0.01348 / 1-2-4:0.0147:0.02039:0.00565 / 4-1-5:0.0147:0.01620:0.00148 / 5-1-3:0.0139:0.01865:0.00479 / 5-2-1:0.0137:0.01673:0.00305 / 1-4-2:0.0137:0.01855:0.00489 / 1-3-5:0.0134:0.02224:0.00881 / 2-5-1:0.0122:0.01541:0.00322,leakfree-2026-06,1-2-3:0.0350:0.05214:0.01709 / 1-3-2:0.0313:0.04824:0.01689,0.6065 0.11 0.0871 0.0488 0.0604 0.0871,grade=4|a1=1|a12=3|c1cls=2|p1m=0.6065|p1k=0.4373
2026-09-23,びわこ,5,✅低(堅),12,1-2-6 / 1-2-3 / 1-3-2 / 1-6-2 / 1-3-6 / 1-6-3 / 1-6-4 / 1-4-6 / 1-3-4 / 2-1-6 / 2-1-3 / 3-1-2,0.0338,1号尾上 雅也,4号寺田 祥,2号澤崎 雄哉,2.0,2.0,,,,,,model_new(old),1:1.1|2:11.1|3:20.1|4:3.8|5:25.1|6:50.2,1-2-6:0.0338:0.04075:0.00690 / 1-2-3:0.0332:0.05038:0.01722 / 1-3-2:0.0329:0.04842:0.01554 / 1-6-2:0.0314:0.03718:0.00580 / 1-3-6:0.0309:0.03436:0.00344 / 1-6-3:0.0294:0.03262:0.00320 / 1-6-4:0.0282:0.04510:0.01695 / 1-4-6:0.0156:0.05317:0.03761 / 1-3-4:0.0133:0.05874:0.04539 / 2-1-6:0.0107:0.01318:0.00249 / 2-1-3:0.0101:0.01630:0.00622 / 3-1-2:0.0101:0.01552:0.00544,leakfree-2026-06,1-3-4:0.0777:0.12313:0.04539 / 1-4-3:0.0753:0.16925:0.09393 / 1-3-2:0.0349:0.05044:0.01554,0.7351 0.0505 0.0701 0.1232 0.0105 0.0105,grade=4|a1=2|a12=3|c1cls=1|p1m=0.7351|p1k=0.6627
2026-09-23,宮島,1,⚠高(荒),7,1-3-5 / 1-3-4 / 1-5-3 / 1-4-5 / 1-5-4 / 1-4-3 / 1-3-6,0.0281,1号三嶌 さらら,4号菅野 はやか,3号水野 望美,2.0,3.0,,,,,,model_new(old),1:1.4|2:9.8|3:5.9|4:4.9|5:12.4|6:15.2,1-3-5:0.0281:0.05407:0.02595 / 1-3-4:0.0250:0.09070:0.06568 / 1-5-3:0.0242:0.04589:0.02169 / 1-4-5:0.0208:0.05467:0.03384 / 1-5-4:0.0201:0.04624:0.02612 / 1-4-3:0.0199:0.09101:0.07111 / 1-3-6:0.0108:0.03196:0.02117,leakfree-2026-06,1-3-2:0.0622:0.09503:0.03284 / 1-2-3:0.0510:0.07957:0.02858,0.6149 0.0984 0.1451 0.078 0.054 0.0096,grade=4|a1=0|a12=0|c1cls=3|p1m=0.6149|p1k=0.5345
2026-09-23,宮島,2,🌊最高(大荒),9,1-2-5 / 1-5-2 / 1-2-6 / 1-2-4 / 1-6-2 / 2-1-5 / 2-1-6 / 1-5-6 / 1-4-2,0.0839,1号豊田 結,2号冨名腰 桃奈,5号岩崎 麗子,2.0,2.0,,,,,,model_new(old),1:1.3|2:5.3|3:7.2|4:12.2|5:6.3|6:19.9,1-2-5:0.0839:0.14631:0.06244 / 1-5-2:0.0501:0.10851:0.05837 / 1-2-6:0.0410:0.06077:0.01977 / 1-2-4:0.0264:0.05860:0.03224 / 1-6-2:0.0225:0.03743:0.01495 / 2-1-5:0.0206:0.05276:0.03221 / 2-1-6:0.0117:0.02191:0.01020 / 1-5-6:0.0104:0.02591:0.01555 / 1-4-2:0.0101:0.03594:0.02583,leakfree-2026-06,1-2-3:0.1639:0.21855:0.05464 / 2-1-3:0.0841:0.11230:0.02818 / 1-2-5:0.0599:0.12238:0.06244 / 1-3-2:0.0458:0.09473:0.04896 / 2-1-5:0.0307:0.06289:0.03221,0.6148 0.2503 0.0739 0.0107 0.0414 0.0091,grade=4|a1=0|a12=0|c1cls=3|p1m=0.6148|p1k=0.5543
2026-09-23,宮島,3,✅低(堅),11,1-6-5 / 1-5-6 / 1-6-2 / 1-2-6 / 1-5-2 / 1-6-4 / 1-6-3 / 6-1-5 / 5-1-6 / 1-4-6 / 6-1-2,0.1102,1号後藤 美翼,6号高木 茉白,5号樫葉 新心,1.0,2.0,,,,,,model_new(old),1:1.0|2:8.5|3:7.5|4:22.7|5:11.3|6:27.3,1-6-5:0.1102:0.12436:0.01416 / 1-5-6:0.1004:0.11681:0.01638 / 1-6-2:0.0713:0.09012:0.01883 / 1-2-6:0.0521:0.07594:0.02387 / 1-5-2:0.0213:0.07388:0.05261 / 1-6-4:0.0189:0.02591:0.00705 / 1-6-3:0.0188:0.04012:0.02134 / 6-1-5:0.0177:0.02204:0.00430 / 5-1-6:0.0154:0.02055:0.00517 / 1-4-6:0.0111:0.01831:0.00719 / 6-1-2:0.0103:0.01597:0.00572,leakfree-2026-06,1-3-2:0.0594:0.15101:0.09165 / 1-2-3:0.0487:0.13555:0.08690,0.8444 0.0469 0.058 0.0121 0.0266 0.0121,grade=4|a1=0|a12=1|c1cls=2|p1m=0.8444|p1k=0.7041
2026-09-23,宮島,4,⚠高(荒),13,1-5-3 / 5-1-3 / 1-5-4 / 1-3-5 / 1-4-5 / 1-5-6 / 5-1-4 / 3-1-5 / 5-3-1 / 1-6-5 / 3-5-1 / 5-1-6 / 4-1-5,0.0520,1号山崎 小葉音,5号西岡 育未,3号中谷 朋子,2.0,3.0,,,,,,model_new(old),1:1.3|2:5.3|3:3.8|4:13.8|5:12.8|6:55.5,1-5-3:0.0520:0.08581:0.03382 / 5-1-3:0.0337:0.04970:0.01600 / 1-5-4:0.0298:0.03912:0.00931 / 1-3-5:0.0297:0.08100:0.05134 / 1-4-5:0.0205:0.02968:0.00922 / 1-5-6:0.0193:0.02161:0.00232 / 5-1-4:0.0183:0.02266:0.00441 / 3-1-5:0.0176:0.04588:0.02827 / 5-3-1:0.0146:0.02286:0.00828 / 1-6-5:0.0132:0.01527:0.00208 / 3-5-1:0.0127:0.02235:0.00964 / 5-1-6:0.0114:0.01251:0.00110 / 4-1-5:0.0110:0.01535:0.00434,leakfree-2026-06,1-3-5:0.0625:0.11383:0.05134 / 1-3-4:0.0425:0.09014:0.04762 / 3-1-5:0.0419:0.07018:0.02827 / 1-5-3:0.0358:0.06966:0.03382,0.5315 0.0524 0.2402 0.0755 0.0954 0.005,grade=4|a1=0|a12=1|c1cls=3|p1m=0.5315|p1k=0.5535
2026-09-23,宮島,5,🌊最高(大荒),13,1-6-4 / 6-1-4 / 6-1-2 / 1-4-6 / 6-4-1 / 4-1-6 / 4-6-1 / 6-2-1 / 1-6-2 / 6-1-5 / 2-6-1 / 6-1-3 / 1-6-5,0.1078,1号小林 愛実,6号喜井 つかさ,4号笠野 友紀恵,2.0,3.0,,,,,,model_new(old),1:1.0|2:11.1|3:33.3|4:66.7|5:33.3|6:33.3,1-6-4:0.1078:0.11952:0.01169 / 6-1-4:0.0939:0.09585:0.00196 / 6-1-2:0.0646:0.07638:0.01176 / 1-4-6:0.0495:0.06024:0.01071 / 6-4-1:0.0368:0.03709:0.00028 / 4-1-6:0.0347:0.03647:0.00177 / 4-6-1:0.0277:0.02800:0.00028 / 6-2-1:0.0267:0.02856:0.00181 / 1-6-2:0.0250:0.09525:0.07023 / 6-1-5:0.0229:0.02681:0.00392 / 2-6-1:0.0192:0.02108:0.00191 / 6-1-3:0.0119:0.01578:0.00392 / 1-6-5:0.0100:0.03343:0.02341,leakfree-2026-06,1-3-4:0.0523:0.06402:0.01169 / 1-4-3:0.0456:0.05630:0.01071 / 1-3-6:0.0406:0.06402:0.02341 / 1-6-3:0.0329:0.05630:0.02341,0.6122 0.0798 0.1233 0.087 0.0107 0.087,grade=4|a1=0|a12=1|c1cls=3|p1m=0.6122|p1k=0.8367
2026-09-23,徳山,6,⚠高(荒),12,1-4-6 / 4-1-6 / 1-6-4 / 4-6-1 / 6-1-4 / 6-4-1 / 4-1-2 / 1-4-2 / 1-4-5 / 4-1-5 / 1-5-4 / 4-5-1,0.0541,1号梅原 祥平,4号向後 龍一,6号石川 真二,3.0,3.0,,,,,,model_new(old),1:3.1|2:1.7|3:9.6|4:4.9|5:77.2|6:7.7,1-4-6:0.0541:0.06137:0.00723 / 4-1-6:0.0513:0.05777:0.00649 / 1-6-4:0.0372:0.04386:0.00664 / 4-6-1:0.0329:0.03822:0.00527 / 6-1-4:0.0286:0.03418:0.00560 / 6-4-1:0.0267:0.03164:0.00496 / 4-1-2:0.0223:0.05167:0.02940 / 1-4-2:0.0221:0.05488:0.03276 / 1-4-5:0.0196:0.02033:0.00072 / 4-1-5:0.0185:0.01913:0.00065 / 1-5-4:0.0116:0.01216:0.00059 / 4-5-1:0.0103:0.01072:0.00047,leakfree-2026-06,1-4-2:0.0481:0.08085:0.03276 / 1-4-3:0.0420:0.04779:0.00580 / 1-4-6:0.0388:0.04602:0.00723 / 4-1-2:0.0376:0.06698:0.02940 / 4-1-3:0.0344:0.03959:0.00521 / 4-1-6:0.0316:0.03812:0.00649,0.3986 0.1458 0.0862 0.274 0.0125 0.083,grade=5|a1=1|a12=3|c1cls=3|p1m=0.3986|p1k=0.2369
2026-09-23,徳山,7,⚠高(荒),12,6-1-3 / 3-1-6 / 6-3-1 / 3-6-1 / 1-6-3 / 1-6-5 / 6-1-5 / 1-3-6 / 6-1-4 / 6-4-1 / 1-5-6 / 4-6-1,0.0292,1号岡谷 健吾,6号高田 明,3号清水 攻二,3.0,3.0,,,,,,model_new(old),1:1.0|2:37.1|3:8.2|4:5.3|5:37.1|6:18.5,6-1-3:0.0292:0.03856:0.00934 / 3-1-6:0.0263:0.03839:0.01208 / 6-3-1:0.0232:0.02599:0.00274 / 3-6-1:0.0231:0.02595:0.00288 / 1-6-3:0.0210:0.05146:0.03045 / 1-6-5:0.0147:0.02140:0.00673 / 6-1-5:0.0140:0.01604:0.00206 / 1-3-6:0.0139:0.05132:0.03742 / 6-1-4:0.0118:0.02627:0.01445 / 6-4-1:0.0117:0.01620:0.00448 / 1-5-6:0.0108:0.01704:0.00626 / 4-6-1:0.0101:0.01509:0.00497,leakfree-2026-06,,0.5414 0.0482 0.16 0.1873 0.0343 0.0288,grade=5|a1=1|a12=3|c1cls=3|p1m=0.5414|p1k=0.7049
2026-09-23,徳山,8,🌊最高(大荒),11,5-1-3 / 5-3-1 / 1-5-3 / 3-5-1 / 3-1-5 / 1-3-5 / 5-2-3 / 5-3-2 / 2-5-3 / 3-5-2 / 5-2-1,0.0260,1号冨田 秀幸,5号江夏 満,2号照屋 厚仁,3.0,3.0,,,,,,model_new(old),1:1.6|2:3.0|3:10.0|4:8.3|5:5.7|6:150.7,5-1-3:0.0260:0.03813:0.01213 / 5-3-1:0.0217:0.02797:0.00626 / 1-5-3:0.0215:0.04103:0.01954 / 3-5-1:0.0186:0.02453:0.00589 / 3-1-5:0.0169:0.02693:0.01005 / 1-3-5:0.0158:0.03305:0.01722 / 5-2-3:0.0142:0.01847:0.00425 / 5-3-2:0.0139:0.01727:0.00334 / 2-5-3:0.0121:0.01696:0.00491 / 3-5-2:0.0120:0.01514:0.00314 / 5-2-1:0.0108:0.03739:0.02659,leakfree-2026-06,,0.2893 0.2341 0.1847 0.1847 0.1071 0.0001,grade=5|a1=1|a12=3|c1cls=3|p1m=0.2893|p1k=0.4593
2026-09-23,徳山,9,△中,3,1-3-4 / 3-1-4 / 3-4-1,0.1258,1号四宮 与寛,3号山崎 裕司,4号山田 祐也,3.0,3.0,,,,,,model_new(old),1:1.5|2:0.0|3:21.7|4:1.5|5:0.0|6:0.0,1-3-4:0.1258:0.15706:0.03125 / 3-1-4:0.0738:0.09048:0.01670 / 3-4-1:0.0124:0.02911:0.01670,leakfree-2026-06,1-3-4:0.0954:0.12662:0.03125 / 3-1-4:0.0407:0.05741:0.01670,0.6118 0.0735 0.1437 0.1368 0.0294 0.0049,grade=5|a1=1|a12=3|c1cls=2|p1m=0.6118|p1k=0.4833
2026-09-23,福岡,1,✅低(堅),6,1-2-3 / 1-3-5 / 1-2-5 / 1-5-3 / 1-5-2 / 1-3-2,0.0462,1号高橋 竜矢,3号大塚 雅治,2号渡辺 豊,2.0,2.0,,,,,,model_new(old),1:1.0|2:13.8|3:5.0|4:14.6|5:83.2|6:62.4,1-2-3:0.0462:0.14299:0.09675 / 1-3-5:0.0292:0.05740:0.02816 / 1-2-5:0.0245:0.03031:0.00581 / 1-5-3:0.0218:0.03515:0.01333 / 1-5-2:0.0187:0.02350:0.00483 / 1-3-2:0.0113:0.18105:0.16976,leakfree-2026-06,1-3-5:0.1205:0.14862:0.02816 / 1-5-3:0.1008:0.11408:0.01333 / 1-5-2:0.0615:0.06634:0.00483 / 1-2-5:0.0605:0.06634:0.00581,0.8419 0.0386 0.0663 0.01 0.0386 0.0046,grade=5|a1=1|a12=1|c1cls=1|p1m=0.8419|p1k=0.7305
2026-09-23,福岡,2,🌊最高(大荒),17,6-3-2 / 6-2-3 / 3-6-2 / 6-3-1 / 6-1-3 / 6-2-5 / 6-5-2 / 3-6-1 / 1-6-3 / 6-3-5 / 3-2-6 / 6-5-3 / 6-1-5 / 5-6-2 / 6-3-4 / 6-5-1 / 3-6-5,0.0283,6号吉川 昭男,2号今井 貴士,3号木山 誠一,2.0,2.0,,,,,,model_new(old),1:4.1|2:1.2|3:18.9|4:13.5|5:47.2|6:6.7,6-3-2:0.0283:0.03166:0.00333 / 6-2-3:0.0264:0.03634:0.00996 / 3-6-2:0.0214:0.02445:0.00309 / 6-3-1:0.0190:0.01996:0.00098 / 6-1-3:0.0183:0.01948:0.00116 / 6-2-5:0.0181:0.02212:0.00399 / 6-5-2:0.0160:0.01732:0.00130 / 3-6-1:0.0145:0.01542:0.00090 / 1-6-3:0.0136:0.01482:0.00126 / 6-3-5:0.0132:0.01330:0.00008 / 3-2-6:0.0121:0.01956:0.00742 / 6-5-3:0.0119:0.01196:0.00008 / 6-1-5:0.0114:0.01186:0.00047 / 5-6-2:0.0114:0.01254:0.00118 / 6-3-4:0.0109:0.01118:0.00030 / 6-5-1:0.0105:0.01092:0.00038 / 3-6-5:0.0102:0.01027:0.00008,leakfree-2026-06,,0.3388 0.3158 0.0993 0.0993 0.0556 0.0911,grade=5|a1=0|a12=2|c1cls=3|p1m=0.3388|p1k=0.1774
2026-09-23,桐生,1,⚠高(荒),15,1-5-3 / 1-5-4 / 5-1-3 / 1-3-5 / 1-4-5 / 3-1-5 / 5-1-4 / 5-3-1 / 4-1-5 / 1-3-2 / 1-2-3 / 3-5-1 / 1-5-6 / 1-3-4 / 1-4-3,0.0574,1号山下 流心,5号田中 辰彦,2号藤生 雄人,0.0,0.0,,,,,,model_new(old),1:3.3|2:3.5|3:41.8|4:11.9|5:1.7|6:13.9,1-5-3:0.0574:0.06379:0.00640 / 1-5-4:0.0399:0.06235:0.02250 / 5-1-3:0.0359:0.04468:0.00878 / 1-3-5:0.0354:0.03829:0.00290 / 1-4-5:0.0265:0.03729:0.01080 / 3-1-5:0.0193:0.02163:0.00229 / 5-1-4:0.0128:0.04368:0.03085 / 5-3-1:0.0124:0.01790:0.00549 / 4-1-5:0.0121:0.02102:0.00894 / 1-3-2:0.0118:0.01323:0.00141 / 1-2-3:0.0117:0.01363:0.00189 / 3-5-1:0.0113:0.01444:0.00317 / 1-5-6:0.0107:0.02999:0.01926 / 1-3-4:0.0105:0.01096:0.00041 / 1-4-3:0.0105:0.01092:0.00044,leakfree-2026-06,,0.3092 0.1975 0.0628 0.1671 0.2503 0.0131,grade=5|a1=0|a12=2|c1cls=3|p1m=0.3092|p1k=0.2233
2026-09-23,桐生,2,⚠高(荒),8,1-5-2 / 1-2-5 / 5-1-2 / 5-2-1 / 1-5-4 / 1-4-5 / 5-1-4 / 2-1-5,0.0345,1号西澤 日花里,2号松尾 夏海,5号高石 梨菜,1.0,1.0,,,,,,model_new(old),1:3.3|2:1.5|3:12.8|4:6.9|5:8.1|6:16.3,1-5-2:0.0345:0.05223:0.01772 / 1-2-5:0.0319:0.07320:0.04131 / 5-1-2:0.0275:0.04271:0.01518 / 5-2-1:0.0176:0.04218:0.02458 / 1-5-4:0.0148:0.01867:0.00385 / 1-4-5:0.0128:0.01669:0.00394 / 5-1-4:0.0120:0.01527:0.00330 / 2-1-5:0.0101:0.07252:0.06244,leakfree-2026-06,,0.2331 0.3869 0.0733 0.1597 0.1364 0.0106,grade=5|a1=0|a12=1|c1cls=3|p1m=0.2331|p1k=0.2200
2026-09-23,桐生,3,🌊最高(大荒),25,1-6-3 / 6-1-3 / 6-3-1 / 1-3-6 / 3-6-1 / 1-6-5 / 1-6-2 / 6-1-2 / 3-1-6 / 6-1-5 / 1-5-6 / 6-2-1 / 5-1-6 / 6-5-1 / 1-2-6 / 2-6-1 / 5-6-1 / 6-3-2 / 2-1-6 / 6-3-5 / 3-6-5 / 6-2-3 / 3-6-2 / 6-5-3 / 3-5-6,0.0186,1号藤本 元輝,3号篠田 優也,6号大澤 普司,0.0,0.0,,,,,,model_new(old),1:2.4|2:2.9|3:2.8|4:9.6|5:11.5|6:28.8,1-6-3:0.0186:0.02326:0.00464 / 6-1-3:0.0184:0.02165:0.00329 / 6-3-1:0.0169:0.01999:0.00308 / 1-3-6:0.0164:0.02366:0.00726 / 3-6-1:0.0161:0.02022:0.00409 / 1-6-5:0.0159:0.01699:0.00113 / 1-6-2:0.0157:0.02016:0.00448 / 6-1-2:0.0156:0.01877:0.00317 / 3-1-6:0.0155:0.02228:0.00682 / 6-1-5:0.0150:0.01582:0.00080 / 1-5-6:0.0145:0.01572:0.00120 / 6-2-1:0.0136:0.01659:0.00294 / 5-1-6:0.0130:0.01386:0.00088 / 6-5-1:0.0128:0.01339:0.00058 / 1-2-6:0.0127:0.01955:0.00686 / 2-6-1:0.0124:0.01623:0.00385 / 5-6-1:0.0121:0.01268:0.00061 / 6-3-2:0.0116:0.01410:0.00255 / 2-1-6:0.0114:0.01781:0.00637 / 6-3-5:0.0112:0.01188:0.00064 / 3-6-5:0.0112:0.01203:0.00085 / 6-2-3:0.0110:0.01350:0.00252 / 3-6-2:0.0109:0.01427:0.00338 / 6-5-3:0.0104:0.01090:0.00050 / 3-5-6:0.0103:0.01119:0.00090,leakfree-2026-06,,0.2944 0.2762 0.2762 0.0347 0.0837 0.0347,grade=5|a1=2|a12=3|c1cls=3|p1m=0.2944|p1k=0.3099
2026-09-23,桐生,4,🌊最高(大荒),10,1-3-4 / 3-1-4 / 1-4-3 / 4-1-3 / 3-4-1 / 4-3-1 / 1-3-6 / 1-4-2 / 1-3-2 / 1-2-4,0.0756,1号島倉 都,3号藤原 菜希,4号福島 陽子,0.0,0.0,,,,,,model_new(old),1:4.0|2:3.1|3:1.8|4:9.9|5:24.8|6:12.4,1-3-4:0.0756:0.09299:0.01735 / 3-1-4:0.0546:0.07861:0.02402 / 1-4-3:0.0506:0.06001:0.00945 / 4-1-3:0.0329:0.04119:0.00833 / 3-4-1:0.0222:0.04102:0.01886 / 4-3-1:0.0213:0.03330:0.01199 / 1-3-6:0.0178:0.03162:0.01385 / 1-4-2:0.0150:0.02051:0.00549 / 1-3-2:0.0147:0.07006:0.05539 / 1-2-4:0.0121:0.01912:0.00705,leakfree-2026-06,3-1-4:0.0393:0.06334:0.02402 / 1-3-2:0.0372:0.09262:0.05539 / 1-3-4:0.0369:0.05422:0.01735 / 3-1-2:0.0315:0.10820:0.07669,0.285 0.1959 0.3879 0.1147 0.0076 0.0089,grade=5|a1=0|a12=2|c1cls=3|p1m=0.2850|p1k=0.1852
2026-09-23,桐生,5,△中,19,1-5-6 / 1-6-5 / 1-5-3 / 1-5-4 / 5-1-6 / 1-3-5 / 1-4-5 / 5-1-3 / 5-1-4 / 6-1-5 / 1-5-2 / 1-6-3 / 3-1-5 / 1-3-6 / 1-6-4 / 4-1-5 / 5-6-1 / 1-4-6 / 6-5-1,0.0498,1号吉田 慎二郎,5号奈須 啓太,6号武田 光史,0.0,0.0,,,,,,model_new(old),1:3.3|2:1.5|3:18.1|4:16.1|5:5.1|6:13.2,1-5-6:0.0498:0.05343:0.00365 / 1-6-5:0.0381:0.04127:0.00320 / 1-5-3:0.0374:0.04008:0.00266 / 1-5-4:0.0348:0.03778:0.00299 / 5-1-6:0.0308:0.03414:0.00331 / 1-3-5:0.0270:0.02928:0.00229 / 1-4-5:0.0248:0.02734:0.00259 / 5-1-3:0.0232:0.02561:0.00242 / 5-1-4:0.0214:0.02414:0.00272 / 6-1-5:0.0209:0.02358:0.00263 / 1-5-2:0.0164:0.04854:0.03211 / 1-6-3:0.0146:0.01554:0.00090 / 3-1-5:0.0144:0.01629:0.00185 / 1-3-6:0.0138:0.01470:0.00088 / 1-6-4:0.0136:0.01465:0.00101 / 4-1-5:0.0130:0.01515:0.00211 / 5-6-1:0.0129:0.01556:0.00262 / 1-4-6:0.0127:0.01373:0.00100 / 6-5-1:0.0115:0.01391:0.00237,leakfree-2026-06,1-5-4:0.0454:0.04838:0.00299 / 1-4-5:0.0403:0.04284:0.00259,0.5105 0.1333 0.0591 0.1055 0.1495 0.0421,grade=5|a1=1|a12=4|c1cls=2|p1m=0.5105|p1k=0.2230
2026-09-23,桐生,6,✅低(堅),10,1-5-3 / 1-5-6 / 1-3-5 / 1-6-5 / 1-5-2 / 1-3-6 / 1-2-5 / 1-6-3 / 1-6-2 / 1-2-6,0.0333,1号櫻本 あゆみ,3号樋口 由加里,5号嶋田 有里,0.0,0.0,,,,,,model_new(old),1:1.1|2:13.7|3:6.2|4:9.8|5:9.8|6:19.6,1-5-3:0.0333:0.08978:0.05644 / 1-5-6:0.0274:0.04528:0.01785 / 1-3-5:0.0267:0.09335:0.06663 / 1-6-5:0.0227:0.03843:0.01578 / 1-5-2:0.0226:0.04813:0.02554 / 1-3-6:0.0183:0.05160:0.03332 / 1-2-5:0.0176:0.04134:0.02376 / 1-6-3:0.0172:0.04212:0.02494 / 1-6-2:0.0113:0.02258:0.01128 / 1-2-6:0.0110:0.02285:0.01188,leakfree-2026-06,1-3-2:0.0663:0.11400:0.04766 / 1-2-3:0.0474:0.08498:0.03756 / 1-3-5:0.0474:0.11400:0.06663 / 1-5-3:0.0285:0.08498:0.05644,0.6771 0.0737 0.1371 0.0294 0.0737 0.009,grade=5|a1=1|a12=1|c1cls=1|p1m=0.6771|p1k=0.6501
2026-09-23,浜名湖,7,✅低(堅),9,6-1-3 / 6-1-5 / 6-3-1 / 3-6-1 / 6-1-2 / 1-6-5 / 3-1-6 / 5-1-6 / 6-5-1,0.0266,1号有賀 達也,6号下條 雄太郎,3号小坂 宗司,2.0,1.0,,,,,,model_new(old),1:1.0|2:24.1|3:7.4|4:32.2|5:16.1|6:10.7,6-1-3:0.0266:0.05362:0.02704 / 6-1-5:0.0199:0.03232:0.01243 / 6-3-1:0.0170:0.02339:0.00643 / 3-6-1:0.0154:0.02209:0.00665 / 6-1-2:0.0130:0.02125:0.00830 / 1-6-5:0.0114:0.05488:0.04345 / 3-1-6:0.0105:0.04359:0.03307 / 5-1-6:0.0105:0.02138:0.01087 / 6-5-1:0.0103:0.01307:0.00278,leakfree-2026-06,1-6-2:0.0402:0.06927:0.02903 / 1-6-3:0.0292:0.12371:0.09453,0.7024 0.0411 0.0733 0.0181 0.0411 0.124,grade=5|a1=1|a12=3|c1cls=2|p1m=0.7024|p1k=0.7335
2026-09-23,浜名湖,8,△中,7,1-2-4 / 2-1-4 / 1-4-2 / 4-1-2 / 2-4-1 / 4-2-1 / 1-2-6,0.0704,1号江本 真治,4号角谷 健吾,2号下河 誉史,2.0,1.0,,,,,,model_new(old),1:1.2|2:21.0|3:8.4|4:3.0|5:0.0|6:21.0,1-2-4:0.0704:0.10540:0.03498 / 2-1-4:0.0452:0.05955:0.01437 / 1-4-2:0.0430:0.12458:0.08163 / 4-1-2:0.0321:0.07480:0.04267 / 2-4-1:0.0229:0.03006:0.00718 / 4-2-1:0.0228:0.03194:0.00914 / 1-2-6:0.0141:0.01913:0.00500,leakfree-2026-06,1-2-4:0.1191:0.15406:0.03498 / 1-4-2:0.1089:0.19051:0.08163 / 2-1-4:0.0444:0.05882:0.01437 / 4-1-2:0.0338:0.07644:0.04267,0.6615 0.1134 0.032 0.1565 0.0268 0.0098,grade=5|a1=0|a12=2|c1cls=2|p1m=0.6615|p1k=0.6034
2026-09-23,浜名湖,9,✅低(堅),9,1-6-3 / 1-3-6 / 6-1-3 / 1-6-5 / 1-6-4 / 3-1-6 / 1-5-6 / 6-1-5 / 6-1-4,0.0852,1号安達 裕樹,6号西丸 敦基,3号荒川 健太,1.0,1.0,,,,,,model_new(old),1:1.2|2:11.8|3:6.5|4:8.4|5:14.8|6:11.8,1-6-3:0.0852:0.12247:0.03730 / 1-3-6:0.0698:0.11437:0.04454 / 6-1-3:0.0336:0.04872:0.01511 / 1-6-5:0.0298:0.04614:0.01638 / 1-6-4:0.0267:0.05555:0.02886 / 3-1-6:0.0256:0.04471:0.01910 / 1-5-6:0.0175:0.03322:0.01575 / 6-1-5:0.0117:0.01835:0.00664 / 6-1-4:0.0104:0.02210:0.01170,leakfree-2026-06,1-3-4:0.0692:0.13175:0.06257 / 1-3-6:0.0468:0.09130:0.04454 / 1-4-3:0.0381:0.09513:0.05700,0.649 0.0124 0.1594 0.0856 0.0342 0.0594,grade=5|a1=0|a12=3|c1cls=2|p1m=0.6490|p1k=0.6204
2026-09-23,浜名湖,10,✅低(堅),14,1-2-6 / 1-6-2 / 1-6-4 / 1-4-6 / 1-6-3 / 1-2-4 / 1-3-6 / 1-2-3 / 2-1-6 / 6-1-2 / 1-3-2 / 6-1-4 / 1-4-2 / 6-1-3,0.0516,1号前田 聖文,2号大須賀 友,4号小林 甘寧,3.0,2.0,,,,,,model_new(old),1:1.8|2:7.3|3:6.7|4:3.1|5:7.3|6:20.2,1-2-6:0.0516:0.05695:0.00533 / 1-6-2:0.0504:0.05515:0.00470 / 1-6-4:0.0429:0.05399:0.01107 / 1-4-6:0.0378:0.05532:0.01747 / 1-6-3:0.0285:0.03358:0.00512 / 1-2-4:0.0264:0.06115:0.03471 / 1-3-6:0.0244:0.03030:0.00591 / 1-2-3:0.0220:0.03803:0.01606 / 2-1-6:0.0201:0.02355:0.00349 / 6-1-2:0.0197:0.02259:0.00287 / 1-3-2:0.0169:0.03324:0.01636 / 6-1-4:0.0153:0.02211:0.00677 / 1-4-2:0.0123:0.06067:0.04834 / 6-1-3:0.0106:0.01375:0.00313,leakfree-2026-06,1-2-4:0.1011:0.13581:0.03471 / 1-2-3:0.0623:0.07838:0.01606 / 1-4-2:0.0587:0.10701:0.04834 / 2-1-4:0.0384:0.06111:0.02274 / 1-3-2:0.0366:0.05293:0.01636,0.6237 0.1637 0.0614 0.1064 0.03 0.0147,grade=5|a1=3|a12=4|c1cls=1|p1m=0.6237|p1k=0.4113
2026-09-23,浜名湖,11,✅低(堅),6,1-3-6 / 1-5-6 / 1-6-3 / 1-6-5 / 1-4-6 / 1-6-4,0.0220,1号湯川 浩司,3号後藤 翔之,5号渋谷 明憲,3.0,2.0,,,,,,model_new(old),1:1.2|2:11.2|3:4.6|4:9.8|5:7.1|6:78.7,1-3-6:0.0220:0.03054:0.00851 / 1-5-6:0.0213:0.02578:0.00451 / 1-6-3:0.0198:0.02516:0.00534 / 1-6-5:0.0187:0.02221:0.00346 / 1-4-6:0.0185:0.02146:0.00299 / 1-6-4:0.0168:0.01928:0.00251,leakfree-2026-06,1-4-3:0.0937:0.14489:0.05119 / 1-3-4:0.0560:0.12428:0.06831 / 1-4-2:0.0362:0.05727:0.02102 / 4-1-3:0.0332:0.05543:0.02225,0.6693 0.0408 0.1031 0.1355 0.0408 0.0105,grade=5|a1=2|a12=5|c1cls=1|p1m=0.6693|p1k=0.5971
2026-09-23,浜名湖,12,✅低(堅),8,1-6-3 / 1-6-2 / 1-3-6 / 1-2-6 / 1-6-4 / 1-4-6 / 6-1-3 / 1-6-5,0.0283,1号下條 雄太郎,3号西野 翔太,6号廣瀬 篤哉,2.0,1.0,,,,,,model_new(old),1:1.0|2:15.0|3:6.7|4:17.1|5:21.3|6:18.3,1-6-3:0.0283:0.07736:0.04906 / 1-6-2:0.0202:0.04213:0.02191 / 1-3-6:0.0156:0.08513:0.06953 / 1-2-6:0.0154:0.03813:0.02276 / 1-6-4:0.0153:0.03449:0.01922 / 1-4-6:0.0106:0.03006:0.01945 / 6-1-3:0.0104:0.02435:0.01396 / 1-6-5:0.0102:0.02559:0.01543,leakfree-2026-06,1-3-2:0.1123:0.19717:0.08482 / 1-2-3:0.0691:0.13131:0.06218 / 1-3-4:0.0411:0.11550:0.07441 / 3-1-2:0.0348:0.06077:0.02600,0.7335 0.0695 0.1353 0.0407 0.0105 0.0105,grade=5|a1=2|a12=4|c1cls=1|p1m=0.7335|p1k=0.7267
2026-09-23,住之江,1,✅低(堅),0,,0.0000,1号松江 秀徳,2号上野 拓馬,3号土井 祥伍,2.0,1.0,,,,,,model_new(old),1:1.1|2:6.6|3:11.3|4:9.9|5:11.3|6:19.8,,leakfree-2026-06,1-2-3:0.0824:0.13803:0.05565 / 1-3-2:0.0527:0.09939:0.04669 / 1-2-4:0.0321:0.09566:0.06352 / 2-1-3:0.0321:0.05369:0.02158,0.6697 0.1508 0.081 0.0562 0.0324 0.0099,grade=5|a1=0|a12=1|c1cls=2|p1m=0.6697|p1k=0.6544
2026-09-23,住之江,2,✅低(堅),12,1-5-4 / 1-4-5 / 1-5-3 / 1-4-3 / 1-3-4 / 1-3-5 / 5-1-4 / 4-1-5 / 5-1-3 / 1-5-6 / 4-1-3 / 3-1-4,0.0591,1号津久井 拓也,5号森林 太,3号畔柳 俊吾,1.0,1.0,,,,,,model_new(old),1:1.3|2:4.1|3:4.7|4:28.7|5:10.7|6:86.2,1-5-4:0.0591:0.06520:0.00611 / 1-4-5:0.0500:0.05544:0.00547 / 1-5-3:0.0475:0.08481:0.03731 / 1-4-3:0.0340:0.04642:0.01246 / 1-3-4:0.0323:0.05053:0.01824 / 1-3-5:0.0296:0.07850:0.04891 / 5-1-4:0.0255:0.02837:0.00287 / 4-1-5:0.0205:0.02294:0.00245 / 5-1-3:0.0194:0.03690:0.01750 / 1-5-6:0.0144:0.01639:0.00203 / 4-1-3:0.0136:0.01921:0.00558 / 3-1-4:0.0121:0.02149:0.00943,leakfree-2026-06,1-3-4:0.0554:0.07368:0.01824 / 1-4-3:0.0444:0.05689:0.01246,0.7123 0.0743 0.1053 0.0515 0.0515 0.005,grade=5|a1=0|a12=1|c1cls=2|p1m=0.7123|p1k=0.5632
2026-09-23,住之江,3,⚠高(荒),8,1-6-2 / 1-2-6 / 6-1-2 / 2-1-6 / 6-2-1 / 2-6-1 / 1-6-5 / 6-1-5,0.0488,1号乃村 康友,6号古川 誠之,2号長谷川 雅和,3.0,1.0,,,,,,model_new(old),1:2.0|2:5.5|3:4.7|4:6.4|5:9.2|6:5.3,1-6-2:0.0488:0.07154:0.02274 / 1-2-6:0.0432:0.06567:0.02251 / 6-1-2:0.0414:0.05803:0.01664 / 2-1-6:0.0346:0.05095:0.01637 / 6-2-1:0.0285:0.03971:0.01122 / 2-6-1:0.0268:0.03799:0.01116 / 1-6-5:0.0113:0.02485:0.01360 / 6-1-5:0.0102:0.02015:0.00995,leakfree-2026-06,1-2-3:0.0927:0.11805:0.02538 / 1-3-2:0.0678:0.09437:0.02662 / 2-1-3:0.0526:0.07104:0.01846 / 1-2-6:0.0409:0.06342:0.02251 / 3-1-2:0.0324:0.05233:0.01988,0.523 0.2075 0.1398 0.0307 0.0239 0.0751,grade=5|a1=0|a12=1|c1cls=3|p1m=0.5230|p1k=0.3709
2026-09-23,住之江,4,🌊最高(大荒),7,6-1-4 / 6-4-1 / 6-2-1 / 4-6-1 / 6-1-2 / 6-1-3 / 2-6-1,0.0178,1号谷川 将太,6号佐藤 大介,2号岩崎 正哉,2.0,1.0,,,,,,model_new(old),1:1.1|2:5.4|3:26.2|4:7.0|5:0.0|6:13.1,6-1-4:0.0178:0.03354:0.01570 / 6-4-1:0.0159:0.02102:0.00508 / 6-2-1:0.0143:0.02118:0.00684 / 4-6-1:0.0136:0.01896:0.00536 / 6-1-2:0.0134:0.03375:0.02036 / 6-1-3:0.0125:0.01673:0.00420 / 2-6-1:0.0116:0.01912:0.00748,leakfree-2026-06,,0.64 0.1161 0.0637 0.0919 0.0367 0.0515,grade=5|a1=1|a12=2|c1cls=3|p1m=0.6400|p1k=0.6726
2026-09-23,住之江,5,△中,8,1-6-5 / 6-1-5 / 1-5-6 / 6-1-2 / 5-1-6 / 6-5-1 / 5-6-1 / 6-2-1,0.0720,1号永嶋 裕一,6号松本 純平,2号森 晋太郎,2.0,1.0,,,,,,model_new(old),1:1.1|2:7.2|3:37.3|4:7.9|5:52.3|6:6.0,1-6-5:0.0720:0.08599:0.01403 / 6-1-5:0.0497:0.05519:0.00550 / 1-5-6:0.0372:0.04673:0.00952 / 6-1-2:0.0273:0.06726:0.03992 / 5-1-6:0.0206:0.02397:0.00333 / 6-5-1:0.0167:0.01816:0.00142 / 5-6-1:0.0132:0.01451:0.00127 / 6-2-1:0.0111:0.02263:0.01149,leakfree-2026-06,1-2-6:0.0452:0.13879:0.09356 / 1-2-5:0.0333:0.04406:0.01073 / 1-2-4:0.0251:0.09618:0.07106,0.6354 0.1699 0.0112 0.0633 0.029 0.0913,grade=5|a1=1|a12=2|c1cls=2|p1m=0.6354|p1k=0.6554
2026-09-23,住之江,6,△中,11,1-5-3 / 1-3-5 / 1-2-3 / 1-3-2 / 1-6-5 / 1-2-6 / 1-6-3 / 1-3-6 / 1-6-2 / 1-5-6 / 5-1-3,0.0269,1号吉島 祥之,5号藤山 雅弘,2号森林 太,2.0,1.0,,,,,,model_new(old),1:1.1|2:7.6|3:52.0|4:9.2|5:5.2|6:26.0,1-5-3:0.0269:0.04330:0.01645 / 1-3-5:0.0236:0.03402:0.01040 / 1-2-3:0.0216:0.03098:0.00935 / 1-3-2:0.0197:0.02683:0.00712 / 1-6-5:0.0141:0.03577:0.02169 / 1-2-6:0.0137:0.03235:0.01869 / 1-6-3:0.0135:0.01563:0.00217 / 1-3-6:0.0134:0.01551:0.00208 / 1-6-2:0.0134:0.02822:0.01484 / 1-5-6:0.0123:0.04520:0.03289 / 5-1-3:0.0117:0.01841:0.00668,leakfree-2026-06,1-2-3:0.0390:0.04831:0.00935 / 1-3-2:0.0367:0.04385:0.00712 / 1-3-5:0.0351:0.04554:0.01040 / 1-5-3:0.0344:0.05088:0.01645 / 1-4-3:0.0316:0.03889:0.00726 / 1-3-4:0.0314:0.03723:0.00588,0.6955 0.081 0.0583 0.0688 0.0842 0.0122,grade=5|a1=0|a12=2|c1cls=2|p1m=0.6955|p1k=0.6496
2026-09-23,住之江,7,✅低(堅),0,,0.0000,1号山崎 祥,3号関 裕也,2号廣中 良一,2.0,1.0,,,,,,model_new(old),1:1.0|2:15.3|3:0.0|4:6.1|5:10.2|6:0.0,,leakfree-2026-06,,0.6898 0.066 0.0499 0.134 0.0499 0.0104,grade=5|a1=0|a12=2|c1cls=2|p1m=0.6898|p1k=0.7534
2026-09-23,若松,1,✅低(堅),8,1-5-2 / 1-2-5 / 5-1-2 / 1-5-3 / 1-5-6 / 1-6-5 / 1-3-5 / 2-1-5,0.0353,1号中山 翔太,2号竹下 大樹,5号中野 希一,2.0,2.0,,,,,,model_new(old),1:1.3|2:3.1|3:8.4|4:15.4|5:18.8|6:21.1,1-5-2:0.0353:0.06384:0.02851 / 1-2-5:0.0244:0.07991:0.05550 / 5-1-2:0.0198:0.03287:0.01308 / 1-5-3:0.0165:0.02700:0.01052 / 1-5-6:0.0155:0.01972:0.00419 / 1-6-5:0.0130:0.01717:0.00415 / 1-3-5:0.0128:0.02475:0.01194 / 2-1-5:0.0127:0.04469:0.03198,leakfree-2026-06,1-2-5:0.0443:0.09985:0.05550,0.5899 0.2402 0.0709 0.0397 0.0491 0.0103,grade=2|a1=5|a12=6|c1cls=1|p1m=0.5899|p1k=0.5589
2026-09-23,若松,2,✅低(堅),16,1-2-6 / 1-6-2 / 1-2-4 / 2-1-6 / 6-1-2 / 1-4-2 / 1-6-4 / 1-4-6 / 1-6-3 / 2-1-4 / 1-6-5 / 1-3-6 / 6-1-4 / 2-6-1 / 4-1-2 / 6-2-1,0.0308,1号安河内 鈴之介,2号佐藤 航,6号吉田 裕平,2.0,2.0,,,,,,model_new(old),1:1.8|2:3.6|3:5.1|4:24.4|5:4.1|6:22.3,1-2-6:0.0308:0.04288:0.01205 / 1-6-2:0.0293:0.03761:0.00835 / 1-2-4:0.0203:0.03127:0.01101 / 2-1-6:0.0199:0.02884:0.00895 / 6-1-2:0.0186:0.02375:0.00511 / 1-4-2:0.0179:0.02554:0.00759 / 1-6-4:0.0177:0.01890:0.00123 / 1-4-6:0.0164:0.01760:0.00123 / 1-6-3:0.0139:0.01977:0.00589 / 2-1-4:0.0128:0.02103:0.00818 / 1-6-5:0.0115:0.01879:0.00733 / 1-3-6:0.0112:0.01857:0.00736 / 6-1-4:0.0112:0.01193:0.00075 / 2-6-1:0.0111:0.01562:0.00454 / 4-1-2:0.0109:0.01556:0.00463 / 6-2-1:0.0109:0.01466:0.00374,leakfree-2026-06,1-2-4:0.0497:0.06071:0.01101 / 1-4-2:0.0424:0.04997:0.00759 / 1-3-4:0.0370:0.04374:0.00673 / 1-2-3:0.0349:0.08760:0.05269 / 1-4-3:0.0342:0.03957:0.00536 / 1-3-2:0.0341:0.07970:0.04560,0.7204 0.0902 0.0714 0.0495 0.04 0.0285,grade=2|a1=5|a12=6|c1cls=2|p1m=0.7204|p1k=0.4088
2026-09-23,若松,3,✅低(堅),12,1-4-6 / 1-6-4 / 1-4-5 / 1-5-4 / 1-6-2 / 1-2-6 / 4-1-6 / 1-6-5 / 1-5-6 / 6-1-4 / 1-4-2 / 4-1-5,0.0271,1号畑田 汰一,4号清水 愛海,2号中 亮太,2.0,2.0,,,,,,model_new(old),1:2.2|2:2.9|3:6.1|4:4.9|5:7.9|6:20.4,1-4-6:0.0271:0.03266:0.00557 / 1-6-4:0.0233:0.02787:0.00454 / 1-4-5:0.0206:0.03500:0.01438 / 1-5-4:0.0174:0.03031:0.01292 / 1-6-2:0.0169:0.02455:0.00767 / 1-2-6:0.0156:0.02743:0.01185 / 4-1-6:0.0155:0.01983:0.00434 / 1-6-5:0.0144:0.01723:0.00282 / 1-5-6:0.0144:0.01748:0.00310 / 6-1-4:0.0126:0.01575:0.00312 / 1-4-2:0.0107:0.04986:0.03917 / 4-1-5:0.0100:0.02125:0.01122,leakfree-2026-06,1-2-4:0.0868:0.13615:0.04932 / 1-4-2:0.0666:0.10579:0.03917,0.5658 0.1957 0.0623 0.1273 0.0359 0.013,grade=2|a1=6|a12=6|c1cls=1|p1m=0.5658|p1k=0.3385
2026-09-23,若松,4,✅低(堅),11,1-6-2 / 1-2-6 / 1-6-4 / 1-4-6 / 1-6-3 / 1-2-4 / 1-4-2 / 6-1-2 / 2-1-6 / 6-1-4 / 1-6-5,0.0379,1号若林 義人,3号常住 蓮,6号平川 香織,2.0,2.0,,,,,,model_new(old),1:1.2|2:17.1|3:3.4|4:7.9|5:33.1|6:23.1,1-6-2:0.0379:0.04329:0.00541 / 1-2-6:0.0373:0.04285:0.00557 / 1-6-4:0.0282:0.03986:0.01170 / 1-4-6:0.0246:0.03856:0.01399 / 1-6-3:0.0220:0.04917:0.02719 / 1-2-4:0.0219:0.03815:0.01629 / 1-4-2:0.0184:0.03728:0.01890 / 6-1-2:0.0161:0.01831:0.00223 / 2-1-6:0.0157:0.01806:0.00232 / 6-1-4:0.0120:0.01686:0.00482 / 1-6-5:0.0100:0.01279:0.00279,leakfree-2026-06,1-3-2:0.1091:0.18144:0.07237 / 1-2-3:0.0880:0.12589:0.03786,0.7256 0.0719 0.1339 0.0403 0.0141 0.0141,grade=2|a1=4|a12=6|c1cls=1|p1m=0.7256|p1k=0.6012
2026-09-23,若松,5,✅低(堅),16,1-5-6 / 1-6-5 / 1-5-4 / 1-6-4 / 1-4-5 / 1-4-6 / 1-5-2 / 5-1-6 / 1-6-2 / 6-1-5 / 1-2-6 / 1-2-5 / 1-6-3 / 5-1-4 / 6-1-4 / 4-1-6,0.0548,1号鰐部 太空海,5号小芦 るり華,6号砂長 知輝,2.0,2.0,,,,,,model_new(old),1:1.7|2:5.8|3:3.4|4:6.0|5:9.2|6:30.3,1-5-6:0.0548:0.05783:0.00300 / 1-6-5:0.0493:0.05194:0.00269 / 1-5-4:0.0366:0.05172:0.01514 / 1-6-4:0.0300:0.03414:0.00413 / 1-4-5:0.0285:0.04512:0.01659 / 1-4-6:0.0281:0.03316:0.00504 / 1-5-2:0.0259:0.04152:0.01567 / 5-1-6:0.0233:0.02513:0.00185 / 1-6-2:0.0231:0.02741:0.00427 / 6-1-5:0.0203:0.02182:0.00157 / 1-2-6:0.0201:0.02539:0.00526 / 1-2-5:0.0172:0.03455:0.01732 / 1-6-3:0.0146:0.02188:0.00729 / 5-1-4:0.0131:0.02248:0.00935 / 6-1-4:0.0119:0.01434:0.00241 / 4-1-6:0.0105:0.01379:0.00326,leakfree-2026-06,,0.4833 0.0997 0.1469 0.1469 0.1118 0.0114,grade=2|a1=6|a12=6|c1cls=1|p1m=0.4833|p1k=0.4315
2026-09-23,若松,6,✅低(堅),12,1-5-2 / 1-5-3 / 1-2-5 / 1-3-5 / 5-1-2 / 1-5-6 / 5-1-3 / 1-6-5 / 1-5-4 / 2-1-5 / 3-1-5 / 5-1-6,0.0404,1号宮脇 遼太,5号高憧 四季,2号青木 蓮,2.0,2.0,,,,,,model_new(old),1:1.5|2:4.6|3:12.8|4:3.4|5:11.7|6:31.8,1-5-2:0.0404:0.06100:0.02056 / 1-5-3:0.0327:0.04009:0.00739 / 1-2-5:0.0303:0.05642:0.02610 / 1-3-5:0.0259:0.03320:0.00730 / 5-1-2:0.0219:0.03313:0.01128 / 1-5-6:0.0197:0.02270:0.00297 / 5-1-3:0.0177:0.02177:0.00405 / 1-6-5:0.0146:0.01730:0.00274 / 1-5-4:0.0142:0.04206:0.02781 / 2-1-5:0.0138:0.02973:0.01595 / 3-1-5:0.0127:0.01673:0.00398 / 5-1-6:0.0107:0.01233:0.00163,leakfree-2026-06,1-2-3:0.0359:0.05975:0.02386,0.5963 0.1407 0.0756 0.1071 0.0693 0.0109,grade=2|a1=5|a12=6|c1cls=1|p1m=0.5963|p1k=0.4855
2026-09-23,若松,7,✅低(堅),11,1-5-2 / 1-2-5 / 1-5-4 / 5-1-2 / 2-1-5 / 1-5-6 / 1-4-5 / 1-6-5 / 1-5-3 / 1-3-5 / 5-1-4,0.0310,1号津田 陸翔,2号石本 裕武,5号鈴木 孝明,2.0,2.0,,,,,,model_new(old),1:1.5|2:4.1|3:12.9|4:4.7|5:25.8|6:9.9,1-5-2:0.0310:0.04203:0.01098 / 1-2-5:0.0301:0.04636:0.01622 / 1-5-4:0.0198:0.02935:0.00958 / 5-1-2:0.0180:0.02367:0.00568 / 2-1-5:0.0173:0.02722:0.00997 / 1-5-6:0.0169:0.02148:0.00455 / 1-4-5:0.0156:0.02875:0.01319 / 1-6-5:0.0146:0.01968:0.00504 / 1-5-3:0.0146:0.01806:0.00349 / 1-3-5:0.0124:0.01609:0.00372 / 5-1-4:0.0116:0.01653:0.00496,leakfree-2026-06,1-4-3:0.0470:0.07335:0.02639 / 1-3-4:0.0371:0.05748:0.02040,0.6129 0.1101 0.0777 0.1446 0.0435 0.0112,grade=2|a1=5|a12=6|c1cls=1|p1m=0.6129|p1k=0.4973
2026-09-23,福岡,6,⚠高(荒),7,1-6-3 / 6-1-3 / 1-3-6 / 6-3-1 / 3-1-6 / 3-6-1 / 1-6-4,0.0258,1号間庭 菜摘,6号井口 佳典,2号川島 圭司,3.0,3.0,,,,,,model_new(old),1:2.4|2:2.0|3:8.1|4:19.0|5:38.0|6:4.3,1-6-3:0.0258:0.03924:0.01348 / 6-1-3:0.0242:0.03544:0.01126 / 1-3-6:0.0202:0.03182:0.01167 / 6-3-1:0.0173:0.02528:0.00794 / 3-1-6:0.0165:0.02534:0.00888 / 3-6-1:0.0151:0.02230:0.00724 / 1-6-4:0.0103:0.01605:0.00575,leakfree-2026-06,1-2-3:0.0850:0.13176:0.04679 / 1-3-2:0.0791:0.10416:0.02508 / 3-1-2:0.0426:0.06173:0.01909 / 2-1-3:0.0340:0.08536:0.05137,0.5001 0.2284 0.1565 0.0402 0.0088 0.0659,grade=5|a1=1|a12=2|c1cls=3|p1m=0.5001|p1k=0.3083
2026-09-23,福岡,7,⚠高(荒),13,1-3-4 / 1-4-3 / 1-4-5 / 3-1-4 / 4-1-5 / 1-5-4 / 4-1-3 / 5-1-4 / 5-4-1 / 4-5-1 / 3-4-1 / 4-3-1 / 1-4-2,0.0203,1号米田 隆弘,5号市橋 卓士,3号小池 礼乃,3.0,3.0,,,,,,model_new(old),1:1.5|2:7.5|3:6.3|4:27.5|5:3.1|6:41.2,1-3-4:0.0203:0.02853:0.00822 / 1-4-3:0.0195:0.02619:0.00665 / 1-4-5:0.0195:0.03298:0.01351 / 3-1-4:0.0163:0.02103:0.00469 / 4-1-5:0.0162:0.02319:0.00699 / 1-5-4:0.0152:0.03972:0.02447 / 4-1-3:0.0150:0.01841:0.00344 / 5-1-4:0.0146:0.03085:0.01621 / 5-4-1:0.0130:0.01884:0.00582 / 4-5-1:0.0125:0.01705:0.00454 / 3-4-1:0.0112:0.01333:0.00211 / 4-3-1:0.0108:0.01272:0.00192 / 1-4-2:0.0107:0.01629:0.00558,leakfree-2026-06,1-3-4:0.0442:0.05241:0.00822 / 1-4-3:0.0355:0.04215:0.00665,0.5383 0.0855 0.1591 0.0855 0.1211 0.0105,grade=5|a1=1|a12=2|c1cls=3|p1m=0.5383|p1k=0.4968
2026-09-23,福岡,8,△中,7,1-4-6 / 1-6-4 / 4-1-6 / 1-5-6 / 1-6-5 / 6-1-4 / 1-6-2,0.0444,1号尾崎 雄二,4号高橋 竜矢,5号秋末 秦悟,3.0,3.0,,,,,,model_new(old),1:1.2|2:11.1|3:11.1|4:4.3|5:9.7|6:39.0,1-4-6:0.0444:0.06599:0.02161 / 1-6-4:0.0314:0.04431:0.01294 / 4-1-6:0.0239:0.03412:0.01024 / 1-5-6:0.0151:0.02187:0.00675 / 1-6-5:0.0149:0.02061:0.00574 / 6-1-4:0.0148:0.02003:0.00519 / 1-6-2:0.0102:0.01519:0.00501,leakfree-2026-06,1-4-3:0.0973:0.17325:0.07592 / 4-1-3:0.0701:0.10610:0.03599 / 1-3-4:0.0611:0.11309:0.05196 / 3-1-4:0.0382:0.06009:0.02190,0.5381 0.0433 0.1308 0.2458 0.0309 0.0112,grade=5|a1=1|a12=3|c1cls=2|p1m=0.5381|p1k=0.6061
2026-09-23,福岡,9,✅低(堅),6,1-5-6 / 1-6-5 / 5-1-6 / 1-5-3 / 6-1-5 / 1-6-2,0.0509,1号東本 勝利,5号今井 貴士,2号鶴田 勇雄,3.0,3.0,,,,,,model_new(old),1:1.4|2:4.7|3:15.5|4:8.8|5:5.6|6:15.5,1-5-6:0.0509:0.07204:0.02114 / 1-6-5:0.0397:0.05663:0.01690 / 5-1-6:0.0204:0.03184:0.01146 / 1-5-3:0.0168:0.03793:0.02114 / 6-1-5:0.0149:0.02326:0.00835 / 1-6-2:0.0107:0.03081:0.02014,leakfree-2026-06,1-3-5:0.0499:0.06679:0.01690 / 1-3-2:0.0467:0.06679:0.02014 / 1-5-3:0.0466:0.06772:0.02114 / 1-2-3:0.0405:0.06772:0.02723,0.6934 0.0833 0.0802 0.0333 0.0833 0.0264,grade=5|a1=1|a12=4|c1cls=2|p1m=0.6934|p1k=0.5298
2026-09-23,福岡,10,△中,14,4-1-2 / 1-4-2 / 4-2-1 / 1-2-4 / 2-4-1 / 2-1-4 / 4-5-2 / 4-2-5 / 1-5-2 / 1-2-5 / 4-1-6 / 5-4-2 / 2-4-5 / 5-1-2,0.0264,4号井口 佳典,1号川崎 智幸,5号畑 竜生,3.0,3.0,,,,,,model_new(old),1:1.7|2:69.7|3:5.6|4:2.4|5:6.3|6:104.6,4-1-2:0.0264:0.03390:0.00751 / 1-4-2:0.0247:0.03385:0.00916 / 4-2-1:0.0220:0.02488:0.00290 / 1-2-4:0.0205:0.02480:0.00433 / 2-4-1:0.0184:0.02039:0.00204 / 2-1-4:0.0179:0.02036:0.00249 / 4-5-2:0.0129:0.01378:0.00093 / 4-2-5:0.0125:0.01324:0.00078 / 1-5-2:0.0117:0.01369:0.00204 / 1-2-5:0.0115:0.01315:0.00165 / 4-1-6:0.0110:0.01597:0.00500 / 5-4-2:0.0109:0.01160:0.00073 / 2-4-5:0.0103:0.01085:0.00055 / 5-1-2:0.0102:0.01154:0.00131,leakfree-2026-06,1-4-2:0.0694:0.07859:0.00916 / 4-1-2:0.0404:0.04792:0.00751 / 1-2-4:0.0386:0.04296:0.00433,0.5382 0.0609 0.0846 0.2426 0.0609 0.0127,grade=5|a1=1|a12=4|c1cls=2|p1m=0.5382|p1k=0.4306
2026-09-23,福岡,11,✅低(堅),8,1-4-2 / 1-5-2 / 1-5-4 / 1-4-5 / 1-5-3 / 1-3-4 / 1-4-3 / 1-3-5,0.0323,1号松田 祐季,2号杉山 裕也,3号山下 夏鈴,3.0,3.0,,,,,,model_new(old),1:1.0|2:3.4|3:20.8|4:98.8|5:56.4|6:0.0,1-4-2:0.0323:0.04856:0.01631 / 1-5-2:0.0263:0.05546:0.02920 / 1-5-4:0.0163:0.01735:0.00100 / 1-4-5:0.0160:0.01703:0.00098 / 1-5-3:0.0151:0.01987:0.00477 / 1-3-4:0.0148:0.01780:0.00298 / 1-4-3:0.0147:0.01740:0.00267 / 1-3-5:0.0147:0.01995:0.00522,leakfree-2026-06,1-3-2:0.0634:0.15002:0.08663 / 1-4-2:0.0322:0.04850:0.01631,0.7296 0.1417 0.0762 0.0304 0.011 0.011,grade=5|a1=1|a12=4|c1cls=1|p1m=0.7296|p1k=0.7299
2026-09-23,福岡,12,✅低(堅),10,1-4-6 / 1-3-6 / 1-4-3 / 4-1-3 / 1-6-4 / 3-1-4 / 1-6-3 / 1-3-4 / 4-1-6 / 3-1-6,0.0277,1号高倉 和士,4号井上 一輝,3号市橋 卓士,3.0,3.0,,,,,,model_new(old),1:1.0|2:10.0|3:8.8|4:10.0|5:70.5|6:70.5,1-4-6:0.0277:0.04047:0.01277 / 1-3-6:0.0230:0.03840:0.01538 / 1-4-3:0.0222:0.12448:0.10231 / 4-1-3:0.0209:0.04910:0.02817 / 1-6-4:0.0199:0.02934:0.00943 / 3-1-4:0.0178:0.04798:0.03019 / 1-6-3:0.0176:0.02836:0.01071 / 1-3-4:0.0138:0.12221:0.10842 / 4-1-6:0.0124:0.01596:0.00352 / 3-1-6:0.0108:0.01508:0.00428,leakfree-2026-06,1-4-2:0.0332:0.12319:0.09003,0.7345 0.0701 0.0728 0.1031 0.0105 0.0089,grade=5|a1=3|a12=6|c1cls=1|p1m=0.7345|p1k=0.7452
2026-09-24,三国,1,✅低(堅),10,1-5-2 / 1-5-3 / 1-2-5 / 1-3-5 / 1-5-6 / 5-1-2 / 1-6-5 / 2-1-5 / 5-1-3 / 1-2-3,0.0748,1号丸尾 義孝,5号山川 雄大,3号大月 遊雅,2.0,2.0,,,,,,model_new(old),1:1.4|2:12.6|3:5.4|4:5.8|5:5.8|6:75.7,1-5-2:0.0748:0.10088:0.02609 / 1-5-3:0.0631:0.12401:0.06087 / 1-2-5:0.0463:0.06787:0.02162 / 1-3-5:0.0252:0.08780:0.06264 / 1-5-6:0.0217:0.02604:0.00434 / 5-1-2:0.0209:0.03481:0.01395 / 1-6-5:0.0119:0.01509:0.00321 / 2-1-5:0.0107:0.02143:0.01070 / 5-1-3:0.0103:0.04280:0.03254 / 1-2-3:0.0100:0.03323:0.02322,leakfree-2026-06,1-5-2:0.0961:0.12220:0.02609 / 1-2-5:0.0894:0.11099:0.02162 / 1-2-3:0.0665:0.08968:0.02322 / 1-5-3:0.0613:0.12220:0.06087 / 1-3-2:0.0608:0.08968:0.02884 / 1-3-5:0.0483:0.11099:0.06264,0.8339 0.0463 0.0463 0.0162 0.0573 0.0001,grade=5|a1=1|a12=1|c1cls=1|p1m=0.8339|p1k=0.5343
2026-09-24,三国,2,△中,6,1-2-3 / 1-3-2 / 2-1-3 / 3-1-2 / 1-2-6 / 2-3-1,0.1063,1号秋山 広一,2号山田 雄太,3号中本 大樹,1.0,1.0,,,,,,model_new(old),1:1.1|2:7.3|3:7.6|4:23.0|5:12.9|6:13.8,1-2-3:0.1063:0.18586:0.07958 / 1-3-2:0.0641:0.14233:0.07828 / 2-1-3:0.0471:0.07688:0.02979 / 3-1-2:0.0260:0.05521:0.02918 / 1-2-6:0.0136:0.05739:0.04383 / 2-3-1:0.0104:0.01920:0.00878,leakfree-2026-06,1-2-3:0.0946:0.17421:0.07958 / 1-3-2:0.0802:0.15851:0.07828 / 2-1-3:0.0433:0.07312:0.02979 / 3-1-2:0.0358:0.06498:0.02918,0.6437 0.1512 0.1308 0.0095 0.0536 0.0112,grade=5|a1=0|a12=2|c1cls=2|p1m=0.6437|p1k=0.6630
2026-09-24,三国,3,✅低(堅),17,1-5-4 / 1-4-5 / 1-5-6 / 1-6-5 / 1-4-6 / 1-6-4 / 1-5-3 / 1-6-3 / 1-5-2 / 1-3-6 / 1-3-5 / 1-6-2 / 1-2-6 / 1-2-5 / 5-1-4 / 5-1-6 / 4-1-5,0.0287,1号一瀬 明,3号井手 良太,4号金子 龍斗,1.0,1.0,,,,,,model_new(old),1:1.7|2:3.7|3:3.4|4:7.5|5:17.9|6:28.6,1-5-4:0.0287:0.03421:0.00551 / 1-4-5:0.0283:0.03450:0.00616 / 1-5-6:0.0265:0.02795:0.00144 / 1-6-5:0.0255:0.02687:0.00140 / 1-4-6:0.0252:0.02910:0.00386 / 1-6-4:0.0244:0.02774:0.00335 / 1-5-3:0.0234:0.03558:0.01215 / 1-6-3:0.0215:0.02885:0.00739 / 1-5-2:0.0195:0.03065:0.01117 / 1-3-6:0.0193:0.03060:0.01127 / 1-3-5:0.0183:0.03627:0.01801 / 1-6-2:0.0181:0.02485:0.00679 / 1-2-6:0.0155:0.02537:0.00988 / 1-2-5:0.0143:0.03007:0.01578 / 5-1-4:0.0106:0.01386:0.00329 / 5-1-6:0.0105:0.01133:0.00086 / 4-1-5:0.0101:0.01402:0.00391,leakfree-2026-06,1-4-2:0.0393:0.06906:0.02980 / 1-4-3:0.0366:0.06906:0.03243 / 1-4-5:0.0325:0.03867:0.00616 / 1-2-4:0.0314:0.06906:0.03767,0.692 0.0831 0.0831 0.0831 0.0466 0.012,grade=5|a1=1|a12=2|c1cls=1|p1m=0.6920|p1k=0.4273
2026-09-24,三国,4,✅低(堅),15,1-5-6 / 1-6-5 / 5-1-6 / 6-1-5 / 1-5-4 / 1-5-3 / 1-4-5 / 1-6-4 / 1-5-2 / 5-1-4 / 5-1-3 / 5-6-1 / 6-5-1 / 1-4-6 / 1-6-3,0.0878,1号金田 智博,5号金児 隆太,6号大串 重幸,1.0,1.0,,,,,,model_new(old),1:1.2|2:35.6|3:3.2|4:10.1|5:17.8|6:23.7,1-5-6:0.0878:0.09335:0.00556 / 1-6-5:0.0740:0.07943:0.00540 / 5-1-6:0.0394:0.04167:0.00227 / 6-1-5:0.0316:0.03379:0.00219 / 1-5-4:0.0315:0.04453:0.01304 / 1-5-3:0.0287:0.06991:0.04116 / 1-4-5:0.0177:0.03204:0.01431 / 1-6-4:0.0170:0.02654:0.00952 / 1-5-2:0.0162:0.01992:0.00370 / 5-1-4:0.0145:0.01988:0.00533 / 5-1-3:0.0144:0.03121:0.01684 / 5-6-1:0.0124:0.01327:0.00086 / 6-5-1:0.0118:0.01264:0.00085 / 1-4-6:0.0117:0.02244:0.01075 / 1-6-3:0.0116:0.04166:0.03004,leakfree-2026-06,1-5-3:0.0716:0.11275:0.04116 / 1-5-4:0.0651:0.07814:0.01304 / 1-4-5:0.0541:0.06840:0.01431 / 1-5-2:0.0321:0.03579:0.00370,0.7667 0.0235 0.0739 0.0512 0.0739 0.0107,grade=5|a1=0|a12=3|c1cls=2|p1m=0.7667|p1k=0.6077
2026-09-24,三国,5,🌊最高(大荒),9,1-5-6 / 5-1-6 / 1-6-5 / 5-6-1 / 6-5-1 / 1-5-2 / 1-2-5 / 1-5-3 / 1-5-4,0.0226,1号山本 浩輔,6号茅原 悠紀,5号大賀 龍之介,2.0,2.0,,,,,,model_new(old),1:1.8|2:6.3|3:12.7|4:25.5|5:25.5|6:2.1,1-5-6:0.0226:0.03547:0.01291 / 5-1-6:0.0180:0.02578:0.00781 / 1-6-5:0.0143:0.04502:0.03077 / 5-6-1:0.0134:0.02045:0.00707 / 6-5-1:0.0127:0.02330:0.01061 / 1-5-2:0.0120:0.01632:0.00430 / 1-2-5:0.0105:0.01566:0.00511 / 1-5-3:0.0103:0.01245:0.00213 / 1-5-4:0.0101:0.01118:0.00106,leakfree-2026-06,,0.4711 0.0974 0.0974 0.0675 0.0545 0.2121,grade=5|a1=1|a12=3|c1cls=3|p1m=0.4711|p1k=0.4122
2026-09-24,徳山,1,✅低(堅),12,1-6-5 / 1-5-6 / 1-6-2 / 1-2-6 / 1-6-4 / 1-6-3 / 1-4-6 / 1-3-6 / 1-5-4 / 1-4-5 / 6-1-5 / 5-1-6,0.0423,1号向後 龍一,5号香月 大輝,6号牧山 敦也,2.0,2.0,,,,,,model_new(old),1:1.3|2:6.0|3:5.4|4:18.0|5:6.7|6:27.0,1-6-5:0.0423:0.05178:0.00944 / 1-5-6:0.0418:0.05359:0.01182 / 1-6-2:0.0304:0.04092:0.01054 / 1-2-6:0.0258:0.03950:0.01374 / 1-6-4:0.0256:0.02912:0.00351 / 1-6-3:0.0230:0.03475:0.01171 / 1-4-6:0.0226:0.02620:0.00363 / 1-3-6:0.0164:0.03232:0.01596 / 1-5-4:0.0158:0.03354:0.01774 / 1-4-5:0.0145:0.02917:0.01465 / 6-1-5:0.0134:0.01767:0.00423 / 5-1-6:0.0127:0.01845:0.00578,leakfree-2026-06,1-5-3:0.0450:0.10416:0.05912 / 1-5-4:0.0413:0.05905:0.01774 / 1-3-5:0.0398:0.10416:0.06432 / 1-4-5:0.0353:0.04999:0.01465 / 1-3-4:0.0351:0.05905:0.02394 / 1-4-3:0.0318:0.04999:0.01817,0.8452 0.0259 0.0456 0.0259 0.0456 0.0118,grade=5|a1=0|a12=1|c1cls=2|p1m=0.8452|p1k=0.5644
2026-09-24,徳山,2,✅低(堅),12,1-4-6 / 1-6-4 / 1-4-2 / 4-1-6 / 1-6-3 / 1-2-4 / 1-2-6 / 1-6-2 / 1-3-6 / 6-1-4 / 1-4-5 / 4-1-2,0.0377,1号山崎 裕司,4号堀本 和也,3号江夏 満,1.0,1.0,,,,,,model_new(old),1:1.3|2:13.6|3:3.4|4:5.6|5:34.1|6:68.2,1-4-6:0.0377:0.04376:0.00610 / 1-6-4:0.0296:0.03400:0.00436 / 1-4-2:0.0214:0.05198:0.03058 / 4-1-6:0.0191:0.02215:0.00305 / 1-6-3:0.0177:0.02492:0.00718 / 1-2-4:0.0174:0.04176:0.02436 / 1-2-6:0.0164:0.01843:0.00200 / 1-6-2:0.0160:0.01782:0.00180 / 1-3-6:0.0142:0.02820:0.01396 / 6-1-4:0.0138:0.01570:0.00191 / 1-4-5:0.0122:0.02444:0.01220 / 4-1-2:0.0110:0.02632:0.01528,leakfree-2026-06,1-4-2:0.0937:0.12430:0.03058 / 1-2-4:0.0595:0.08383:0.02436 / 4-1-2:0.0381:0.05334:0.01528,0.6431 0.0773 0.0773 0.1683 0.0245 0.0095,grade=5|a1=1|a12=3|c1cls=2|p1m=0.6431|p1k=0.5658
2026-09-24,徳山,3,✅低(堅),14,1-6-5 / 1-5-6 / 1-6-3 / 1-6-4 / 6-1-5 / 1-3-6 / 1-4-6 / 5-1-6 / 6-1-3 / 6-1-4 / 4-1-6 / 3-1-6 / 6-5-1 / 5-6-1,0.0420,1号石川 真二,6号照屋 厚仁,5号四宮 与寛,1.0,1.0,,,,,,model_new(old),1:1.4|2:14.8|3:4.5|4:7.9|5:5.7|6:20.2,1-6-5:0.0420:0.05401:0.01206 / 1-5-6:0.0379:0.05321:0.01532 / 1-6-3:0.0310:0.04631:0.01527 / 1-6-4:0.0269:0.03558:0.00870 / 6-1-5:0.0235:0.02941:0.00592 / 1-3-6:0.0218:0.04337:0.02157 / 1-4-6:0.0212:0.03118:0.01000 / 5-1-6:0.0205:0.02880:0.00832 / 6-1-3:0.0177:0.02521:0.00750 / 6-1-4:0.0151:0.01937:0.00427 / 4-1-6:0.0109:0.01608:0.00522 / 3-1-6:0.0108:0.02300:0.01220 / 6-5-1:0.0104:0.01353:0.00310 / 5-6-1:0.0100:0.01345:0.00343,leakfree-2026-06,1-4-5:0.0555:0.09099:0.03545 / 1-5-4:0.0518:0.09099:0.03916 / 1-4-3:0.0461:0.09099:0.04490 / 1-3-4:0.0358:0.09099:0.05515 / 1-5-3:0.0222:0.09099:0.06876,0.7916 0.0169 0.0597 0.0597 0.0597 0.0125,grade=5|a1=1|a12=3|c1cls=1|p1m=0.7916|p1k=0.5269
2026-09-24,徳山,4,✅低(堅),12,1-4-3 / 1-6-4 / 1-3-4 / 1-4-6 / 1-3-2 / 1-6-3 / 1-3-6 / 1-2-3 / 1-6-5 / 1-5-6 / 1-3-5 / 1-5-3,0.0198,1号出畑 孝典,2号片橋 幸貴,4号木場 雄二郎,2.0,2.0,,,,,,model_new(old),1:1.3|2:3.3|3:43.8|4:6.2|5:14.6|6:17.5,1-4-3:0.0198:0.02722:0.00741 / 1-6-4:0.0178:0.03289:0.01507 / 1-3-4:0.0177:0.02342:0.00567 / 1-4-6:0.0177:0.03625:0.01854 / 1-3-2:0.0162:0.02684:0.01065 / 1-6-3:0.0152:0.01732:0.00213 / 1-3-6:0.0144:0.01643:0.00201 / 1-2-3:0.0126:0.03285:0.02029 / 1-6-5:0.0114:0.01780:0.00640 / 1-5-6:0.0104:0.01695:0.00653 / 1-3-5:0.0103:0.01267:0.00241 / 1-5-3:0.0101:0.01273:0.00261,leakfree-2026-06,1-2-3:0.0753:0.09556:0.02029 / 1-3-2:0.0351:0.04579:0.01065 / 1-2-5:0.0347:0.09556:0.06086,0.6857 0.1795 0.0329 0.0571 0.0329 0.0119,grade=5|a1=1|a12=2|c1cls=2|p1m=0.6857|p1k=0.5566
2026-09-24,徳山,5,⚠高(荒),11,1-4-2 / 4-1-2 / 1-4-3 / 4-2-1 / 4-1-3 / 1-4-6 / 1-3-4 / 4-1-6 / 1-6-4 / 3-1-4 / 4-3-1,0.0257,1号八木 治樹,2号植田 太一,4号三浦 敬太,2.0,2.0,,,,,,model_new(old),1:2.1|2:1.7|3:5.7|4:17.2|5:0.0|6:17.2,1-4-2:0.0257:0.04231:0.01661 / 4-1-2:0.0237:0.03496:0.01126 / 1-4-3:0.0172:0.02213:0.00495 / 4-2-1:0.0163:0.02936:0.01303 / 4-1-3:0.0149:0.01828:0.00336 / 1-4-6:0.0147:0.01637:0.00164 / 1-3-4:0.0138:0.01962:0.00578 / 4-1-6:0.0124:0.01353:0.00111 / 1-6-4:0.0121:0.01373:0.00164 / 3-1-4:0.0107:0.01505:0.00431 / 4-3-1:0.0104:0.01290:0.00246,leakfree-2026-06,1-3-4:0.0367:0.04250:0.00578 / 1-4-3:0.0337:0.03867:0.00495 / 1-4-2:0.0312:0.04777:0.01661,0.3589 0.2531 0.2049 0.1616 0.0107 0.0107,grade=5|a1=1|a12=2|c1cls=3|p1m=0.3589|p1k=0.3511
2026-09-24,芦屋,1,✅低(堅),9,1-4-5 / 1-5-4 / 1-4-6 / 1-4-2 / 1-6-4 / 4-1-5 / 1-2-4 / 1-5-6 / 1-5-2,0.0726,1号魚谷 香織,4号武藤 綾子,5号新田 芳美,1.0,1.0,,,,,,model_new(old),1:1.2|2:10.9|3:6.1|4:5.9|5:17.7|6:23.6,1-4-5:0.0726:0.10426:0.03164 / 1-5-4:0.0471:0.07111:0.02399 / 1-4-6:0.0366:0.06032:0.02373 / 1-4-2:0.0322:0.08358:0.05138 / 1-6-4:0.0202:0.03769:0.01747 / 4-1-5:0.0162:0.03018:0.01396 / 1-2-4:0.0125:0.05465:0.04214 / 1-5-6:0.0107:0.01672:0.00600 / 1-5-2:0.0102:0.02316:0.01299,leakfree-2026-06,1-2-3:0.0725:0.11322:0.04076 / 1-3-2:0.0690:0.11791:0.04893 / 1-2-5:0.0312:0.04522:0.01405,0.7709 0.0701 0.0764 0.0428 0.0305 0.0094,grade=4|a1=0|a12=1|c1cls=2|p1m=0.7709|p1k=0.6139
2026-09-24,芦屋,2,△中,6,1-4-5 / 1-4-6 / 1-4-3 / 1-6-4 / 1-5-4 / 1-3-4,0.0394,1号内山 七海,4号川野 芽唯,2号中田 夕貴,1.0,1.0,,,,,,model_new(old),1:1.3|2:7.6|3:44.2|4:2.6|5:44.2|6:19.6,1-4-5:0.0394:0.07411:0.03472 / 1-4-6:0.0323:0.11062:0.07829 / 1-4-3:0.0316:0.06628:0.03472 / 1-6-4:0.0245:0.05630:0.03177 / 1-5-4:0.0225:0.03594:0.01341 / 1-3-4:0.0184:0.03182:0.01341,leakfree-2026-06,1-2-4:0.0844:0.18003:0.09566 / 2-1-4:0.0497:0.09656:0.04687,0.5561 0.1724 0.0224 0.2264 0.0131 0.0097,grade=4|a1=1|a12=2|c1cls=2|p1m=0.5561|p1k=0.5567
2026-09-24,芦屋,3,△中,12,1-5-6 / 1-5-4 / 1-6-5 / 1-5-3 / 1-4-5 / 1-6-3 / 1-3-6 / 5-1-6 / 1-6-4 / 1-4-6 / 6-1-5 / 5-1-4,0.0490,1号山川 美由紀,5号山口 真喜子,3号小野 生奈,1.0,1.0,,,,,,model_new(old),1:1.3|2:37.5|3:2.7|4:16.4|5:7.2|6:52.5,1-5-6:0.0490:0.05397:0.00500 / 1-5-4:0.0379:0.05391:0.01601 / 1-6-5:0.0356:0.03956:0.00400 / 1-5-3:0.0353:0.13251:0.09722 / 1-4-5:0.0257:0.03951:0.01376 / 1-6-3:0.0252:0.03581:0.01066 / 1-3-6:0.0204:0.04632:0.02590 / 5-1-6:0.0162:0.01865:0.00247 / 1-6-4:0.0128:0.01457:0.00175 / 1-4-6:0.0127:0.01456:0.00189 / 6-1-5:0.0109:0.01266:0.00180 / 5-1-4:0.0107:0.01863:0.00791,leakfree-2026-06,1-3-4:0.0570:0.13994:0.08291 / 3-1-4:0.0537:0.10407:0.05032,0.5015 0.0176 0.3296 0.0713 0.0713 0.0087,grade=4|a1=1|a12=3|c1cls=2|p1m=0.5015|p1k=0.5553
2026-09-24,芦屋,4,✅低(堅),12,1-5-6 / 1-6-5 / 1-6-3 / 1-3-6 / 1-6-2 / 1-2-6 / 5-1-6 / 6-1-5 / 6-1-3 / 3-1-6 / 1-5-3 / 1-6-4,0.0493,1号三浦 永理,5号石原 凪紗,3号今井 裕梨,1.0,1.0,,,,,,model_new(old),1:1.1|2:6.1|3:8.5|4:16.5|5:10.0|6:46.8,1-5-6:0.0493:0.05766:0.00840 / 1-6-5:0.0485:0.05538:0.00690 / 1-6-3:0.0420:0.05016:0.00812 / 1-3-6:0.0401:0.05052:0.01038 / 1-6-2:0.0273:0.03861:0.01132 / 1-2-6:0.0196:0.03627:0.01670 / 5-1-6:0.0165:0.01958:0.00306 / 6-1-5:0.0162:0.01862:0.00237 / 6-1-3:0.0141:0.01686:0.00279 / 3-1-6:0.0132:0.01702:0.00384 / 1-5-3:0.0128:0.05901:0.04623 / 1-6-4:0.0125:0.01664:0.00418,leakfree-2026-06,1-2-3:0.0774:0.16941:0.09197 / 1-3-2:0.0591:0.13878:0.07966,0.8126 0.0784 0.0543 0.0113 0.032 0.0113,grade=4|a1=1|a12=3|c1cls=1|p1m=0.8126|p1k=0.6623
2026-09-24,桐生,1,🌊最高(大荒),0,,0.0000,3号浜先 真範,1号菊池 峰晴,5号里岡 右貴,3.0,2.0,,,,,,model_new(old),1:6.2|2:4.2|3:1.9|4:6.2|5:4.0|6:68.2,,leakfree-2026-06,,0.2561 0.1646 0.2578 0.1646 0.1477 0.0093,grade=5|a1=2|a12=2|c1cls=4|p1m=0.2561|p1k=0.1193
2026-09-24,桐生,2,⚠高(荒),9,5-1-3 / 1-5-3 / 1-5-4 / 5-1-4 / 5-4-1 / 1-4-5 / 5-3-1 / 4-5-1 / 4-1-5,0.0292,1号楠原 正剛,5号田中 辰彦,3号武田 光史,3.0,2.0,,,,,,model_new(old),1:2.5|2:9.0|3:2.5|4:6.4|5:4.5|6:22.5,5-1-3:0.0292:0.06286:0.03368 / 1-5-3:0.0275:0.06759:0.04009 / 1-5-4:0.0268:0.04244:0.01566 / 5-1-4:0.0263:0.03947:0.01316 / 5-4-1:0.0160:0.02579:0.00980 / 1-4-5:0.0159:0.03028:0.01433 / 5-3-1:0.0130:0.04667:0.03368 / 4-5-1:0.0119:0.02117:0.00925 / 4-1-5:0.0117:0.02311:0.01137,leakfree-2026-06,1-3-4:0.0351:0.07271:0.03757,0.4 0.0827 0.2629 0.1399 0.1044 0.0101,grade=5|a1=0|a12=4|c1cls=3|p1m=0.4000|p1k=0.2998
2026-09-24,桐生,3,✅低(堅),4,5-1-3 / 3-1-5 / 5-3-1 / 3-5-1,0.0256,1号奈須 啓太,5号篠田 優也,3号岡村 仁,4.0,3.0,,,,,,model_new(old),1:1.0|2:15.2|3:10.1|4:22.8|5:8.3|6:91.5,5-1-3:0.0256:0.05884:0.03324 / 3-1-5:0.0225:0.05228:0.02975 / 5-3-1:0.0159:0.02239:0.00651 / 3-5-1:0.0153:0.02175:0.00640,leakfree-2026-06,1-3-2:0.0304:0.08970:0.05929,0.6193 0.0744 0.1621 0.0297 0.1054 0.0091,grade=5|a1=2|a12=4|c1cls=2|p1m=0.6193|p1k=0.7462
2026-09-24,桐生,4,⚠高(荒),5,1-3-5 / 1-5-3 / 3-1-5 / 5-1-3 / 1-3-4,0.0825,1号島倉 都,3号藤原 菜希,5号金田 幸子,3.0,2.0,,,,,,model_new(old),1:1.6|2:6.3|3:2.6|4:33.0|5:6.8|6:39.6,1-3-5:0.0825:0.17813:0.09566 / 1-5-3:0.0556:0.11337:0.05772 / 3-1-5:0.0242:0.09651:0.07235 / 5-1-3:0.0185:0.05368:0.03518 / 1-3-4:0.0118:0.03150:0.01971,leakfree-2026-06,,0.346 0.1558 0.346 0.0103 0.1331 0.0088,grade=5|a1=0|a12=1|c1cls=3|p1m=0.3460|p1k=0.4559
2026-09-24,桐生,5,⚠高(荒),24,4-2-1 / 2-4-1 / 4-1-3 / 4-1-2 / 2-1-4 / 1-4-3 / 4-3-1 / 1-2-3 / 2-1-3 / 4-2-3 / 3-4-1 / 1-3-4 / 3-1-4 / 1-3-2 / 2-4-3 / 4-3-2 / 1-2-4 / 3-1-2 / 2-3-1 / 1-4-2 / 3-4-2 / 3-2-1 / 2-3-4 / 3-2-4,0.0283,1号嶋田 有里,4号櫻本 あゆみ,2号若狭 奈美子,3.0,2.0,,,,,,model_new(old),1:1.7|2:6.1|3:12.2|4:3.2|5:5.7|6:35.2,4-2-1:0.0283:0.05286:0.02460 / 2-4-1:0.0261:0.04758:0.02152 / 4-1-3:0.0259:0.04981:0.02390 / 4-1-2:0.0245:0.07228:0.04780 / 2-1-4:0.0223:0.05372:0.03143 / 1-4-3:0.0217:0.05425:0.03254 / 4-3-1:0.0212:0.03245:0.01124 / 1-2-3:0.0193:0.03217:0.01283 / 2-1-3:0.0183:0.02658:0.00824 / 4-2-3:0.0182:0.02165:0.00343 / 3-4-1:0.0179:0.02707:0.00920 / 1-3-4:0.0178:0.03935:0.02152 / 3-1-4:0.0172:0.03013:0.01293 / 1-3-2:0.0170:0.02826:0.01129 / 2-4-3:0.0165:0.01949:0.00300 / 4-3-2:0.0162:0.01929:0.00313 / 1-2-4:0.0161:0.06500:0.04893 / 3-1-2:0.0149:0.02164:0.00678 / 2-3-1:0.0140:0.01844:0.00447 / 1-4-2:0.0136:0.07873:0.06509 / 3-4-2:0.0135:0.01609:0.00256 / 3-2-1:0.0129:0.01709:0.00418 / 2-3-4:0.0129:0.01526:0.00237 / 3-2-4:0.0119:0.01414:0.00222,leakfree-2026-06,1-2-3:0.0328:0.04560:0.01283,0.401 0.2081 0.128 0.2081 0.0454 0.0095,grade=5|a1=2|a12=3|c1cls=3|p1m=0.4010|p1k=0.4356
2026-09-24,浜名湖,7,△中,8,1-6-5 / 1-6-4 / 1-6-2 / 1-5-6 / 6-1-5 / 6-1-4 / 6-1-2 / 1-2-6,0.0303,1号荒川 健太,6号宮崎 心之介,4号湯川 浩司,2.0,1.0,,,,,,model_new(old),1:1.6|2:10.1|3:11.2|4:3.3|5:25.3|6:5.3,1-6-5:0.0303:0.03934:0.00908 / 1-6-4:0.0292:0.09875:0.06958 / 1-6-2:0.0204:0.04314:0.02273 / 1-5-6:0.0199:0.02695:0.00709 / 6-1-5:0.0180:0.02367:0.00565 / 6-1-4:0.0161:0.05941:0.04332 / 6-1-2:0.0118:0.02595:0.01415 / 1-2-6:0.0105:0.02993:0.01945,leakfree-2026-06,1-6-2:0.0386:0.06135:0.02273 / 1-2-6:0.0370:0.05641:0.01945,0.6203 0.0891 0.0299 0.1125 0.0356 0.1125,grade=5|a1=1|a12=3|c1cls=2|p1m=0.6203|p1k=0.4648
2026-09-24,浜名湖,8,△中,8,1-4-6 / 4-1-6 / 4-1-3 / 1-4-3 / 1-6-4 / 1-3-4 / 6-1-4 / 3-1-4,0.0349,1号西丸 敦基,4号山一 鉄也,6号武重 雄介,2.0,1.0,,,,,,model_new(old),1:1.0|2:22.5|3:33.7|4:4.2|5:67.5|6:33.7,1-4-6:0.0349:0.15801:0.12309 / 4-1-6:0.0337:0.07290:0.03925 / 4-1-3:0.0311:0.07035:0.03925 / 1-4-3:0.0294:0.15248:0.12309 / 1-6-4:0.0233:0.06795:0.04464 / 1-3-4:0.0205:0.06519:0.04464 / 6-1-4:0.0136:0.02559:0.01200 / 3-1-4:0.0125:0.02450:0.01200,leakfree-2026-06,1-3-4:0.0851:0.12973:0.04464 / 1-4-3:0.0768:0.19993:0.12309 / 1-3-2:0.0307:0.03903:0.00833,0.7367 0.0409 0.067 0.1359 0.009 0.0106,grade=5|a1=0|a12=2|c1cls=2|p1m=0.7367|p1k=0.7371
2026-09-24,浜名湖,9,△中,11,1-6-2 / 6-1-2 / 1-6-3 / 6-1-3 / 1-3-6 / 2-1-6 / 6-2-1 / 2-6-1 / 3-1-6 / 1-6-4 / 6-1-4,0.0923,1号小坂 宗司,6号安達 裕樹,2号加藤 翔,2.0,1.0,,,,,,model_new(old),1:1.0|2:6.7|3:21.3|4:21.3|5:24.8|6:16.5,1-6-2:0.0923:0.16133:0.06900 / 6-1-2:0.0615:0.07997:0.01850 / 1-6-3:0.0596:0.08135:0.02170 / 6-1-3:0.0345:0.04032:0.00582 / 1-3-6:0.0262:0.04687:0.02071 / 2-1-6:0.0198:0.04870:0.02891 / 6-2-1:0.0182:0.02278:0.00462 / 2-6-1:0.0154:0.02040:0.00497 / 3-1-6:0.0142:0.01966:0.00549 / 1-6-4:0.0131:0.03479:0.02170 / 6-1-4:0.0114:0.01724:0.00582,leakfree-2026-06,1-3-2:0.0188:0.06977:0.05099,0.7203 0.0784 0.0719 0.0439 0.0313 0.0543,grade=5|a1=0|a12=2|c1cls=2|p1m=0.7203|p1k=0.7440
2026-09-24,浜名湖,10,✅低(堅),13,1-2-6 / 1-6-4 / 1-6-2 / 1-4-6 / 1-6-5 / 1-5-6 / 1-2-5 / 1-5-2 / 1-6-3 / 2-1-6 / 6-1-2 / 6-1-4 / 1-3-6,0.0349,1号西野 翔太,4号有賀 達也,2号後藤 翔之,2.0,1.0,,,,,,model_new(old),1:1.3|2:9.1|3:9.1|4:3.7|5:18.2|6:42.5,1-2-6:0.0349:0.04057:0.00570 / 1-6-4:0.0331:0.04495:0.01180 / 1-6-2:0.0331:0.03789:0.00480 / 1-4-6:0.0297:0.05123:0.02157 / 1-6-5:0.0217:0.02413:0.00240 / 1-5-6:0.0206:0.02312:0.00255 / 1-2-5:0.0198:0.03308:0.01332 / 1-5-2:0.0177:0.02960:0.01189 / 1-6-3:0.0135:0.01825:0.00480 / 2-1-6:0.0127:0.01529:0.00264 / 6-1-2:0.0119:0.01400:0.00208 / 6-1-4:0.0115:0.01660:0.00511 / 1-3-6:0.0110:0.01673:0.00570,leakfree-2026-06,1-2-3:0.0586:0.08522:0.02663 / 1-3-2:0.0586:0.08522:0.02663 / 1-2-4:0.0197:0.08522:0.06550 / 1-3-4:0.0197:0.08522:0.06550,0.7264 0.079 0.079 0.079 0.0251 0.0114,grade=5|a1=2|a12=4|c1cls=1|p1m=0.7264|p1k=0.5750
2026-09-24,浜名湖,11,✅低(堅),17,1-5-6 / 1-6-5 / 1-5-2 / 1-5-4 / 1-5-3 / 1-4-5 / 5-1-6 / 1-3-5 / 6-1-5 / 1-6-4 / 5-1-4 / 1-6-2 / 1-4-6 / 5-1-2 / 1-6-3 / 5-1-3 / 1-3-6,0.0818,1号大須賀 友,5号宮崎 心之介,2号湯川 浩司,2.0,1.0,,,,,,model_new(old),1:1.4|2:2.6|3:11.2|4:13.7|5:17.7|6:35.4,1-5-6:0.0818:0.08408:0.00233 / 1-6-5:0.0600:0.06219:0.00222 / 1-5-2:0.0580:0.08973:0.03174 / 1-5-4:0.0522:0.05827:0.00602 / 1-5-3:0.0378:0.04520:0.00737 / 1-4-5:0.0341:0.04032:0.00620 / 5-1-6:0.0274:0.02858:0.00114 / 1-3-5:0.0225:0.03029:0.00781 / 6-1-5:0.0186:0.01971:0.00107 / 1-6-4:0.0171:0.01994:0.00287 / 5-1-4:0.0169:0.01981:0.00295 / 1-6-2:0.0156:0.03071:0.01513 / 1-4-6:0.0156:0.01866:0.00310 / 5-1-2:0.0150:0.03050:0.01555 / 1-6-3:0.0120:0.01547:0.00351 / 5-1-3:0.0118:0.01536:0.00361 / 1-3-6:0.0101:0.01402:0.00391,leakfree-2026-06,1-5-4:0.0794:0.08541:0.00602 / 1-5-2:0.0740:0.10571:0.03174 / 1-4-5:0.0624:0.06861:0.00620 / 1-5-3:0.0536:0.06092:0.00737 / 1-3-5:0.0378:0.04566:0.00781,0.7667 0.0578 0.0333 0.0467 0.0834 0.0121,grade=5|a1=2|a12=4|c1cls=1|p1m=0.7667|p1k=0.5307
2026-09-24,浜名湖,12,✅低(堅),9,1-3-2 / 1-2-3 / 1-3-6 / 1-6-3 / 1-3-4 / 1-2-6 / 1-4-3 / 1-6-2 / 3-1-2,0.0454,1号下條 雄太郎,3号橋本 久和,2号前田 聖文,2.0,1.0,,,,,,model_new(old),1:1.2|2:7.6|3:11.7|4:9.2|5:6.3|6:13.4,1-3-2:0.0454:0.07078:0.02542 / 1-2-3:0.0394:0.06760:0.02816 / 1-3-6:0.0333:0.04773:0.01442 / 1-6-3:0.0270:0.04106:0.01409 / 1-3-4:0.0228:0.04380:0.02100 / 1-2-6:0.0157:0.04024:0.02459 / 1-4-3:0.0150:0.03706:0.02208 / 1-6-2:0.0146:0.03625:0.02170 / 3-1-2:0.0125:0.02336:0.01087,leakfree-2026-06,1-2-3:0.0655:0.09369:0.02816 / 1-2-4:0.0579:0.09369:0.03581 / 1-3-2:0.0482:0.07362:0.02542 / 1-4-2:0.0396:0.07362:0.03399 / 1-2-5:0.0234:0.07570:0.05229,0.7506 0.0939 0.0515 0.0515 0.0416 0.0108,grade=5|a1=3|a12=5|c1cls=1|p1m=0.7506|p1k=0.5985
2026-09-24,下関,1,⚠高(荒),12,1-6-4 / 1-4-6 / 6-1-4 / 1-6-5 / 4-1-6 / 1-6-2 / 6-1-5 / 1-5-6 / 6-4-1 / 6-1-2 / 4-6-1 / 1-2-6,0.0451,1号大田 直弥,6号井上 尚悟,4号渡邊 伸太郎,1.0,1.0,,,,,,model_new(old),1:1.7|2:8.3|3:5.5|4:5.0|5:6.2|6:10.0,1-6-4:0.0451:0.06224:0.01718 / 1-4-6:0.0362:0.05647:0.02022 / 6-1-4:0.0300:0.04045:0.01048 / 1-6-5:0.0276:0.04142:0.01385 / 4-1-6:0.0217:0.03515:0.01341 / 1-6-2:0.0200:0.03037:0.01035 / 6-1-5:0.0185:0.02692:0.00845 / 1-5-6:0.0183:0.03351:0.01526 / 6-4-1:0.0146:0.02117:0.00661 / 6-1-2:0.0134:0.01974:0.00631 / 4-6-1:0.0131:0.02027:0.00718 / 1-2-6:0.0126:0.02325:0.01068,leakfree-2026-06,1-4-2:0.0595:0.08388:0.02436 / 1-2-4:0.0511:0.07243:0.02135 / 1-4-3:0.0471:0.08388:0.03677 / 1-3-4:0.0368:0.07243:0.03562 / 1-2-3:0.0317:0.05113:0.01941,0.6321 0.0908 0.0908 0.1286 0.0288 0.0288,grade=5|a1=0|a12=0|c1cls=3|p1m=0.6321|p1k=0.4351
2026-09-24,下関,2,⚠高(荒),2,1-3-4 / 1-4-3,0.0201,1号川上 聡介,4号竹腰 正樹,3号山谷 央,2.0,2.0,,,,,,model_new(old),1:2.1|2:6.0|3:4.5|4:2.8|5:6.8|6:0.0,1-3-4:0.0201:0.06618:0.04607 / 1-4-3:0.0172:0.07484:0.05766,leakfree-2026-06,1-3-2:0.0695:0.09103:0.02150 / 1-3-4:0.0450:0.09103:0.04607 / 1-2-3:0.0436:0.06350:0.01985 / 3-1-2:0.0337:0.05040:0.01674,0.5558 0.0907 0.1977 0.0907 0.0362 0.0288,grade=5|a1=0|a12=1|c1cls=3|p1m=0.5558|p1k=0.3478
2026-09-24,下関,3,🌊最高(大荒),11,6-3-1 / 6-1-3 / 1-6-3 / 6-3-5 / 6-1-2 / 6-3-2 / 3-6-5 / 6-5-3 / 6-2-3 / 6-2-1 / 6-1-5,0.1003,6号稲田 浩二,3号藤田 靖弘,1号安田 吉宏,3.0,3.0,,,,,,model_new(old),1:5.7|2:7.0|3:1.3|4:19.6|5:98.2|6:4.4,6-3-1:0.1003:0.15147:0.05113 / 6-1-3:0.0802:0.10014:0.01994 / 1-6-3:0.0384:0.05745:0.01908 / 6-3-5:0.0280:0.03098:0.00297 / 6-1-2:0.0162:0.01988:0.00370 / 6-3-2:0.0152:0.05685:0.04163 / 3-6-5:0.0151:0.02069:0.00562 / 6-5-3:0.0147:0.01572:0.00099 / 6-2-3:0.0147:0.03036:0.01571 / 6-2-1:0.0125:0.01606:0.00358 / 6-1-5:0.0106:0.01084:0.00026,leakfree-2026-06,1-2-3:0.0472:0.05819:0.01103 / 1-3-2:0.0469:0.07395:0.02706,0.419 0.1465 0.2392 0.06 0.0125 0.1227,grade=5|a1=1|a12=3|c1cls=3|p1m=0.4190|p1k=0.1275
2026-09-24,下関,4,⚠高(荒),6,6-2-1 / 2-6-1 / 6-1-2 / 6-2-3 / 6-3-2 / 2-6-3,0.0480,6号下出 卓矢,1号高野 心吾,2号小林 泰,3.0,3.0,,,,,,model_new(old),1:1.8|2:5.1|3:8.0|4:22.6|5:18.8|6:2.5,6-2-1:0.0480:0.08985:0.04184 / 2-6-1:0.0309:0.06546:0.03460 / 6-1-2:0.0260:0.10381:0.07779 / 6-2-3:0.0197:0.02915:0.00942 / 6-3-2:0.0138:0.02243:0.00863 / 2-6-3:0.0135:0.02124:0.00779,leakfree-2026-06,1-3-2:0.0921:0.10951:0.01746 / 1-2-3:0.0578:0.07722:0.01945 / 3-1-2:0.0529:0.06432:0.01144 / 1-3-6:0.0417:0.07730:0.03561,0.538 0.1095 0.2134 0.0309 0.0309 0.0773,grade=5|a1=1|a12=3|c1cls=3|p1m=0.5380|p1k=0.4043
2026-09-24,下関,5,✅低(堅),8,1-4-6 / 1-6-4 / 4-1-6 / 1-6-2 / 1-6-3 / 1-2-6 / 1-3-6 / 6-1-4,0.0771,1号馬場 剛,4号塩田 北斗,6号寺島 美里,2.0,2.0,,,,,,model_new(old),1:1.1|2:12.6|3:8.2|4:4.2|5:55.0|6:55.0,1-4-6:0.0771:0.10225:0.02513 / 1-6-4:0.0582:0.07127:0.01305 / 4-1-6:0.0226:0.03298:0.01043 / 1-6-2:0.0214:0.02578:0.00435 / 1-6-3:0.0202:0.02684:0.00669 / 1-2-6:0.0198:0.02486:0.00502 / 1-3-6:0.0174:0.02609:0.00865 / 6-1-4:0.0168:0.02129:0.00454,leakfree-2026-06,1-4-2:0.1050:0.21465:0.10969 / 1-2-4:0.0647:0.13051:0.06577,0.7213 0.0696 0.039 0.1515 0.0085 0.0101,grade=5|a1=2|a12=2|c1cls=1|p1m=0.7213|p1k=0.6564
2026-09-24,下関,6,🌊最高(大荒),15,1-2-5 / 2-1-5 / 2-5-1 / 1-2-3 / 2-1-3 / 1-3-2 / 1-5-2 / 1-3-5 / 2-3-1 / 3-1-2 / 3-1-5 / 3-2-1 / 2-5-3 / 2-3-5 / 3-2-5,0.0585,1号渡邊 伸太郎,5号中辻 崇人,2号平野 和明,1.0,1.0,,,,,,model_new(old),1:6.0|2:27.3|3:27.3|4:0.0|5:1.0|6:54.7,1-2-5:0.0585:0.06272:0.00421 / 2-1-5:0.0519:0.05567:0.00377 / 2-5-1:0.0319:0.04984:0.01793 / 1-2-3:0.0251:0.02525:0.00015 / 2-1-3:0.0223:0.02241:0.00014 / 1-3-2:0.0197:0.01981:0.00015 / 1-5-2:0.0192:0.06777:0.04856 / 1-3-5:0.0185:0.02270:0.00421 / 2-3-1:0.0152:0.01528:0.00012 / 3-1-2:0.0150:0.01513:0.00014 / 3-1-5:0.0136:0.01734:0.00377 / 3-2-1:0.0130:0.01316:0.00012 / 2-5-3:0.0128:0.01672:0.00394 / 2-3-5:0.0120:0.01274:0.00074 / 3-2-5:0.0102:0.01097:0.00074,leakfree-2026-06,1-2-5:0.0712:0.07544:0.00421 / 1-5-2:0.0556:0.10413:0.04856 / 2-1-5:0.0478:0.05152:0.00377,0.4244 0.1572 0.0804 0.0557 0.2725 0.0099,grade=5|a1=1|a12=3|c1cls=3|p1m=0.4244|p1k=0.1325
2026-09-24,若松,1,△中,14,1-6-4 / 6-1-4 / 1-4-6 / 1-6-5 / 6-4-1 / 6-1-5 / 4-1-6 / 6-1-2 / 4-6-1 / 1-6-2 / 1-5-6 / 6-5-1 / 6-2-1 / 5-1-6,0.0208,1号篠原 晟弥,6号宮脇 遼太,4号佐藤 航,2.0,2.0,,,,,,model_new(old),1:2.0|2:3.2|3:4.0|4:7.3|5:12.8|6:12.8,1-6-4:0.0208:0.02676:0.00593 / 6-1-4:0.0195:0.02350:0.00397 / 1-4-6:0.0171:0.02349:0.00642 / 1-6-5:0.0160:0.01943:0.00338 / 6-4-1:0.0149:0.01757:0.00271 / 6-1-5:0.0148:0.01706:0.00227 / 4-1-6:0.0145:0.01901:0.00451 / 6-1-2:0.0144:0.02346:0.00906 / 4-6-1:0.0133:0.01619:0.00284 / 1-6-2:0.0132:0.02672:0.01353 / 1-5-6:0.0126:0.01594:0.00338 / 6-5-1:0.0106:0.01203:0.00147 / 6-2-1:0.0102:0.01753:0.00730 / 5-1-6:0.0101:0.01234:0.00227,leakfree-2026-06,1-3-2:0.0272:0.08278:0.05559 / 1-2-3:0.0208:0.08278:0.06198,0.5188 0.1576 0.1576 0.0847 0.0338 0.0474,grade=2|a1=5|a12=6|c1cls=2|p1m=0.5188|p1k=0.3688
2026-09-24,若松,2,△中,20,1-5-4 / 1-4-5 / 1-5-6 / 1-5-2 / 1-6-5 / 1-4-6 / 5-1-4 / 4-1-5 / 1-6-4 / 1-2-5 / 5-1-6 / 1-5-3 / 5-1-2 / 6-1-5 / 4-1-6 / 1-6-2 / 6-1-4 / 5-4-1 / 4-5-1 / 1-3-5,0.0304,1号山本 梨菜,5号平川 香織,4号中野 希一,2.0,2.0,,,,,,model_new(old),1:2.5|2:2.9|3:3.0|4:6.0|5:20.8|6:15.6,1-5-4:0.0304:0.03310:0.00272 / 1-4-5:0.0295:0.03267:0.00312 / 1-5-6:0.0242:0.02528:0.00104 / 1-5-2:0.0225:0.02809:0.00562 / 1-6-5:0.0222:0.02327:0.00106 / 1-4-6:0.0198:0.02394:0.00416 / 5-1-4:0.0196:0.02160:0.00199 / 4-1-5:0.0187:0.02118:0.00251 / 1-6-4:0.0186:0.02232:0.00369 / 1-2-5:0.0182:0.02650:0.00834 / 5-1-6:0.0157:0.01650:0.00076 / 1-5-3:0.0149:0.02031:0.00543 / 5-1-2:0.0142:0.01833:0.00411 / 6-1-5:0.0138:0.01456:0.00079 / 4-1-6:0.0122:0.01552:0.00335 / 1-6-2:0.0113:0.01894:0.00762 / 6-1-4:0.0112:0.01397:0.00273 / 5-4-1:0.0110:0.01257:0.00158 / 4-5-1:0.0108:0.01249:0.00174 / 1-3-5:0.0100:0.01792:0.00791,leakfree-2026-06,1-3-4:0.0533:0.08071:0.02744 / 1-3-5:0.0531:0.06099:0.00791 / 1-4-3:0.0385:0.06011:0.02165 / 1-5-3:0.0374:0.04283:0.00543 / 1-3-2:0.0312:0.08800:0.05677,0.6013 0.0864 0.1608 0.0792 0.0599 0.0125,grade=2|a1=3|a12=6|c1cls=2|p1m=0.6013|p1k=0.2948
2026-09-24,若松,3,✅低(堅),2,2-1-6 / 1-2-6,0.0108,1号青木 蓮,2号井上 遥妃,6号米丸 乃絵,2.0,2.0,,,,,,model_new(old),1:1.3|2:6.7|3:8.2|4:11.2|5:6.2|6:10.0,2-1-6:0.0108:0.02490:0.01407 / 1-2-6:0.0107:0.03882:0.02809,leakfree-2026-06,1-4-2:0.0352:0.05748:0.02226 / 1-4-3:0.0345:0.05272:0.01819 / 1-2-4:0.0324:0.05748:0.02508 / 1-3-4:0.0319:0.05131:0.01937 / 1-4-5:0.0313:0.05535:0.02405,0.6998 0.0746 0.0684 0.0746 0.0718 0.0108,grade=2|a1=5|a12=6|c1cls=2|p1m=0.6998|p1k=0.5530
2026-09-24,若松,4,✅低(堅),3,1-4-6 / 1-6-4 / 1-6-3,0.0108,1号宗行 治哉,3号竹下 大樹,4号廣瀬 凜,2.0,2.0,,,,,,model_new(old),1:1.5|2:15.3|3:3.4|4:7.3|5:7.5|6:15.3,1-4-6:0.0108:0.02205:0.01130 / 1-6-4:0.0107:0.02071:0.01001 / 1-6-3:0.0101:0.03156:0.02149,leakfree-2026-06,1-3-2:0.0751:0.10884:0.03376 / 1-2-3:0.0427:0.06419:0.02149 / 3-1-2:0.0390:0.06095:0.02198 / 1-3-4:0.0329:0.10366:0.07075,0.5656 0.0783 0.2244 0.0745 0.0455 0.0118,grade=2|a1=5|a12=6|c1cls=1|p1m=0.5656|p1k=0.4895
2026-09-24,若松,5,✅低(堅),19,1-6-5 / 1-5-6 / 1-6-4 / 1-4-6 / 1-5-4 / 6-1-5 / 5-1-6 / 1-4-5 / 1-6-3 / 6-1-4 / 1-3-6 / 1-5-3 / 4-1-6 / 5-1-4 / 1-3-5 / 6-5-1 / 6-1-3 / 5-6-1 / 4-1-5,0.0576,1号濱野 斗馬,6号小芦 るり華,5号若林 義人,1.0,1.0,,,,,,model_new(old),1:1.8|2:2.8|3:8.7|4:5.5|5:9.8|6:21.0,1-6-5:0.0576:0.06088:0.00327 / 1-5-6:0.0562:0.05975:0.00352 / 1-6-4:0.0424:0.04825:0.00583 / 1-4-6:0.0368:0.04386:0.00708 / 1-5-4:0.0317:0.04519:0.01345 / 6-1-5:0.0310:0.03297:0.00200 / 5-1-6:0.0299:0.03212:0.00225 / 1-4-5:0.0267:0.04185:0.01518 / 1-6-3:0.0256:0.02927:0.00368 / 6-1-4:0.0226:0.02613:0.00357 / 1-3-6:0.0199:0.02394:0.00404 / 1-5-3:0.0189:0.02741:0.00850 / 4-1-6:0.0180:0.02287:0.00483 / 5-1-4:0.0157:0.02430:0.00860 / 1-3-5:0.0142:0.02285:0.00866 / 6-5-1:0.0136:0.01489:0.00125 / 6-1-3:0.0136:0.01585:0.00226 / 5-6-1:0.0135:0.01478:0.00131 / 4-1-5:0.0115:0.02182:0.01036,leakfree-2026-06,1-4-5:0.0572:0.07243:0.01518 / 1-5-4:0.0493:0.06273:0.01345 / 1-4-3:0.0350:0.05212:0.01710 / 1-4-2:0.0193:0.07243:0.05313,0.6786 0.0711 0.0512 0.1046 0.0711 0.0234,grade=2|a1=6|a12=6|c1cls=1|p1m=0.6786|p1k=0.4088
2026-09-24,若松,6,△中,13,1-6-5 / 1-5-6 / 6-1-5 / 6-1-2 / 5-1-6 / 1-6-2 / 6-2-1 / 1-6-4 / 6-5-1 / 2-6-1 / 5-6-1 / 6-1-4 / 1-4-6,0.0191,1号仲道 大輔,2号常住 蓮,6号前田 翔,2.0,2.0,,,,,,model_new(old),1:1.5|2:3.1|3:8.3|4:10.1|5:11.0|6:26.7,1-6-5:0.0191:0.02314:0.00400 / 1-5-6:0.0175:0.02192:0.00437 / 6-1-5:0.0169:0.01898:0.00206 / 6-1-2:0.0163:0.02363:0.00732 / 5-1-6:0.0150:0.01738:0.00235 / 1-6-2:0.0146:0.02881:0.01419 / 6-2-1:0.0137:0.01846:0.00474 / 1-6-4:0.0130:0.01738:0.00436 / 6-5-1:0.0130:0.01406:0.00108 / 2-6-1:0.0125:0.01861:0.00608 / 5-6-1:0.0125:0.01360:0.00113 / 6-1-4:0.0120:0.01426:0.00225 / 1-4-6:0.0106:0.01543:0.00483,leakfree-2026-06,1-3-2:0.0240:0.07660:0.05256,0.6131 0.1639 0.0881 0.061 0.061 0.0127,grade=2|a1=4|a12=6|c1cls=2|p1m=0.6131|p1k=0.4986
2026-09-24,福岡,7,⚠高(荒),14,1-4-6 / 1-4-2 / 1-6-4 / 1-4-3 / 1-2-4 / 4-1-6 / 1-3-4 / 6-1-4 / 4-1-2 / 4-1-3 / 2-1-4 / 3-1-4 / 4-6-1 / 6-4-1,0.0211,1号中北 将史,6号市橋 卓士,3号浅見 昌克,3.0,3.0,,,,,,model_new(old),1:1.5|2:5.8|3:4.7|4:21.6|5:75.7|6:4.0,1-4-6:0.0211:0.03372:0.01258 / 1-4-2:0.0191:0.02775:0.00868 / 1-6-4:0.0182:0.03655:0.01835 / 1-4-3:0.0176:0.02830:0.01071 / 1-2-4:0.0174:0.02813:0.01077 / 4-1-6:0.0159:0.02251:0.00665 / 1-3-4:0.0144:0.02885:0.01441 / 6-1-4:0.0140:0.02542:0.01147 / 4-1-2:0.0139:0.01853:0.00458 / 4-1-3:0.0132:0.01889:0.00566 / 2-1-4:0.0126:0.01891:0.00630 / 3-1-4:0.0107:0.01945:0.00871 / 4-6-1:0.0104:0.01441:0.00405 / 6-4-1:0.0102:0.01501:0.00479,leakfree-2026-06,1-2-4:0.0467:0.05750:0.01077 / 1-4-2:0.0452:0.05391:0.00868 / 1-4-3:0.0354:0.04607:0.01071 / 1-3-4:0.0317:0.04607:0.01441 / 2-1-4:0.0304:0.03665:0.00630,0.4688 0.1667 0.1425 0.1425 0.0094 0.0702,grade=5|a1=1|a12=2|c1cls=3|p1m=0.4688|p1k=0.4897
2026-09-24,福岡,8,△中,10,1-3-2 / 1-2-3 / 3-1-2 / 2-1-3 / 1-2-5 / 3-2-1 / 1-5-2 / 2-3-1 / 2-1-5 / 5-1-2,0.0207,1号大崎 翔,3号間庭 菜摘,5号高橋 竜矢,3.0,3.0,,,,,,model_new(old),1:1.5|2:13.6|3:4.7|4:12.1|5:5.7|6:6.8,1-3-2:0.0207:0.04393:0.02320 / 1-2-3:0.0193:0.03732:0.01797 / 3-1-2:0.0189:0.03287:0.01401 / 2-1-3:0.0160:0.02566:0.00968 / 1-2-5:0.0143:0.02911:0.01482 / 3-2-1:0.0133:0.01953:0.00626 / 1-5-2:0.0131:0.03085:0.01775 / 2-3-1:0.0124:0.01795:0.00558 / 2-1-5:0.0120:0.02002:0.00798 / 5-1-2:0.0115:0.02188:0.01038,leakfree-2026-06,1-2-3:0.0334:0.05140:0.01797 / 1-3-2:0.0315:0.05474:0.02320 / 1-2-5:0.0313:0.04612:0.01482,0.4647 0.1412 0.1653 0.0696 0.1483 0.011,grade=5|a1=1|a12=3|c1cls=2|p1m=0.4647|p1k=0.4909
2026-09-24,福岡,9,✅低(堅),4,1-5-4 / 5-1-4 / 1-4-5 / 4-1-5,0.0157,1号川島 圭司,5号高倉 和士,3号今井 貴士,3.0,3.0,,,,,,model_new(old),1:1.1|2:7.1|3:6.1|4:20.3|5:7.1|6:0.0,1-5-4:0.0157:0.04139:0.02564 / 5-1-4:0.0138:0.02389:0.01005 / 1-4-5:0.0136:0.03397:0.02037 / 4-1-5:0.0106:0.01806:0.00744,leakfree-2026-06,,0.6084 0.1036 0.0923 0.0507 0.1361 0.009,grade=5|a1=1|a12=4|c1cls=2|p1m=0.6084|p1k=0.6475
2026-09-24,福岡,10,△中,4,6-1-5 / 5-1-6 / 1-5-6 / 1-6-5,0.0176,1号杉山 裕也,6号井上 一輝,5号松田 祐季,3.0,3.0,,,,,,model_new(old),1:1.0|2:26.2|3:13.1|4:17.5|5:17.5|6:10.5,6-1-5:0.0176:0.03227:0.01462 / 5-1-6:0.0163:0.02848:0.01216 / 1-5-6:0.0144:0.06190:0.04753 / 1-6-5:0.0125:0.06798:0.05544,leakfree-2026-06,1-5-3:0.0429:0.08096:0.03810 / 1-3-5:0.0399:0.08096:0.04105,0.7045 0.0338 0.0846 0.0587 0.0846 0.0338,grade=5|a1=2|a12=4|c1cls=2|p1m=0.7045|p1k=0.7553
2026-09-24,福岡,11,✅低(堅),18,1-2-5 / 1-5-2 / 1-2-6 / 1-6-2 / 1-5-6 / 1-6-5 / 1-6-4 / 1-5-4 / 1-6-3 / 1-5-3 / 1-2-3 / 1-3-6 / 1-3-5 / 1-3-2 / 1-2-4 / 2-1-6 / 2-1-5 / 5-1-2,0.0341,1号井口 佳典,4号市橋 卓士,2号尾崎 雄二,3.0,3.0,,,,,,model_new(old),1:1.5|2:13.7|3:13.7|4:2.3|5:17.0|6:24.1,1-2-5:0.0341:0.03920:0.00513 / 1-5-2:0.0337:0.03871:0.00501 / 1-2-6:0.0334:0.03700:0.00362 / 1-6-2:0.0326:0.03602:0.00344 / 1-5-6:0.0320:0.03486:0.00285 / 1-6-5:0.0316:0.03436:0.00277 / 1-6-4:0.0243:0.04480:0.02049 / 1-5-4:0.0183:0.04814:0.02985 / 1-6-3:0.0160:0.01946:0.00344 / 1-5-3:0.0159:0.02091:0.00501 / 1-2-3:0.0158:0.02220:0.00636 / 1-3-6:0.0141:0.01775:0.00362 / 1-3-5:0.0137:0.01880:0.00513 / 1-3-2:0.0133:0.01971:0.00636 / 1-2-4:0.0132:0.05111:0.03790 / 2-1-6:0.0102:0.01214:0.00193 / 2-1-5:0.0101:0.01286:0.00274 / 5-1-2:0.0100:0.01266:0.00265,leakfree-2026-06,1-3-2:0.0790:0.08537:0.00636 / 1-3-4:0.0678:0.10565:0.03790 / 1-2-3:0.0634:0.06973:0.00636 / 1-3-5:0.0558:0.06089:0.00513 / 1-5-3:0.0413:0.04635:0.00501,0.7852 0.0436 0.0749 0.0539 0.0311 0.0113,grade=5|a1=2|a12=4|c1cls=1|p1m=0.7852|p1k=0.4947
2026-09-24,福岡,12,✅低(堅),14,1-3-6 / 1-6-3 / 1-3-5 / 1-5-3 / 1-6-5 / 1-5-6 / 1-6-4 / 1-4-6 / 1-5-4 / 1-6-2 / 1-4-5 / 1-4-3 / 1-5-2 / 1-3-4,0.0183,1号今垣 光太郎,2号高橋 竜矢,3号川崎 智幸,3.0,3.0,,,,,,model_new(old),1:1.4|2:3.2|3:6.2|4:16.3|5:21.2|6:21.2,1-3-6:0.0183:0.03203:0.01372 / 1-6-3:0.0183:0.02929:0.01103 / 1-3-5:0.0175:0.03119:0.01372 / 1-5-3:0.0174:0.02839:0.01103 / 1-6-5:0.0165:0.01975:0.00323 / 1-5-6:0.0164:0.01965:0.00323 / 1-6-4:0.0159:0.02006:0.00420 / 1-4-6:0.0157:0.02002:0.00430 / 1-5-4:0.0153:0.01945:0.00420 / 1-6-2:0.0152:0.03660:0.02138 / 1-4-5:0.0152:0.01951:0.00430 / 1-4-3:0.0142:0.02893:0.01471 / 1-5-2:0.0141:0.03547:0.02138 / 1-3-4:0.0138:0.03169:0.01785,leakfree-2026-06,1-2-3:0.0571:0.19137:0.13427 / 1-2-5:0.0542:0.09349:0.03927 / 1-2-4:0.0232:0.07430:0.05107,0.683 0.18 0.0676 0.0262 0.033 0.0101,grade=5|a1=2|a12=6|c1cls=1|p1m=0.6830|p1k=0.5316
2026-09-25,三国,1,✅低(堅),4,1-5-2 / 1-2-5 / 1-5-3 / 1-3-5,0.0251,1号田中 和也,2号原村 拓也,3号山本 浩輔,5.0,5.0,,,,,,model_new(old),1:1.0|2:8.3|3:11.5|4:20.7|5:14.8|6:15.9,1-5-2:0.0251:0.07285:0.04772 / 1-2-5:0.0247:0.08191:0.05722 / 1-5-3:0.0195:0.05397:0.03444 / 1-3-5:0.0174:0.05412:0.03667,leakfree-2026-06,1-3-2:0.1811:0.24649:0.06539 / 1-2-3:0.1663:0.23994:0.07364 / 3-1-2:0.0300:0.04948:0.01944,0.815 0.0757 0.0786 0.0096 0.0114 0.0096,grade=5|a1=1|a12=1|c1cls=1|p1m=0.8150|p1k=0.7214
2026-09-25,三国,2,△中,11,1-4-5 / 1-5-4 / 4-1-5 / 5-1-4 / 1-4-3 / 1-4-6 / 1-5-3 / 1-3-4 / 1-5-6 / 1-6-4 / 1-3-5,0.0747,1号山田 雄太,4号山川 雄大,5号金子 龍斗,3.0,3.0,,,,,,model_new(old),1:1.6|2:2.6|3:13.9|4:6.9|5:9.6|6:76.8,1-4-5:0.0747:0.09177:0.01703 / 1-5-4:0.0658:0.08174:0.01590 / 4-1-5:0.0322:0.04241:0.01021 / 5-1-4:0.0272:0.03644:0.00922 / 1-4-3:0.0220:0.03375:0.01176 / 1-4-6:0.0179:0.02002:0.00213 / 1-5-3:0.0155:0.02337:0.00789 / 1-3-4:0.0138:0.02422:0.01043 / 1-5-6:0.0124:0.01386:0.00143 / 1-6-4:0.0120:0.01373:0.00173 / 1-3-5:0.0113:0.01883:0.00750,leakfree-2026-06,1-4-2:0.0648:0.12766:0.06288 / 1-4-5:0.0516:0.06859:0.01703 / 1-5-4:0.0384:0.05429:0.01590,0.6186 0.1383 0.0303 0.1383 0.0743 0.0001,grade=5|a1=0|a12=2|c1cls=2|p1m=0.6186|p1k=0.4651
2026-09-25,三国,3,✅低(堅),14,1-3-2 / 1-2-3 / 1-3-5 / 1-5-3 / 1-5-2 / 3-1-2 / 1-2-5 / 1-3-6 / 3-1-5 / 1-6-3 / 1-2-6 / 5-1-3 / 1-3-4 / 1-6-2,0.0678,1号大久保 信一郎,2号谷口 丞,3号大串 重幸,3.0,3.0,,,,,,model_new(old),1:2.0|2:2.2|3:7.6|4:6.0|5:12.5|6:44.0,1-3-2:0.0678:0.10344:0.03562 / 1-2-3:0.0461:0.11046:0.06431 / 1-3-5:0.0409:0.04713:0.00627 / 1-5-3:0.0326:0.03843:0.00585 / 1-5-2:0.0234:0.04365:0.02022 / 3-1-2:0.0213:0.04616:0.02490 / 1-2-5:0.0180:0.05715:0.03910 / 1-3-6:0.0179:0.01970:0.00178 / 3-1-5:0.0166:0.02103:0.00438 / 1-6-3:0.0129:0.01441:0.00155 / 1-2-6:0.0128:0.02389:0.01111 / 5-1-3:0.0121:0.01605:0.00393 / 1-3-4:0.0111:0.02416:0.01306 / 1-6-2:0.0110:0.01636:0.00535,leakfree-2026-06,1-2-5:0.0329:0.07198:0.03910 / 1-5-2:0.0307:0.05088:0.02022,0.5716 0.1788 0.0821 0.0821 0.0753 0.0101,grade=5|a1=0|a12=2|c1cls=2|p1m=0.5716|p1k=0.3689
2026-09-25,三国,4,✅低(堅),6,1-5-6 / 1-6-5 / 5-1-6 / 6-1-5 / 5-6-1 / 6-5-1,0.1218,1号大野 芳顕,5号丸尾 義孝,6号松尾 昂明,3.0,3.0,,,,,,model_new(old),1:1.3|2:19.6|3:8.2|4:9.2|5:6.0|6:6.5,1-5-6:0.1218:0.17660:0.05484 / 1-6-5:0.0869:0.14018:0.05327 / 5-1-6:0.0710:0.09838:0.02741 / 6-1-5:0.0463:0.07261:0.02635 / 5-6-1:0.0240:0.03532:0.01136 / 6-5-1:0.0216:0.03285:0.01124,leakfree-2026-06,1-5-4:0.1020:0.14071:0.03875 / 1-4-5:0.0658:0.10001:0.03419 / 5-1-4:0.0423:0.06166:0.01937 / 1-5-2:0.0380:0.05620:0.01819,0.6364 0.0365 0.029 0.0914 0.1702 0.0365,grade=5|a1=1|a12=3|c1cls=2|p1m=0.6364|p1k=0.5609
2026-09-25,三国,5,△中,13,1-5-2 / 1-2-5 / 5-1-2 / 1-6-2 / 1-5-6 / 1-2-6 / 1-6-5 / 6-1-2 / 5-2-1 / 5-1-6 / 6-1-5 / 1-5-4 / 1-4-2,0.0631,1号庄司 孝輔,2号茅原 悠紀,5号前出 達吉,5.0,5.0,,,,,,model_new(old),1:2.9|2:1.2|3:13.0|4:39.1|5:26.1|6:31.3,1-5-2:0.0631:0.07151:0.00837 / 1-2-5:0.0502:0.09710:0.04689 / 5-1-2:0.0401:0.04647:0.00642 / 1-6-2:0.0345:0.04146:0.00693 / 1-5-6:0.0263:0.02667:0.00032 / 1-2-6:0.0241:0.06323:0.03910 / 1-6-5:0.0234:0.02374:0.00032 / 6-1-2:0.0201:0.02543:0.00529 / 5-2-1:0.0187:0.03170:0.01295 / 5-1-6:0.0171:0.01733:0.00025 / 6-1-5:0.0143:0.01456:0.00024 / 1-5-4:0.0115:0.01176:0.00026 / 1-4-2:0.0109:0.01640:0.00551,leakfree-2026-06,1-2-5:0.1531:0.19996:0.04689 / 2-1-5:0.1088:0.19996:0.09114 / 1-2-4:0.0486:0.07986:0.03130 / 1-5-2:0.0374:0.04576:0.00837 / 2-1-4:0.0190:0.07986:0.06084,0.4436 0.4436 0.0078 0.0255 0.0637 0.0157,grade=5|a1=1|a12=4|c1cls=2|p1m=0.4436|p1k=0.2553
2026-09-25,徳山,1,✅低(堅),8,1-3-6 / 1-6-3 / 3-1-6 / 6-1-3 / 3-6-1 / 6-3-1 / 1-6-2 / 1-2-6,0.0432,1号村松 修二,3号山田 佑樹,6号木場 雄二郎,2.0,2.0,,,,,,model_new(old),1:1.1|2:19.5|3:4.4|4:22.2|5:9.7|6:26.0,1-3-6:0.0432:0.09549:0.05226 / 1-6-3:0.0368:0.06592:0.02913 / 3-1-6:0.0351:0.05628:0.02119 / 6-1-3:0.0238:0.03397:0.01015 / 3-6-1:0.0161:0.02061:0.00455 / 6-3-1:0.0141:0.01802:0.00391 / 1-6-2:0.0133:0.01992:0.00657 / 1-2-6:0.0114:0.01820:0.00678,leakfree-2026-06,1-3-2:0.1384:0.20805:0.06968 / 1-2-3:0.0673:0.10730:0.04005 / 3-1-2:0.0655:0.09378:0.02826 / 1-3-4:0.0553:0.11650:0.06120,0.6448 0.0775 0.212 0.0434 0.0112 0.0112,grade=5|a1=0|a12=1|c1cls=2|p1m=0.6448|p1k=0.6615
2026-09-25,徳山,2,△中,10,1-6-3 / 6-1-3 / 1-6-2 / 1-3-6 / 6-1-2 / 6-3-1 / 3-1-6 / 3-6-1 / 6-2-1 / 1-6-5,0.0811,1号是澤 孝宏,6号嶋 義信,3号四宮 与寛,1.0,1.0,,,,,,model_new(old),1:1.6|2:5.7|3:4.9|4:8.4|5:10.9|6:6.4,1-6-3:0.0811:0.11408:0.03297 / 6-1-3:0.0652:0.08547:0.02025 / 1-6-2:0.0389:0.06725:0.02834 / 1-3-6:0.0374:0.07324:0.03588 / 6-1-2:0.0330:0.05039:0.01741 / 6-3-1:0.0263:0.03812:0.01182 / 3-1-6:0.0226:0.04556:0.02294 / 3-6-1:0.0193:0.03166:0.01231 / 6-2-1:0.0107:0.02063:0.00988 / 1-6-5:0.0106:0.02542:0.01482,leakfree-2026-06,1-3-2:0.0827:0.12303:0.04029 / 1-2-3:0.0565:0.09473:0.03826 / 1-3-4:0.0416:0.06889:0.02734 / 1-3-6:0.0330:0.06889:0.03588,0.675 0.0811 0.1372 0.0454 0.0159 0.0454,grade=5|a1=1|a12=3|c1cls=2|p1m=0.6750|p1k=0.4557
2026-09-25,徳山,3,✅低(堅),11,1-4-6 / 4-1-6 / 1-4-5 / 1-4-2 / 1-4-3 / 4-1-2 / 4-1-5 / 1-6-4 / 4-6-1 / 4-1-3 / 1-5-4,0.0539,1号照屋 厚仁,4号山崎 裕司,6号三浦 敬太,1.0,1.0,,,,,,model_new(old),1:1.5|2:8.0|3:11.4|4:6.7|5:21.6|6:3.6,1-4-6:0.0539:0.10934:0.05548 / 4-1-6:0.0382:0.06983:0.03163 / 1-4-5:0.0206:0.02982:0.00925 / 1-4-2:0.0205:0.04544:0.02497 / 1-4-3:0.0152:0.03277:0.01752 / 4-1-2:0.0148:0.02902:0.01423 / 4-1-5:0.0138:0.01904:0.00527 / 1-6-4:0.0134:0.08639:0.07295 / 4-6-1:0.0125:0.03081:0.01834 / 4-1-3:0.0109:0.02092:0.00999 / 1-5-4:0.0105:0.01828:0.00776,leakfree-2026-06,1-4-2:0.0786:0.10357:0.02497 / 1-4-3:0.0645:0.08202:0.01752 / 1-2-4:0.0553:0.07916:0.02389 / 1-3-4:0.0430:0.05871:0.01572 / 4-1-2:0.0394:0.05368:0.01423 / 4-1-3:0.0325:0.04251:0.00999,0.575 0.1043 0.0826 0.1799 0.0119 0.0463,grade=5|a1=1|a12=3|c1cls=2|p1m=0.5750|p1k=0.4928
2026-09-25,徳山,4,✅低(堅),11,1-6-2 / 1-6-3 / 1-3-6 / 1-2-6 / 1-6-4 / 1-6-5 / 1-4-6 / 6-1-2 / 6-1-3 / 3-1-6 / 1-5-6,0.0491,1号江夏 満,2号出畑 孝典,6号籾山 佳岳,2.0,2.0,,,,,,model_new(old),1:1.0|2:5.0|3:15.0|4:33.7|5:27.0|6:33.7,1-6-2:0.0491:0.08503:0.03597 / 1-6-3:0.0486:0.06061:0.01199 / 1-3-6:0.0452:0.05867:0.01349 / 1-2-6:0.0203:0.09387:0.07355 / 1-6-4:0.0192:0.02451:0.00534 / 1-6-5:0.0153:0.02192:0.00666 / 1-4-6:0.0147:0.02008:0.00534 / 6-1-2:0.0136:0.02339:0.00979 / 6-1-3:0.0134:0.01667:0.00326 / 3-1-6:0.0123:0.01603:0.00378 / 1-5-6:0.0109:0.01776:0.00681,leakfree-2026-06,1-2-3:0.0929:0.25815:0.16525 / 1-3-2:0.0401:0.13103:0.09091 / 2-1-3:0.0326:0.08416:0.05158 / 1-2-6:0.0267:0.10023:0.07355,0.7279 0.1655 0.0621 0.011 0.0093 0.0241,grade=5|a1=1|a12=2|c1cls=1|p1m=0.7279|p1k=0.7336
2026-09-25,徳山,5,✅低(堅),6,1-3-5 / 1-3-2 / 1-3-4 / 3-1-5 / 3-1-2 / 3-1-4,0.1394,1号山田 祐也,3号植田 太一,5号向後 龍一,2.0,2.0,,,,,,model_new(old),1:1.0|2:0.0|3:38.2|4:0.0|5:0.0|6:0.0,1-3-5:0.1394:0.13938:0.00000 / 1-3-2:0.0638:0.06380:0.00000 / 1-3-4:0.0628:0.06279:0.00000 / 3-1-5:0.0573:0.05729:0.00000 / 3-1-2:0.0262:0.02622:0.00000 / 3-1-4:0.0258:0.02581:0.00000,leakfree-2026-06,,0.6977 0.0425 0.1413 0.0425 0.0759 0.0001,grade=5|a1=1|a12=3|c1cls=1|p1m=0.6977|p1k=0.9745
2026-09-25,芦屋,1,✅低(堅),14,1-3-4 / 1-3-5 / 1-4-3 / 1-5-3 / 1-3-6 / 1-6-3 / 1-6-4 / 1-4-6 / 1-5-4 / 1-4-5 / 3-1-4 / 1-6-5 / 1-5-6 / 3-1-5,0.0243,1号西村 美智子,3号中北 涼,2号宮崎 安奈,1.0,1.0,,,,,,model_new(old),1:1.0|2:5.6|3:8.7|4:47.1|5:39.2|6:26.1,1-3-4:0.0243:0.04203:0.01774 / 1-3-5:0.0213:0.04263:0.02131 / 1-4-3:0.0203:0.03338:0.01309 / 1-5-3:0.0180:0.03393:0.01591 / 1-3-6:0.0153:0.04731:0.03201 / 1-6-3:0.0136:0.03836:0.02480 / 1-6-4:0.0125:0.01707:0.00458 / 1-4-6:0.0124:0.01671:0.00436 / 1-5-4:0.0122:0.01510:0.00294 / 1-4-5:0.0122:0.01506:0.00290 / 3-1-4:0.0120:0.01734:0.00531 / 1-6-5:0.0118:0.01731:0.00550 / 1-5-6:0.0117:0.01699:0.00530 / 3-1-5:0.0112:0.01758:0.00638,leakfree-2026-06,1-2-5:0.0364:0.08008:0.04364,0.6751 0.1448 0.0856 0.0342 0.0479 0.0124,grade=4|a1=0|a12=1|c1cls=2|p1m=0.6751|p1k=0.7254
2026-09-25,芦屋,2,△中,7,1-4-2 / 1-4-5 / 4-1-2 / 4-1-5 / 1-2-4 / 1-5-4 / 1-4-6,0.0883,1号土屋 南,4号寺田 千恵,3号松田 真実,0.0,1.0,,,,,,model_new(old),1:1.5|2:32.3|3:6.1|4:2.2|5:38.8|6:29.8,1-4-2:0.0883:0.12619:0.03785 / 1-4-5:0.0781:0.10958:0.03151 / 4-1-2:0.0345:0.06365:0.02914 / 4-1-5:0.0310:0.05527:0.02425 / 1-2-4:0.0266:0.04083:0.01420 / 1-5-4:0.0233:0.03503:0.01173 / 1-4-6:0.0107:0.05176:0.04103,leakfree-2026-06,1-3-4:0.1180:0.21152:0.09353 / 1-4-3:0.0919:0.29234:0.20044 / 3-1-4:0.0330:0.08768:0.05472,0.6413 0.0121 0.1347 0.1966 0.0076 0.0076,grade=4|a1=0|a12=2|c1cls=2|p1m=0.6413|p1k=0.4847
2026-09-25,芦屋,3,✅低(堅),11,1-5-3 / 5-1-3 / 1-5-6 / 1-6-3 / 1-3-5 / 1-6-5 / 1-5-2 / 1-3-6 / 5-1-6 / 1-2-5 / 1-2-3,0.1020,1号武井 莉里佳,3号田口 節子,5号魚谷 香織,0.0,1.0,,,,,,model_new(old),1:1.8|2:45.2|3:1.5|4:31.6|5:16.6|6:63.3,1-5-3:0.1020:0.13011:0.02814 / 5-1-3:0.0473:0.06463:0.01735 / 1-5-6:0.0242:0.02490:0.00067 / 1-6-3:0.0231:0.03009:0.00696 / 1-3-5:0.0188:0.17841:0.15961 / 1-6-5:0.0183:0.01890:0.00063 / 1-5-2:0.0163:0.01727:0.00093 / 1-3-6:0.0125:0.05438:0.04186 / 5-1-6:0.0120:0.01237:0.00041 / 1-2-5:0.0118:0.01270:0.00089 / 1-2-3:0.0104:0.02022:0.00983,leakfree-2026-06,1-5-3:0.0423:0.07045:0.02814 / 1-3-5:0.0422:0.20186:0.15961 / 1-3-2:0.0220:0.08062:0.05862,0.5571 0.0269 0.3118 0.0269 0.0674 0.0098,grade=4|a1=1|a12=3|c1cls=2|p1m=0.5571|p1k=0.4109
2026-09-25,芦屋,4,✅低(堅),13,1-6-4 / 1-6-2 / 1-6-5 / 6-1-2 / 6-1-4 / 6-1-5 / 1-4-6 / 1-5-6 / 2-1-6 / 4-1-6 / 6-1-3 / 1-2-6 / 5-1-6,0.0306,1号大山 千広,6号内山 七海,2号永田 楽,1.0,1.0,,,,,,model_new(old),1:1.0|2:16.2|3:13.1|4:20.6|5:25.2|6:20.0,1-6-4:0.0306:0.06103:0.03042 / 1-6-2:0.0298:0.06846:0.03868 / 1-6-5:0.0276:0.05244:0.02486 / 6-1-2:0.0232:0.03193:0.00871 / 6-1-4:0.0216:0.02846:0.00685 / 6-1-5:0.0189:0.02446:0.00560 / 1-4-6:0.0150:0.04523:0.03022 / 1-5-6:0.0140:0.03782:0.02378 / 2-1-6:0.0129:0.02221:0.00928 / 4-1-6:0.0124:0.01916:0.00680 / 6-1-3:0.0116:0.02238:0.01078 / 1-2-6:0.0112:0.05199:0.04079 / 5-1-6:0.0106:0.01587:0.00531,leakfree-2026-06,1-3-4:0.0703:0.12286:0.05256 / 1-4-3:0.0656:0.11177:0.04614 / 1-4-6:0.0324:0.06259:0.03022 / 1-3-6:0.0300:0.08414:0.05413,0.785 0.024 0.0757 0.0619 0.011 0.0424,grade=4|a1=0|a12=3|c1cls=2|p1m=0.7850|p1k=0.7835
2026-09-25,桐生,1,🌊最高(大荒),8,1-6-2 / 1-2-6 / 6-1-2 / 2-1-6 / 6-2-1 / 2-6-1 / 1-6-3 / 6-1-3,0.0344,1号山下 流心,6号藤生 雄人,2号藤本 元輝,2.0,1.0,,,,,,model_new(old),1:2.3|2:5.9|3:5.9|4:4.6|5:6.7|6:4.8,1-6-2:0.0344:0.05206:0.01765 / 1-2-6:0.0296:0.04632:0.01673 / 6-1-2:0.0277:0.04186:0.01415 / 2-1-6:0.0220:0.03497:0.01297 / 6-2-1:0.0177:0.02797:0.01028 / 2-6-1:0.0163:0.02626:0.00994 / 1-6-3:0.0161:0.03379:0.01765 / 6-1-3:0.0130:0.02716:0.01415,leakfree-2026-06,1-2-3:0.0477:0.06127:0.01361 / 1-3-2:0.0431:0.05666:0.01361 / 2-1-3:0.0405:0.05109:0.01055 / 3-1-2:0.0347:0.04528:0.01055,0.358 0.2301 0.1966 0.0969 0.0592 0.0592,grade=5|a1=0|a12=1|c1cls=3|p1m=0.3580|p1k=0.3224
2026-09-25,桐生,2,⚠高(荒),17,1-4-3 / 1-3-4 / 1-4-2 / 1-4-6 / 1-3-6 / 1-3-2 / 1-6-4 / 4-1-3 / 3-1-4 / 1-6-3 / 1-4-5 / 1-3-5 / 1-2-6 / 1-6-2 / 1-5-4 / 1-5-3 / 1-2-5,0.0492,1号福島 陽子,4号森 陽多,3号島倉 都,3.0,2.0,,,,,,model_new(old),1:2.9|2:1.9|3:4.3|4:4.3|5:95.2|6:47.6,1-4-3:0.0492:0.06604:0.01686 / 1-3-4:0.0488:0.06567:0.01686 / 1-4-2:0.0220:0.06014:0.03817 / 1-4-6:0.0213:0.02286:0.00152 / 1-3-6:0.0209:0.02241:0.00152 / 1-3-2:0.0208:0.05898:0.03817 / 1-6-4:0.0168:0.01805:0.00120 / 4-1-3:0.0168:0.03203:0.01520 / 3-1-4:0.0166:0.03179:0.01520 / 1-6-3:0.0166:0.01779:0.00120 / 1-4-5:0.0157:0.01645:0.00076 / 1-3-5:0.0154:0.01613:0.00076 / 1-2-6:0.0142:0.01971:0.00549 / 1-6-2:0.0135:0.01620:0.00272 / 1-5-4:0.0120:0.01261:0.00059 / 1-5-3:0.0118:0.01243:0.00059 / 1-2-5:0.0114:0.01419:0.00274,leakfree-2026-06,1-3-2:0.0394:0.07757:0.03817 / 1-2-3:0.0385:0.09926:0.06074 / 1-2-4:0.0241:0.08482:0.06074,0.4493 0.2418 0.1554 0.1328 0.0103 0.0103,grade=5|a1=0|a12=0|c1cls=3|p1m=0.4493|p1k=0.2521
2026-09-25,桐生,3,🌊最高(大荒),21,1-4-6 / 1-6-4 / 4-1-6 / 6-1-4 / 6-1-5 / 4-6-1 / 5-1-6 / 6-4-1 / 5-6-1 / 1-6-5 / 6-5-1 / 4-5-1 / 5-4-1 / 1-5-6 / 4-1-5 / 5-4-6 / 4-5-6 / 5-6-4 / 4-6-5 / 6-5-4 / 6-4-5,0.0203,1号柴田 直哉,5号武田 光史,4号楠原 正剛,3.0,2.0,,,,,,model_new(old),1:1.6|2:6.8|3:6.5|4:7.2|5:4.5|6:13.7,1-4-6:0.0203:0.03093:0.01063 / 1-6-4:0.0198:0.02937:0.00957 / 4-1-6:0.0198:0.02618:0.00640 / 6-1-4:0.0186:0.02409:0.00547 / 6-1-5:0.0170:0.02574:0.00875 / 4-6-1:0.0167:0.02004:0.00332 / 5-1-6:0.0165:0.02925:0.01278 / 6-4-1:0.0163:0.01941:0.00315 / 5-6-1:0.0161:0.02224:0.00615 / 1-6-5:0.0161:0.03139:0.01532 / 6-5-1:0.0158:0.02119:0.00544 / 4-5-1:0.0147:0.02634:0.01163 / 5-4-1:0.0143:0.02678:0.01248 / 1-5-6:0.0142:0.03398:0.01978 / 4-1-5:0.0128:0.03229:0.01949 / 5-4-6:0.0127:0.01415:0.00146 / 4-5-6:0.0126:0.01392:0.00136 / 5-6-4:0.0122:0.01357:0.00137 / 4-6-5:0.0119:0.01306:0.00118 / 6-5-4:0.0117:0.01293:0.00121 / 6-4-5:0.0115:0.01266:0.00112,leakfree-2026-06,1-4-5:0.0333:0.06568:0.03237 / 1-5-4:0.0333:0.07091:0.03763,0.4289 0.0519 0.0927 0.1726 0.202 0.0519,grade=5|a1=1|a12=2|c1cls=3|p1m=0.4289|p1k=0.4596
2026-09-25,桐生,4,⚠高(荒),16,1-5-4 / 1-5-3 / 1-5-2 / 5-1-4 / 1-3-5 / 1-2-5 / 5-1-3 / 5-1-2 / 3-1-5 / 2-1-5 / 5-3-1 / 5-2-1 / 3-5-1 / 2-5-1 / 1-3-2 / 1-2-3,0.0403,1号大廣 咲季,5号津田 裕絵,4号藤原 菜希,2.0,1.0,,,,,,model_new(old),1:2.3|2:8.2|3:9.6|4:1.6|5:13.0|6:111.0,1-5-4:0.0403:0.05921:0.01891 / 1-5-3:0.0363:0.03947:0.00315 / 1-5-2:0.0347:0.03835:0.00369 / 5-1-4:0.0297:0.04340:0.01368 / 1-3-5:0.0288:0.03203:0.00325 / 1-2-5:0.0270:0.03091:0.00389 / 5-1-3:0.0267:0.02893:0.00228 / 5-1-2:0.0254:0.02811:0.00267 / 3-1-5:0.0187:0.02110:0.00241 / 2-1-5:0.0174:0.02030:0.00292 / 5-3-1:0.0146:0.01622:0.00165 / 5-2-1:0.0137:0.01569:0.00196 / 3-5-1:0.0129:0.01458:0.00168 / 2-5-1:0.0120:0.01405:0.00203 / 1-3-2:0.0119:0.01704:0.00516 / 1-2-3:0.0117:0.01693:0.00527,leakfree-2026-06,1-3-2:0.0308:0.03599:0.00516,0.3085 0.1825 0.212 0.1841 0.1128 0.0001,grade=5|a1=0|a12=1|c1cls=3|p1m=0.3085|p1k=0.3169
2026-09-25,桐生,5,⚠高(荒),9,1-3-4 / 1-3-2 / 1-3-5 / 1-4-3 / 3-1-4 / 1-5-3 / 3-1-2 / 3-1-5 / 4-1-3,0.0438,1号小林 孝彰,3号吉田 慎二郎,2号岡村 仁,2.0,1.0,,,,,,model_new(old),1:1.8|2:2.2|3:5.9|4:11.8|5:15.1|6:22.7,1-3-4:0.0438:0.05470:0.01091 / 1-3-2:0.0402:0.09877:0.05852 / 1-3-5:0.0321:0.04062:0.00853 / 1-4-3:0.0300:0.03964:0.00965 / 3-1-4:0.0258:0.03317:0.00742 / 1-5-3:0.0207:0.02802:0.00736 / 3-1-2:0.0201:0.05989:0.03978 / 3-1-5:0.0188:0.02463:0.00580 / 4-1-3:0.0150:0.02109:0.00613,leakfree-2026-06,1-3-5:0.0415:0.05000:0.00853 / 1-3-2:0.0381:0.09663:0.05852 / 1-5-3:0.0327:0.04010:0.00736,0.5586 0.1494 0.1494 0.0556 0.0773 0.0098,grade=5|a1=1|a12=3|c1cls=3|p1m=0.5586|p1k=0.4042
2026-09-25,桐生,6,⚠高(荒),7,1-5-6 / 1-5-2 / 1-6-5 / 1-2-5 / 5-1-6 / 5-1-2 / 6-1-5,0.0894,1号湯淺 紀香,5号櫻本 あゆみ,2号西澤 日花里,2.0,1.0,,,,,,model_new(old),1:1.4|2:18.2|3:9.8|4:10.5|5:2.9|6:35.2,1-5-6:0.0894:0.11916:0.02976 / 1-5-2:0.0688:0.12631:0.05755 / 1-6-5:0.0387:0.05273:0.01399 / 1-2-5:0.0280:0.05632:0.02831 / 5-1-6:0.0271:0.04576:0.01871 / 5-1-2:0.0123:0.04851:0.03618 / 6-1-5:0.0103:0.01701:0.00667,leakfree-2026-06,1-5-2:0.0471:0.10462:0.05755 / 1-2-5:0.0340:0.06229:0.02831,0.5628 0.0779 0.0809 0.0453 0.2233 0.0099,grade=5|a1=1|a12=1|c1cls=3|p1m=0.5628|p1k=0.5331
2026-09-25,桐生,7,✅低(堅),10,1-2-6 / 1-6-2 / 1-2-5 / 1-2-3 / 1-6-5 / 1-3-2 / 2-1-5 / 1-6-3 / 1-3-6 / 5-1-2,0.0256,1号浜本 裕己,5号大澤 普司,2号村上 宗太郎,2.0,1.0,,,,,,model_new(old),1:1.0|2:39.3|3:19.6|4:19.6|5:7.1|6:39.3,1-2-6:0.0256:0.03193:0.00635 / 1-6-2:0.0247:0.03105:0.00635 / 1-2-5:0.0240:0.05916:0.03514 / 1-2-3:0.0164:0.02910:0.01273 / 1-6-5:0.0161:0.05126:0.03514 / 1-3-2:0.0137:0.02775:0.01407 / 2-1-5:0.0127:0.02085:0.00814 / 1-6-3:0.0125:0.02522:0.01273 / 1-3-6:0.0107:0.02473:0.01407 / 5-1-2:0.0106:0.02633:0.01571,leakfree-2026-06,,0.6027 0.0903 0.0682 0.0312 0.1394 0.0682,grade=5|a1=1|a12=3|c1cls=2|p1m=0.6027|p1k=0.7729
2026-09-25,下関,1,⚠高(荒),6,1-3-6 / 1-6-3 / 3-1-6 / 6-1-3 / 6-3-1 / 3-6-1,0.0867,1号寺島 美里,3号酒井 陽祐,6号正木 聖賢,1.0,1.0,,,,,,model_new(old),1:1.3|2:8.6|3:2.8|4:25.8|5:0.0|6:11.9,1-3-6:0.0867:0.20533:0.11862 / 1-6-3:0.0781:0.13344:0.05537 / 3-1-6:0.0359:0.10606:0.07014 / 6-1-3:0.0353:0.06111:0.02576 / 6-3-1:0.0120:0.02630:0.01428 / 3-6-1:0.0115:0.02966:0.01814,leakfree-2026-06,1-3-2:0.0660:0.23010:0.16413 / 1-2-3:0.0435:0.12525:0.08176 / 3-1-2:0.0371:0.13412:0.09705,0.5684 0.1157 0.2596 0.0326 0.0118 0.0118,grade=5|a1=0|a12=0|c1cls=3|p1m=0.5684|p1k=0.5634
2026-09-25,下関,2,🌊最高(大荒),21,6-4-1 / 4-6-1 / 6-4-2 / 4-6-2 / 6-2-4 / 6-2-1 / 6-1-4 / 4-2-6 / 2-6-4 / 2-6-1 / 2-4-6 / 6-4-5 / 4-6-5 / 4-1-6 / 4-2-1 / 6-5-1 / 6-5-4 / 2-4-1 / 4-5-6 / 6-1-5 / 5-6-1,0.0208,1号信濃 由行,6号馬場 剛,4号高野 心吾,1.0,1.0,,,,,,model_new(old),1:1.0|2:11.9|3:11.9|4:10.8|5:23.0|6:15.7,6-4-1:0.0208:0.02355:0.00273 / 4-6-1:0.0204:0.02317:0.00279 / 6-4-2:0.0156:0.01586:0.00023 / 4-6-2:0.0154:0.01560:0.00023 / 6-2-4:0.0144:0.01467:0.00023 / 6-2-1:0.0144:0.01686:0.00246 / 6-1-4:0.0140:0.02487:0.01087 / 4-2-6:0.0139:0.01414:0.00024 / 2-6-4:0.0134:0.01364:0.00023 / 2-6-1:0.0132:0.01566:0.00250 / 2-4-6:0.0131:0.01336:0.00024 / 6-4-5:0.0123:0.01247:0.00012 / 4-6-5:0.0121:0.01226:0.00012 / 4-1-6:0.0116:0.02390:0.01228 / 4-2-1:0.0115:0.01529:0.00374 / 6-5-1:0.0113:0.01257:0.00123 / 6-5-4:0.0108:0.01094:0.00011 / 2-4-1:0.0107:0.01444:0.00372 / 4-5-6:0.0104:0.01055:0.00012 / 6-1-5:0.0100:0.01513:0.00510 / 5-6-1:0.0100:0.01122:0.00121,leakfree-2026-06,,0.1902 0.1811 0.2686 0.2119 0.0545 0.0937,grade=5|a1=1|a12=1|c1cls=3|p1m=0.1902|p1k=0.7311
2026-09-25,下関,3,⚠高(荒),16,1-3-5 / 3-1-5 / 1-5-3 / 3-1-6 / 3-5-1 / 1-3-6 / 5-1-3 / 3-6-1 / 1-6-3 / 5-3-1 / 6-1-3 / 6-3-1 / 1-6-5 / 1-5-6 / 6-1-5 / 5-1-6,0.0305,1号澤 大介,3号篠原 飛翔,6号渡邊 伸太郎,1.0,1.0,,,,,,model_new(old),1:1.6|2:3.3|3:3.5|4:96.7|5:24.1|6:12.0,1-3-5:0.0305:0.04779:0.01732 / 3-1-5:0.0289:0.04073:0.01179 / 1-5-3:0.0236:0.03473:0.01112 / 3-1-6:0.0223:0.04602:0.02368 / 3-5-1:0.0193:0.02441:0.00506 / 1-3-6:0.0192:0.05399:0.03478 / 5-1-3:0.0187:0.02490:0.00616 / 3-6-1:0.0177:0.02827:0.01059 / 1-6-3:0.0167:0.04045:0.02379 / 5-3-1:0.0164:0.02052:0.00411 / 6-1-3:0.0159:0.02951:0.01361 / 6-3-1:0.0153:0.02419:0.00890 / 1-6-5:0.0151:0.01851:0.00345 / 1-5-6:0.0147:0.01796:0.00324 / 6-1-5:0.0115:0.01350:0.00198 / 5-1-6:0.0111:0.01287:0.00180,leakfree-2026-06,2-3-1:0.0247:0.07515:0.05046,0.3867 0.2541 0.2709 0.0116 0.0448 0.0319,grade=5|a1=0|a12=2|c1cls=3|p1m=0.3867|p1k=0.4633
2026-09-25,下関,4,🌊最高(大荒),8,1-2-4 / 2-1-4 / 1-4-2 / 4-1-2 / 2-4-1 / 4-2-1 / 1-4-3 / 1-2-6,0.0277,1号多羅尾 達之,2号中辻 崇人,3号横田 貴満,2.0,2.0,,,,,,model_new(old),1:3.6|2:2.2|3:2.1|4:8.4|5:63.2|6:75.9,1-2-4:0.0277:0.04417:0.01645 / 2-1-4:0.0236:0.04330:0.01968 / 1-4-2:0.0210:0.03172:0.01070 / 4-1-2:0.0161:0.02545:0.00933 / 2-4-1:0.0146:0.03034:0.01569 / 4-2-1:0.0134:0.02483:0.01144 / 1-4-3:0.0120:0.02318:0.01121 / 1-2-6:0.0106:0.01240:0.00182,leakfree-2026-06,2-1-3:0.0387:0.11745:0.07871,0.2187 0.4492 0.2187 0.0914 0.0127 0.0093,grade=5|a1=1|a12=3|c1cls=3|p1m=0.2187|p1k=0.2048
2026-09-25,下関,5,△中,13,1-5-6 / 1-6-5 / 1-5-4 / 1-6-4 / 5-1-6 / 6-1-5 / 5-1-4 / 6-1-4 / 5-6-1 / 6-5-1 / 1-4-6 / 1-5-3 / 1-5-2,0.0362,1号畑 和宏,4号稲田 浩二,5号竹腰 正樹,1.0,1.0,,,,,,model_new(old),1:2.5|2:10.5|3:36.1|4:1.4|5:10.1|6:32.5,1-5-6:0.0362:0.03728:0.00106 / 1-6-5:0.0326:0.03354:0.00098 / 1-5-4:0.0284:0.05301:0.02465 / 1-6-4:0.0280:0.03509:0.00710 / 5-1-6:0.0261:0.02694:0.00081 / 6-1-5:0.0222:0.02294:0.00071 / 5-1-4:0.0195:0.03830:0.01880 / 6-1-4:0.0189:0.02400:0.00514 / 5-6-1:0.0157:0.01626:0.00057 / 6-5-1:0.0148:0.01538:0.00054 / 1-4-6:0.0135:0.03977:0.02632 / 1-5-3:0.0129:0.01391:0.00096 / 1-5-2:0.0126:0.01594:0.00329,leakfree-2026-06,1-4-3:0.0405:0.06419:0.02369 / 1-2-4:0.0396:0.06320:0.02361 / 1-3-4:0.0341:0.04045:0.00637,0.5067 0.1048 0.0726 0.2282 0.0726 0.0152,grade=5|a1=1|a12=2|c1cls=2|p1m=0.5067|p1k=0.2926
2026-09-25,下関,6,⚠高(荒),18,1-6-5 / 6-1-5 / 6-1-3 / 1-5-6 / 1-6-3 / 5-1-6 / 6-5-1 / 6-3-1 / 5-6-1 / 3-6-1 / 1-3-6 / 3-1-6 / 6-3-5 / 6-5-3 / 3-6-5 / 5-6-3 / 5-3-6 / 3-5-6,0.0293,1号吉永 泰弘,6号桐本 康臣,3号清水 敦揮,1.0,1.0,,,,,,model_new(old),1:1.7|2:5.1|3:4.1|4:7.2|5:8.3|6:14.5,1-6-5:0.0293:0.03601:0.00671 / 6-1-5:0.0278:0.03180:0.00400 / 6-1-3:0.0254:0.03352:0.00810 / 1-5-6:0.0250:0.03228:0.00724 / 1-6-3:0.0244:0.03795:0.01357 / 5-1-6:0.0222:0.02666:0.00450 / 6-5-1:0.0219:0.02426:0.00240 / 6-3-1:0.0205:0.02596:0.00543 / 5-6-1:0.0202:0.02269:0.00250 / 3-6-1:0.0183:0.02454:0.00628 / 1-3-6:0.0165:0.03462:0.01810 / 3-1-6:0.0164:0.02890:0.01250 / 6-3-5:0.0128:0.01391:0.00111 / 6-5-3:0.0127:0.01370:0.00099 / 3-6-5:0.0119:0.01315:0.00129 / 5-6-3:0.0118:0.01281:0.00104 / 5-3-6:0.0107:0.01194:0.00122 / 3-5-6:0.0107:0.01207:0.00135,leakfree-2026-06,1-3-4:0.0457:0.08211:0.03646 / 3-1-4:0.0373:0.06243:0.02517,0.4389 0.0949 0.262 0.1198 0.0658 0.0186,grade=5|a1=0|a12=3|c1cls=3|p1m=0.4389|p1k=0.4336
2026-09-25,下関,7,⚠高(荒),8,1-6-5 / 6-1-5 / 1-5-6 / 5-1-6 / 6-5-1 / 5-6-1 / 6-1-3 / 1-6-3,0.0911,1号井上 尚悟,6号篠崎 仁志,5号数原 魁,1.0,1.0,,,,,,model_new(old),1:2.3|2:15.9|3:2.3|4:13.4|5:5.0|6:7.0,1-6-5:0.0911:0.10414:0.01302 / 6-1-5:0.0785:0.08839:0.00987 / 1-5-6:0.0761:0.09015:0.01406 / 5-1-6:0.0601:0.07125:0.01119 / 6-5-1:0.0525:0.06005:0.00757 / 5-6-1:0.0480:0.05591:0.00795 / 6-1-3:0.0168:0.03822:0.02146 / 1-6-3:0.0167:0.04503:0.02830,leakfree-2026-06,1-5-3:0.0449:0.08765:0.04279 / 1-5-6:0.0308:0.04484:0.01406 / 1-3-5:0.0306:0.09433:0.06371,0.5313 0.0486 0.1696 0.017 0.1468 0.0868,grade=5|a1=1|a12=3|c1cls=3|p1m=0.5313|p1k=0.3221
2026-09-25,若松,1,✅低(堅),13,1-2-4 / 1-2-6 / 1-2-5 / 1-4-2 / 1-6-2 / 1-5-2 / 1-4-6 / 1-6-4 / 2-1-4 / 2-1-6 / 1-4-5 / 1-5-4 / 2-1-5,0.0213,1号藤原 碧生,2号中山 翔太,3号原田 才一郎,3.0,3.0,,,,,,model_new(old),1:1.6|2:9.0|3:3.1|4:11.2|5:8.7|6:8.8,1-2-4:0.0213:0.03066:0.00936 / 1-2-6:0.0209:0.03285:0.01191 / 1-2-5:0.0193:0.03131:0.01205 / 1-4-2:0.0189:0.02793:0.00905 / 1-6-2:0.0184:0.03039:0.01196 / 1-5-2:0.0165:0.02865:0.01212 / 1-4-6:0.0119:0.02119:0.00926 / 1-6-4:0.0119:0.02152:0.00961 / 2-1-4:0.0114:0.01699:0.00556 / 2-1-6:0.0111:0.01821:0.00707 / 1-4-5:0.0108:0.02019:0.00936 / 1-5-4:0.0105:0.02029:0.00974 / 2-1-5:0.0102:0.01735:0.00715,leakfree-2026-06,1-3-2:0.0717:0.12221:0.05048 / 1-2-3:0.0637:0.09746:0.03381,0.6148 0.1054 0.1621 0.0516 0.0516 0.0146,grade=2|a1=6|a12=6|c1cls=1|p1m=0.6148|p1k=0.4540
2026-09-25,若松,2,✅低(堅),11,1-5-6 / 1-6-5 / 1-3-6 / 1-6-3 / 1-6-2 / 1-5-3 / 1-3-5 / 1-6-4 / 1-4-6 / 1-5-4 / 1-4-5,0.0168,1号大場 恒季,2号宮脇 遼太,5号飛田 江己,2.0,2.0,,,,,,model_new(old),1:1.4|2:2.7|3:10.7|4:14.0|5:11.6|6:30.0,1-5-6:0.0168:0.02085:0.00403 / 1-6-5:0.0163:0.02002:0.00368 / 1-3-6:0.0161:0.02051:0.00442 / 1-6-3:0.0158:0.01976:0.00399 / 1-6-2:0.0152:0.03107:0.01583 / 1-5-3:0.0135:0.02482:0.01129 / 1-3-5:0.0133:0.02475:0.01144 / 1-6-4:0.0126:0.01569:0.00305 / 1-4-6:0.0123:0.01553:0.00325 / 1-5-4:0.0111:0.01972:0.00863 / 1-4-5:0.0103:0.01874:0.00841,leakfree-2026-06,1-3-2:0.0396:0.08871:0.04913,0.6615 0.1479 0.0795 0.0445 0.0551 0.0115,grade=2|a1=6|a12=6|c1cls=1|p1m=0.6615|p1k=0.5217
2026-09-25,若松,3,✅低(堅),8,1-5-3 / 1-5-4 / 1-4-5 / 1-3-5 / 1-5-2 / 1-2-5 / 1-5-6 / 1-6-5,0.0222,1号松田 淳平,3号小芦 るり華,4号西岡 顕心,3.0,3.0,,,,,,model_new(old),1:1.8|2:6.8|3:3.2|4:6.6|5:12.9|6:8.3,1-5-3:0.0222:0.03885:0.01666 / 1-5-4:0.0204:0.02852:0.00808 / 1-4-5:0.0198:0.02882:0.00899 / 1-3-5:0.0187:0.04321:0.02455 / 1-5-2:0.0170:0.02482:0.00784 / 1-2-5:0.0156:0.02428:0.00866 / 1-5-6:0.0154:0.02185:0.00642 / 1-6-5:0.0140:0.02084:0.00682,leakfree-2026-06,1-3-2:0.0571:0.10368:0.04657 / 1-3-4:0.0557:0.10368:0.04798 / 1-2-3:0.0373:0.07222:0.03493 / 1-4-3:0.0360:0.07222:0.03623 / 1-3-5:0.0335:0.05806:0.02455,0.6286 0.0761 0.1657 0.0761 0.0426 0.011,grade=2|a1=6|a12=6|c1cls=1|p1m=0.6286|p1k=0.4071
2026-09-25,若松,4,✅低(堅),20,1-5-6 / 1-5-3 / 1-6-5 / 1-3-5 / 1-3-6 / 1-6-3 / 1-5-4 / 5-1-6 / 1-4-5 / 6-1-5 / 1-6-4 / 1-3-4 / 1-4-6 / 1-6-2 / 6-1-3 / 3-1-6 / 1-4-3 / 1-5-2 / 1-2-6 / 5-1-3,0.0476,1号山田 理央,5号竹下 大樹,3号水谷 理人,3.0,3.0,,,,,,model_new(old),1:4.2|2:3.1|3:3.2|4:7.8|5:3.6|6:13.6,1-5-6:0.0476:0.05148:0.00385 / 1-5-3:0.0452:0.06161:0.01638 / 1-6-5:0.0430:0.04613:0.00310 / 1-3-5:0.0412:0.05826:0.01709 / 1-3-6:0.0374:0.04195:0.00452 / 1-6-3:0.0363:0.03974:0.00349 / 1-5-4:0.0231:0.02983:0.00672 / 5-1-6:0.0201:0.02411:0.00400 / 1-4-5:0.0183:0.02402:0.00570 / 6-1-5:0.0181:0.02080:0.00270 / 1-6-4:0.0178:0.01924:0.00143 / 1-3-4:0.0164:0.02431:0.00789 / 1-4-6:0.0158:0.01730:0.00151 / 1-6-2:0.0154:0.01904:0.00360 / 6-1-3:0.0149:0.01792:0.00304 / 3-1-6:0.0144:0.01928:0.00485 / 1-4-3:0.0143:0.02070:0.00641 / 1-5-2:0.0126:0.02952:0.01691 / 1-2-6:0.0124:0.01709:0.00473 / 5-1-3:0.0119:0.02885:0.01699,leakfree-2026-06,1-3-5:0.0892:0.10624:0.01709 / 1-5-3:0.0765:0.09286:0.01638 / 1-3-2:0.0524:0.07222:0.01985 / 1-2-3:0.0358:0.05593:0.02010 / 1-3-4:0.0341:0.04200:0.00789 / 1-5-2:0.0311:0.04804:0.01691,0.6146 0.075 0.145 0.0436 0.1104 0.0113,grade=2|a1=6|a12=6|c1cls=1|p1m=0.6146|p1k=0.1760
2026-09-25,若松,5,✅低(堅),13,1-2-6 / 1-6-2 / 1-2-5 / 1-2-3 / 1-6-4 / 1-5-2 / 1-3-2 / 1-6-3 / 1-6-5 / 2-1-6 / 1-3-6 / 1-5-6 / 6-1-2,0.0455,1号佐藤 航,2号田中 駿兵,4号中村 日向,2.0,2.0,,,,,,model_new(old),1:1.9|2:4.3|3:13.3|4:2.5|5:19.2|6:13.6,1-2-6:0.0455:0.05871:0.01322 / 1-6-2:0.0385:0.04895:0.01045 / 1-2-5:0.0245:0.03388:0.00936 / 1-2-3:0.0244:0.03790:0.01352 / 1-6-4:0.0202:0.03814:0.01798 / 1-5-2:0.0185:0.02570:0.00720 / 1-3-2:0.0185:0.02917:0.01071 / 1-6-3:0.0151:0.01849:0.00338 / 1-6-5:0.0142:0.01653:0.00234 / 2-1-6:0.0140:0.02373:0.00977 / 1-3-6:0.0137:0.01707:0.00339 / 1-5-6:0.0128:0.01504:0.00228 / 6-1-2:0.0120:0.01876:0.00677,leakfree-2026-06,1-4-2:0.0553:0.15500:0.09971 / 1-4-3:0.0528:0.08507:0.03224 / 1-2-4:0.0523:0.12425:0.07192 / 1-3-4:0.0389:0.05736:0.01843 / 1-2-3:0.0327:0.04626:0.01352,0.6824 0.0937 0.0514 0.1382 0.0236 0.0107,grade=2|a1=6|a12=6|c1cls=1|p1m=0.6824|p1k=0.3871
2026-09-25,若松,6,✅低(堅),12,1-5-3 / 1-3-5 / 1-5-6 / 1-3-6 / 1-6-5 / 1-6-3 / 1-3-2 / 5-1-3 / 3-1-5 / 1-2-3 / 1-3-4 / 1-5-2,0.0379,1号前田 篤哉,5号濱野 斗馬,3号鰐部 太空海,2.0,2.0,,,,,,model_new(old),1:1.8|2:6.1|3:13.6|4:3.2|5:5.8|6:11.9,1-5-3:0.0379:0.04804:0.01011 / 1-3-5:0.0357:0.04442:0.00875 / 1-5-6:0.0247:0.03631:0.01156 / 1-3-6:0.0222:0.02642:0.00426 / 1-6-5:0.0213:0.03143:0.01015 / 1-6-3:0.0204:0.02473:0.00433 / 1-3-2:0.0173:0.02566:0.00832 / 5-1-3:0.0163:0.02315:0.00686 / 3-1-5:0.0153:0.02081:0.00548 / 1-2-3:0.0144:0.02389:0.00949 / 1-3-4:0.0130:0.02886:0.01586 / 1-5-2:0.0127:0.03527:0.02255,leakfree-2026-06,1-2-4:0.0320:0.07233:0.04033 / 1-4-2:0.0310:0.08347:0.05247 / 1-4-5:0.0283:0.08347:0.05518,0.6568 0.0833 0.0466 0.118 0.0833 0.012,grade=2|a1=6|a12=6|c1cls=1|p1m=0.6568|p1k=0.4079
2026-09-25,若松,7,✅低(堅),8,1-3-2 / 1-2-3 / 1-3-4 / 1-3-5 / 1-5-3 / 1-4-3 / 3-1-2 / 3-1-4,0.0296,1号廣瀬 凜,3号高憧 四季,2号米丸 乃絵,3.0,3.0,,,,,,model_new(old),1:1.2|2:6.9|3:16.3|4:7.2|5:13.1|6:8.3,1-3-2:0.0296:0.05027:0.02068 / 1-2-3:0.0251:0.05015:0.02503 / 1-3-4:0.0247:0.04448:0.01982 / 1-3-5:0.0231:0.03400:0.01089 / 1-5-3:0.0194:0.03069:0.01124 / 1-4-3:0.0191:0.04277:0.02363 / 3-1-2:0.0123:0.02087:0.00853 / 3-1-4:0.0103:0.01846:0.00818,leakfree-2026-06,1-2-3:0.0498:0.07486:0.02503 / 1-2-4:0.0494:0.10605:0.05668 / 1-3-2:0.0380:0.05867:0.02068 / 1-4-2:0.0370:0.09283:0.05583,0.6255 0.1399 0.0752 0.1065 0.0421 0.0109,grade=2|a1=5|a12=6|c1cls=1|p1m=0.6255|p1k=0.6059
2026-09-25,若松,8,✅低(堅),6,1-4-2 / 1-2-4 / 4-1-2 / 2-1-4 / 1-4-5 / 1-4-6,0.0260,1号大澤 風葵,4号小芦 るり華,2号藤原 仙二,2.0,2.0,,,,,,model_new(old),1:1.3|2:9.7|3:5.5|4:8.6|5:7.0|6:13.0,1-4-2:0.0260:0.04712:0.02116 / 1-2-4:0.0240:0.04464:0.02063 / 4-1-2:0.0157:0.02598:0.01032 / 2-1-4:0.0141:0.02408:0.00995 / 1-4-5:0.0137:0.04307:0.02933 / 1-4-6:0.0105:0.02632:0.01579,leakfree-2026-06,1-4-3:0.0516:0.08893:0.03733 / 1-4-2:0.0493:0.07043:0.02116 / 1-2-4:0.0350:0.05558:0.02063 / 1-3-4:0.0321:0.07502:0.04290,0.6207 0.0746 0.0942 0.1388 0.061 0.0108,grade=2|a1=5|a12=6|c1cls=1|p1m=0.6207|p1k=0.5533
2026-09-25,福岡,7,✅低(堅),4,1-4-6 / 1-6-4 / 1-4-3 / 1-3-4,0.0166,1号中村 栄治,2号今井 貴士,4号向井 美鈴,2.0,2.0,,,,,,model_new(old),1:1.3|2:3.0|3:11.5|4:13.7|5:50.2|6:16.7,1-4-6:0.0166:0.02533:0.00874 / 1-6-4:0.0151:0.02362:0.00852 / 1-4-3:0.0147:0.02743:0.01269 / 1-3-4:0.0130:0.02601:0.01306,leakfree-2026-06,1-4-2:0.0595:0.10811:0.04865 / 1-2-4:0.0514:0.15291:0.10148 / 2-1-4:0.0382:0.09589:0.05764 / 4-1-2:0.0380:0.06000:0.02197,0.5226 0.2387 0.0751 0.1397 0.0092 0.0147,grade=5|a1=0|a12=2|c1cls=2|p1m=0.5226|p1k=0.5731
2026-09-25,福岡,8,✅低(堅),12,1-3-4 / 1-3-2 / 1-4-3 / 1-3-5 / 1-2-3 / 1-2-5 / 1-4-2 / 1-2-4 / 3-1-4 / 3-1-2 / 4-1-3 / 2-1-3,0.0427,1号畑 竜生,5号井口 佳典,3号岡 暢祐,2.0,2.0,,,,,,model_new(old),1:1.4|2:32.6|3:10.8|4:13.0|5:2.2|6:65.2,1-3-4:0.0427:0.05222:0.00950 / 1-3-2:0.0370:0.04074:0.00379 / 1-4-3:0.0365:0.04574:0.00925 / 1-3-5:0.0313:0.08743:0.05612 / 1-2-3:0.0304:0.03385:0.00342 / 1-2-5:0.0210:0.03775:0.01679 / 1-4-2:0.0207:0.02377:0.00306 / 1-2-4:0.0197:0.02254:0.00284 / 3-1-4:0.0174:0.02236:0.00493 / 3-1-2:0.0155:0.01744:0.00196 / 4-1-3:0.0140:0.01878:0.00474 / 2-1-3:0.0120:0.01365:0.00169,leakfree-2026-06,1-3-4:0.0336:0.04309:0.00950 / 1-4-3:0.0303:0.03953:0.00925 / 1-3-5:0.0279:0.08399:0.05612,0.5486 0.046 0.1236 0.094 0.1833 0.0044,grade=5|a1=1|a12=2|c1cls=2|p1m=0.5486|p1k=0.5160
2026-09-25,福岡,9,✅低(堅),6,1-4-5 / 1-5-4 / 4-1-5 / 4-1-2 / 5-1-4 / 1-4-2,0.0256,1号大原 祥昌,2号高橋 竜矢,4号薮内 瑞希,2.0,2.0,,,,,,model_new(old),1:1.0|2:5.3|3:16.7|4:23.4|5:19.5|6:29.2,1-4-5:0.0256:0.03823:0.01264 / 1-5-4:0.0246:0.03758:0.01298 / 4-1-5:0.0155:0.01904:0.00357 / 4-1-2:0.0153:0.02840:0.01314 / 5-1-4:0.0149:0.01860:0.00369 / 1-4-2:0.0105:0.05702:0.04652,leakfree-2026-06,1-2-4:0.0746:0.15717:0.08260 / 2-1-4:0.0582:0.08439:0.02620,0.5938 0.2435 0.0402 0.0719 0.0402 0.0104,grade=5|a1=1|a12=4|c1cls=2|p1m=0.5938|p1k=0.7263
2026-09-25,福岡,10,✅低(堅),2,3-1-4 / 4-1-3,0.0117,1号市橋 卓士,3号杉山 裕也,2号吉川 昭男,2.0,2.0,,,,,,model_new(old),1:1.0|2:16.3|3:8.1|4:27.2|5:20.4|6:0.0,3-1-4:0.0117:0.03283:0.02116 / 4-1-3:0.0111:0.02345:0.01238,leakfree-2026-06,1-4-3:0.0177:0.07414:0.05646,0.6544 0.0786 0.133 0.0786 0.044 0.0114,grade=5|a1=2|a12=5|c1cls=1|p1m=0.6544|p1k=0.7870
2026-09-25,福岡,11,✅低(堅),0,,0.0000,1号井上 一輝,2号高倉 和士,6号藤本 紗弥香,2.0,2.0,,,,,,model_new(old),1:1.1|2:4.7|3:6.8|4:19.0|5:31.7|6:0.0,,leakfree-2026-06,1-2-4:0.0765:0.14974:0.07328,0.7365 0.1675 0.0431 0.0307 0.0111 0.0111,grade=5|a1=2|a12=5|c1cls=1|p1m=0.7365|p1k=0.6719
2026-09-25,福岡,12,✅低(堅),3,1-4-5 / 1-5-4 / 1-5-2,0.0249,1号松田 祐季,2号井口 佳典,4号今井 貴士,2.0,2.0,,,,,,model_new(old),1:1.1|2:5.0|3:13.5|4:11.2|5:16.8|6:22.5,1-4-5:0.0249:0.04476:0.01987 / 1-5-4:0.0239:0.04234:0.01842 / 1-5-2:0.0152:0.05642:0.04126,leakfree-2026-06,1-2-5:0.0378:0.10079:0.06294 / 1-5-2:0.0309:0.07220:0.04126 / 1-2-4:0.0303:0.12473:0.09441 / 1-4-2:0.0277:0.09442:0.06676,0.7686 0.0962 0.0304 0.0528 0.0427 0.0093,grade=5|a1=2|a12=5|c1cls=1|p1m=0.7686|p1k=0.6605
2026-09-26,徳山,1,✅低(堅),16,1-6-3 / 1-3-6 / 1-6-5 / 1-5-6 / 6-1-3 / 1-6-4 / 3-1-6 / 6-1-5 / 1-4-6 / 5-1-6 / 6-1-4 / 6-3-1 / 3-6-1 / 1-6-2 / 4-1-6 / 6-5-1,0.0513,1号出畑 孝典,6号岡谷 健吾,3号向井田 佑紀,3.0,3.0,,,,,,model_new(old),1:1.4|2:19.6|3:3.4|4:6.0|5:9.8|6:36.5,1-6-3:0.0513:0.06213:0.01079 / 1-3-6:0.0413:0.06040:0.01908 / 1-6-5:0.0390:0.04278:0.00374 / 1-5-6:0.0328:0.03703:0.00426 / 6-1-3:0.0310:0.03624:0.00521 / 1-6-4:0.0276:0.03367:0.00611 / 3-1-6:0.0233:0.03482:0.01152 / 6-1-5:0.0231:0.02495:0.00181 / 1-4-6:0.0198:0.02771:0.00791 / 5-1-6:0.0181:0.02032:0.00218 / 6-1-4:0.0167:0.01964:0.00295 / 6-3-1:0.0146:0.01764:0.00309 / 3-6-1:0.0136:0.01744:0.00387 / 1-6-2:0.0125:0.01432:0.00187 / 4-1-6:0.0106:0.01487:0.00426 / 6-5-1:0.0105:0.01144:0.00090,leakfree-2026-06,1-3-2:0.0791:0.11460:0.03552 / 1-3-5:0.0731:0.14419:0.07105 / 1-3-6:0.0332:0.05223:0.01908 / 1-2-3:0.0306:0.05152:0.02089,0.7636 0.024 0.1409 0.0302 0.0302 0.011,grade=5|a1=0|a12=1|c1cls=2|p1m=0.7636|p1k=0.5269
2026-09-26,徳山,2,✅低(堅),8,1-6-2 / 1-2-6 / 1-6-5 / 6-1-2 / 1-5-6 / 2-1-6 / 6-1-4 / 6-1-5,0.0284,1号村松 修二,6号片橋 幸貴,4号四宮 与寛,1.0,1.0,,,,,,model_new(old),1:1.1|2:8.5|3:27.7|4:5.3|5:21.2|6:12.8,1-6-2:0.0284:0.06166:0.03330 / 1-2-6:0.0215:0.05853:0.03706 / 1-6-5:0.0197:0.03302:0.01335 / 6-1-2:0.0183:0.03028:0.01199 / 1-5-6:0.0146:0.02699:0.01237 / 2-1-6:0.0145:0.02822:0.01377 / 6-1-4:0.0115:0.03076:0.01924 / 6-1-5:0.0114:0.01622:0.00481,leakfree-2026-06,1-2-4:0.0453:0.13481:0.08951 / 2-1-4:0.0330:0.06620:0.03325,0.5859 0.1566 0.0336 0.1566 0.0336 0.0336,grade=5|a1=1|a12=3|c1cls=2|p1m=0.5859|p1k=0.6603
2026-09-26,徳山,3,✅低(堅),10,1-5-2 / 1-2-5 / 1-5-6 / 1-6-5 / 1-5-3 / 5-1-2 / 2-1-5 / 5-1-6 / 1-3-5 / 1-2-6,0.0391,1号堀本 和也,5号八木 治樹,6号江夏 満,1.0,1.0,,,,,,model_new(old),1:1.1|2:13.5|3:14.9|4:7.4|5:17.5|6:7.2,1-5-2:0.0391:0.05335:0.01420 / 1-2-5:0.0358:0.05061:0.01481 / 1-5-6:0.0310:0.05760:0.02663 / 1-6-5:0.0228:0.05593:0.03316 / 1-5-3:0.0161:0.02900:0.01287 / 5-1-2:0.0144:0.01947:0.00507 / 2-1-5:0.0129:0.01821:0.00535 / 5-1-6:0.0115:0.02103:0.00950 / 1-3-5:0.0111:0.02431:0.01318 / 1-2-6:0.0104:0.04638:0.03599,leakfree-2026-06,1-2-3:0.0544:0.07184:0.01739 / 1-3-2:0.0497:0.06680:0.01709 / 1-2-4:0.0368:0.07184:0.03501 / 1-2-5:0.0364:0.05124:0.01481,0.8041 0.0552 0.0446 0.0446 0.0318 0.0197,grade=5|a1=1|a12=2|c1cls=2|p1m=0.8041|p1k=0.6581
2026-09-26,徳山,4,✅低(堅),6,1-5-3 / 1-5-2 / 1-3-5 / 5-1-3 / 5-1-2 / 3-1-5,0.0674,1号片岡 大地,5号山田 佑樹,2号是澤 孝宏,1.0,1.0,,,,,,model_new(old),1:1.4|2:4.5|3:10.6|4:10.0|5:5.0|6:82.5,1-5-3:0.0674:0.10461:0.03724 / 1-5-2:0.0475:0.13524:0.08771 / 1-3-5:0.0373:0.06722:0.02987 / 5-1-3:0.0267:0.04716:0.02048 / 5-1-2:0.0127:0.06097:0.04825 / 3-1-5:0.0117:0.02678:0.01504,leakfree-2026-06,1-2-3:0.0468:0.09041:0.04364 / 2-1-3:0.0334:0.05787:0.02448 / 2-1-5:0.0241:0.07603:0.05189,0.5064 0.2288 0.102 0.0287 0.134 0.0001,grade=5|a1=0|a12=2|c1cls=2|p1m=0.5064|p1k=0.5319
2026-09-26,徳山,5,✅低(堅),10,4-6-1 / 6-4-1 / 4-6-3 / 4-3-6 / 6-4-3 / 3-4-6 / 4-3-1 / 6-3-4 / 3-4-1 / 3-6-4,0.0241,4号植田 太一,1号照屋 厚仁,6号山田 祐也,3.0,3.0,,,,,,model_new(old),1:1.4|2:27.1|3:14.5|4:2.4|5:37.9|6:12.6,4-6-1:0.0241:0.04656:0.02245 / 6-4-1:0.0214:0.03785:0.01645 / 4-6-3:0.0201:0.02225:0.00217 / 4-3-6:0.0184:0.02058:0.00214 / 6-4-3:0.0165:0.01808:0.00159 / 3-4-6:0.0144:0.01594:0.00156 / 4-3-1:0.0137:0.03296:0.01927 / 6-3-4:0.0119:0.01300:0.00113 / 3-4-1:0.0115:0.02554:0.01401 / 3-6-4:0.0113:0.01239:0.00112,leakfree-2026-06,,0.5527 0.0445 0.0794 0.2524 0.0266 0.0445,grade=5|a1=1|a12=3|c1cls=2|p1m=0.5527|p1k=0.5320
2026-09-26,芦屋,1,✅低(堅),12,1-5-3 / 1-5-6 / 1-5-2 / 1-5-4 / 1-6-5 / 1-2-5 / 1-4-5 / 1-6-3 / 1-6-2 / 1-2-6 / 1-6-4 / 1-4-6,0.0391,1号岩崎 芳美,3号中村 かなえ,5号深見 亜由美,0.0,1.0,,,,,,model_new(old),1:1.2|2:17.1|3:3.6|4:9.1|5:17.5|6:31.1,1-5-3:0.0391:0.07688:0.03773 / 1-5-6:0.0364:0.04075:0.00437 / 1-5-2:0.0344:0.04236:0.00794 / 1-5-4:0.0331:0.04801:0.01493 / 1-6-5:0.0313:0.03545:0.00415 / 1-2-5:0.0291:0.03710:0.00797 / 1-4-5:0.0263:0.04307:0.01678 / 1-6-3:0.0178:0.03793:0.02018 / 1-6-2:0.0167:0.02090:0.00425 / 1-2-6:0.0166:0.02104:0.00448 / 1-6-4:0.0157:0.02369:0.00798 / 1-4-6:0.0150:0.02443:0.00944,leakfree-2026-06,1-4-3:0.0583:0.13984:0.08156 / 1-4-5:0.0391:0.05585:0.01678,0.7887 0.0241 0.0761 0.0698 0.0304 0.011,grade=4|a1=0|a12=1|c1cls=2|p1m=0.7887|p1k=0.6088
2026-09-26,芦屋,2,✅低(堅),8,1-4-5 / 1-4-2 / 4-1-5 / 4-1-2 / 1-5-4 / 1-2-4 / 5-1-4 / 4-5-1,0.0422,1号山口 真喜子,4号田口 節子,2号真子 奈津実,1.0,1.0,,,,,,model_new(old),1:1.6|2:8.5|3:6.4|4:2.7|5:66.3|6:11.0,1-4-5:0.0422:0.05112:0.00891 / 1-4-2:0.0399:0.10939:0.06948 / 4-1-5:0.0311:0.03777:0.00665 / 4-1-2:0.0289:0.08082:0.05187 / 1-5-4:0.0192:0.02383:0.00460 / 1-2-4:0.0149:0.05658:0.04172 / 5-1-4:0.0104:0.01292:0.00254 / 4-5-1:0.0102:0.01272:0.00255,leakfree-2026-06,1-4-2:0.0947:0.16414:0.06948 / 1-4-3:0.0583:0.15054:0.09227 / 1-2-4:0.0371:0.07882:0.04172 / 4-1-2:0.0353:0.08721:0.05187,0.598 0.0718 0.0659 0.2435 0.0104 0.0104,grade=4|a1=1|a12=2|c1cls=2|p1m=0.5980|p1k=0.4545
2026-09-26,芦屋,3,✅低(堅),9,1-5-3 / 1-5-4 / 5-1-3 / 1-3-5 / 1-4-5 / 5-1-4 / 1-4-3 / 1-5-6 / 4-1-5,0.0848,1号今井 裕梨,5号山川 美由紀,3号大山 千広,2.0,2.0,,,,,,model_new(old),1:1.8|2:14.6|3:2.4|4:17.3|5:5.6|6:16.3,1-5-3:0.0848:0.15013:0.06528 / 1-5-4:0.0398:0.04890:0.00906 / 5-1-3:0.0350:0.07908:0.04406 / 1-3-5:0.0308:0.13849:0.10772 / 1-4-5:0.0248:0.03237:0.00755 / 5-1-4:0.0196:0.02576:0.00611 / 1-4-3:0.0110:0.02857:0.01761 / 1-5-6:0.0103:0.01992:0.00961 / 4-1-5:0.0101:0.01474:0.00461,leakfree-2026-06,1-3-5:0.0649:0.17266:0.10772 / 1-3-2:0.0534:0.09475:0.04132 / 1-5-3:0.0277:0.09294:0.06528,0.5866 0.0488 0.2388 0.0281 0.089 0.0086,grade=4|a1=0|a12=3|c1cls=2|p1m=0.5866|p1k=0.4151
2026-09-26,芦屋,4,✅低(堅),5,1-6-3 / 1-3-6 / 6-1-3 / 3-1-6 / 6-3-1,0.1779,1号寺田 千恵,6号土屋 南,3号内山 七海,1.0,1.0,,,,,,model_new(old),1:1.4|2:18.2|3:3.7|4:29.1|5:9.4|6:5.8,1-6-3:0.1779:0.26059:0.08272 / 1-3-6:0.1132:0.21789:0.10471 / 6-1-3:0.0786:0.12332:0.04474 / 3-1-6:0.0368:0.09861:0.06176 / 6-3-1:0.0128:0.03572:0.02291,leakfree-2026-06,1-3-6:0.1266:0.23128:0.10471 / 1-6-3:0.0704:0.15317:0.08272 / 1-3-5:0.0278:0.09237:0.06461,0.745 0.0104 0.1337 0.0104 0.0287 0.0718,grade=4|a1=0|a12=3|c1cls=2|p1m=0.7450|p1k=0.5281
2026-09-26,芦屋,5,✅低(堅),7,1-6-5 / 1-5-6 / 6-1-2 / 1-2-5 / 6-1-5 / 1-5-2 / 2-1-6,0.0232,1号川野 芽唯,6号武井 莉里佳,2号安井 瑞紀,0.0,1.0,,,,,,model_new(old),1:1.0|2:10.2|3:30.7|4:24.6|5:61.5|6:10.2,1-6-5:0.0232:0.04633:0.02316 / 1-5-6:0.0158:0.03190:0.01612 / 6-1-2:0.0158:0.04933:0.03357 / 1-2-5:0.0122:0.03537:0.02316 / 6-1-5:0.0108:0.01636:0.00557 / 1-5-2:0.0107:0.02680:0.01612 / 2-1-6:0.0103:0.04388:0.03357,leakfree-2026-06,1-2-6:0.0476:0.18721:0.13962 / 1-2-3:0.0441:0.09051:0.04639,0.8427 0.0664 0.0231 0.01 0.01 0.0478,grade=4|a1=1|a12=3|c1cls=1|p1m=0.8427|p1k=0.7779
2026-09-26,多摩川,8,✅低(堅),12,1-6-3 / 6-1-3 / 1-6-2 / 6-1-2 / 1-6-4 / 6-1-4 / 1-3-6 / 1-2-6 / 6-3-1 / 2-1-6 / 6-2-1 / 3-1-6,0.0891,1号久田 武,6号永田 啓二,3号吉田 一心,0.0,2.0,,,,,,model_new(old),1:1.7|2:71.6|3:6.5|4:4.6|5:6.2|6:4.9,1-6-3:0.0891:0.12274:0.03363 / 6-1-3:0.0665:0.08873:0.02225 / 1-6-2:0.0613:0.06435:0.00305 / 6-1-2:0.0445:0.04652:0.00202 / 1-6-4:0.0376:0.08507:0.04752 / 6-1-4:0.0301:0.06150:0.03143 / 1-3-6:0.0250:0.05579:0.03080 / 1-2-6:0.0247:0.02692:0.00227 / 6-3-1:0.0154:0.02776:0.01239 / 2-1-6:0.0128:0.01404:0.00128 / 6-2-1:0.0128:0.01374:0.00098 / 3-1-6:0.0107:0.03023:0.01951,leakfree-2026-06,1-4-2:0.0358:0.03918:0.00333 / 1-4-6:0.0308:0.07950:0.04871,0.5224 0.0688 0.0948 0.1635 0.0109 0.1397,grade=5|a1=2|a12=3|c1cls=2|p1m=0.5224|p1k=0.4394
2026-09-26,多摩川,9,✅低(堅),8,1-6-4 / 1-6-2 / 1-6-3 / 6-1-4 / 1-6-5 / 6-1-5 / 1-4-6 / 1-3-6,0.0526,1号土屋 千明,6号新開 航,2号宮崎 奨,1.0,2.0,,,,,,model_new(old),1:3.4|2:6.0|3:9.0|4:18.0|5:24.0|6:1.5,1-6-4:0.0526:0.07343:0.02088 / 1-6-2:0.0451:0.10770:0.06263 / 1-6-3:0.0404:0.08211:0.04175 / 6-1-4:0.0335:0.06602:0.03250 / 1-6-5:0.0325:0.04816:0.01566 / 6-1-5:0.0189:0.04330:0.02438 / 1-4-6:0.0161:0.02401:0.00794 / 1-3-6:0.0103:0.02709:0.01683,leakfree-2026-06,1-6-2:0.0855:0.14817:0.06263 / 1-2-6:0.0517:0.07857:0.02684 / 1-6-3:0.0487:0.09047:0.04175 / 1-6-4:0.0451:0.06595:0.02088,0.5897 0.0777 0.0474 0.0346 0.0166 0.2339,grade=5|a1=1|a12=3|c1cls=2|p1m=0.5897|p1k=0.2202
2026-09-26,多摩川,10,✅低(堅),6,1-5-2 / 1-5-3 / 1-3-5 / 5-1-2 / 5-1-3 / 3-1-5,0.0587,1号吉田 一郎,2号垂水 悠,5号竹井 貴史,1.0,2.0,,,,,,model_new(old),1:1.1|2:3.9|3:21.1|4:25.3|5:10.5|6:18.1,1-5-2:0.0587:0.13911:0.08040 / 1-5-3:0.0450:0.05989:0.01486 / 1-3-5:0.0318:0.04503:0.01327 / 5-1-2:0.0268:0.05712:0.03036 / 5-1-3:0.0190:0.02459:0.00561 / 3-1-5:0.0122:0.01703:0.00483,leakfree-2026-06,1-5-2:0.0966:0.17697:0.08040 / 5-1-2:0.0460:0.07634:0.03036 / 1-2-5:0.0420:0.17697:0.13498 / 1-5-3:0.0384:0.05324:0.01486 / 2-1-5:0.0182:0.07634:0.05814,0.6331 0.1494 0.0449 0.0116 0.1494 0.0116,grade=5|a1=2|a12=3|c1cls=1|p1m=0.6331|p1k=0.6480
2026-09-26,多摩川,11,✅低(堅),9,1-6-5 / 1-6-4 / 1-6-3 / 1-5-6 / 6-1-5 / 1-4-6 / 6-1-4 / 6-1-3 / 1-3-6,0.0756,1号和田 兼輔,6号石塚 久也,4号中村 裕将,0.0,2.0,,,,,,model_new(old),1:1.2|2:5.7|3:14.7|4:11.5|5:12.9|6:7.3,1-6-5:0.0756:0.10450:0.02888 / 1-6-4:0.0730:0.10538:0.03240 / 1-6-3:0.0573:0.08268:0.02535 / 1-5-6:0.0309:0.05606:0.02521 / 6-1-5:0.0285:0.04117:0.01268 / 1-4-6:0.0277:0.05661:0.02886 / 6-1-4:0.0273:0.04152:0.01422 / 6-1-3:0.0215:0.03258:0.01113 / 1-3-6:0.0213:0.04296:0.02168,leakfree-2026-06,1-2-6:0.0552:0.12735:0.07217 / 1-6-2:0.0419:0.10723:0.06537 / 1-2-5:0.0326:0.07339:0.04084,0.7929 0.0786 0.0114 0.0314 0.0314 0.0544,grade=5|a1=1|a12=3|c1cls=1|p1m=0.7929|p1k=0.6046
2026-09-26,多摩川,12,✅低(堅),12,1-6-3 / 1-6-5 / 1-5-6 / 1-3-6 / 1-6-2 / 6-1-3 / 6-1-5 / 6-1-2 / 3-1-6 / 5-1-6 / 1-2-6 / 1-6-4,0.0418,1号萩原 秀人,6号松井 友汰,3号前野 竜一,0.0,2.0,,,,,,model_new(old),1:1.0|2:7.2|3:8.0|4:20.6|5:18.0|6:28.9,1-6-3:0.0418:0.06266:0.02082 / 1-6-5:0.0395:0.04877:0.00925 / 1-5-6:0.0322:0.04200:0.00981 / 1-3-6:0.0301:0.05768:0.02759 / 1-6-2:0.0297:0.05279:0.02313 / 6-1-3:0.0205:0.02661:0.00613 / 6-1-5:0.0180:0.02071:0.00272 / 6-1-2:0.0156:0.02242:0.00681 / 3-1-6:0.0152:0.02388:0.00870 / 5-1-6:0.0141:0.01702:0.00293 / 1-2-6:0.0141:0.04633:0.03227 / 1-6-4:0.0132:0.02129:0.00808,leakfree-2026-06,1-2-3:0.0614:0.17797:0.11659 / 1-3-2:0.0372:0.14796:0.11076,0.8147 0.0778 0.056 0.0199 0.0199 0.0117,grade=5|a1=1|a12=4|c1cls=1|p1m=0.8147|p1k=0.7130
2026-09-26,丸亀,1,⚠高(荒),14,1-3-4 / 1-3-2 / 3-1-4 / 3-1-2 / 1-4-3 / 4-1-3 / 2-1-3 / 1-2-3 / 3-2-1 / 3-4-1 / 2-3-1 / 4-3-1 / 4-1-2 / 2-1-4,0.0330,1号中越 博紀,3号泉 啓文,2号小川 時光,2.0,2.0,,,,,,model_new(old),1:1.0|2:11.3|3:8.8|4:13.2|5:15.9|6:13.2,1-3-4:0.0330:0.08121:0.04817 / 1-3-2:0.0291:0.08539:0.05627 / 3-1-4:0.0289:0.04434:0.01540 / 3-1-2:0.0286:0.04663:0.01799 / 1-4-3:0.0230:0.06583:0.04281 / 4-1-3:0.0200:0.03332:0.01330 / 2-1-3:0.0195:0.03584:0.01630 / 1-2-3:0.0184:0.07035:0.05195 / 3-2-1:0.0137:0.01821:0.00449 / 3-4-1:0.0134:0.01718:0.00380 / 2-3-1:0.0126:0.01699:0.00440 / 4-3-1:0.0122:0.01593:0.00369 / 4-1-2:0.0115:0.02185:0.01036 / 2-1-4:0.0115:0.02234:0.01086,leakfree-2026-06,1-3-2:0.0835:0.13979:0.05627 / 1-2-3:0.0680:0.11992:0.05195 / 1-3-4:0.0505:0.09868:0.04817 / 3-1-2:0.0397:0.05772:0.01799 / 1-4-3:0.0319:0.07471:0.04281 / 2-1-3:0.0313:0.04760:0.01630,0.6468 0.1101 0.1446 0.0777 0.0095 0.0112,grade=5|a1=0|a12=0|c1cls=3|p1m=0.6468|p1k=0.7059
2026-09-26,丸亀,2,⚠高(荒),20,1-6-5 / 6-1-5 / 1-6-2 / 1-5-6 / 6-1-2 / 1-6-4 / 6-5-1 / 1-2-6 / 5-1-6 / 6-1-4 / 5-6-1 / 6-2-1 / 2-1-6 / 1-4-6 / 2-6-1 / 1-6-3 / 6-4-1 / 6-1-3 / 4-1-6 / 4-6-1,0.0509,1号寺田 空詩,6号郷原 章平,5号安河内 健,1.0,1.0,,,,,,model_new(old),1:3.3|2:3.5|3:14.5|4:3.3|5:2.9|6:20.7,1-6-5:0.0509:0.05443:0.00354 / 6-1-5:0.0448:0.04764:0.00285 / 1-6-2:0.0391:0.04204:0.00293 / 1-5-6:0.0366:0.04159:0.00503 / 6-1-2:0.0344:0.03679:0.00236 / 1-6-4:0.0289:0.03204:0.00311 / 6-5-1:0.0278:0.03075:0.00297 / 1-2-6:0.0263:0.03014:0.00384 / 5-1-6:0.0261:0.03137:0.00523 / 6-1-4:0.0255:0.02804:0.00250 / 5-6-1:0.0227:0.02650:0.00385 / 6-2-1:0.0202:0.02250:0.00232 / 2-1-6:0.0181:0.02189:0.00378 / 1-4-6:0.0177:0.02188:0.00417 / 2-6-1:0.0158:0.01867:0.00284 / 1-6-3:0.0151:0.01581:0.00071 / 6-4-1:0.0139:0.01645:0.00250 / 6-1-3:0.0133:0.01383:0.00057 / 4-1-6:0.0113:0.01543:0.00417 / 4-6-1:0.0101:0.01325:0.00311,leakfree-2026-06,1-5-2:0.0844:0.11409:0.02972 / 1-5-6:0.0589:0.06389:0.00503 / 1-5-4:0.0475:0.07907:0.03152 / 1-2-5:0.0403:0.06770:0.02743 / 5-1-2:0.0329:0.06382:0.03095 / 1-6-5:0.0309:0.03442:0.00354 / 5-1-6:0.0305:0.03574:0.00523,0.5663 0.0814 0.0258 0.0564 0.2246 0.0456,grade=5|a1=1|a12=2|c1cls=3|p1m=0.5663|p1k=0.2238
2026-09-26,丸亀,3,⚠高(荒),9,1-5-3 / 1-5-4 / 1-5-2 / 1-3-5 / 1-4-5 / 5-1-3 / 5-1-4 / 1-2-5 / 5-1-2,0.0289,1号坂 咲友理,5号芝田 浩治,3号松井 貫太,1.0,1.0,,,,,,model_new(old),1:2.5|2:6.0|3:2.9|4:3.3|5:8.0|6:96.0,1-5-3:0.0289:0.04519:0.01630 / 1-5-4:0.0272:0.04151:0.01432 / 1-5-2:0.0209:0.02875:0.00788 / 1-3-5:0.0205:0.04275:0.02222 / 1-4-5:0.0199:0.03821:0.01826 / 5-1-3:0.0190:0.03166:0.01264 / 5-1-4:0.0180:0.02908:0.01111 / 1-2-5:0.0159:0.02418:0.00830 / 5-1-2:0.0140:0.02014:0.00611,leakfree-2026-06,1-4-3:0.0295:0.07987:0.05038,0.4177 0.0863 0.1607 0.2384 0.0863 0.0106,grade=5|a1=1|a12=2|c1cls=3|p1m=0.4177|p1k=0.2963
2026-09-26,丸亀,4,⚠高(荒),11,1-2-3 / 1-2-6 / 1-6-2 / 2-1-6 / 2-1-3 / 1-6-3 / 6-1-2 / 2-6-1 / 1-3-6 / 6-1-3 / 6-2-1,0.0547,1号古場 輝義,2号高山 敬悟,3号岡村 慶太,1.0,1.0,,,,,,model_new(old),1:2.8|2:5.9|3:1.5|4:18.4|5:15.8|6:14.7,1-2-3:0.0547:0.08826:0.03360 / 1-2-6:0.0503:0.05373:0.00343 / 1-6-2:0.0402:0.04330:0.00306 / 2-1-6:0.0363:0.03922:0.00290 / 2-1-3:0.0360:0.06443:0.02839 / 1-6-3:0.0297:0.04178:0.01205 / 6-1-2:0.0261:0.02845:0.00239 / 2-6-1:0.0193:0.02147:0.00216 / 1-3-6:0.0184:0.05081:0.03237 / 6-1-3:0.0181:0.02745:0.00939 / 6-2-1:0.0173:0.01932:0.00200,leakfree-2026-06,3-2-1:0.0801:0.15576:0.07569 / 3-1-2:0.0681:0.18378:0.11568 / 2-3-1:0.0600:0.10460:0.04458 / 1-3-2:0.0508:0.13147:0.08064 / 2-1-3:0.0344:0.06283:0.02839 / 1-2-3:0.0333:0.06693:0.03360,0.2606 0.2124 0.4711 0.0111 0.019 0.0258,grade=5|a1=1|a12=2|c1cls=3|p1m=0.2606|p1k=0.2590
2026-09-26,丸亀,5,⚠高(荒),3,1-2-6 / 2-1-6 / 1-6-2,0.0134,1号大江 純,2号小林 文彦,3号芦澤 望,2.0,2.0,,,,,,model_new(old),1:2.5|2:2.9|3:5.6|4:3.3|5:14.6|6:17.5,1-2-6:0.0134:0.02348:0.01008 / 2-1-6:0.0119:0.02144:0.00953 / 1-6-2:0.0107:0.01750:0.00684,leakfree-2026-06,1-2-3:0.0589:0.09043:0.03151 / 1-2-4:0.0545:0.10800:0.05347 / 2-1-3:0.0351:0.06491:0.02978 / 1-3-2:0.0335:0.05826:0.02474 / 2-1-4:0.0270:0.07752:0.05054 / 1-4-2:0.0232:0.07321:0.05003,0.4681 0.259 0.1083 0.1293 0.0243 0.0111,grade=5|a1=1|a12=3|c1cls=3|p1m=0.4681|p1k=0.2958
2026-09-26,丸亀,6,△中,5,1-3-6 / 3-1-6 / 1-6-3 / 1-3-5 / 6-1-3,0.0540,1号妹尾 忠幸,3号平田 忠則,5号藤田 浩人,3.0,3.0,,,,,,model_new(old),1:1.6|2:11.2|3:2.2|4:39.2|5:8.1|6:15.7,1-3-6:0.0540:0.11139:0.05734 / 3-1-6:0.0343:0.08106:0.04680 / 1-6-3:0.0224:0.04741:0.02499 / 1-3-5:0.0170:0.12816:0.11114 / 6-1-3:0.0110:0.02531:0.01435,leakfree-2026-06,1-3-5:0.1334:0.24454:0.11114 / 3-1-5:0.0758:0.16648:0.09071 / 1-5-3:0.0210:0.07405:0.05301,0.5481 0.0278 0.3361 0.0085 0.0695 0.0101,grade=5|a1=1|a12=3|c1cls=2|p1m=0.5481|p1k=0.4524
2026-09-26,丸亀,7,🌊最高(大荒),4,1-2-3 / 1-2-5 / 1-5-2 / 2-1-3,0.0147,1号大澤 大夢,3号原田 篤志,5号松尾 充,2.0,2.0,,,,,,model_new(old),1:2.3|2:8.5|3:2.0|4:20.0|5:6.0|6:15.0,1-2-3:0.0147:0.04188:0.02713 / 1-2-5:0.0133:0.02232:0.00904 / 1-5-2:0.0130:0.02262:0.00965 / 2-1-3:0.0103:0.03036:0.02007,leakfree-2026-06,1-3-2:0.0635:0.11653:0.05300 / 1-2-3:0.0582:0.08532:0.02713 / 2-1-3:0.0315:0.05159:0.02007 / 3-1-2:0.0227:0.07984:0.05713,0.4814 0.1423 0.2431 0.0256 0.0966 0.0111,grade=5|a1=1|a12=3|c1cls=3|p1m=0.4814|p1k=0.3255
2026-09-26,下関,1,⚠高(荒),24,1-6-4 / 1-6-3 / 1-4-6 / 1-6-5 / 6-1-4 / 1-3-6 / 6-1-3 / 1-5-6 / 4-1-6 / 6-1-5 / 3-1-6 / 6-3-1 / 6-4-1 / 1-4-5 / 5-1-6 / 3-6-1 / 4-6-1 / 1-5-4 / 1-3-5 / 1-5-3 / 6-5-1 / 1-4-3 / 4-1-5 / 5-6-1,0.0444,1号上村 慎太郎,6号竹腰 正樹,3号渡邊 伸太郎,2.0,2.0,,,,,,model_new(old),1:1.3|2:3.1|3:6.6|4:17.7|5:53.2|6:26.6,1-6-4:0.0444:0.04814:0.00374 / 1-6-3:0.0417:0.05170:0.01002 / 1-4-6:0.0364:0.04029:0.00387 / 1-6-5:0.0328:0.03408:0.00124 / 6-1-4:0.0315:0.03316:0.00166 / 1-3-6:0.0315:0.04413:0.01264 / 6-1-3:0.0311:0.03561:0.00446 / 1-5-6:0.0253:0.02645:0.00120 / 4-1-6:0.0237:0.02549:0.00175 / 6-1-5:0.0229:0.02348:0.00055 / 3-1-6:0.0220:0.02820:0.00616 / 6-3-1:0.0171:0.01918:0.00210 / 6-4-1:0.0169:0.01764:0.00072 / 1-4-5:0.0158:0.01773:0.00193 / 5-1-6:0.0156:0.01611:0.00053 / 3-6-1:0.0155:0.01780:0.00230 / 4-6-1:0.0155:0.01620:0.00073 / 1-5-4:0.0146:0.01644:0.00181 / 1-3-5:0.0131:0.01942:0.00632 / 1-5-3:0.0128:0.01766:0.00484 / 6-5-1:0.0117:0.01190:0.00023 / 1-4-3:0.0113:0.02689:0.01559 / 4-1-5:0.0103:0.01122:0.00087 / 5-6-1:0.0103:0.01052:0.00023,leakfree-2026-06,1-3-2:0.0506:0.15908:0.10845 / 3-1-2:0.0472:0.10006:0.05284,0.5123 0.1772 0.2247 0.0456 0.0201 0.0201,grade=5|a1=0|a12=0|c1cls=3|p1m=0.5123|p1k=0.5672
2026-09-26,下関,2,⚠高(荒),13,5-4-3 / 4-5-3 / 5-3-4 / 5-4-1 / 3-5-4 / 4-3-5 / 4-5-1 / 3-4-5 / 5-3-1 / 3-5-1 / 4-3-1 / 5-1-3 / 3-4-1,0.0195,5号高野 心吾,1号山谷 央,4号平野 和明,1.0,1.0,,,,,,model_new(old),1:1.6|2:5.0|3:12.6|4:7.7|5:5.0|6:8.4,5-4-3:0.0195:0.02079:0.00129 / 4-5-3:0.0183:0.01947:0.00122 / 5-3-4:0.0182:0.01946:0.00123 / 5-4-1:0.0166:0.02672:0.01016 / 3-5-4:0.0163:0.01741:0.00111 / 4-3-5:0.0157:0.01676:0.00109 / 4-5-1:0.0154:0.02501:0.00958 / 3-4-5:0.0150:0.01601:0.00105 / 5-3-1:0.0145:0.02041:0.00592 / 3-5-1:0.0129:0.01826:0.00536 / 4-3-1:0.0106:0.01405:0.00340 / 5-1-3:0.0102:0.02221:0.01203 / 3-4-1:0.0102:0.01342:0.00327,leakfree-2026-06,1-2-3:0.0431:0.06215:0.01905 / 1-3-2:0.0354:0.05095:0.01551 / 1-2-4:0.0310:0.06215:0.03118,0.5588 0.1543 0.0912 0.0912 0.0912 0.0132,grade=5|a1=0|a12=1|c1cls=3|p1m=0.5588|p1k=0.4618
2026-09-26,下関,3,🌊最高(大荒),14,1-4-2 / 4-1-2 / 1-4-5 / 1-2-4 / 4-1-3 / 1-4-3 / 4-1-5 / 4-2-1 / 2-1-4 / 1-5-4 / 2-4-1 / 4-5-1 / 5-1-4 / 5-4-1,0.0271,1号正木 聖賢,4号池田 浩美,3号馬場 剛,2.0,2.0,,,,,,model_new(old),1:2.6|2:6.5|3:1.5|4:11.9|5:17.9|6:107.6,1-4-2:0.0271:0.03133:0.00427 / 4-1-2:0.0248:0.02809:0.00326 / 1-4-5:0.0221:0.02368:0.00155 / 1-2-4:0.0215:0.02610:0.00464 / 4-1-3:0.0207:0.03483:0.01414 / 1-4-3:0.0203:0.03885:0.01852 / 4-1-5:0.0201:0.02124:0.00119 / 4-2-1:0.0179:0.02045:0.00259 / 2-1-4:0.0172:0.02090:0.00375 / 1-5-4:0.0171:0.01859:0.00150 / 2-4-1:0.0155:0.01827:0.00274 / 4-5-1:0.0138:0.01468:0.00086 / 5-1-4:0.0132:0.01433:0.00112 / 5-4-1:0.0118:0.01261:0.00085,leakfree-2026-06,,0.2856 0.2312 0.2837 0.1558 0.0334 0.0103,grade=5|a1=1|a12=2|c1cls=3|p1m=0.2856|p1k=0.2840
2026-09-26,下関,4,⚠高(荒),19,2-6-3 / 2-6-4 / 2-6-1 / 2-3-6 / 2-6-5 / 2-4-6 / 6-2-1 / 6-2-3 / 2-5-6 / 6-2-4 / 3-2-6 / 6-2-5 / 4-2-6 / 6-1-2 / 6-3-2 / 5-2-6 / 3-6-2 / 6-4-2 / 1-6-2,0.0226,2号塩田 北斗,6号藤田 靖弘,1号石原 光,2.0,2.0,,,,,,model_new(old),1:2.4|2:1.4|3:8.7|4:13.3|5:25.3|6:50.7,2-6-3:0.0226:0.02532:0.00273 / 2-6-4:0.0210:0.02274:0.00178 / 2-6-1:0.0206:0.03051:0.00988 / 2-3-6:0.0199:0.02305:0.00320 / 2-6-5:0.0190:0.01991:0.00094 / 2-4-6:0.0183:0.02021:0.00195 / 6-2-1:0.0180:0.02280:0.00484 / 6-2-3:0.0176:0.01892:0.00133 / 2-5-6:0.0163:0.01726:0.00097 / 6-2-4:0.0161:0.01699:0.00087 / 3-2-6:0.0147:0.01633:0.00168 / 6-2-5:0.0144:0.01488:0.00046 / 4-2-6:0.0131:0.01413:0.00100 / 6-1-2:0.0118:0.01515:0.00331 / 6-3-2:0.0115:0.01215:0.00069 / 5-2-6:0.0114:0.01189:0.00048 / 3-6-2:0.0108:0.01152:0.00074 / 6-4-2:0.0103:0.01073:0.00044 / 1-6-2:0.0101:0.01478:0.00468,leakfree-2026-06,1-2-5:0.0396:0.07505:0.03546 / 1-2-4:0.0319:0.09933:0.06746,0.4492 0.3548 0.0673 0.0673 0.0508 0.0106,grade=5|a1=1|a12=3|c1cls=3|p1m=0.4492|p1k=0.3019
2026-09-26,下関,5,△中,18,1-3-4 / 1-3-6 / 1-3-2 / 1-3-5 / 1-6-3 / 1-2-3 / 3-1-4 / 1-5-3 / 3-1-6 / 3-1-2 / 3-1-5 / 6-1-3 / 2-1-3 / 1-6-4 / 1-5-4 / 1-6-2 / 1-2-6 / 5-1-3,0.0600,1号岡瀬 正人,3号寺島 美里,4号篠崎 仁志,2.0,2.0,,,,,,model_new(old),1:1.9|2:26.4|3:15.3|4:1.4|5:58.2|6:29.1,1-3-4:0.0600:0.08522:0.02521 / 1-3-6:0.0426:0.04377:0.00121 / 1-3-2:0.0397:0.04104:0.00134 / 1-3-5:0.0318:0.03240:0.00061 / 1-6-3:0.0314:0.03256:0.00117 / 1-2-3:0.0289:0.03022:0.00129 / 3-1-4:0.0276:0.04411:0.01647 / 1-5-3:0.0226:0.02314:0.00057 / 3-1-6:0.0219:0.02265:0.00079 / 3-1-2:0.0204:0.02124:0.00087 / 3-1-5:0.0164:0.01677:0.00040 / 6-1-3:0.0144:0.01512:0.00075 / 2-1-3:0.0132:0.01398:0.00083 / 1-6-4:0.0117:0.02445:0.01276 / 1-5-4:0.0111:0.01738:0.00625 / 1-6-2:0.0111:0.01178:0.00068 / 1-2-6:0.0110:0.01166:0.00068 / 5-1-3:0.0102:0.01057:0.00036,leakfree-2026-06,1-3-4:0.0850:0.11019:0.02521 / 1-2-4:0.0664:0.08054:0.01413 / 1-3-2:0.0579:0.05920:0.00134 / 1-2-3:0.0534:0.05464:0.00129 / 1-4-2:0.0319:0.10772:0.07586,0.6519 0.0789 0.0996 0.1468 0.0114 0.0114,grade=5|a1=1|a12=2|c1cls=2|p1m=0.6519|p1k=0.3772
2026-09-26,下関,6,⚠高(荒),9,1-2-3 / 1-3-2 / 2-1-3 / 3-1-2 / 1-2-5 / 1-5-2 / 2-1-5 / 1-3-5 / 2-3-1,0.0386,1号犬童 千秋,3号桐本 康臣,2号篠原 飛翔,2.0,2.0,,,,,,model_new(old),1:3.7|2:3.7|3:2.6|4:7.4|5:3.8|6:37.2,1-2-3:0.0386:0.06241:0.02379 / 1-3-2:0.0367:0.06440:0.02770 / 2-1-3:0.0274:0.05120:0.02379 / 3-1-2:0.0228:0.05373:0.03098 / 1-2-5:0.0193:0.03560:0.01628 / 1-5-2:0.0136:0.02976:0.01613 / 2-1-5:0.0129:0.02920:0.01628 / 1-3-5:0.0120:0.03901:0.02697 / 2-3-1:0.0118:0.03947:0.02770,leakfree-2026-06,1-2-3:0.0713:0.09509:0.02379 / 1-3-2:0.0674:0.09509:0.02770 / 2-1-3:0.0467:0.07053:0.02379 / 3-1-2:0.0395:0.07053:0.03098,0.42 0.218 0.218 0.0384 0.0971 0.0084,grade=5|a1=1|a12=3|c1cls=3|p1m=0.4200|p1k=0.2002
2026-09-26,若松,1,✅低(堅),8,1-6-5 / 1-5-6 / 1-6-3 / 1-3-6 / 1-5-3 / 1-3-5 / 6-1-5 / 1-6-4,0.0372,1号井上 遥妃,6号津田 陸翔,5号鈴木 孝明,3.0,3.0,,,,,,model_new(old),1:1.6|2:5.3|3:10.6|4:7.6|5:11.1|6:4.5,1-6-5:0.0372:0.06242:0.02523 / 1-5-6:0.0303:0.05027:0.01999 / 1-6-3:0.0250:0.05139:0.02642 / 1-3-6:0.0187:0.03975:0.02108 / 1-5-3:0.0140:0.02251:0.00849 / 1-3-5:0.0131:0.02162:0.00855 / 6-1-5:0.0107:0.02691:0.01623 / 1-6-4:0.0103:0.04717:0.03685,leakfree-2026-06,1-2-3:0.0951:0.11616:0.02103 / 1-3-2:0.0680:0.08594:0.01790 / 1-2-4:0.0512:0.08050:0.02934 / 1-2-5:0.0450:0.06505:0.02009 / 2-1-3:0.0333:0.04648:0.01314,0.6588 0.1473 0.0792 0.0549 0.0443 0.0155,grade=2|a1=5|a12=6|c1cls=1|p1m=0.6588|p1k=0.4623
2026-09-26,若松,2,✅低(堅),9,6-1-4 / 1-6-4 / 6-1-5 / 4-1-6 / 1-4-6 / 6-4-1 / 5-1-6 / 4-6-1 / 6-5-1,0.0187,1号青木 蓮,6号水谷 理人,5号濱野 斗馬,1.0,1.0,,,,,,model_new(old),1:1.1|2:13.0|3:15.0|4:9.7|5:7.8|6:9.3,6-1-4:0.0187:0.03374:0.01505 / 1-6-4:0.0172:0.05722:0.04004 / 6-1-5:0.0160:0.03469:0.01871 / 4-1-6:0.0146:0.02946:0.01482 / 1-4-6:0.0124:0.05199:0.03958 / 6-4-1:0.0112:0.01593:0.00478 / 5-1-6:0.0106:0.03069:0.02013 / 4-6-1:0.0106:0.01531:0.00476 / 6-5-1:0.0104:0.01646:0.00607,leakfree-2026-06,1-4-3:0.0344:0.05897:0.02454 / 1-4-2:0.0307:0.05897:0.02831 / 1-3-4:0.0301:0.05247:0.02239,0.7336 0.0531 0.0531 0.0766 0.0531 0.0306,grade=2|a1=3|a12=6|c1cls=2|p1m=0.7336|p1k=0.6533
2026-09-26,若松,3,✅低(堅),9,1-2-6 / 1-6-2 / 1-6-5 / 1-6-4 / 2-1-6 / 6-1-2 / 1-5-6 / 1-6-3 / 1-4-6,0.0368,1号大場 恒季,2号平川 香織,6号中山 翔太,1.0,1.0,,,,,,model_new(old),1:1.1|2:8.5|3:8.0|4:6.9|5:12.7|6:27.8,1-2-6:0.0368:0.05092:0.01411 / 1-6-2:0.0353:0.04693:0.01164 / 1-6-5:0.0182:0.02603:0.00779 / 1-6-4:0.0175:0.03180:0.01434 / 2-1-6:0.0174:0.02287:0.00548 / 6-1-2:0.0163:0.02051:0.00425 / 1-5-6:0.0155:0.02409:0.00858 / 1-6-3:0.0141:0.02643:0.01237 / 1-4-6:0.0120:0.03067:0.01871,leakfree-2026-06,1-2-4:0.1102:0.16705:0.05684 / 1-2-3:0.0667:0.11577:0.04903 / 1-4-2:0.0562:0.11735:0.06118 / 2-1-4:0.0340:0.05602:0.02207,0.711 0.1381 0.0514 0.0742 0.0145 0.0107,grade=2|a1=4|a12=6|c1cls=1|p1m=0.7110|p1k=0.6441
2026-09-26,若松,4,✅低(堅),16,1-6-5 / 1-5-6 / 1-6-4 / 1-6-2 / 1-4-6 / 1-5-4 / 1-2-6 / 1-4-5 / 1-5-2 / 1-2-5 / 1-4-2 / 1-2-4 / 6-1-5 / 5-1-6 / 6-1-4 / 6-1-2,0.0367,1号品川 二千翔,6号鰐部 太空海,5号前田 翔,1.0,1.0,,,,,,model_new(old),1:1.3|2:8.1|3:4.3|4:13.1|5:11.0|6:13.8,1-6-5:0.0367:0.04862:0.01191 / 1-5-6:0.0361:0.04848:0.01234 / 1-6-4:0.0287:0.03872:0.01000 / 1-6-2:0.0282:0.04439:0.01617 / 1-4-6:0.0262:0.03628:0.01008 / 1-5-4:0.0253:0.03827:0.01300 / 1-2-6:0.0252:0.04308:0.01792 / 1-4-5:0.0233:0.03596:0.01264 / 1-5-2:0.0228:0.04387:0.02103 / 1-2-5:0.0202:0.04269:0.02248 / 1-4-2:0.0157:0.03283:0.01717 / 1-2-4:0.0151:0.03401:0.01888 / 6-1-5:0.0140:0.01953:0.00549 / 5-1-6:0.0137:0.01945:0.00577 / 6-1-4:0.0109:0.01555:0.00461 / 6-1-2:0.0104:0.01783:0.00745,leakfree-2026-06,1-3-5:0.0311:0.08613:0.05507,0.6416 0.0776 0.1445 0.0538 0.0712 0.0112,grade=2|a1=6|a12=6|c1cls=1|p1m=0.6416|p1k=0.5636
2026-09-26,若松,5,✅低(堅),8,1-4-6 / 1-6-4 / 1-6-3 / 1-6-5 / 1-5-6 / 1-3-6 / 1-5-4 / 1-4-5,0.0216,1号小芦 るり華,3号津田 陸翔,4号米丸 乃絵,1.0,1.0,,,,,,model_new(old),1:1.3|2:7.2|3:5.5|4:6.9|5:10.4|6:17.2,1-4-6:0.0216:0.03742:0.01584 / 1-6-4:0.0214:0.03480:0.01340 / 1-6-3:0.0196:0.03637:0.01681 / 1-6-5:0.0190:0.02791:0.00889 / 1-5-6:0.0187:0.02825:0.00953 / 1-3-6:0.0181:0.03965:0.02155 / 1-5-4:0.0134:0.03719:0.02376 / 1-4-5:0.0133:0.03949:0.02621,leakfree-2026-06,1-4-2:0.0332:0.07108:0.03785 / 1-2-4:0.0315:0.06890:0.03738 / 1-3-4:0.0238:0.07750:0.05372 / 1-3-2:0.0196:0.07108:0.05149,0.7359 0.0669 0.0729 0.0729 0.0408 0.0105,grade=2|a1=5|a12=6|c1cls=1|p1m=0.7359|p1k=0.5537
2026-09-26,若松,6,✅低(堅),16,1-4-6 / 1-4-3 / 1-6-4 / 1-6-3 / 1-4-2 / 1-3-4 / 1-3-6 / 1-2-4 / 1-6-2 / 1-4-5 / 1-2-6 / 1-5-4 / 1-6-5 / 4-1-6 / 1-5-6 / 6-1-4,0.0471,1号高憧 四季,4号井本 昌也,3号前田 篤哉,3.0,3.0,,,,,,model_new(old),1:2.5|2:5.0|3:2.4|4:6.8|5:9.4|6:14.1,1-4-6:0.0471:0.05122:0.00416 / 1-4-3:0.0445:0.06896:0.02446 / 1-6-4:0.0422:0.04604:0.00380 / 1-6-3:0.0329:0.04366:0.01076 / 1-4-2:0.0316:0.04337:0.01174 / 1-3-4:0.0306:0.06763:0.03704 / 1-3-6:0.0298:0.04763:0.01786 / 1-2-4:0.0250:0.03760:0.01258 / 1-6-2:0.0223:0.02746:0.00517 / 1-4-5:0.0214:0.02770:0.00625 / 1-2-6:0.0204:0.02648:0.00607 / 1-5-4:0.0165:0.02242:0.00594 / 1-6-5:0.0148:0.01753:0.00275 / 4-1-6:0.0138:0.01710:0.00328 / 1-5-6:0.0129:0.01579:0.00287 / 6-1-4:0.0122:0.01497:0.00282,leakfree-2026-06,1-3-4:0.0459:0.08297:0.03704 / 1-4-3:0.0424:0.06689:0.02446 / 1-3-5:0.0410:0.06783:0.02679 / 1-5-3:0.0352:0.05204:0.01683 / 1-3-2:0.0257:0.07609:0.05037,0.6455 0.0711 0.1312 0.0776 0.0634 0.0112,grade=2|a1=5|a12=6|c1cls=1|p1m=0.6455|p1k=0.2983
2026-09-26,若松,7,✅低(堅),6,1-4-3 / 1-3-4 / 1-4-2 / 1-4-5 / 4-1-3 / 3-1-4,0.0391,1号畑田 汰一,4号鈴木 孝明,3号廣瀬 凜,3.0,3.0,,,,,,model_new(old),1:1.5|2:5.7|3:7.9|4:6.7|5:6.1|6:11.0,1-4-3:0.0391:0.06241:0.02333 / 1-3-4:0.0347:0.05714:0.02242 / 1-4-2:0.0163:0.04863:0.03234 / 1-4-5:0.0161:0.04633:0.03022 / 4-1-3:0.0149:0.02832:0.01347 / 3-1-4:0.0125:0.02519:0.01270,leakfree-2026-06,1-3-4:0.0784:0.10086:0.02242 / 1-3-2:0.0784:0.10474:0.02635 / 1-4-3:0.0520:0.07530:0.02333 / 1-2-3:0.0502:0.07902:0.02878 / 1-3-5:0.0340:0.05865:0.02463,0.671 0.073 0.1359 0.0703 0.0409 0.009,grade=2|a1=5|a12=6|c1cls=1|p1m=0.6710|p1k=0.4856
2026-09-26,福岡,7,✅低(堅),7,1-3-4 / 1-4-3 / 1-4-5 / 1-5-4 / 1-5-3 / 1-3-5 / 1-3-6,0.0905,1号吉川 昭男,3号畑 竜生,4号鈴木 賢一,2.0,2.0,,,,,,model_new(old),1:1.5|2:15.1|3:2.5|4:10.8|5:9.4|6:75.7,1-3-4:0.0905:0.18767:0.09719 / 1-4-3:0.0742:0.12040:0.04619 / 1-4-5:0.0263:0.03862:0.01228 / 1-5-4:0.0227:0.03532:0.01258 / 1-5-3:0.0222:0.07655:0.05435 / 1-3-5:0.0188:0.13048:0.11166 / 1-3-6:0.0148:0.02868:0.01387,leakfree-2026-06,1-5-3:0.0594:0.11375:0.05435 / 1-3-5:0.0487:0.16035:0.11166,0.718 0.029 0.1324 0.0493 0.0711 0.0001,grade=5|a1=0|a12=2|c1cls=2|p1m=0.7180|p1k=0.4956
2026-09-26,福岡,8,✅低(堅),13,1-6-3 / 1-3-6 / 1-6-5 / 1-5-6 / 6-1-3 / 3-1-6 / 1-6-4 / 6-1-5 / 1-4-6 / 1-3-5 / 1-5-3 / 5-1-6 / 6-1-4,0.1097,1号今井 貴士,6号大崎 翔,3号小池 礼乃,2.0,2.0,,,,,,model_new(old),1:1.3|2:5.1|3:5.5|4:15.4|5:12.8|6:19.3,1-6-3:0.1097:0.12780:0.01810 / 1-3-6:0.0976:0.12175:0.02411 / 1-6-5:0.0566:0.06434:0.00778 / 1-5-6:0.0409:0.04913:0.00819 / 6-1-3:0.0399:0.04796:0.00803 / 3-1-6:0.0333:0.04516:0.01191 / 1-6-4:0.0315:0.03800:0.00646 / 6-1-5:0.0207:0.02415:0.00345 / 1-4-6:0.0202:0.02681:0.00663 / 1-3-5:0.0196:0.05599:0.03636 / 1-5-3:0.0161:0.04488:0.02874 / 5-1-6:0.0135:0.01717:0.00371 / 6-1-4:0.0114:0.01426:0.00287,leakfree-2026-06,1-3-5:0.0704:0.10672:0.03636 / 1-5-3:0.0624:0.09115:0.02874 / 1-3-4:0.0313:0.06150:0.03022,0.774 0.0452 0.0808 0.0323 0.056 0.0117,grade=5|a1=0|a12=2|c1cls=2|p1m=0.7740|p1k=0.5732
2026-09-26,福岡,9,✅低(堅),12,1-4-5 / 1-5-4 / 1-5-2 / 1-2-5 / 1-4-2 / 1-2-4 / 1-5-3 / 4-1-5 / 5-1-4 / 1-5-6 / 1-3-5 / 5-1-2,0.0376,1号川島 圭司,4号米田 隆弘,5号中村 栄治,2.0,2.0,,,,,,model_new(old),1:1.6|2:7.0|3:4.2|4:8.5|5:15.4|6:5.9,1-4-5:0.0376:0.04539:0.00779 / 1-5-4:0.0372:0.04438:0.00718 / 1-5-2:0.0303:0.03903:0.00872 / 1-2-5:0.0286:0.03842:0.00987 / 1-4-2:0.0258:0.04293:0.01715 / 1-2-4:0.0234:0.04132:0.01788 / 1-5-3:0.0191:0.03359:0.01453 / 4-1-5:0.0143:0.01888:0.00461 / 5-1-4:0.0143:0.01833:0.00407 / 1-5-6:0.0136:0.02395:0.01034 / 1-3-5:0.0122:0.03185:0.01961 / 5-1-2:0.0112:0.01612:0.00494,leakfree-2026-06,1-4-2:0.0708:0.08795:0.01715 / 1-2-4:0.0701:0.08795:0.01788 / 1-4-3:0.0594:0.08795:0.02858 / 1-3-4:0.0524:0.08795:0.03553 / 1-2-3:0.0518:0.08795:0.03619 / 1-3-2:0.0448:0.08795:0.04315,0.7497 0.0723 0.0723 0.0723 0.023 0.0105,grade=5|a1=0|a12=3|c1cls=2|p1m=0.7497|p1k=0.4602
2026-09-26,福岡,10,⚠高(荒),14,1-4-3 / 1-3-4 / 4-1-3 / 3-1-4 / 1-3-2 / 3-1-2 / 4-3-1 / 3-4-1 / 1-4-6 / 4-3-2 / 4-1-6 / 3-4-2 / 1-6-4 / 1-3-6,0.0160,1号秋末 秦悟,2号松田 祐季,4号井上 一輝,3.0,3.0,,,,,,model_new(old),1:2.9|2:1.3|3:17.1|4:8.5|5:28.5|6:28.5,1-4-3:0.0160:0.01793:0.00191 / 1-3-4:0.0154:0.01723:0.00179 / 4-1-3:0.0146:0.01612:0.00156 / 3-1-4:0.0137:0.01507:0.00140 / 1-3-2:0.0129:0.02461:0.01173 / 3-1-2:0.0124:0.02153:0.00915 / 4-3-1:0.0124:0.01355:0.00119 / 3-4-1:0.0121:0.01319:0.00113 / 1-4-6:0.0115:0.01269:0.00115 / 4-3-2:0.0106:0.01326:0.00264 / 4-1-6:0.0105:0.01140:0.00094 / 3-4-2:0.0104:0.01290:0.00252 / 1-6-4:0.0102:0.01129:0.00105 / 1-3-6:0.0101:0.01063:0.00054,leakfree-2026-06,3-2-4:0.0344:0.04001:0.00561 / 2-3-4:0.0337:0.04603:0.01236 / 3-2-1:0.0327:0.04910:0.01644 / 3-1-2:0.0320:0.04119:0.00915 / 1-3-2:0.0303:0.04198:0.01173,0.2379 0.3247 0.2232 0.1939 0.0102 0.0102,grade=5|a1=2|a12=4|c1cls=3|p1m=0.2379|p1k=0.2535
2026-09-26,福岡,11,△中,11,1-3-6 / 1-6-3 / 1-6-2 / 3-1-6 / 6-1-3 / 6-1-2 / 1-6-5 / 3-6-1 / 6-3-1 / 1-5-6 / 1-2-6,0.0194,1号川崎 智幸,2号東本 勝利,3号高橋 竜矢,3.0,3.0,,,,,,model_new(old),1:2.3|2:1.8|3:4.5|4:26.1|5:14.5|6:30.1,1-3-6:0.0194:0.02310:0.00371 / 1-6-3:0.0185:0.02138:0.00292 / 1-6-2:0.0172:0.02449:0.00730 / 3-1-6:0.0151:0.01808:0.00301 / 6-1-3:0.0140:0.01598:0.00203 / 6-1-2:0.0132:0.01830:0.00508 / 1-6-5:0.0110:0.01186:0.00091 / 3-6-1:0.0105:0.01244:0.00191 / 6-3-1:0.0102:0.01188:0.00164 / 1-5-6:0.0102:0.01112:0.00094 / 1-2-6:0.0100:0.02784:0.01781,leakfree-2026-06,1-3-2:0.0636:0.12566:0.06207 / 3-1-2:0.0514:0.10177:0.05040 / 1-3-5:0.0438:0.05148:0.00770 / 3-1-5:0.0354:0.04169:0.00626,0.4289 0.1569 0.2948 0.037 0.0643 0.0182,grade=5|a1=1|a12=6|c1cls=2|p1m=0.4289|p1k=0.3213
2026-09-26,福岡,12,✅低(堅),10,1-3-6 / 1-6-3 / 1-4-6 / 1-6-4 / 1-5-6 / 1-6-5 / 1-4-5 / 1-5-4 / 1-4-3 / 1-6-2,0.0299,1号井口 佳典,3号高倉 和士,4号畑 竜生,3.0,3.0,,,,,,model_new(old),1:1.1|2:8.6|3:4.4|4:15.7|5:14.4|6:43.3,1-3-6:0.0299:0.05472:0.02487 / 1-6-3:0.0280:0.04224:0.01422 / 1-4-6:0.0199:0.02425:0.00435 / 1-6-4:0.0192:0.02314:0.00398 / 1-5-6:0.0170:0.02181:0.00481 / 1-6-5:0.0169:0.02122:0.00434 / 1-4-5:0.0150:0.02805:0.01310 / 1-5-4:0.0143:0.02752:0.01327 / 1-4-3:0.0130:0.05586:0.04286 / 1-6-2:0.0110:0.01823:0.00727,leakfree-2026-06,1-3-4:0.0379:0.10647:0.06858,0.7046 0.0587 0.1432 0.0474 0.0338 0.0122,grade=5|a1=3|a12=5|c1cls=1|p1m=0.7046|p1k=0.6453
2026-09-27,鳴門,2,⚠高(荒),9,1-4-3 / 4-1-3 / 1-4-6 / 4-3-1 / 4-1-6 / 1-3-4 / 3-4-1 / 3-1-4 / 1-6-4,0.0332,1号富澤 祐作,4号鈴木 博,3号福田 翔吾,2.0,2.0,,,,,,model_new(old),1:1.5|2:5.6|3:5.6|4:4.7|5:10.8|6:75.7,1-4-3:0.0332:0.09348:0.06032 / 4-1-3:0.0325:0.06861:0.03608 / 1-4-6:0.0180:0.02241:0.00446 / 4-3-1:0.0166:0.03420:0.01756 / 4-1-6:0.0138:0.01645:0.00267 / 1-3-4:0.0131:0.06931:0.05617 / 3-4-1:0.0129:0.02997:0.01705 / 3-1-4:0.0120:0.04458:0.03261 / 1-6-4:0.0100:0.01317:0.00312,leakfree-2026-06,4-1-3:0.0682:0.10427:0.03608 / 1-4-3:0.0621:0.12243:0.06032 / 4-3-1:0.0465:0.06405:0.01756 / 3-4-1:0.0397:0.05676:0.01705 / 3-1-4:0.0389:0.07155:0.03261 / 1-3-4:0.0386:0.09481:0.05617,0.3963 0.0795 0.2001 0.2912 0.0251 0.0077,grade=5|a1=1|a12=2|c1cls=3|p1m=0.3963|p1k=0.4966
2026-09-27,鳴門,3,✅低(堅),4,1-5-3 / 1-5-2 / 1-3-5 / 5-1-3,0.0275,1号葛原 大陽,5号荒牧 凪沙,2号繁野谷 圭介,2.0,2.0,,,,,,model_new(old),1:1.1|2:6.5|3:12.4|4:10.7|5:7.3|6:31.0,1-5-3:0.0275:0.06739:0.03988 / 1-5-2:0.0222:0.09826:0.07607 / 1-3-5:0.0179:0.05239:0.03448 / 5-1-3:0.0107:0.02632:0.01562,leakfree-2026-06,1-2-3:0.0970:0.14400:0.04698 / 2-1-3:0.0454:0.06402:0.01865 / 1-2-4:0.0453:0.09979:0.05445 / 1-3-2:0.0441:0.08287:0.03873,0.641 0.1925 0.0697 0.0483 0.0483 0.0001,grade=5|a1=0|a12=3|c1cls=2|p1m=0.6410|p1k=0.6464
2026-09-27,鳴門,4,△中,8,1-5-2 / 5-1-2 / 1-5-4 / 5-1-4 / 1-2-5 / 1-5-6 / 5-2-1 / 2-1-5,0.0289,1号室田 泰史,5号高橋 正男,2号大平 誉史明,1.0,1.0,,,,,,model_new(old),1:1.3|2:6.0|3:15.4|4:5.2|5:6.1|6:30.9,1-5-2:0.0289:0.08232:0.05345 / 5-1-2:0.0233:0.05037:0.02705 / 1-5-4:0.0173:0.07902:0.06168 / 5-1-4:0.0171:0.04836:0.03121 / 1-2-5:0.0132:0.06701:0.05378 / 1-5-6:0.0124:0.02275:0.01038 / 5-2-1:0.0105:0.02218:0.01166 / 2-1-5:0.0105:0.03779:0.02728,leakfree-2026-06,,0.5413 0.0982 0.0713 0.1694 0.1102 0.0095,grade=5|a1=1|a12=3|c1cls=2|p1m=0.5413|p1k=0.5536
2026-09-27,鳴門,5,✅低(堅),9,1-4-5 / 1-4-3 / 1-5-4 / 1-3-4 / 4-1-5 / 1-5-3 / 1-3-5 / 4-1-3 / 5-1-4,0.1189,1号海野 ゆかり,4号平田 さやか,5号香川 素子,1.0,1.0,,,,,,model_new(old),1:1.8|2:2.7|3:8.2|4:4.1|5:16.5|6:0.0,1-4-5:0.1189:0.13267:0.01378 / 1-4-3:0.0901:0.11788:0.02773 / 1-5-4:0.0726:0.08297:0.01035 / 1-3-4:0.0491:0.07181:0.02272 / 4-1-5:0.0360:0.04595:0.00991 / 1-5-3:0.0235:0.02864:0.00518 / 1-3-5:0.0223:0.02790:0.00565 / 4-1-3:0.0209:0.04083:0.01994 / 5-1-4:0.0196:0.02601:0.00638,leakfree-2026-06,1-4-5:0.1089:0.12265:0.01378 / 1-4-3:0.1011:0.12879:0.02773 / 1-5-4:0.0693:0.07968:0.01035 / 1-3-4:0.0620:0.08474:0.02272 / 4-1-5:0.0420:0.05196:0.00991 / 4-1-3:0.0346:0.05455:0.01994 / 1-5-3:0.0301:0.03523:0.00518 / 1-3-5:0.0300:0.03568:0.00565,0.6483 0.0261 0.075 0.1696 0.0714 0.0096,grade=5|a1=1|a12=3|c1cls=1|p1m=0.6483|p1k=0.4108
2026-09-27,芦屋,2,✅低(堅),13,1-5-4 / 1-5-2 / 1-5-3 / 1-5-6 / 1-2-5 / 1-6-5 / 1-3-5 / 5-1-4 / 1-6-4 / 5-1-2 / 1-2-4 / 5-1-6 / 5-1-3,0.0881,1号原 加央理,5号松田 真実,4号大山 千広,1.0,1.0,,,,,,model_new(old),1:2.0|2:21.5|3:14.8|4:1.6|5:9.8|6:43.0,1-5-4:0.0881:0.12357:0.03547 / 1-5-2:0.0418:0.04448:0.00264 / 1-5-3:0.0347:0.03852:0.00383 / 1-5-6:0.0341:0.03539:0.00132 / 1-2-5:0.0298:0.03222:0.00246 / 1-6-5:0.0238:0.02496:0.00120 / 1-3-5:0.0238:0.02742:0.00367 / 5-1-4:0.0219:0.04615:0.02429 / 1-6-4:0.0153:0.02259:0.00733 / 5-1-2:0.0148:0.01661:0.00181 / 1-2-4:0.0141:0.02917:0.01507 / 5-1-6:0.0123:0.01322:0.00090 / 5-1-3:0.0118:0.01439:0.00263,leakfree-2026-06,1-4-5:0.0766:0.18955:0.11296 / 1-5-4:0.0524:0.08784:0.03547 / 1-4-3:0.0314:0.10615:0.07479 / 1-4-2:0.0242:0.07571:0.05149,0.6356 0.0265 0.0371 0.2263 0.0663 0.0081,grade=4|a1=0|a12=2|c1cls=2|p1m=0.6356|p1k=0.3665
2026-09-27,芦屋,3,✅低(堅),6,1-5-2 / 5-1-2 / 1-2-5 / 1-5-6 / 5-1-6 / 1-6-5,0.0190,1号土屋 南,5号川野 芽唯,3号岩崎 芳美,1.0,1.0,,,,,,model_new(old),1:1.1|2:25.2|3:8.2|4:36.2|5:3.8|6:36.2,1-5-2:0.0190:0.08462:0.06564 / 5-1-2:0.0168:0.04478:0.02799 / 1-2-5:0.0149:0.04726:0.03233 / 1-5-6:0.0144:0.06005:0.04570 / 5-1-6:0.0123:0.03178:0.01948 / 1-6-5:0.0102:0.03208:0.02191,leakfree-2026-06,1-3-5:0.0529:0.17504:0.12218 / 1-5-3:0.0361:0.23779:0.20173,0.7221 0.0286 0.0904 0.0104 0.1399 0.0088,grade=4|a1=1|a12=3|c1cls=2|p1m=0.7221|p1k=0.6544
2026-09-27,芦屋,4,✅低(堅),6,1-2-6 / 1-6-2 / 2-1-6 / 6-1-2 / 2-6-1 / 6-2-1,0.1788,1号三浦 永理,2号今井 裕梨,6号山口 真喜子,1.0,1.0,,,,,,model_new(old),1:1.0|2:10.9|3:10.0|4:13.1|5:27.2|6:10.6,1-2-6:0.1788:0.22917:0.05040 / 1-6-2:0.1344:0.18522:0.05083 / 2-1-6:0.0671:0.08253:0.01539 / 6-1-2:0.0483:0.06387:0.01555 / 2-6-1:0.0138:0.01772:0.00390 / 6-2-1:0.0131:0.01697:0.00391,leakfree-2026-06,1-2-6:0.1170:0.16745:0.05040 / 1-2-3:0.0870:0.14048:0.05343 / 1-2-4:0.0627:0.10351:0.04078 / 1-2-5:0.0410:0.06065:0.01964 / 1-6-2:0.0271:0.07797:0.05083,0.7863 0.1283 0.0254 0.0187 0.011 0.0303,grade=4|a1=1|a12=3|c1cls=1|p1m=0.7863|p1k=0.7147
2026-09-27,戸田,1,⚠高(荒),8,1-2-4 / 1-6-4 / 1-2-6 / 1-4-2 / 1-4-6 / 1-2-5 / 2-1-4 / 1-6-5,0.0145,1号小黒 竜吾,6号五反田 忍,2号小澤 学,2.0,1.0,,,,,,model_new(old),1:2.1|2:3.7|3:9.0|4:13.5|5:19.2|6:2.8,1-2-4:0.0145:0.02834:0.01383 / 1-6-4:0.0135:0.03487:0.02141 / 1-2-6:0.0132:0.07994:0.06669 / 1-4-2:0.0113:0.02168:0.01040 / 1-4-6:0.0110:0.02473:0.01374 / 1-2-5:0.0107:0.02042:0.00973 / 2-1-4:0.0103:0.02143:0.01117 / 1-6-5:0.0101:0.02512:0.01505,leakfree-2026-06,1-2-3:0.0990:0.11979:0.02075 / 1-2-4:0.0692:0.08302:0.01383 / 1-3-2:0.0640:0.08032:0.01637 / 2-1-3:0.0418:0.05857:0.01676 / 1-4-2:0.0409:0.05126:0.01040,0.6034 0.1888 0.0867 0.0601 0.0125 0.0485,grade=5|a1=0|a12=0|c1cls=3|p1m=0.6034|p1k=0.3551
2026-09-27,戸田,2,⚠高(荒),8,1-3-5 / 3-1-5 / 1-5-3 / 3-5-1 / 5-1-3 / 5-3-1 / 1-3-6 / 3-1-6,0.0388,3号権藤 俊光,1号中村 将隆,5号國崎 良春,1.0,1.0,,,,,,model_new(old),1:2.8|2:3.3|3:2.0|4:15.0|5:9.2|6:39.0,1-3-5:0.0388:0.06696:0.02818 / 3-1-5:0.0381:0.07096:0.03285 / 1-5-3:0.0237:0.03952:0.01586 / 3-5-1:0.0230:0.04501:0.02201 / 5-1-3:0.0183:0.03100:0.01272 / 5-3-1:0.0182:0.03332:0.01513 / 1-3-6:0.0106:0.01728:0.00665 / 3-1-6:0.0106:0.01831:0.00775,leakfree-2026-06,1-3-2:0.0604:0.13891:0.07856 / 3-1-2:0.0473:0.13891:0.09159 / 1-2-3:0.0202:0.07673:0.05648,0.3714 0.1629 0.3714 0.033 0.0541 0.0072,grade=5|a1=1|a12=3|c1cls=3|p1m=0.3714|p1k=0.2624
2026-09-27,戸田,3,🌊最高(大荒),16,1-3-6 / 1-6-3 / 6-1-3 / 6-3-1 / 3-6-1 / 3-1-6 / 1-5-3 / 1-3-5 / 1-6-5 / 1-6-2 / 6-1-5 / 5-1-3 / 6-1-2 / 1-5-6 / 6-3-5 / 1-2-6,0.0539,1号神里 琴音,3号深谷 知博,6号南 佑典,1.0,1.0,,,,,,model_new(old),1:7.4|2:12.8|3:1.0|4:38.5|5:57.7|6:57.7,1-3-6:0.0539:0.06554:0.01163 / 1-6-3:0.0499:0.05133:0.00144 / 6-1-3:0.0431:0.04438:0.00130 / 6-3-1:0.0386:0.04434:0.00570 / 3-6-1:0.0251:0.05127:0.02616 / 3-1-6:0.0171:0.06551:0.04837 / 1-5-3:0.0148:0.01619:0.00144 / 1-3-5:0.0139:0.02556:0.01163 / 1-6-5:0.0128:0.01284:0.00002 / 1-6-2:0.0126:0.01269:0.00011 / 6-1-5:0.0111:0.01110:0.00002 / 5-1-3:0.0109:0.01220:0.00130 / 6-1-2:0.0109:0.01097:0.00010 / 1-5-6:0.0104:0.01039:0.00002 / 6-3-5:0.0104:0.01108:0.00073 / 1-2-6:0.0101:0.01024:0.00012,leakfree-2026-06,1-3-2:0.0985:0.15095:0.05245 / 1-3-5:0.0729:0.08453:0.01163 / 1-3-6:0.0487:0.06029:0.01163 / 1-2-3:0.0371:0.04394:0.00686 / 3-1-5:0.0362:0.08453:0.04837,0.4267 0.0697 0.4267 0.0101 0.039 0.0278,grade=5|a1=1|a12=2|c1cls=3|p1m=0.4267|p1k=0.1061
2026-09-27,戸田,4,⚠高(荒),12,4-5-6 / 5-4-6 / 4-6-5 / 5-6-4 / 5-4-1 / 4-5-1 / 6-4-5 / 6-5-4 / 5-1-4 / 4-1-5 / 5-4-2 / 4-5-2,0.0215,4号楠 将太郎,5号木田 峰由季,1号山下 奈緒,1.0,1.0,,,,,,model_new(old),1:4.0|2:2.5|3:4.3|4:4.2|5:6.0|6:15.4,4-5-6:0.0215:0.02332:0.00181 / 5-4-6:0.0213:0.02302:0.00170 / 4-6-5:0.0177:0.01930:0.00163 / 5-6-4:0.0173:0.01874:0.00143 / 5-4-1:0.0170:0.02357:0.00653 / 4-5-1:0.0169:0.02388:0.00695 / 6-4-5:0.0153:0.01674:0.00141 / 6-5-4:0.0151:0.01647:0.00132 / 5-1-4:0.0127:0.01930:0.00661 / 4-1-5:0.0123:0.01988:0.00762 / 5-4-2:0.0115:0.02196:0.01045 / 4-5-2:0.0111:0.02225:0.01112,leakfree-2026-06,1-4-2:0.0376:0.05612:0.01848 / 1-2-4:0.0362:0.05894:0.02275,0.4105 0.1933 0.1121 0.1735 0.0887 0.0219,grade=5|a1=1|a12=3|c1cls=3|p1m=0.4105|p1k=0.1849
2026-09-27,戸田,5,△中,9,4-1-6 / 1-4-6 / 4-6-1 / 1-6-4 / 4-1-5 / 6-1-4 / 6-4-1 / 1-4-5 / 4-5-1,0.0272,1号中村 有裕,4号山田 康二,6号井上 未都,2.0,1.0,,,,,,model_new(old),1:2.1|2:4.6|3:8.1|4:2.9|5:8.1|6:13.0,4-1-6:0.0272:0.04404:0.01684 / 1-4-6:0.0269:0.04628:0.01933 / 4-6-1:0.0181:0.02779:0.00969 / 1-6-4:0.0181:0.03100:0.01293 / 4-1-5:0.0153:0.04236:0.02702 / 6-1-4:0.0145:0.02342:0.00892 / 6-4-1:0.0144:0.02206:0.00767 / 1-4-5:0.0135:0.04451:0.03103 / 4-5-1:0.0102:0.02653:0.01636,leakfree-2026-06,1-4-2:0.0818:0.13646:0.05464 / 1-4-5:0.0792:0.11026:0.03103 / 1-4-3:0.0476:0.07864:0.03103 / 4-1-5:0.0452:0.07218:0.02702 / 4-1-2:0.0417:0.08933:0.04759,0.5415 0.0613 0.0353 0.2996 0.0495 0.0128,grade=5|a1=1|a12=2|c1cls=2|p1m=0.5415|p1k=0.3496
2026-09-27,江戸川,1,🌊最高(大荒),13,1-5-6 / 1-6-5 / 5-1-6 / 6-1-5 / 1-6-2 / 1-2-6 / 5-6-1 / 6-5-1 / 6-1-2 / 1-5-2 / 2-1-6 / 1-2-5 / 1-6-3,0.0311,1号板倉 敦史,5号廣瀬 真也,6号田村 慶,1.0,5.0,,,,,,model_new(old),1:2.8|2:4.9|3:4.6|4:4.4|5:4.0|6:10.9,1-5-6:0.0311:0.03937:0.00829 / 1-6-5:0.0298:0.03664:0.00683 / 5-1-6:0.0241:0.03160:0.00748 / 6-1-5:0.0229:0.02824:0.00539 / 1-6-2:0.0194:0.02493:0.00557 / 1-2-6:0.0171:0.02349:0.00637 / 5-6-1:0.0166:0.02213:0.00551 / 6-5-1:0.0164:0.02125:0.00481 / 6-1-2:0.0148:0.01921:0.00440 / 1-5-2:0.0138:0.03225:0.01844 / 2-1-6:0.0120:0.01749:0.00552 / 1-2-5:0.0109:0.02829:0.01736 / 1-6-3:0.0102:0.01618:0.00594,leakfree-2026-06,1-5-3:0.0366:0.05625:0.01964 / 1-3-5:0.0341:0.05290:0.01881,0.431 0.0932 0.1577 0.1177 0.1821 0.0183,grade=5|a1=0|a12=0|c1cls=3|p1m=0.4310|p1k=0.2650
2026-09-27,江戸川,2,⚠高(荒),15,6-1-2 / 6-1-5 / 1-6-5 / 6-5-1 / 1-6-2 / 6-2-1 / 6-2-5 / 5-6-1 / 1-5-6 / 6-5-2 / 5-1-6 / 6-1-4 / 5-6-2 / 1-6-4 / 6-1-3,0.0289,6号島村 隆幸,1号柴田 友和,2号相原 利章,2.0,5.0,,,,,,model_new(old),1:2.6|2:1.5|3:10.7|4:21.4|5:11.9|6:9.7,6-1-2:0.0289:0.04577:0.01687 / 6-1-5:0.0263:0.02841:0.00213 / 1-6-5:0.0236:0.02634:0.00273 / 6-5-1:0.0211:0.02271:0.00159 / 1-6-2:0.0208:0.04243:0.02165 / 6-2-1:0.0176:0.04228:0.02469 / 6-2-5:0.0168:0.02215:0.00539 / 5-6-1:0.0167:0.01827:0.00157 / 1-5-6:0.0165:0.01921:0.00267 / 6-5-2:0.0164:0.01916:0.00276 / 5-1-6:0.0146:0.01667:0.00205 / 6-1-4:0.0138:0.01498:0.00118 / 5-6-2:0.0127:0.01541:0.00272 / 1-6-4:0.0124:0.01389:0.00152 / 6-1-3:0.0113:0.01366:0.00237,leakfree-2026-06,,0.2857 0.3506 0.1035 0.0579 0.0717 0.1307,grade=5|a1=1|a12=2|c1cls=3|p1m=0.2857|p1k=0.2790
2026-09-27,江戸川,3,🌊最高(大荒),14,1-5-3 / 1-3-5 / 1-5-6 / 5-1-3 / 1-6-5 / 3-1-5 / 5-1-6 / 1-3-6 / 1-6-3 / 5-3-1 / 1-5-4 / 6-1-5 / 3-5-1 / 3-1-6,0.0633,1号鈴木 猛,5号土井 歩夢,3号鋤柄 貴俊,3.0,5.0,,,,,,model_new(old),1:1.7|2:2.4|3:8.1|4:22.3|5:6.8|6:22.3,1-5-3:0.0633:0.07926:0.01599 / 1-3-5:0.0497:0.06512:0.01541 / 1-5-6:0.0393:0.04506:0.00581 / 5-1-3:0.0381:0.04830:0.01020 / 1-6-5:0.0274:0.03235:0.00500 / 3-1-5:0.0271:0.03670:0.00964 / 5-1-6:0.0238:0.02746:0.00370 / 1-3-6:0.0195:0.02416:0.00470 / 1-6-3:0.0169:0.02111:0.00419 / 5-3-1:0.0155:0.02139:0.00587 / 1-5-4:0.0146:0.02036:0.00581 / 6-1-5:0.0142:0.01718:0.00294 / 3-5-1:0.0140:0.01978:0.00576 / 3-1-6:0.0107:0.01361:0.00294,leakfree-2026-06,1-3-2:0.0528:0.09644:0.04367 / 3-1-2:0.0441:0.07145:0.02732,0.4211 0.2186 0.2186 0.0631 0.0688 0.0099,grade=5|a1=0|a12=2|c1cls=3|p1m=0.4211|p1k=0.4309
2026-09-27,江戸川,4,△中,9,3-1-6 / 1-3-6 / 3-6-1 / 3-1-5 / 6-3-1 / 1-6-3 / 6-1-3 / 3-5-1 / 3-6-5,0.0884,3号渡邉 雄朗,1号櫻井 優,6号井上 慧人,1.0,5.0,,,,,,model_new(old),1:1.7|2:8.1|3:2.4|4:11.1|5:11.1|6:29.7,3-1-6:0.0884:0.10807:0.01969 / 1-3-6:0.0637:0.08788:0.02418 / 3-6-1:0.0448:0.05226:0.00745 / 3-1-5:0.0320:0.08466:0.05270 / 6-3-1:0.0262:0.03144:0.00527 / 1-6-3:0.0220:0.03334:0.01132 / 6-1-3:0.0181:0.02467:0.00652 / 3-5-1:0.0180:0.03929:0.02128 / 3-6-5:0.0101:0.01119:0.00114,leakfree-2026-06,3-1-5:0.1640:0.21667:0.05270 / 1-3-5:0.1145:0.17922:0.06469 / 3-5-1:0.0827:0.10397:0.02128 / 5-3-1:0.0495:0.06522:0.01573 / 1-5-3:0.0342:0.06707:0.03287 / 5-1-3:0.0311:0.05087:0.01979,0.3478 0.03 0.4605 0.0109 0.1399 0.0109,grade=5|a1=1|a12=3|c1cls=2|p1m=0.3478|p1k=0.4383
2026-09-27,多摩川,1,🌊最高(大荒),18,4-6-1 / 4-1-6 / 6-4-1 / 1-4-6 / 6-1-4 / 1-6-4 / 4-6-5 / 4-6-3 / 4-1-5 / 4-5-6 / 6-4-5 / 4-5-1 / 4-3-6 / 6-4-3 / 5-4-6 / 5-4-1 / 1-4-5 / 6-5-4,0.0330,4号河野 真也,1号佐藤 右京,6号桑島 和宏,1.0,2.0,,,,,,model_new(old),1:2.1|2:3.7|3:4.4|4:3.9|5:16.1|6:16.1,4-6-1:0.0330:0.03788:0.00492 / 4-1-6:0.0325:0.04071:0.00820 / 6-4-1:0.0269:0.03110:0.00418 / 1-4-6:0.0246:0.03489:0.01026 / 6-1-4:0.0200:0.02533:0.00531 / 1-6-4:0.0186:0.02644:0.00781 / 4-6-5:0.0186:0.01923:0.00064 / 4-6-3:0.0169:0.01924:0.00235 / 4-1-5:0.0164:0.02463:0.00820 / 4-5-6:0.0162:0.01681:0.00064 / 6-4-5:0.0152:0.01579:0.00055 / 4-5-1:0.0151:0.02003:0.00492 / 4-3-6:0.0140:0.01682:0.00280 / 6-4-3:0.0138:0.01579:0.00200 / 5-4-6:0.0122:0.01270:0.00055 / 5-4-1:0.0109:0.01513:0.00418 / 1-4-5:0.0109:0.02111:0.01026 / 6-5-4:0.0105:0.01096:0.00046,leakfree-2026-06,4-1-3:0.0489:0.07888:0.03001 / 4-3-1:0.0432:0.06467:0.02143 / 1-4-3:0.0343:0.07187:0.03752 / 3-4-1:0.0320:0.05288:0.02088,0.2812 0.0934 0.199 0.3451 0.0407 0.0407,grade=5|a1=0|a12=2|c1cls=3|p1m=0.2812|p1k=0.3516
2026-09-27,多摩川,2,🌊最高(大荒),16,1-3-6 / 1-6-3 / 3-1-6 / 1-6-2 / 1-3-2 / 6-1-3 / 6-1-2 / 3-6-1 / 3-1-2 / 6-3-1 / 1-2-6 / 1-2-3 / 6-2-1 / 3-6-2 / 6-3-2 / 6-2-3,0.0290,1号木村 浩士,2号新開 航,3号深川 麻奈美,2.0,2.0,,,,,,model_new(old),1:6.3|2:1.4|3:7.2|4:4.4|5:17.0|6:12.7,1-3-6:0.0290:0.02996:0.00096 / 1-6-3:0.0281:0.02902:0.00091 / 3-1-6:0.0263:0.02722:0.00094 / 1-6-2:0.0256:0.03026:0.00467 / 1-3-2:0.0253:0.03396:0.00870 / 6-1-3:0.0250:0.02583:0.00085 / 6-1-2:0.0225:0.02693:0.00439 / 3-6-1:0.0223:0.02319:0.00088 / 3-1-2:0.0223:0.03085:0.00856 / 6-3-1:0.0219:0.02271:0.00084 / 1-2-6:0.0212:0.03179:0.01057 / 1-2-3:0.0159:0.03455:0.01864 / 6-2-1:0.0155:0.02404:0.00856 / 3-6-2:0.0140:0.01791:0.00395 / 6-3-2:0.0138:0.01755:0.00377 / 6-2-3:0.0103:0.01781:0.00749,leakfree-2026-06,2-1-3:0.0653:0.09954:0.03428 / 1-2-3:0.0645:0.08319:0.01864 / 2-3-1:0.0434:0.07635:0.03298 / 1-3-2:0.0412:0.04989:0.00870 / 3-2-1:0.0385:0.05611:0.01765 / 3-1-2:0.0353:0.04387:0.00856,0.2775 0.3962 0.1784 0.0568 0.0161 0.0751,grade=5|a1=2|a12=2|c1cls=3|p1m=0.2775|p1k=0.1153
2026-09-27,多摩川,3,🌊最高(大荒),18,1-5-3 / 1-3-5 / 1-5-4 / 1-4-5 / 5-1-3 / 1-3-6 / 5-1-4 / 3-1-5 / 4-1-5 / 1-6-3 / 1-5-6 / 1-4-6 / 3-1-6 / 5-3-1 / 1-6-5 / 1-6-4 / 5-4-1 / 5-1-6,0.0267,1号品川 賢次,3号土屋 千明,4号萩原 秀人,0.0,2.0,,,,,,model_new(old),1:5.2|2:6.6|3:1.9|4:2.7|5:10.5|6:36.7,1-5-3:0.0267:0.03231:0.00562 / 1-3-5:0.0261:0.03548:0.00938 / 1-5-4:0.0219:0.02587:0.00395 / 1-4-5:0.0208:0.02611:0.00531 / 5-1-3:0.0201:0.02526:0.00519 / 1-3-6:0.0168:0.01949:0.00268 / 5-1-4:0.0166:0.02022:0.00365 / 3-1-5:0.0162:0.02930:0.01312 / 4-1-5:0.0143:0.02053:0.00626 / 1-6-3:0.0141:0.01557:0.00151 / 1-5-6:0.0135:0.01378:0.00029 / 1-4-6:0.0128:0.01434:0.00152 / 3-1-6:0.0123:0.01609:0.00375 / 5-3-1:0.0123:0.01978:0.00752 / 1-6-5:0.0118:0.01209:0.00027 / 1-6-4:0.0114:0.01246:0.00106 / 5-4-1:0.0105:0.01490:0.00437 / 5-1-6:0.0105:0.01077:0.00027,leakfree-2026-06,1-4-3:0.0636:0.09295:0.02935 / 1-3-4:0.0565:0.09295:0.03646 / 4-1-3:0.0558:0.09046:0.03462 / 3-1-4:0.0394:0.09046:0.05101 / 4-3-1:0.0269:0.08637:0.05942,0.3085 0.0364 0.2894 0.2894 0.0631 0.0132,grade=5|a1=1|a12=3|c1cls=4|p1m=0.3085|p1k=0.1411
2026-09-27,多摩川,4,🌊最高(大荒),11,5-4-3 / 5-4-6 / 4-5-3 / 5-4-1 / 5-3-4 / 4-5-6 / 5-6-4 / 4-5-1 / 5-1-4 / 5-3-6 / 5-4-2,0.0353,5号永田 啓二,4号松井 友汰,3号服部 達哉,1.0,2.0,,,,,,model_new(old),1:5.7|2:7.2|3:2.5|4:3.7|5:2.9|6:40.1,5-4-3:0.0353:0.07216:0.03688 / 5-4-6:0.0213:0.02357:0.00230 / 4-5-3:0.0206:0.05495:0.03434 / 5-4-1:0.0202:0.03642:0.01618 / 5-3-4:0.0181:0.06279:0.04473 / 4-5-6:0.0158:0.01795:0.00214 / 5-6-4:0.0144:0.01613:0.00173 / 4-5-1:0.0127:0.02773:0.01506 / 5-1-4:0.0121:0.02641:0.01434 / 5-3-6:0.0114:0.01551:0.00413 / 5-4-2:0.0107:0.02346:0.01281,leakfree-2026-06,,0.0331 0.1807 0.2638 0.2291 0.2812 0.012,grade=5|a1=1|a12=3|c1cls=4|p1m=0.0331|p1k=0.1295
2026-09-27,常滑,1,△中,6,1-5-4 / 1-4-5 / 1-5-3 / 1-5-2 / 5-1-4 / 1-3-5,0.0292,1号田中 京介,6号松尾 光広,5号松浦 勝,2.0,1.0,,,,,,model_new(old),1:1.0|2:16.6|3:8.3|4:10.4|5:83.2|6:0.0,1-5-4:0.0292:0.04041:0.01121 / 1-4-5:0.0231:0.03923:0.01610 / 1-5-3:0.0216:0.03561:0.01405 / 1-5-2:0.0113:0.01834:0.00702 / 5-1-4:0.0113:0.01383:0.00254 / 1-3-5:0.0105:0.03356:0.02309,leakfree-2026-06,1-2-4:0.0255:0.09358:0.06803,0.7219 0.0867 0.0867 0.0795 0.0125 0.0125,grade=5|a1=0|a12=1|c1cls=2|p1m=0.7219|p1k=0.7759
2026-09-27,常滑,2,🌊最高(大荒),13,1-5-2 / 5-1-2 / 1-2-5 / 1-5-4 / 2-1-5 / 5-2-1 / 5-1-4 / 2-5-1 / 1-4-5 / 4-1-5 / 5-4-1 / 4-5-1 / 1-5-6,0.0801,1号鹿島 敏弘,5号茶谷 信次,2号荒木 颯斗,1.0,1.0,,,,,,model_new(old),1:1.3|2:4.1|3:7.5|4:8.3|5:15.0|6:37.5,1-5-2:0.0801:0.10973:0.02967 / 5-1-2:0.0600:0.07351:0.01355 / 1-2-5:0.0555:0.10034:0.04481 / 1-5-4:0.0422:0.05689:0.01465 / 2-1-5:0.0411:0.06479:0.02373 / 5-2-1:0.0316:0.03834:0.00677 / 5-1-4:0.0314:0.03811:0.00670 / 2-5-1:0.0291:0.03696:0.00785 / 1-4-5:0.0251:0.04146:0.01633 / 4-1-5:0.0164:0.02417:0.00779 / 5-4-1:0.0144:0.01736:0.00299 / 4-5-1:0.0120:0.01511:0.00312 / 1-5-6:0.0110:0.01429:0.00324,leakfree-2026-06,2-1-4:0.0421:0.08494:0.04288 / 1-2-4:0.0369:0.11785:0.08099 / 1-2-5:0.0351:0.07996:0.04481 / 2-1-5:0.0339:0.05763:0.02373 / 1-4-2:0.0226:0.08231:0.05975,0.4666 0.2599 0.0304 0.1418 0.0962 0.0051,grade=5|a1=0|a12=2|c1cls=3|p1m=0.4666|p1k=0.5655
2026-09-27,常滑,3,⚠高(荒),8,1-4-6 / 4-1-6 / 1-2-6 / 1-6-4 / 1-4-5 / 4-1-5 / 1-6-2 / 2-1-6,0.0180,1号小川 知行,4号三村 岳人,2号野末 智一,1.0,1.0,,,,,,model_new(old),1:1.3|2:4.2|3:15.2|4:4.4|5:30.4|6:76.1,1-4-6:0.0180:0.02645:0.00845 / 4-1-6:0.0136:0.01800:0.00436 / 1-2-6:0.0134:0.02257:0.00913 / 1-6-4:0.0125:0.01777:0.00524 / 1-4-5:0.0120:0.03315:0.02115 / 4-1-5:0.0117:0.02256:0.01091 / 1-6-2:0.0106:0.01608:0.00549 / 2-1-6:0.0102:0.01499:0.00476,leakfree-2026-06,4-1-2:0.0337:0.11261:0.07894 / 2-1-4:0.0304:0.11261:0.08226,0.4916 0.2245 0.0224 0.2245 0.0282 0.0087,grade=5|a1=1|a12=2|c1cls=3|p1m=0.4916|p1k=0.5713
2026-09-27,常滑,4,🌊最高(大荒),22,1-5-2 / 1-2-5 / 5-1-2 / 1-5-6 / 1-5-3 / 1-6-5 / 1-3-5 / 5-1-6 / 5-1-3 / 1-5-4 / 2-1-5 / 1-6-2 / 1-2-6 / 6-1-5 / 5-2-1 / 3-1-5 / 5-1-4 / 1-4-5 / 5-6-1 / 1-6-3 / 2-5-1 / 1-3-6,0.0466,1号石田 政吾,5号平石 和男,2号北川 潤二,1.0,1.0,,,,,,model_new(old),1:2.5|2:2.3|3:9.3|4:3.1|5:16.6|6:36.0,1-5-2:0.0466:0.05568:0.00910 / 1-2-5:0.0350:0.05064:0.01568 / 5-1-2:0.0310:0.03774:0.00671 / 1-5-6:0.0309:0.03144:0.00058 / 1-5-3:0.0294:0.03166:0.00225 / 1-6-5:0.0243:0.02482:0.00056 / 1-3-5:0.0226:0.02503:0.00238 / 5-1-6:0.0209:0.02131:0.00043 / 5-1-3:0.0198:0.02146:0.00166 / 1-5-4:0.0195:0.02623:0.00675 / 2-1-5:0.0165:0.03283:0.01628 / 1-6-2:0.0157:0.01971:0.00405 / 1-2-6:0.0155:0.02270:0.00723 / 6-1-5:0.0146:0.01499:0.00040 / 5-2-1:0.0139:0.02091:0.00698 / 3-1-5:0.0133:0.01513:0.00182 / 5-1-4:0.0128:0.01777:0.00498 / 1-4-5:0.0106:0.02013:0.00957 / 5-6-1:0.0105:0.01080:0.00030 / 1-6-3:0.0102:0.01121:0.00100 / 2-5-1:0.0102:0.02000:0.00983 / 1-3-6:0.0101:0.01122:0.00110,leakfree-2026-06,1-2-3:0.0613:0.08932:0.02800 / 1-2-5:0.0474:0.06305:0.01568 / 1-3-2:0.0426:0.05975:0.01716 / 2-1-3:0.0331:0.06216:0.02906 / 1-5-2:0.0300:0.03912:0.00910,0.4761 0.2471 0.1101 0.0777 0.0777 0.0112,grade=5|a1=1|a12=2|c1cls=3|p1m=0.4761|p1k=0.2957
2026-09-27,常滑,5,🌊最高(大荒),19,1-5-6 / 5-1-6 / 1-6-5 / 5-6-1 / 6-1-5 / 1-5-4 / 6-5-1 / 5-1-4 / 1-4-5 / 5-4-1 / 1-6-4 / 4-1-5 / 1-4-6 / 4-5-1 / 6-1-4 / 5-6-4 / 4-1-6 / 5-4-6 / 6-5-4,0.0498,1号中山 雄太,5号秋元 哲,6号中辻 博訓,2.0,1.0,,,,,,model_new(old),1:2.2|2:13.3|3:2.0|4:10.4|5:6.2|6:13.3,1-5-6:0.0498:0.05577:0.00597 / 5-1-6:0.0457:0.05024:0.00451 / 1-6-5:0.0400:0.04532:0.00535 / 5-6-1:0.0326:0.03556:0.00299 / 6-1-5:0.0325:0.03626:0.00378 / 1-5-4:0.0296:0.03722:0.00764 / 6-5-1:0.0288:0.03158:0.00279 / 5-1-4:0.0278:0.03353:0.00577 / 1-4-5:0.0201:0.02715:0.00702 / 5-4-1:0.0177:0.02159:0.00390 / 1-6-4:0.0163:0.01954:0.00319 / 4-1-5:0.0153:0.02035:0.00503 / 1-4-6:0.0143:0.01754:0.00327 / 4-5-1:0.0143:0.01796:0.00370 / 6-1-4:0.0134:0.01563:0.00225 / 5-6-4:0.0114:0.01199:0.00063 / 4-1-6:0.0108:0.01314:0.00235 / 5-4-6:0.0103:0.01090:0.00064 / 6-5-4:0.0101:0.01065:0.00059,leakfree-2026-06,,0.3514 0.076 0.2575 0.0527 0.2098 0.0527,grade=5|a1=1|a12=3|c1cls=4|p1m=0.3514|p1k=0.3336
2026-09-27,津,1,✅低(堅),7,1-3-2 / 1-2-3 / 1-2-4 / 3-1-2 / 2-1-3 / 1-4-2 / 1-3-4,0.0527,1号三浦 洋次朗,3号前原 哉,4号高山 智至,1.0,1.0,,,,,,model_new(old),1:1.1|2:23.6|3:9.4|4:5.2|5:15.7|6:15.7,1-3-2:0.0527:0.07020:0.01754 / 1-2-3:0.0446:0.05948:0.01490 / 1-2-4:0.0219:0.04884:0.02694 / 3-1-2:0.0182:0.02471:0.00646 / 2-1-3:0.0149:0.02008:0.00523 / 1-4-2:0.0114:0.05298:0.04157 / 1-3-4:0.0114:0.09100:0.07960,leakfree-2026-06,1-3-2:0.0737:0.09122:0.01754 / 1-2-3:0.0640:0.07887:0.01490 / 1-3-4:0.0520:0.13163:0.07960 / 1-2-4:0.0519:0.07887:0.02694 / 1-4-2:0.0497:0.09122:0.04157,0.7639 0.0553 0.0797 0.0797 0.0115 0.0098,grade=5|a1=0|a12=1|c1cls=2|p1m=0.7639|p1k=0.6599
2026-09-27,津,2,⚠高(荒),8,1-3-4 / 1-4-3 / 3-1-4 / 1-3-6 / 4-1-3 / 1-4-6 / 1-6-3 / 1-6-4,0.1370,1号森清 友翔,3号滝川 真由子,4号遠藤 圭吾,0.0,0.0,,,,,,model_new(old),1:1.6|2:5.2|3:3.1|4:9.7|5:17.0|6:17.0,1-3-4:0.1370:0.18728:0.05027 / 1-4-3:0.0924:0.12525:0.03283 / 3-1-4:0.0460:0.08164:0.03563 / 1-3-6:0.0324:0.06113:0.02869 / 4-1-3:0.0302:0.04943:0.01920 / 1-4-6:0.0158:0.02179:0.00599 / 1-6-3:0.0151:0.03259:0.01751 / 1-6-4:0.0118:0.01737:0.00559,leakfree-2026-06,1-3-2:0.0734:0.16714:0.09378 / 1-2-3:0.0511:0.12236:0.07130 / 1-3-4:0.0449:0.09514:0.05027,0.5942 0.1208 0.1971 0.0688 0.0103 0.0088,grade=5|a1=0|a12=0|c1cls=3|p1m=0.5942|p1k=0.4593
2026-09-27,津,3,🌊最高(大荒),12,1-5-6 / 5-1-6 / 5-1-4 / 1-6-5 / 1-5-4 / 5-6-1 / 5-4-1 / 6-1-5 / 6-5-1 / 5-4-6 / 5-6-4 / 4-5-6,0.0364,1号桂林 寛,5号大峯 豊,4号岡 祐臣,0.0,0.0,,,,,,model_new(old),1:1.8|2:13.9|3:9.9|4:2.7|5:4.9|6:17.4,1-5-6:0.0364:0.04633:0.00990 / 5-1-6:0.0334:0.04028:0.00689 / 5-1-4:0.0309:0.07537:0.04443 / 1-6-5:0.0241:0.03208:0.00796 / 1-5-4:0.0228:0.08667:0.06383 / 5-6-1:0.0199:0.02362:0.00377 / 5-4-1:0.0182:0.05212:0.03396 / 6-1-5:0.0179:0.02284:0.00492 / 6-5-1:0.0160:0.01934:0.00335 / 5-4-6:0.0120:0.01547:0.00351 / 5-6-4:0.0106:0.01312:0.00251 / 4-5-6:0.0101:0.01416:0.00410,leakfree-2026-06,5-1-4:0.0406:0.08499:0.04443 / 1-5-4:0.0390:0.10282:0.06383,0.3797 0.0314 0.0785 0.2495 0.2495 0.0114,grade=5|a1=1|a12=3|c1cls=3|p1m=0.3797|p1k=0.4084
2026-09-27,津,4,🌊最高(大荒),7,3-1-4 / 3-1-6 / 1-3-6 / 3-4-6 / 4-3-6 / 1-3-4 / 1-4-6,0.0251,3号金子 賢志,1号岸本 雄貴,4号仲谷 颯仁,0.0,0.0,,,,,,model_new(old),1:2.4|2:23.5|3:3.2|4:1.7|5:0.0|6:141.0,3-1-4:0.0251:0.10839:0.08329 / 3-1-6:0.0163:0.01728:0.00100 / 1-3-6:0.0154:0.01655:0.00111 / 3-4-6:0.0151:0.01706:0.00194 / 4-3-6:0.0137:0.01629:0.00263 / 1-3-4:0.0114:0.10381:0.09242 / 1-4-6:0.0101:0.01377:0.00369,leakfree-2026-06,3-1-4:0.0437:0.12696:0.08329 / 1-3-4:0.0345:0.12696:0.09242,0.3168 0.0358 0.3168 0.3168 0.0063 0.0075,grade=5|a1=2|a12=3|c1cls=3|p1m=0.3168|p1k=0.3048
2026-09-27,津,5,✅低(堅),9,1-2-6 / 1-6-2 / 1-5-6 / 1-6-5 / 1-5-2 / 2-1-6 / 6-1-2 / 5-1-6 / 6-1-5,0.0658,1号田路 朋史,2号君島 秀三,5号為本 智也,0.0,0.0,,,,,,model_new(old),1:1.5|2:2.4|3:13.7|4:37.6|5:7.1|6:50.2,1-2-6:0.0658:0.08920:0.02336 / 1-6-2:0.0483:0.05751:0.00926 / 1-5-6:0.0347:0.03856:0.00383 / 1-6-5:0.0306:0.03369:0.00313 / 1-5-2:0.0279:0.10810:0.08021 / 2-1-6:0.0224:0.03946:0.01706 / 6-1-2:0.0178:0.02249:0.00473 / 5-1-6:0.0136:0.01573:0.00216 / 6-1-5:0.0116:0.01317:0.00160,leakfree-2026-06,1-3-2:0.0807:0.11759:0.03690 / 1-3-5:0.0557:0.06818:0.01247 / 1-5-3:0.0447:0.05870:0.01405 / 1-2-3:0.0430:0.12858:0.08561 / 3-1-2:0.0348:0.05444:0.01966,0.5991 0.1568 0.134 0.0088 0.0909 0.0104,grade=5|a1=1|a12=2|c1cls=2|p1m=0.5991|p1k=0.4961
2026-09-27,津,6,✅低(堅),5,1-5-4 / 1-4-5 / 5-1-4 / 4-1-5 / 1-5-3,0.0949,1号藤森 陸斗,5号中嶋 健一郎,4号土屋 智則,1.0,1.0,,,,,,model_new(old),1:1.3|2:10.5|3:10.5|4:5.2|5:5.2|6:0.0,1-5-4:0.0949:0.19106:0.09613 / 1-4-5:0.0592:0.15538:0.09613 / 5-1-4:0.0409:0.08889:0.04799 / 4-1-5:0.0204:0.06842:0.04799 / 1-5-3:0.0185:0.06610:0.04761,leakfree-2026-06,1-4-5:0.0837:0.17980:0.09613 / 1-4-3:0.0547:0.10234:0.04761 / 4-1-5:0.0492:0.09714:0.04799 / 4-1-3:0.0315:0.05529:0.02377,0.5793 0.0101 0.067 0.2213 0.1177 0.0047,grade=5|a1=1|a12=3|c1cls=2|p1m=0.5793|p1k=0.5722
2026-09-27,びわこ,1,△中,14,1-3-2 / 1-2-3 / 3-1-2 / 1-2-6 / 1-6-2 / 1-3-6 / 1-3-5 / 1-6-3 / 1-5-2 / 6-1-2 / 1-5-3 / 3-1-6 / 1-3-4 / 1-4-2,0.0798,1号佃 來紀,2号松井 洪弥,3号國分 将太郎,1.0,1.0,,,,,,model_new(old),1:5.8|2:1.0|3:10.0|4:27.1|5:18.5|6:58.8,1-3-2:0.0798:0.08916:0.00933 / 1-2-3:0.0673:0.11705:0.04972 / 3-1-2:0.0452:0.05398:0.00880 / 1-2-6:0.0357:0.04411:0.00846 / 1-6-2:0.0254:0.02686:0.00148 / 1-3-6:0.0210:0.02111:0.00016 / 1-3-5:0.0168:0.01726:0.00050 / 1-6-3:0.0167:0.01688:0.00015 / 1-5-2:0.0166:0.02147:0.00484 / 6-1-2:0.0134:0.01467:0.00131 / 1-5-3:0.0130:0.01349:0.00048 / 3-1-6:0.0126:0.01278:0.00015 / 1-3-4:0.0112:0.01154:0.00034 / 1-4-2:0.0107:0.01392:0.00326,leakfree-2026-06,1-3-2:0.1140:0.12332:0.00933 / 1-2-3:0.1100:0.15970:0.04972 / 3-1-2:0.0626:0.07138:0.00880 / 1-2-4:0.0325:0.05081:0.01835,0.5143 0.2349 0.1609 0.0512 0.0295 0.0091,grade=4|a1=0|a12=2|c1cls=2|p1m=0.5143|p1k=0.1249
2026-09-27,びわこ,2,✅低(堅),8,1-6-5 / 1-6-4 / 1-5-6 / 1-4-6 / 6-1-4 / 6-1-5 / 1-4-5 / 1-5-4,0.0346,1号寺田 祥,6号尾上 雅也,5号野相 弘司,1.0,1.0,,,,,,model_new(old),1:1.4|2:8.1|3:7.3|4:9.0|5:8.1|6:6.7,1-6-5:0.0346:0.06502:0.03038 / 1-6-4:0.0342:0.06156:0.02734 / 1-5-6:0.0256:0.05447:0.02887 / 1-4-6:0.0255:0.05086:0.02538 / 6-1-4:0.0132:0.02774:0.01457 / 6-1-5:0.0131:0.02930:0.01618 / 1-4-5:0.0105:0.03154:0.02100 / 1-5-4:0.0105:0.03199:0.02149,leakfree-2026-06,1-6-2:0.0450:0.07538:0.03038 / 1-2-6:0.0422:0.07107:0.02887 / 1-6-4:0.0336:0.06091:0.02734,0.7833 0.0523 0.0302 0.0423 0.0302 0.0618,grade=4|a1=2|a12=2|c1cls=1|p1m=0.7833|p1k=0.5258
2026-09-27,びわこ,3,✅低(堅),11,1-2-3 / 1-3-2 / 2-1-3 / 3-1-2 / 1-2-4 / 1-2-6 / 1-3-5 / 1-4-2 / 1-6-2 / 1-3-4 / 1-3-6,0.0596,1号井内 将太郎,2号永田 秀二,3号岩川 仁士,1.0,1.0,,,,,,model_new(old),1:1.8|2:3.3|3:14.5|4:36.3|5:2.7|6:36.3,1-2-3:0.0596:0.08137:0.02176 / 1-3-2:0.0490:0.06376:0.01477 / 2-1-3:0.0283:0.04479:0.01653 / 3-1-2:0.0230:0.03214:0.00917 / 1-2-4:0.0205:0.02920:0.00869 / 1-2-6:0.0183:0.02703:0.00869 / 1-3-5:0.0175:0.03555:0.01805 / 1-4-2:0.0137:0.01924:0.00558 / 1-6-2:0.0121:0.01770:0.00558 / 1-3-4:0.0119:0.01319:0.00134 / 1-3-6:0.0109:0.01221:0.00134,leakfree-2026-06,1-2-3:0.1111:0.13283:0.02176 / 1-2-4:0.0823:0.09097:0.00869 / 1-3-2:0.0734:0.08817:0.01477 / 1-4-2:0.0502:0.05576:0.00558,0.7052 0.1399 0.0615 0.0421 0.0421 0.0092,grade=4|a1=1|a12=3|c1cls=1|p1m=0.7052|p1k=0.4106
2026-09-27,びわこ,4,✅低(堅),1,2-1-5,0.0104,1号春園 功太,2号山下 昂大,5号石井 伸長,1.0,1.0,,,,,,model_new(old),1:1.0|2:10.0|3:22.5|4:18.0|5:11.2|6:12.8,2-1-5:0.0104:0.02968:0.01927,leakfree-2026-06,1-2-3:0.0569:0.09000:0.03308 / 1-2-4:0.0486:0.09000:0.04135 / 1-2-5:0.0449:0.11138:0.06646 / 1-3-2:0.0352:0.06260:0.02739,0.7494 0.1052 0.0416 0.0416 0.0515 0.0107,grade=4|a1=1|a12=2|c1cls=1|p1m=0.7494|p1k=0.7313
2026-09-27,びわこ,5,⚠高(荒),26,6-2-3 / 6-3-2 / 2-6-3 / 3-6-2 / 6-2-5 / 6-3-5 / 2-3-6 / 3-2-6 / 2-6-5 / 6-5-2 / 6-5-3 / 3-6-5 / 6-2-4 / 5-6-2 / 6-3-4 / 5-6-3 / 2-5-6 / 3-5-6 / 2-6-4 / 3-6-4 / 5-2-6 / 5-3-6 / 6-4-2 / 6-4-3 / 6-2-1 / 6-3-1,0.0261,6号渡邉 英児,3号木下 雄介,2号石川 諒,0.0,1.0,,,,,,model_new(old),1:2.3|2:3.1|3:2.4|4:20.1|5:11.0|6:27.6,6-2-3:0.0261:0.02882:0.00276 / 6-3-2:0.0258:0.02884:0.00305 / 2-6-3:0.0226:0.02610:0.00353 / 3-6-2:0.0218:0.02614:0.00430 / 6-2-5:0.0183:0.01890:0.00060 / 6-3-5:0.0181:0.01897:0.00086 / 2-3-6:0.0171:0.02284:0.00573 / 3-2-6:0.0165:0.02286:0.00631 / 2-6-5:0.0164:0.01712:0.00077 / 6-5-2:0.0162:0.01673:0.00049 / 6-5-3:0.0161:0.01677:0.00063 / 3-6-5:0.0160:0.01719:0.00121 / 6-2-4:0.0135:0.01384:0.00033 / 5-6-2:0.0135:0.01396:0.00051 / 6-3-4:0.0134:0.01389:0.00047 / 5-6-3:0.0133:0.01399:0.00066 / 2-5-6:0.0126:0.01344:0.00082 / 3-5-6:0.0122:0.01350:0.00129 / 2-6-4:0.0121:0.01254:0.00042 / 3-6-4:0.0119:0.01259:0.00066 / 5-2-6:0.0117:0.01239:0.00067 / 5-3-6:0.0115:0.01243:0.00096 / 6-4-2:0.0113:0.01156:0.00026 / 6-4-3:0.0113:0.01159:0.00033 / 6-2-1:0.0112:0.01413:0.00288 / 6-3-1:0.0101:0.01418:0.00412,leakfree-2026-06,1-3-4:0.0345:0.04904:0.01458,0.4828 0.1717 0.2177 0.0723 0.0441 0.0114,grade=4|a1=0|a12=3|c1cls=3|p1m=0.4828|p1k=0.3218
2026-09-27,びわこ,6,✅低(堅),0,,0.0000,1号守田 俊介,4号川原 涼,5号木山 和幸,1.0,1.0,,,,,,model_new(old),1:1.0|2:0.0|3:24.0|4:36.0|5:0.0|6:0.0,,leakfree-2026-06,,0.6831 0.0716 0.0682 0.1383 0.0297 0.0091,grade=4|a1=1|a12=2|c1cls=1|p1m=0.6831|p1k=0.9351
2026-09-27,尼崎,1,⚠高(荒),15,1-5-4 / 1-4-5 / 1-5-6 / 1-6-5 / 1-5-3 / 1-5-2 / 5-1-4 / 1-2-5 / 4-1-5 / 1-4-6 / 5-1-6 / 1-6-4 / 5-1-3 / 5-1-2 / 6-1-5,0.0315,1号奥村 明日香,5号寺本 昇平,3号作間 章,1.0,0.0,,,,,,model_new(old),1:1.4|2:11.3|3:2.8|4:9.2|5:17.0|6:18.5,1-5-4:0.0315:0.03969:0.00814 / 1-4-5:0.0281:0.03700:0.00887 / 1-5-6:0.0250:0.02908:0.00405 / 1-6-5:0.0213:0.02535:0.00402 / 1-5-3:0.0204:0.04713:0.02676 / 1-5-2:0.0200:0.02663:0.00663 / 5-1-4:0.0162:0.02031:0.00411 / 1-2-5:0.0159:0.02287:0.00697 / 4-1-5:0.0138:0.01843:0.00465 / 1-4-6:0.0133:0.02149:0.00815 / 5-1-6:0.0128:0.01488:0.00204 / 1-6-4:0.0127:0.02010:0.00743 / 5-1-3:0.0106:0.02412:0.01350 / 5-1-2:0.0103:0.01363:0.00334 / 6-1-5:0.0103:0.01229:0.00202,leakfree-2026-06,1-3-4:0.0729:0.16988:0.09702 / 1-4-3:0.0531:0.10698:0.05386 / 1-3-5:0.0168:0.06935:0.05250,0.6535 0.0331 0.1805 0.0829 0.0338 0.0162,grade=5|a1=1|a12=1|c1cls=3|p1m=0.6535|p1k=0.5170
2026-09-27,尼崎,2,🌊最高(大荒),17,4-3-6 / 3-4-6 / 4-6-3 / 4-3-1 / 4-3-5 / 6-4-3 / 4-1-3 / 4-5-3 / 3-6-4 / 6-3-4 / 4-6-1 / 1-4-3 / 4-1-6 / 4-6-2 / 3-4-5 / 4-6-5 / 5-4-3,0.0809,4号馬袋 義則,3号森永 隆,6号大西 賢,0.0,0.0,,,,,,model_new(old),1:10.5|2:3.8|3:1.3|4:6.4|5:19.2|6:115.5,4-3-6:0.0809:0.08241:0.00155 / 3-4-6:0.0539:0.05716:0.00321 / 4-6-3:0.0519:0.05250:0.00055 / 4-3-1:0.0426:0.05974:0.01709 / 4-3-5:0.0339:0.04329:0.00935 / 6-4-3:0.0297:0.03021:0.00049 / 4-1-3:0.0293:0.03582:0.00655 / 4-5-3:0.0214:0.02489:0.00345 / 3-6-4:0.0212:0.02361:0.00237 / 6-3-4:0.0186:0.01959:0.00102 / 4-6-1:0.0146:0.01466:0.00007 / 1-4-3:0.0138:0.02003:0.00623 / 4-1-6:0.0137:0.01380:0.00007 / 4-6-2:0.0110:0.01114:0.00019 / 3-4-5:0.0107:0.03002:0.01930 / 4-6-5:0.0106:0.01062:0.00004 / 5-4-3:0.0105:0.01363:0.00317,leakfree-2026-06,4-3-2:0.1343:0.18156:0.04723 / 4-2-3:0.0942:0.11561:0.02139 / 3-4-2:0.0601:0.15763:0.09754 / 2-4-3:0.0593:0.08277:0.02351,0.0383 0.1891 0.3313 0.4194 0.0084 0.0134,grade=5|a1=2|a12=3|c1cls=4|p1m=0.0383|p1k=0.0708
2026-09-27,尼崎,3,⚠高(荒),3,1-5-4 / 1-4-5 / 1-2-5,0.0281,1号三馬 崇史,5号馬場 貴也,3号立間 充宏,1.0,0.0,,,,,,model_new(old),1:1.9|2:16.8|3:8.1|4:24.4|5:1.7|6:44.5,1-5-4:0.0281:0.07347:0.04532 / 1-4-5:0.0190:0.03309:0.01407 / 1-2-5:0.0125:0.03342:0.02093,leakfree-2026-06,1-3-5:0.0385:0.08580:0.04731 / 1-5-2:0.0208:0.08664:0.06583,0.5923 0.0591 0.0913 0.0446 0.2048 0.0079,grade=5|a1=1|a12=2|c1cls=3|p1m=0.5923|p1k=0.3867
2026-09-27,尼崎,4,🌊最高(大荒),6,1-3-6 / 3-1-6 / 1-6-3 / 6-1-3 / 3-6-1 / 1-6-2,0.0208,1号村岡 賢,2号島田 賢人,3号末永 和也,0.0,0.0,,,,,,model_new(old),1:2.6|2:1.9|3:3.3|4:55.0|5:23.5|6:11.7,1-3-6:0.0208:0.03192:0.01116 / 3-1-6:0.0175:0.02783:0.01030 / 1-6-3:0.0156:0.02407:0.00843 / 6-1-3:0.0113:0.01779:0.00646 / 3-6-1:0.0107:0.01786:0.00713 / 1-6-2:0.0106:0.02527:0.01465,leakfree-2026-06,3-2-1:0.1026:0.18293:0.08037 / 3-1-2:0.0776:0.14103:0.06344 / 2-3-1:0.0542:0.15607:0.10189 / 1-3-2:0.0388:0.10754:0.06874,0.2299 0.3117 0.4128 0.0275 0.0083 0.0098,grade=5|a1=2|a12=2|c1cls=3|p1m=0.2299|p1k=0.2828
2026-09-27,尼崎,5,△中,17,1-5-3 / 5-1-3 / 1-5-6 / 1-6-3 / 1-6-5 / 1-3-6 / 5-3-1 / 5-1-6 / 1-5-4 / 1-3-5 / 3-5-1 / 6-1-3 / 3-1-6 / 6-1-5 / 1-4-5 / 1-5-2 / 5-1-4,0.0561,1号眞鳥 章太,3号大上 卓人,5号奥村 明日香,1.0,0.0,,,,,,model_new(old),1:1.4|2:12.5|3:2.2|4:13.5|5:21.9|6:87.7,1-5-3:0.0561:0.08208:0.02603 / 5-1-3:0.0373:0.05026:0.01299 / 1-5-6:0.0278:0.02848:0.00065 / 1-6-3:0.0227:0.02884:0.00616 / 1-6-5:0.0222:0.02284:0.00062 / 1-3-6:0.0216:0.04066:0.01909 / 5-3-1:0.0188:0.02798:0.00915 / 5-1-6:0.0171:0.01744:0.00033 / 1-5-4:0.0168:0.02107:0.00424 / 1-3-5:0.0164:0.09280:0.07644 / 3-5-1:0.0162:0.02943:0.01320 / 6-1-3:0.0130:0.01598:0.00300 / 3-1-6:0.0125:0.02618:0.01373 / 6-1-5:0.0124:0.01266:0.00030 / 1-4-5:0.0118:0.01625:0.00445 / 1-5-2:0.0116:0.01622:0.00458 / 5-1-4:0.0108:0.01290:0.00212,leakfree-2026-06,1-3-5:0.0711:0.14756:0.07644 / 1-5-3:0.0487:0.07475:0.02603 / 3-1-5:0.0319:0.08689:0.05498,0.5624 0.0323 0.2569 0.056 0.0808 0.0117,grade=5|a1=1|a12=3|c1cls=2|p1m=0.5624|p1k=0.5176
2026-09-27,尼崎,6,✅低(堅),2,1-4-5 / 1-5-4,0.0484,1号川原 祐明,4号溝口 海義也,6号寺本 昇平,1.0,0.0,,,,,,model_new(old),1:1.5|2:3.1|3:0.0|4:2.8|5:31.5|6:0.0,1-4-5:0.0484:0.07015:0.02176 / 1-5-4:0.0251:0.03645:0.01134,leakfree-2026-06,1-4-2:0.0825:0.30355:0.22107 / 1-4-5:0.0448:0.06654:0.02176,0.7621 0.0423 0.0109 0.1645 0.0093 0.0109,grade=5|a1=2|a12=2|c1cls=1|p1m=0.7621|p1k=0.4837
2026-09-27,鳴門,6,⚠高(荒),10,3-2-5 / 3-5-2 / 2-3-5 / 5-3-2 / 2-5-3 / 5-2-3 / 3-5-1 / 5-3-1 / 3-2-1 / 3-5-4,0.0483,3号稗田 聖也,2号岡田 憲行,5号門間 雄大,1.0,1.0,,,,,,model_new(old),1:2.1|2:7.3|3:2.1|4:7.3|5:10.4|6:41.7,3-2-5:0.0483:0.05559:0.00730 / 3-5-2:0.0481:0.05497:0.00691 / 2-3-5:0.0357:0.04094:0.00525 / 5-3-2:0.0354:0.04025:0.00481 / 2-5-3:0.0233:0.02673:0.00346 / 5-2-3:0.0232:0.02658:0.00335 / 3-5-1:0.0216:0.04559:0.02403 / 5-3-1:0.0167:0.03339:0.01673 / 3-2-1:0.0111:0.04730:0.03615 / 3-5-4:0.0104:0.01732:0.00691,leakfree-2026-06,3-1-2:0.0905:0.15775:0.06726 / 1-3-2:0.0577:0.12498:0.06726 / 3-2-1:0.0463:0.08245:0.03615,0.3213 0.1236 0.4623 0.0372 0.046 0.0096,grade=5|a1=1|a12=3|c1cls=3|p1m=0.3213|p1k=0.3537
2026-09-27,鳴門,7,🌊最高(大荒),0,,0.0000,1号吉田 光,3号山本 寛久,4号福田 翔吾,1.0,1.0,,,,,,model_new(old),1:2.8|2:5.4|3:2.6|4:3.5|5:10.9|6:21.9,,leakfree-2026-06,3-1-2:0.0317:0.06380:0.03208,0.2579 0.151 0.3753 0.1586 0.0454 0.0117,grade=5|a1=1|a12=2|c1cls=3|p1m=0.2579|p1k=0.2645
2026-09-27,鳴門,8,⚠高(荒),12,1-6-3 / 1-3-6 / 1-5-6 / 1-6-5 / 1-5-3 / 6-1-3 / 1-3-5 / 5-1-6 / 6-1-5 / 5-1-3 / 1-6-2 / 3-1-6,0.0315,1号高田 綾,3号西島 義則,5号繁野谷 圭介,2.0,2.0,,,,,,model_new(old),1:2.5|2:5.0|3:2.1|4:13.1|5:8.0|6:15.0,1-6-3:0.0315:0.04288:0.01140 / 1-3-6:0.0301:0.05145:0.02138 / 1-5-6:0.0269:0.03013:0.00321 / 1-6-5:0.0263:0.02931:0.00299 / 1-5-3:0.0256:0.04851:0.02290 / 6-1-3:0.0181:0.02648:0.00843 / 1-3-5:0.0165:0.05661:0.04008 / 5-1-6:0.0164:0.01886:0.00248 / 6-1-5:0.0159:0.01810:0.00221 / 5-1-3:0.0126:0.03036:0.01773 / 1-6-2:0.0122:0.01694:0.00479 / 3-1-6:0.0113:0.03456:0.02326,leakfree-2026-06,1-3-5:0.0646:0.10470:0.04008 / 3-1-5:0.0417:0.08529:0.04360 / 1-5-3:0.0369:0.05977:0.02290,0.4355 0.09 0.3071 0.0177 0.1137 0.036,grade=5|a1=0|a12=1|c1cls=3|p1m=0.4355|p1k=0.2976
2026-09-27,鳴門,9,🌊最高(大荒),28,1-4-6 / 6-4-1 / 1-6-4 / 6-1-4 / 1-3-4 / 6-4-3 / 3-1-4 / 3-4-6 / 4-6-1 / 4-6-3 / 6-3-4 / 3-6-4 / 1-4-3 / 4-3-6 / 6-4-2 / 1-2-4 / 3-4-1 / 2-1-4 / 1-6-3 / 1-3-6 / 4-1-6 / 6-1-3 / 6-2-4 / 3-1-6 / 2-4-6 / 2-6-4 / 6-3-1 / 3-6-1,0.0271,4号笠置 博之,1号鈴木 茂高,6号近藤 稔也,2.0,2.0,,,,,,model_new(old),1:18.0|2:19.5|3:34.6|4:1.0|5:150.0|6:150.0,1-4-6:0.0271:0.03024:0.00315 / 6-4-1:0.0247:0.02667:0.00198 / 1-6-4:0.0231:0.02342:0.00027 / 6-1-4:0.0221:0.02233:0.00026 / 1-3-4:0.0197:0.02092:0.00120 / 6-4-3:0.0189:0.01995:0.00103 / 3-1-4:0.0184:0.01960:0.00117 / 3-4-6:0.0178:0.01905:0.00125 / 4-6-1:0.0169:0.03205:0.01518 / 4-6-3:0.0161:0.02397:0.00790 / 6-3-4:0.0152:0.01537:0.00013 / 3-6-4:0.0150:0.01510:0.00013 / 1-4-3:0.0140:0.02766:0.01366 / 4-3-6:0.0139:0.02331:0.00936 / 6-4-2:0.0139:0.01568:0.00183 / 1-2-4:0.0134:0.01561:0.00218 / 3-4-1:0.0129:0.02330:0.01038 / 2-1-4:0.0119:0.01406:0.00217 / 1-6-3:0.0119:0.01188:0.00001 / 1-3-6:0.0116:0.01160:0.00001 / 4-1-6:0.0115:0.03464:0.02312 / 6-1-3:0.0113:0.01132:0.00001 / 6-2-4:0.0113:0.01150:0.00024 / 3-1-6:0.0109:0.01086:0.00001 / 2-4-6:0.0108:0.01354:0.00277 / 2-6-4:0.0106:0.01086:0.00025 / 6-3-1:0.0104:0.01042:0.00001 / 3-6-1:0.0102:0.01024:0.00001,leakfree-2026-06,1-2-4:0.0597:0.06188:0.00218 / 1-4-2:0.0559:0.08012:0.02425 / 2-1-4:0.0522:0.05436:0.00217 / 1-4-3:0.0412:0.05489:0.01366 / 1-3-4:0.0361:0.03727:0.00120 / 2-4-1:0.0329:0.05599:0.02310,0.3066 0.2107 0.1444 0.3206 0.0081 0.0096,grade=5|a1=1|a12=1|c1cls=3|p1m=0.3066|p1k=0.0483
2026-09-27,鳴門,10,✅低(堅),3,1-3-2 / 1-2-3 / 1-3-6,0.0300,1号門間 雄大,3号枝尾 賢,6号山地 正樹,2.0,2.0,,,,,,model_new(old),1:3.0|2:6.0|3:2.0|4:0.0|5:0.0|6:3.0,1-3-2:0.0300:0.07170:0.04167 / 1-2-3:0.0177:0.04268:0.02500 / 1-3-6:0.0128:0.09618:0.08333,leakfree-2026-06,1-3-2:0.1032:0.14482:0.04167 / 1-2-3:0.0457:0.07068:0.02500 / 3-1-2:0.0388:0.08882:0.05000,0.5513 0.0792 0.2684 0.0444 0.0251 0.0316,grade=5|a1=0|a12=2|c1cls=2|p1m=0.5513|p1k=0.2500
2026-09-27,芦屋,5,✅低(堅),7,1-6-2 / 1-2-6 / 1-2-5 / 1-5-2 / 1-6-5 / 1-2-4 / 1-5-6,0.0752,1号田口 節子,6号内山 七海,2号中北 涼,1.0,1.0,,,,,,model_new(old),1:1.0|2:29.4|3:18.9|4:13.2|5:16.5|6:7.7,1-6-2:0.0752:0.11658:0.04140 / 1-2-6:0.0618:0.09080:0.02896 / 1-2-5:0.0270:0.04047:0.01352 / 1-5-2:0.0236:0.03838:0.01475 / 1-6-5:0.0198:0.09357:0.07376 / 1-2-4:0.0145:0.03142:0.01690 / 1-5-6:0.0128:0.06911:0.05630,leakfree-2026-06,1-6-2:0.0748:0.11617:0.04140 / 1-2-6:0.0719:0.10086:0.02896 / 1-2-4:0.0403:0.05718:0.01690 / 1-4-2:0.0341:0.05357:0.01944,0.8886 0.0275 0.01 0.0219 0.0135 0.0386,grade=4|a1=1|a12=3|c1cls=1|p1m=0.8886|p1k=0.7390
2026-09-27,芦屋,6,🌊最高(大荒),11,6-1-2 / 1-6-2 / 6-2-1 / 2-6-1 / 2-1-6 / 1-2-6 / 1-6-5 / 6-1-5 / 1-5-6 / 6-5-1 / 6-1-4,0.0540,1号西村 歩,6号小野 生奈,2号寺田 千恵,1.0,1.0,,,,,,model_new(old),1:1.5|2:4.2|3:4.9|4:12.5|5:22.5|6:8.0,6-1-2:0.0540:0.07487:0.02090 / 1-6-2:0.0496:0.08683:0.03727 / 6-2-1:0.0377:0.04961:0.01190 / 2-6-1:0.0316:0.04466:0.01310 / 2-1-6:0.0262:0.05492:0.02875 / 1-2-6:0.0242:0.07076:0.04657 / 1-6-5:0.0209:0.02786:0.00696 / 6-1-5:0.0201:0.02403:0.00390 / 1-5-6:0.0114:0.01750:0.00609 / 6-5-1:0.0110:0.01282:0.00186 / 6-1-4:0.0101:0.01711:0.00702,leakfree-2026-06,,0.4285 0.2558 0.0926 0.0926 0.0378 0.0926,grade=4|a1=1|a12=2|c1cls=3|p1m=0.4285|p1k=0.4908
2026-09-27,芦屋,7,⚠高(荒),12,1-6-2 / 6-1-2 / 1-6-3 / 6-1-3 / 1-2-6 / 2-1-6 / 6-2-1 / 2-6-1 / 1-6-5 / 6-3-1 / 6-1-5 / 3-6-1,0.0442,1号喜多 那由夏,6号永田 楽,2号稲生 夏季,0.0,1.0,,,,,,model_new(old),1:1.2|2:5.5|3:5.5|4:22.3|5:26.1|6:14.9,1-6-2:0.0442:0.07706:0.03287 / 6-1-2:0.0364:0.04964:0.01320 / 1-6-3:0.0271:0.05998:0.03287 / 6-1-3:0.0254:0.03863:0.01320 / 1-2-6:0.0251:0.06933:0.04423 / 2-1-6:0.0232:0.04269:0.01950 / 6-2-1:0.0198:0.02515:0.00537 / 2-6-1:0.0181:0.02404:0.00590 / 1-6-5:0.0151:0.02206:0.00693 / 6-3-1:0.0133:0.01863:0.00537 / 6-1-5:0.0114:0.01421:0.00278 / 3-6-1:0.0112:0.01714:0.00590,leakfree-2026-06,1-3-2:0.0940:0.21380:0.11981 / 3-1-2:0.0787:0.13153:0.05283 / 1-2-3:0.0387:0.15847:0.11981 / 2-1-3:0.0356:0.08848:0.05283 / 3-2-1:0.0315:0.04929:0.01784,0.5352 0.1675 0.2444 0.0307 0.0111 0.0111,grade=4|a1=0|a12=0|c1cls=3|p1m=0.5352|p1k=0.6185
2026-09-27,芦屋,8,🌊最高(大荒),14,3-6-5 / 6-3-5 / 6-5-3 / 3-5-6 / 5-6-3 / 5-3-6 / 3-6-4 / 6-3-4 / 6-3-1 / 3-6-1 / 6-5-4 / 3-4-6 / 6-4-3 / 5-6-4,0.0419,3号魚谷 香織,6号山川 美由紀,5号原 加央理,1.0,1.0,,,,,,model_new(old),1:2.7|2:26.7|3:2.9|4:13.3|5:2.3|6:11.8,3-6-5:0.0419:0.05218:0.01025 / 6-3-5:0.0419:0.04999:0.00814 / 6-5-3:0.0370:0.04598:0.00902 / 3-5-6:0.0346:0.05115:0.01657 / 5-6-3:0.0329:0.04541:0.01248 / 5-3-6:0.0302:0.04841:0.01820 / 3-6-4:0.0159:0.01770:0.00177 / 6-3-4:0.0156:0.01696:0.00141 / 6-3-1:0.0151:0.02207:0.00693 / 3-6-1:0.0143:0.02303:0.00873 / 6-5-4:0.0114:0.01336:0.00197 / 3-4-6:0.0112:0.01296:0.00175 / 6-4-3:0.0107:0.01183:0.00109 / 5-6-4:0.0105:0.01320:0.00272,leakfree-2026-06,1-3-4:0.0342:0.04575:0.01154 / 3-1-4:0.0330:0.04422:0.01125,0.3378 0.0686 0.3148 0.099 0.1403 0.0395,grade=4|a1=0|a12=3|c1cls=3|p1m=0.3378|p1k=0.2749
2026-09-27,芦屋,9,⚠高(荒),7,1-2-6 / 2-1-6 / 1-6-2 / 6-1-2 / 2-6-1 / 6-2-1 / 1-6-3,0.0727,1号石原 凪紗,2号川野 芽唯,6号今井 裕梨,1.0,1.0,,,,,,model_new(old),1:1.8|2:1.8|3:9.2|4:31.9|5:15.9|6:35.1,1-2-6:0.0727:0.10864:0.03596 / 2-1-6:0.0492:0.08513:0.03596 / 1-6-2:0.0478:0.05876:0.01097 / 6-1-2:0.0291:0.03563:0.00657 / 2-6-1:0.0234:0.03437:0.01097 / 6-2-1:0.0200:0.02659:0.00657 / 1-6-3:0.0109:0.01303:0.00215,leakfree-2026-06,,0.4335 0.4217 0.0688 0.0275 0.0386 0.01,grade=4|a1=1|a12=2|c1cls=3|p1m=0.4335|p1k=0.4138
2026-09-27,福岡,1,✅低(堅),9,1-2-5 / 1-5-2 / 1-3-5 / 1-5-3 / 1-2-3 / 2-1-3 / 2-1-5 / 1-3-2 / 3-1-2,0.0296,1号井上 一輝,2号向井 美鈴,3号黒柳 浩孝,2.0,2.0,,,,,,model_new(old),1:1.0|2:14.2|3:15.5|4:13.1|5:57.0|6:57.0,1-2-5:0.0296:0.05247:0.02287 / 1-5-2:0.0240:0.04159:0.01758 / 1-3-5:0.0218:0.04209:0.02027 / 1-5-3:0.0195:0.03566:0.01611 / 1-2-3:0.0141:0.09822:0.08410 / 2-1-3:0.0117:0.02928:0.01762 / 2-1-5:0.0108:0.01564:0.00479 / 1-3-2:0.0105:0.09189:0.08137 / 3-1-2:0.0101:0.02702:0.01696,leakfree-2026-06,1-2-3:0.1048:0.18893:0.08410 / 1-3-2:0.0727:0.15403:0.08137 / 1-2-4:0.0314:0.13093:0.09951,0.7985 0.0877 0.0619 0.0429 0.009 0.0001,grade=5|a1=1|a12=1|c1cls=1|p1m=0.7985|p1k=0.8023
2026-09-27,福岡,2,△中,9,1-2-5 / 1-5-2 / 1-2-4 / 2-1-5 / 1-4-2 / 5-1-2 / 1-2-6 / 2-1-4 / 1-5-4,0.0653,1号中村 栄治,2号小池 礼乃,3号岡 暢祐,2.0,2.0,,,,,,model_new(old),1:1.4|2:5.0|3:3.4|4:24.0|5:12.0|6:32.0,1-2-5:0.0653:0.09511:0.02978 / 1-5-2:0.0435:0.06719:0.02366 / 1-2-4:0.0335:0.04836:0.01489 / 2-1-5:0.0269:0.04358:0.01663 / 1-4-2:0.0194:0.03042:0.01102 / 5-1-2:0.0158:0.02780:0.01201 / 1-2-6:0.0153:0.02647:0.01117 / 2-1-4:0.0138:0.02216:0.00832 / 1-5-4:0.0108:0.01572:0.00493,leakfree-2026-06,1-2-5:0.0498:0.07962:0.02978 / 2-1-5:0.0347:0.05136:0.01663 / 2-1-3:0.0208:0.07949:0.05870,0.5032 0.2298 0.1413 0.0295 0.0913 0.0048,grade=5|a1=0|a12=1|c1cls=2|p1m=0.5032|p1k=0.5234
2026-09-27,福岡,3,🌊最高(大荒),13,1-5-3 / 1-3-5 / 1-5-4 / 5-1-3 / 1-4-5 / 3-1-5 / 1-5-2 / 5-1-4 / 1-3-4 / 1-4-3 / 4-1-5 / 5-3-1 / 3-5-1,0.0344,1号鈴木 賢一,3号川崎 智幸,5号山下 夏鈴,2.0,2.0,,,,,,model_new(old),1:2.4|2:2.3|3:3.5|4:8.0|5:11.2|6:0.0,1-5-3:0.0344:0.04440:0.00995 / 1-3-5:0.0328:0.04580:0.01296 / 1-5-4:0.0228:0.02715:0.00435 / 5-1-3:0.0219:0.02925:0.00737 / 1-4-5:0.0197:0.02425:0.00455 / 3-1-5:0.0193:0.03063:0.01137 / 1-5-2:0.0152:0.03031:0.01514 / 5-1-4:0.0147:0.01788:0.00322 / 1-3-4:0.0123:0.03042:0.01815 / 1-4-3:0.0118:0.02634:0.01455 / 4-1-5:0.0116:0.01510:0.00346 / 5-3-1:0.0111:0.01750:0.00638 / 3-5-1:0.0102:0.01776:0.00756,leakfree-2026-06,1-3-5:0.0576:0.07054:0.01296 / 1-3-4:0.0524:0.07054:0.01815 / 1-5-3:0.0413:0.05121:0.00995 / 1-4-3:0.0367:0.05121:0.01455,0.5361 0.0875 0.1906 0.0875 0.0875 0.0107,grade=5|a1=0|a12=1|c1cls=3|p1m=0.5361|p1k=0.3083
2026-09-27,福岡,4,△中,4,1-2-4 / 2-1-4 / 1-2-5 / 2-1-5,0.0344,1号大崎 翔,4号藤本 紗弥香,5号中北 将史,2.0,2.0,,,,,,model_new(old),1:1.0|2:4.5|3:0.0|4:0.0|5:0.0|6:0.0,1-2-4:0.0344:0.03440:0.00000 / 2-1-4:0.0213:0.02131:0.00000 / 1-2-5:0.0200:0.02005:0.00000 / 2-1-5:0.0124:0.01242:0.00000,leakfree-2026-06,,0.4884 0.2535 0.0447 0.1484 0.0553 0.0098,grade=5|a1=0|a12=2|c1cls=2|p1m=0.4884|p1k=0.8182
2026-09-27,丸亀,1,🌊最高(大荒),6,1-2-6 / 1-6-2 / 1-2-3 / 2-1-6 / 6-1-2 / 2-1-3,0.0528,1号妻鳥 晋也,2号大江 純,3号加藤 綾,1.0,1.0,,,,,,model_new(old),1:1.6|2:7.8|3:2.4|4:0.0|5:10.5|6:10.5,1-2-6:0.0528:0.06537:0.01256 / 1-6-2:0.0364:0.04828:0.01192 / 1-2-3:0.0308:0.08576:0.05497 / 2-1-6:0.0289:0.03642:0.00750 / 6-1-2:0.0171:0.02404:0.00693 / 2-1-3:0.0150:0.04777:0.03281,leakfree-2026-06,1-2-3:0.0632:0.11819:0.05497 / 2-1-3:0.0395:0.07235:0.03281 / 1-3-2:0.0333:0.13806:0.10473,0.4958 0.1763 0.2235 0.0809 0.0117 0.0117,grade=5|a1=0|a12=0|c1cls=3|p1m=0.4958|p1k=0.4594
2026-09-27,丸亀,2,🌊最高(大荒),14,1-3-6 / 1-4-6 / 1-6-3 / 1-6-4 / 1-3-5 / 3-1-6 / 1-4-5 / 4-1-6 / 1-5-3 / 6-1-3 / 1-6-2 / 1-2-6 / 1-5-4 / 6-1-4,0.0334,1号山下 智己,3号大澤 大夢,4号中村 桃佳,1.0,1.0,,,,,,model_new(old),1:1.8|2:6.1|3:3.2|4:3.5|5:67.1|6:67.1,1-3-6:0.0334:0.03850:0.00506 / 1-4-6:0.0298:0.03422:0.00438 / 1-6-3:0.0284:0.03153:0.00312 / 1-6-4:0.0262:0.02903:0.00285 / 1-3-5:0.0175:0.02258:0.00506 / 3-1-6:0.0169:0.02073:0.00387 / 1-4-5:0.0157:0.02007:0.00438 / 4-1-6:0.0149:0.01818:0.00327 / 1-5-3:0.0140:0.01716:0.00312 / 6-1-3:0.0138:0.01569:0.00185 / 1-6-2:0.0138:0.01539:0.00164 / 1-2-6:0.0132:0.01527:0.00203 / 1-5-4:0.0129:0.01579:0.00285 / 6-1-4:0.0128:0.01445:0.00170,leakfree-2026-06,4-1-3:0.0233:0.09180:0.06848,0.376 0.1143 0.2094 0.2839 0.0075 0.0089,grade=5|a1=0|a12=1|c1cls=4|p1m=0.3760|p1k=0.4123
2026-09-27,丸亀,3,⚠高(荒),0,,0.0000,1号松井 貫太,5号岡村 慶太,2号中越 博紀,1.0,1.0,,,,,,model_new(old),1:2.0|2:4.2|3:7.1|4:5.4|5:4.0|6:22.9,,leakfree-2026-06,,0.3313 0.1898 0.2115 0.0891 0.1643 0.014,grade=5|a1=1|a12=2|c1cls=3|p1m=0.3313|p1k=0.3682
2026-09-27,丸亀,4,🌊最高(大荒),10,3-2-5 / 3-5-2 / 2-3-5 / 5-3-2 / 5-2-3 / 2-5-3 / 3-2-6 / 3-6-2 / 2-3-6 / 3-4-2,0.0739,3号村上 遼,2号宇留田 翔平,5号泉 啓文,0.0,0.0,,,,,,model_new(old),1:6.3|2:1.3|3:2.9|4:20.8|5:25.5|6:76.5,3-2-5:0.0739:0.10230:0.02843 / 3-5-2:0.0511:0.05859:0.00745 / 2-3-5:0.0461:0.09456:0.04841 / 5-3-2:0.0356:0.04135:0.00574 / 5-2-3:0.0274:0.03744:0.01006 / 2-5-3:0.0268:0.04904:0.02221 / 3-2-6:0.0209:0.03033:0.00948 / 3-6-2:0.0121:0.01456:0.00242 / 2-3-6:0.0119:0.02804:0.01614 / 3-4-2:0.0105:0.01971:0.00921,leakfree-2026-06,3-1-2:0.0381:0.07238:0.03429 / 3-2-4:0.0332:0.06807:0.03486,0.1206 0.3133 0.4509 0.0624 0.0449 0.008,grade=5|a1=1|a12=2|c1cls=3|p1m=0.1206|p1k=0.1156
2026-09-27,丸亀,5,⚠高(荒),12,1-4-5 / 4-1-5 / 1-5-4 / 1-4-6 / 1-6-4 / 4-1-6 / 5-1-4 / 4-5-1 / 5-4-1 / 6-1-4 / 1-3-5 / 1-5-3,0.0425,1号高山 敬悟,4号安河内 健,3号三好 勇人,2.0,2.0,,,,,,model_new(old),1:1.7|2:7.5|3:5.7|4:2.6|5:64.3|6:18.3,1-4-5:0.0425:0.05154:0.00899 / 4-1-5:0.0314:0.03847:0.00710 / 1-5-4:0.0275:0.03202:0.00456 / 1-4-6:0.0250:0.05663:0.03160 / 1-6-4:0.0188:0.03574:0.01689 / 4-1-6:0.0173:0.04228:0.02495 / 5-1-4:0.0166:0.01921:0.00260 / 4-5-1:0.0143:0.01717:0.00283 / 5-4-1:0.0117:0.01379:0.00205 / 6-1-4:0.0117:0.02161:0.00994 / 1-3-5:0.0110:0.01367:0.00264 / 1-5-3:0.0108:0.01286:0.00208,leakfree-2026-06,1-4-3:0.0561:0.15754:0.10147 / 1-3-4:0.0454:0.11082:0.06538 / 1-4-5:0.0384:0.04740:0.00899,0.5247 0.0422 0.1403 0.2397 0.0422 0.0109,grade=5|a1=1|a12=2|c1cls=3|p1m=0.5247|p1k=0.4351
2026-09-27,丸亀,6,△中,11,1-4-3 / 1-4-5 / 4-1-3 / 4-1-5 / 1-5-4 / 1-4-6 / 4-1-6 / 4-5-1 / 1-3-4 / 5-1-4 / 5-4-1,0.0601,1号藤田 浩人,4号平田 忠則,3号芝田 浩治,1.0,1.0,,,,,,model_new(old),1:2.1|2:5.3|3:4.1|4:2.5|5:20.3|6:129.0,1-4-3:0.0601:0.13818:0.07810 / 1-4-5:0.0521:0.06788:0.01577 / 4-1-3:0.0461:0.11803:0.07194 / 4-1-5:0.0434:0.05798:0.01453 / 1-5-4:0.0224:0.03159:0.00919 / 1-4-6:0.0206:0.02304:0.00248 / 4-1-6:0.0174:0.01968:0.00229 / 4-5-1:0.0149:0.02263:0.00776 / 1-3-4:0.0147:0.07388:0.05922 / 5-1-4:0.0130:0.01919:0.00621 / 5-4-1:0.0104:0.01610:0.00569,leakfree-2026-06,1-4-3:0.0714:0.14951:0.07810 / 4-1-3:0.0577:0.12961:0.07194 / 1-4-5:0.0529:0.06864:0.01577 / 4-1-5:0.0450:0.05950:0.01453 / 1-3-4:0.0262:0.08545:0.05922,0.4221 0.017 0.1501 0.3334 0.0689 0.0085,grade=5|a1=1|a12=3|c1cls=2|p1m=0.4221|p1k=0.3487
2026-09-27,丸亀,7,✅低(堅),4,1-2-5 / 1-5-2 / 2-1-5 / 5-1-2,0.0193,1号岩永 雅人,6号原田 篤志,5号郷原 章平,1.0,1.0,,,,,,model_new(old),1:1.4|2:9.0|3:20.0|4:25.8|5:6.6|6:3.2,1-2-5:0.0193:0.04310:0.02378 / 1-5-2:0.0179:0.04355:0.02565 / 2-1-5:0.0138:0.02628:0.01246 / 5-1-2:0.0128:0.02668:0.01388,leakfree-2026-06,1-5-2:0.0527:0.07833:0.02565 / 1-2-5:0.0486:0.07237:0.02378,0.549 0.127 0.0358 0.0502 0.1517 0.0863,grade=5|a1=1|a12=3|c1cls=2|p1m=0.5490|p1k=0.5183
2026-09-27,丸亀,8,✅低(堅),11,1-5-2 / 1-2-5 / 1-2-6 / 1-5-6 / 1-6-2 / 1-6-5 / 5-1-2 / 2-1-5 / 2-1-6 / 5-1-6 / 1-6-4,0.1122,1号赤羽 克也,2号芦澤 望,5号松井 貫太,1.0,1.0,,,,,,model_new(old),1:1.2|2:9.3|3:12.7|4:4.0|5:9.8|6:216.0,1-5-2:0.1122:0.14000:0.02775 / 1-2-5:0.1121:0.14022:0.02810 / 1-2-6:0.0514:0.05271:0.00128 / 1-5-6:0.0513:0.05247:0.00119 / 1-6-2:0.0386:0.03964:0.00103 / 1-6-5:0.0385:0.03952:0.00098 / 5-1-2:0.0227:0.03455:0.01183 / 2-1-5:0.0226:0.03461:0.01203 / 2-1-6:0.0125:0.01301:0.00055 / 5-1-6:0.0124:0.01295:0.00051 / 1-6-4:0.0115:0.01393:0.00240,leakfree-2026-06,1-5-2:0.0454:0.07311:0.02775 / 1-2-5:0.0450:0.07311:0.02810,0.6965 0.0837 0.0469 0.0837 0.0837 0.0056,grade=5|a1=1|a12=3|c1cls=1|p1m=0.6965|p1k=0.6055
2026-09-27,下関,1,⚠高(荒),13,1-5-2 / 1-2-5 / 1-5-3 / 1-3-5 / 5-1-2 / 2-1-5 / 5-1-3 / 3-1-5 / 1-5-6 / 1-6-5 / 5-2-1 / 2-5-1 / 1-5-4,0.0554,1号竹腰 正樹,5号山谷 央,2号吉永 泰弘,1.0,1.0,,,,,,model_new(old),1:1.0|2:11.2|3:11.2|4:5.6|5:45.0|6:45.0,1-5-2:0.0554:0.06473:0.00929 / 1-2-5:0.0510:0.06230:0.01129 / 1-5-3:0.0467:0.05604:0.00929 / 1-3-5:0.0401:0.05141:0.01129 / 5-1-2:0.0282:0.03093:0.00271 / 2-1-5:0.0259:0.02938:0.00345 / 5-1-3:0.0241:0.02677:0.00271 / 3-1-5:0.0204:0.02384:0.00345 / 1-5-6:0.0186:0.02095:0.00231 / 1-6-5:0.0139:0.01618:0.00231 / 5-2-1:0.0112:0.01195:0.00080 / 2-5-1:0.0110:0.01179:0.00084 / 1-5-4:0.0108:0.02940:0.01858,leakfree-2026-06,1-4-5:0.0353:0.06691:0.03161,0.6233 0.0754 0.0754 0.1643 0.0523 0.0093,grade=5|a1=0|a12=0|c1cls=3|p1m=0.6233|p1k=0.7135
2026-09-27,下関,2,🌊最高(大荒),10,1-2-4 / 2-1-3 / 1-4-2 / 2-1-4 / 1-2-6 / 1-2-3 / 2-3-1 / 4-1-2 / 1-6-2 / 3-2-1,0.0151,1号酒井 陽祐,3号下出 卓矢,2号寺島 美里,1.0,1.0,,,,,,model_new(old),1:1.4|2:16.5|3:3.0|4:10.5|5:7.2|6:38.5,1-2-4:0.0151:0.02285:0.00776 / 2-1-3:0.0137:0.02727:0.01359 / 1-4-2:0.0134:0.02164:0.00824 / 2-1-4:0.0124:0.01628:0.00388 / 1-2-6:0.0122:0.01430:0.00212 / 1-2-3:0.0111:0.03829:0.02717 / 2-3-1:0.0110:0.01928:0.00828 / 4-1-2:0.0107:0.01496:0.00424 / 1-6-2:0.0104:0.01244:0.00200 / 3-2-1:0.0101:0.02054:0.01046,leakfree-2026-06,1-3-2:0.0698:0.12010:0.05028 / 1-2-3:0.0604:0.08754:0.02717 / 3-1-2:0.0503:0.08206:0.03177 / 2-1-3:0.0392:0.05275:0.01359,0.4836 0.143 0.2442 0.0768 0.043 0.0094,grade=5|a1=1|a12=1|c1cls=3|p1m=0.4836|p1k=0.5220
2026-09-27,下関,3,✅低(堅),6,1-2-6 / 1-6-2 / 2-1-6 / 6-1-2 / 1-6-4 / 1-6-5,0.1544,1号中辻 崇人,2号数原 魁,6号原田 秀弥,1.0,1.0,,,,,,model_new(old),1:1.0|2:12.2|3:12.2|4:28.5|5:28.5|6:17.1,1-2-6:0.1544:0.21459:0.06018 / 1-6-2:0.1485:0.20263:0.05414 / 2-1-6:0.0319:0.04643:0.01454 / 6-1-2:0.0307:0.04352:0.01284 / 1-6-4:0.0118:0.03494:0.02318 / 1-6-5:0.0111:0.03428:0.02318,leakfree-2026-06,1-2-3:0.0989:0.18321:0.08434 / 1-2-4:0.0678:0.10386:0.03611 / 1-3-2:0.0487:0.13304:0.08434 / 1-4-2:0.0360:0.06553:0.02953,0.8272 0.0798 0.0447 0.0253 0.0115 0.0115,grade=5|a1=1|a12=3|c1cls=1|p1m=0.8272|p1k=0.7736
2026-09-27,下関,4,△中,19,1-6-5 / 1-6-2 / 1-6-4 / 1-5-6 / 1-2-6 / 1-4-6 / 6-1-5 / 6-1-2 / 6-1-4 / 1-6-3 / 5-1-6 / 2-1-6 / 4-1-6 / 1-5-2 / 1-2-5 / 1-5-4 / 1-4-5 / 1-2-4 / 1-4-2,0.1119,1号清水 敦揮,6号篠原 飛翔,5号三川 昂暁,1.0,1.0,,,,,,model_new(old),1:2.2|2:19.5|3:1.5|4:27.8|5:13.9|6:16.2,1-6-5:0.1119:0.11394:0.00205 / 1-6-2:0.1032:0.10471:0.00146 / 1-6-4:0.0949:0.09595:0.00103 / 1-5-6:0.0599:0.06197:0.00208 / 1-2-6:0.0547:0.05616:0.00144 / 1-4-6:0.0498:0.05080:0.00099 / 6-1-5:0.0443:0.04568:0.00142 / 6-1-2:0.0410:0.04198:0.00101 / 6-1-4:0.0378:0.03847:0.00071 / 1-6-3:0.0256:0.04463:0.01901 / 5-1-6:0.0200:0.02149:0.00145 / 2-1-6:0.0184:0.01940:0.00099 / 4-1-6:0.0168:0.01748:0.00068 / 1-5-2:0.0139:0.01563:0.00173 / 1-2-5:0.0137:0.01541:0.00168 / 1-5-4:0.0131:0.01432:0.00121 / 1-4-5:0.0128:0.01394:0.00116 / 1-2-4:0.0121:0.01298:0.00084 / 1-4-2:0.0120:0.01281:0.00083,leakfree-2026-06,1-2-5:0.0708:0.07250:0.00168 / 1-5-2:0.0708:0.07250:0.00173 / 1-2-4:0.0577:0.05858:0.00084 / 1-5-4:0.0574:0.05858:0.00121 / 1-4-2:0.0540:0.05485:0.00083 / 1-4-5:0.0537:0.05485:0.00116 / 1-2-3:0.0430:0.05858:0.01560 / 1-5-3:0.0361:0.05858:0.02244 / 1-4-3:0.0336:0.04432:0.01074,0.7833 0.0567 0.0458 0.0458 0.0567 0.0118,grade=5|a1=0|a12=3|c1cls=2|p1m=0.7833|p1k=0.3387
2026-09-27,下関,5,✅低(堅),9,1-2-4 / 1-2-6 / 1-2-5 / 1-4-2 / 1-6-2 / 1-5-2 / 2-1-4 / 1-2-3 / 2-1-6,0.0684,1号稲田 浩二,2号大田 直弥,4号桐本 康臣,1.0,1.0,,,,,,model_new(old),1:1.0|2:21.5|3:32.2|4:7.1|5:11.7|6:21.5,1-2-4:0.0684:0.11400:0.04556 / 1-2-6:0.0419:0.05695:0.01505 / 1-2-5:0.0410:0.06867:0.02765 / 1-4-2:0.0402:0.10623:0.06607 / 1-6-2:0.0290:0.04409:0.01505 / 1-5-2:0.0234:0.05508:0.03171 / 2-1-4:0.0159:0.02812:0.01224 / 1-2-3:0.0112:0.02123:0.01005 / 2-1-6:0.0100:0.01405:0.00404,leakfree-2026-06,1-4-2:0.0970:0.16305:0.06607 / 1-2-4:0.0730:0.11860:0.04556,0.7884 0.0527 0.011 0.096 0.0426 0.0093,grade=5|a1=1|a12=2|c1cls=1|p1m=0.7884|p1k=0.7405
2026-09-27,下関,6,△中,14,1-5-2 / 1-2-5 / 5-1-2 / 1-2-6 / 1-5-6 / 1-6-2 / 1-6-5 / 1-5-3 / 5-1-6 / 2-1-6 / 1-3-5 / 6-1-2 / 2-1-5 / 6-1-5,0.0887,1号上野 秀和,2号篠崎 仁志,5号横田 貴満,1.0,1.0,,,,,,model_new(old),1:2.4|2:1.8|3:17.8|4:5.7|5:7.7|6:60.0,1-5-2:0.0887:0.11835:0.02966 / 1-2-5:0.0720:0.13509:0.06305 / 5-1-2:0.0478:0.07053:0.02269 / 1-2-6:0.0326:0.04073:0.00809 / 1-5-6:0.0281:0.02903:0.00089 / 1-6-2:0.0226:0.02590:0.00334 / 1-6-5:0.0203:0.02107:0.00078 / 1-5-3:0.0172:0.02024:0.00300 / 5-1-6:0.0166:0.01730:0.00068 / 2-1-6:0.0160:0.02549:0.00951 / 1-3-5:0.0114:0.01418:0.00275 / 6-1-2:0.0111:0.01346:0.00234 / 2-1-5:0.0105:0.08455:0.07407 / 6-1-5:0.0104:0.01096:0.00055,leakfree-2026-06,1-2-5:0.0967:0.15977:0.06305 / 2-1-5:0.0641:0.13820:0.07407 / 1-5-2:0.0601:0.08975:0.02966 / 1-2-3:0.0434:0.07064:0.02727 / 5-1-2:0.0380:0.06070:0.02269,0.4262 0.3366 0.067 0.0101 0.1516 0.0085,grade=5|a1=1|a12=3|c1cls=2|p1m=0.4262|p1k=0.3086
2026-09-27,下関,7,✅低(堅),10,1-2-5 / 1-2-6 / 1-2-3 / 1-5-2 / 1-6-2 / 1-3-2 / 2-1-5 / 1-2-4 / 2-1-6 / 2-1-3,0.0675,1号下出 卓矢,2号山谷 央,5号塩田 北斗,1.0,1.0,,,,,,model_new(old),1:1.3|2:12.1|3:14.1|4:11.7|5:3.6|6:11.7,1-2-5:0.0675:0.10866:0.04114 / 1-2-6:0.0408:0.05349:0.01266 / 1-2-3:0.0352:0.04567:0.01050 / 1-5-2:0.0342:0.10010:0.06588 / 1-6-2:0.0279:0.04066:0.01273 / 1-3-2:0.0236:0.03388:0.01027 / 2-1-5:0.0194:0.03858:0.01922 / 1-2-4:0.0191:0.03179:0.01266 / 2-1-6:0.0131:0.01899:0.00592 / 2-1-3:0.0113:0.01622:0.00491,leakfree-2026-06,1-5-2:0.0880:0.15386:0.06588 / 1-2-5:0.0647:0.10584:0.04114 / 1-5-3:0.0296:0.08616:0.05653,0.6722 0.0808 0.0452 0.0323 0.1579 0.0117,grade=5|a1=2|a12=3|c1cls=1|p1m=0.6722|p1k=0.5609
2026-09-27,下関,8,△中,14,1-3-5 / 3-1-5 / 1-3-6 / 1-5-3 / 3-1-6 / 3-5-1 / 5-1-3 / 1-6-3 / 5-3-1 / 3-6-1 / 6-1-3 / 6-3-1 / 1-5-6 / 1-6-5,0.0547,1号藤田 靖弘,3号中辻 崇人,5号岡瀬 正人,1.0,1.0,,,,,,model_new(old),1:2.2|2:3.5|3:2.0|4:17.6|5:35.2|6:35.2,1-3-5:0.0547:0.06794:0.01328 / 3-1-5:0.0468:0.06079:0.01398 / 1-3-6:0.0360:0.04923:0.01328 / 1-5-3:0.0356:0.04173:0.00609 / 3-1-6:0.0301:0.04405:0.01398 / 3-5-1:0.0259:0.03265:0.00677 / 5-1-3:0.0250:0.02911:0.00413 / 1-6-3:0.0224:0.02850:0.00609 / 5-3-1:0.0211:0.02545:0.00436 / 3-6-1:0.0157:0.02247:0.00677 / 6-1-3:0.0151:0.01922:0.00413 / 6-3-1:0.0126:0.01693:0.00436 / 1-5-6:0.0107:0.01100:0.00035 / 1-6-5:0.0100:0.01037:0.00035,leakfree-2026-06,1-3-5:0.1210:0.13427:0.01328 / 3-1-5:0.1075:0.12152:0.01398 / 1-3-4:0.0349:0.06150:0.02656,0.4661 0.0464 0.4101 0.0213 0.0464 0.0097,grade=5|a1=1|a12=3|c1cls=2|p1m=0.4661|p1k=0.3357
2026-09-27,若松,1,✅低(堅),4,1-5-6 / 1-6-5 / 5-1-6 / 6-1-5,0.0159,1号島川 海輝,3号井本 昌也,5号松田 淳平,1.0,1.0,,,,,,model_new(old),1:1.0|2:12.4|3:8.3|4:9.0|5:15.7|6:29.9,1-5-6:0.0159:0.02660:0.01068 / 1-6-5:0.0158:0.02557:0.00982 / 5-1-6:0.0114:0.01461:0.00325 / 6-1-5:0.0109:0.01381:0.00292,leakfree-2026-06,1-3-2:0.0517:0.10995:0.05829 / 1-2-3:0.0450:0.09624:0.05123,0.6485 0.0999 0.1313 0.0705 0.0395 0.0102,grade=2|a1=5|a12=6|c1cls=2|p1m=0.6485|p1k=0.7095
2026-09-27,若松,2,✅低(堅),4,1-4-3 / 4-1-3 / 1-4-6 / 3-1-4,0.0280,1号宮脇 遼太,4号佐藤 航,3号畑田 汰一,1.0,1.0,,,,,,model_new(old),1:1.0|2:18.9|3:10.7|4:14.3|5:26.3|6:39.5,1-4-3:0.0280:0.11512:0.08709 / 4-1-3:0.0212:0.04129:0.02013 / 1-4-6:0.0135:0.03711:0.02359 / 3-1-4:0.0127:0.03581:0.02313,leakfree-2026-06,,0.7571 0.052 0.075 0.075 0.03 0.0109,grade=2|a1=5|a12=6|c1cls=1|p1m=0.7571|p1k=0.7815
2026-09-27,若松,3,✅低(堅),9,1-6-5 / 1-5-6 / 1-6-3 / 1-6-4 / 6-1-5 / 5-1-6 / 1-3-6 / 6-1-3 / 6-1-4,0.0618,1号加藤 翔馬,6号小芦 るり華,5号若林 義人,1.0,1.0,,,,,,model_new(old),1:1.2|2:14.7|3:8.6|4:6.4|5:10.6|6:12.9,1-6-5:0.0618:0.08216:0.02032 / 1-5-6:0.0506:0.07170:0.02114 / 1-6-3:0.0278:0.05288:0.02505 / 1-6-4:0.0270:0.06064:0.03366 / 6-1-5:0.0254:0.03360:0.00821 / 5-1-6:0.0196:0.02822:0.00866 / 1-3-6:0.0138:0.04134:0.02750 / 6-1-3:0.0115:0.02163:0.01012 / 6-1-4:0.0112:0.02480:0.01360,leakfree-2026-06,1-3-5:0.0632:0.09671:0.03346 / 1-5-3:0.0615:0.09322:0.03171 / 1-3-2:0.0349:0.05905:0.02413 / 1-5-2:0.0336:0.05220:0.01855,0.7489 0.0438 0.0782 0.0312 0.0717 0.0262,grade=2|a1=5|a12=6|c1cls=1|p1m=0.7489|p1k=0.6192
2026-09-27,若松,4,✅低(堅),11,1-5-2 / 1-5-3 / 1-3-5 / 1-2-5 / 5-1-2 / 1-5-4 / 5-1-3 / 2-1-5 / 3-1-5 / 5-1-4 / 1-4-5,0.0453,1号原田 才一郎,5号宮田 龍馬,2号飛田 江己,3.0,3.0,,,,,,model_new(old),1:1.1|2:9.6|3:15.1|4:10.8|5:14.7|6:9.8,1-5-2:0.0453:0.07568:0.03036 / 1-5-3:0.0438:0.06307:0.01930 / 1-3-5:0.0332:0.05245:0.01921 / 1-2-5:0.0326:0.06630:0.03370 / 5-1-2:0.0231:0.03340:0.01032 / 1-5-4:0.0227:0.04966:0.02699 / 5-1-3:0.0213:0.02783:0.00656 / 2-1-5:0.0163:0.02810:0.01179 / 3-1-5:0.0153:0.02185:0.00652 / 5-1-4:0.0127:0.02192:0.00917 / 1-4-5:0.0103:0.03920:0.02894,leakfree-2026-06,1-3-2:0.0450:0.07438:0.02941 / 1-2-3:0.0440:0.07683:0.03281 / 1-3-4:0.0421:0.06822:0.02615 / 1-4-3:0.0400:0.06822:0.02817 / 1-2-4:0.0310:0.07683:0.04587 / 1-4-2:0.0301:0.07438:0.04431,0.7416 0.0735 0.0674 0.0674 0.0411 0.009,grade=2|a1=6|a12=6|c1cls=1|p1m=0.7416|p1k=0.6773
2026-09-27,若松,5,✅低(堅),17,1-6-2 / 1-2-6 / 1-6-3 / 1-3-6 / 1-6-5 / 1-5-6 / 6-1-2 / 2-1-6 / 1-3-5 / 6-1-3 / 1-5-3 / 1-6-4 / 3-1-6 / 6-1-5 / 1-5-2 / 5-1-6 / 1-4-6,0.0383,1号砂長 知輝,2号中村 日向,6号塚越 海斗,2.0,2.0,,,,,,model_new(old),1:1.8|2:2.7|3:8.9|4:4.4|5:14.2|6:34.5,1-6-2:0.0383:0.04517:0.00692 / 1-2-6:0.0365:0.04875:0.01230 / 1-6-3:0.0279:0.02999:0.00210 / 1-3-6:0.0261:0.02849:0.00235 / 1-6-5:0.0251:0.02643:0.00132 / 1-5-6:0.0230:0.02442:0.00139 / 6-1-2:0.0202:0.02441:0.00419 / 2-1-6:0.0172:0.02718:0.01001 / 1-3-5:0.0150:0.02072:0.00571 / 6-1-3:0.0149:0.01621:0.00127 / 1-5-3:0.0148:0.02016:0.00538 / 1-6-4:0.0146:0.01885:0.00424 / 3-1-6:0.0135:0.01507:0.00152 / 6-1-5:0.0135:0.01428:0.00080 / 1-5-2:0.0126:0.03036:0.01775 / 5-1-6:0.0119:0.01276:0.00087 / 1-4-6:0.0108:0.01646:0.00569,leakfree-2026-06,1-2-3:0.1111:0.15876:0.04766 / 1-3-2:0.0564:0.08643:0.03002 / 2-1-3:0.0464:0.08521:0.03879 / 1-2-5:0.0335:0.06341:0.02987,0.5886 0.2335 0.0846 0.0474 0.0338 0.0122,grade=2|a1=5|a12=6|c1cls=1|p1m=0.5886|p1k=0.4070
2026-09-27,若松,6,✅低(堅),5,1-2-6 / 1-6-2 / 1-2-5 / 1-5-6 / 1-5-2,0.0172,1号西岡 顕心,2号平川 香織,3号宗行 治哉,3.0,3.0,,,,,,model_new(old),1:1.1|2:6.7|3:7.7|4:10.0|5:13.8|6:36.3,1-2-6:0.0172:0.03420:0.01704 / 1-6-2:0.0139:0.02633:0.01244 / 1-2-5:0.0110:0.05577:0.04481 / 1-5-6:0.0108:0.01754:0.00671 / 1-5-2:0.0107:0.04700:0.03635,leakfree-2026-06,1-2-5:0.0644:0.10918:0.04481 / 1-5-2:0.0337:0.07004:0.03635 / 1-2-3:0.0289:0.10918:0.08031 / 1-2-4:0.0264:0.08822:0.06184,0.6993 0.1416 0.0527 0.0426 0.0527 0.011,grade=2|a1=5|a12=6|c1cls=1|p1m=0.6993|p1k=0.6549
2026-09-27,若松,7,✅低(堅),1,1-3-6,0.0115,1号常住 蓮,3号佐藤 航,4号若林 義人,2.0,2.0,,,,,,model_new(old),1:1.1|2:17.0|3:8.0|4:7.9|5:10.2|6:13.8,1-3-6:0.0115:0.04607:0.03461,leakfree-2026-06,1-4-3:0.0998:0.16052:0.06073 / 1-3-4:0.0909:0.15134:0.06046 / 4-1-3:0.0392:0.06236:0.02312 / 3-1-4:0.0350:0.05797:0.02299,0.6637 0.0404 0.1222 0.1344 0.0288 0.0104,grade=2|a1=6|a12=6|c1cls=1|p1m=0.6637|p1k=0.6540
2026-09-27,若松,8,✅低(堅),10,1-5-3 / 1-3-5 / 1-5-4 / 1-4-5 / 1-4-3 / 1-3-4 / 1-5-6 / 1-6-5 / 1-4-6 / 1-6-4,0.0220,1号田中 駿兵,3号濱野 斗馬,5号澤田 尚也,1.0,1.0,,,,,,model_new(old),1:1.3|2:5.7|3:5.9|4:13.3|5:14.7|6:9.6,1-5-3:0.0220:0.04300:0.02098 / 1-3-5:0.0216:0.04757:0.02601 / 1-5-4:0.0213:0.03058:0.00931 / 1-4-5:0.0210:0.03047:0.00943 / 1-4-3:0.0187:0.04225:0.02351 / 1-3-4:0.0182:0.04690:0.02875 / 1-5-6:0.0176:0.03049:0.01289 / 1-6-5:0.0165:0.03037:0.01385 / 1-4-6:0.0155:0.02996:0.01445 / 1-6-4:0.0146:0.02994:0.01530,leakfree-2026-06,1-2-4:0.0549:0.08509:0.03018 / 1-2-3:0.0547:0.12278:0.06804 / 1-2-5:0.0414:0.06876:0.02731 / 1-4-2:0.0357:0.06007:0.02433 / 1-3-2:0.0282:0.09529:0.06708,0.7116 0.1193 0.0705 0.0489 0.0395 0.0102,grade=2|a1=6|a12=6|c1cls=1|p1m=0.7116|p1k=0.5650
2026-09-27,若松,9,✅低(堅),17,1-6-4 / 1-4-6 / 6-1-4 / 4-1-6 / 1-6-3 / 6-4-1 / 4-6-1 / 1-4-3 / 6-1-3 / 1-3-6 / 4-1-3 / 1-6-5 / 1-3-4 / 1-4-5 / 3-1-6 / 6-1-5 / 1-5-6,0.0378,1号青木 蓮,6号前田 翔,4号津田 陸翔,0.0,1.0,,,,,,model_new(old),1:1.8|2:2.6|3:4.6|4:14.3|5:13.1|6:15.8,1-6-4:0.0378:0.04073:0.00296 / 1-4-6:0.0372:0.04020:0.00299 / 6-1-4:0.0283:0.03012:0.00184 / 4-1-6:0.0276:0.02952:0.00187 / 1-6-3:0.0208:0.02997:0.00921 / 6-4-1:0.0189:0.02004:0.00112 / 4-6-1:0.0188:0.01990:0.00112 / 1-4-3:0.0183:0.02856:0.01026 / 6-1-3:0.0164:0.02216:0.00573 / 1-3-6:0.0153:0.02694:0.01160 / 4-1-3:0.0146:0.02097:0.00642 / 1-6-5:0.0137:0.01697:0.00323 / 1-3-4:0.0132:0.02602:0.01281 / 1-4-5:0.0126:0.01618:0.00360 / 3-1-6:0.0106:0.01879:0.00818 / 6-1-5:0.0105:0.01255:0.00201 / 1-5-6:0.0105:0.01377:0.00329,leakfree-2026-06,1-4-3:0.0694:0.07962:0.01026 / 1-3-4:0.0668:0.07962:0.01281 / 1-4-2:0.0615:0.07962:0.01816 / 1-2-4:0.0481:0.07962:0.03154,0.7032 0.0845 0.0845 0.0845 0.0268 0.0166,grade=2|a1=4|a12=6|c1cls=2|p1m=0.7032|p1k=0.4064
2026-09-27,福岡,7,✅低(堅),16,1-4-3 / 1-3-4 / 1-4-5 / 1-4-6 / 1-5-4 / 1-6-4 / 1-3-5 / 1-3-6 / 1-5-3 / 1-6-3 / 4-1-3 / 1-5-6 / 3-1-4 / 1-6-5 / 4-1-5 / 4-1-6,0.0892,1号市橋 卓士,4号山下 夏鈴,3号中嶋 達也,2.0,2.0,,,,,,model_new(old),1:1.1|2:3.8|3:20.5|4:11.1|5:41.0|6:61.5,1-4-3:0.0892:0.10818:0.01894 / 1-3-4:0.0716:0.08859:0.01695 / 1-4-5:0.0571:0.06660:0.00947 / 1-4-6:0.0540:0.06034:0.00631 / 1-5-4:0.0408:0.04878:0.00798 / 1-6-4:0.0383:0.04351:0.00522 / 1-3-5:0.0297:0.03430:0.00459 / 1-3-6:0.0280:0.03108:0.00306 / 1-5-3:0.0264:0.03068:0.00432 / 1-6-3:0.0245:0.02736:0.00283 / 4-1-3:0.0202:0.02682:0.00664 / 1-5-6:0.0157:0.01711:0.00144 / 3-1-4:0.0155:0.02123:0.00576 / 1-6-5:0.0154:0.01684:0.00141 / 4-1-5:0.0132:0.01651:0.00332 / 4-1-6:0.0127:0.01496:0.00221,leakfree-2026-06,1-4-2:0.0875:0.18968:0.10215 / 1-4-3:0.0585:0.07743:0.01894 / 1-4-5:0.0507:0.06021:0.00947,0.7113 0.0774 0.0316 0.144 0.0246 0.0112,grade=5|a1=1|a12=3|c1cls=1|p1m=0.7113|p1k=0.6725
2026-09-27,福岡,8,△中,15,1-5-6 / 1-6-5 / 1-6-2 / 1-6-4 / 1-4-6 / 1-2-6 / 1-6-3 / 1-3-6 / 1-5-4 / 1-5-3 / 5-1-6 / 6-1-5 / 1-4-5 / 6-1-2 / 2-1-6,0.0247,1号尾崎 雄二,2号古川 健,5号薮内 瑞希,2.0,2.0,,,,,,model_new(old),1:1.1|2:5.6|3:8.7|4:9.8|5:26.2|6:78.7,1-5-6:0.0247:0.02651:0.00178 / 1-6-5:0.0239:0.02557:0.00168 / 1-6-2:0.0212:0.02902:0.00786 / 1-6-4:0.0193:0.02381:0.00449 / 1-4-6:0.0186:0.02425:0.00566 / 1-2-6:0.0185:0.03119:0.01273 / 1-6-3:0.0182:0.02325:0.00506 / 1-3-6:0.0169:0.02354:0.00662 / 1-5-4:0.0144:0.02874:0.01433 / 1-5-3:0.0119:0.02806:0.01614 / 5-1-6:0.0118:0.01244:0.00060 / 6-1-5:0.0113:0.01184:0.00056 / 1-4-5:0.0112:0.02823:0.01699 / 6-1-2:0.0108:0.01344:0.00261 / 2-1-6:0.0100:0.01484:0.00483,leakfree-2026-06,1-2-5:0.0622:0.10042:0.03823 / 1-5-2:0.0427:0.06781:0.02508,0.6326 0.1667 0.0765 0.0429 0.0702 0.0111,grade=5|a1=0|a12=2|c1cls=2|p1m=0.6326|p1k=0.6707
2026-09-27,福岡,9,🌊最高(大荒),23,1-5-3 / 1-5-2 / 5-1-2 / 1-3-5 / 5-1-3 / 5-2-1 / 2-5-1 / 1-5-6 / 3-1-5 / 1-6-2 / 1-6-5 / 1-3-6 / 5-1-6 / 1-6-3 / 1-2-6 / 2-1-6 / 6-1-2 / 5-3-1 / 3-5-1 / 2-6-1 / 6-1-5 / 3-1-6 / 6-2-1,0.0217,1号富山 弘幸,2号黒柳 浩孝,5号和田 操拓,2.0,2.0,,,,,,model_new(old),1:1.4|2:2.5|3:13.6|4:8.6|5:31.7|6:95.2,1-5-3:0.0217:0.02499:0.00324 / 1-5-2:0.0216:0.03925:0.01765 / 5-1-2:0.0212:0.02965:0.00848 / 1-3-5:0.0207:0.02419:0.00349 / 5-1-3:0.0173:0.01888:0.00156 / 5-2-1:0.0173:0.02286:0.00557 / 2-5-1:0.0170:0.02470:0.00774 / 1-5-6:0.0168:0.01730:0.00046 / 3-1-5:0.0162:0.01794:0.00173 / 1-6-2:0.0161:0.02173:0.00568 / 1-6-5:0.0150:0.01544:0.00045 / 1-3-6:0.0139:0.01502:0.00116 / 5-1-6:0.0128:0.01307:0.00022 / 1-6-3:0.0128:0.01384:0.00104 / 1-2-6:0.0128:0.02800:0.01522 / 2-1-6:0.0127:0.02286:0.01016 / 6-1-2:0.0127:0.01535:0.00269 / 5-3-1:0.0122:0.01293:0.00075 / 3-5-1:0.0119:0.01269:0.00078 / 2-6-1:0.0115:0.01402:0.00252 / 6-1-5:0.0107:0.01090:0.00021 / 3-1-6:0.0106:0.01113:0.00058 / 6-2-1:0.0104:0.01214:0.00178,leakfree-2026-06,1-3-2:0.0671:0.11132:0.04424 / 3-1-2:0.0457:0.06766:0.02196 / 1-3-5:0.0353:0.03883:0.00349,0.4966 0.2178 0.1718 0.0264 0.076 0.0114,grade=5|a1=0|a12=0|c1cls=3|p1m=0.4966|p1k=0.5306
2026-09-27,福岡,10,△中,10,1-5-4 / 1-4-5 / 1-5-6 / 1-5-3 / 5-1-4 / 1-3-5 / 4-1-5 / 5-1-6 / 5-1-3 / 1-6-5,0.0257,1号鶴田 勇雄,5号畑 竜生,6号大原 祥昌,2.0,2.0,,,,,,model_new(old),1:1.8|2:5.0|3:9.1|4:9.1|5:7.6|6:4.2,1-5-4:0.0257:0.03723:0.01150 / 1-4-5:0.0212:0.03238:0.01113 / 1-5-6:0.0189:0.04377:0.02492 / 1-5-3:0.0176:0.02908:0.01150 / 5-1-4:0.0170:0.02445:0.00748 / 1-3-5:0.0129:0.02403:0.01113 / 4-1-5:0.0128:0.01990:0.00712 / 5-1-6:0.0125:0.02875:0.01621 / 5-1-3:0.0116:0.01911:0.00748 / 1-6-5:0.0100:0.03975:0.02973,leakfree-2026-06,1-3-2:0.0969:0.11385:0.01692 / 1-2-3:0.0846:0.10412:0.01951 / 3-1-2:0.0546:0.06546:0.01082 / 2-1-3:0.0445:0.05797:0.01345 / 1-3-4:0.0331:0.04239:0.00930 / 1-3-5:0.0313:0.04239:0.01113,0.5306 0.1569 0.1836 0.0584 0.0584 0.0122,grade=5|a1=0|a12=5|c1cls=2|p1m=0.5306|p1k=0.4130
2026-09-27,福岡,11,✅低(堅),11,1-3-4 / 1-3-2 / 1-3-6 / 3-1-4 / 1-4-3 / 1-3-5 / 3-1-2 / 3-1-6 / 3-1-5 / 4-1-3 / 1-5-3,0.1060,1号杉山 裕也,3号井上 一輝,2号東本 勝利,2.0,2.0,,,,,,model_new(old),1:1.0|2:6.2|3:23.0|4:28.0|5:130.7|6:7.6,1-3-4:0.1060:0.11485:0.00882 / 1-3-2:0.0779:0.11773:0.03981 / 1-3-6:0.0630:0.09551:0.03248 / 3-1-4:0.0485:0.05102:0.00250 / 1-4-3:0.0477:0.05631:0.00862 / 1-3-5:0.0411:0.04296:0.00189 / 3-1-2:0.0410:0.05230:0.01131 / 3-1-6:0.0332:0.04243:0.00923 / 3-1-5:0.0185:0.01908:0.00054 / 4-1-3:0.0185:0.02090:0.00243 / 1-5-3:0.0175:0.01924:0.00171,leakfree-2026-06,1-3-2:0.1213:0.16114:0.03981 / 1-3-4:0.1029:0.11168:0.00882 / 1-4-3:0.0656:0.07426:0.00862 / 1-2-3:0.0582:0.11946:0.06128 / 3-1-2:0.0461:0.05745:0.01131 / 3-1-4:0.0373:0.03981:0.00250,0.6938 0.0834 0.141 0.0578 0.0121 0.0121,grade=5|a1=2|a12=6|c1cls=2|p1m=0.6938|p1k=0.7248
2026-09-27,福岡,12,✅低(堅),17,1-5-4 / 1-5-6 / 1-6-5 / 1-4-5 / 1-5-3 / 1-5-2 / 1-3-5 / 1-2-5 / 5-1-4 / 1-6-4 / 5-1-6 / 1-4-6 / 6-1-5 / 5-1-3 / 1-6-3 / 5-1-2 / 1-6-2,0.0360,1号井口 佳典,5号高橋 竜矢,4号高倉 和士,2.0,2.0,,,,,,model_new(old),1:1.2|2:8.3|3:8.0|4:5.2|5:23.2|6:40.1,1-5-4:0.0360:0.05806:0.02204 / 1-5-6:0.0310:0.03384:0.00286 / 1-6-5:0.0263:0.02910:0.00275 / 1-4-5:0.0245:0.05703:0.03253 / 1-5-3:0.0237:0.03802:0.01432 / 1-5-2:0.0233:0.03713:0.01381 / 1-3-5:0.0160:0.03341:0.01740 / 1-2-5:0.0159:0.03247:0.01658 / 5-1-4:0.0157:0.02428:0.00860 / 1-6-4:0.0154:0.02766:0.01227 / 5-1-6:0.0130:0.01415:0.00112 / 1-4-6:0.0128:0.03160:0.01882 / 6-1-5:0.0105:0.01159:0.00106 / 5-1-3:0.0103:0.01590:0.00559 / 1-6-3:0.0101:0.01811:0.00797 / 5-1-2:0.0101:0.01553:0.00539 / 1-6-2:0.0100:0.01769:0.00769,leakfree-2026-06,1-2-5:0.0394:0.05598:0.01658 / 1-2-4:0.0280:0.10201:0.07397,0.6315 0.1412 0.0696 0.0958 0.0526 0.0093,grade=5|a1=4|a12=5|c1cls=1|p1m=0.6315|p1k=0.6223
2026-09-28,津,1,✅低(堅),9,1-2-3 / 1-2-5 / 2-1-3 / 1-3-2 / 2-1-5 / 3-1-2 / 1-5-2 / 5-1-2 / 2-1-4,0.0492,1号杉山 貴博,2号高山 智至,3号上之 晃弘,0.0,0.0,,,,,,model_new(old),1:1.0|2:26.2|3:39.3|4:39.3|5:39.3|6:78.7,1-2-3:0.0492:0.12530:0.07606 / 1-2-5:0.0382:0.11429:0.07606 / 2-1-3:0.0246:0.03347:0.00889 / 1-3-2:0.0232:0.08978:0.06655 / 2-1-5:0.0216:0.03053:0.00889 / 3-1-2:0.0150:0.02264:0.00768 / 1-5-2:0.0134:0.08000:0.06655 / 5-1-2:0.0124:0.02007:0.00768 / 2-1-4:0.0113:0.02016:0.00889,leakfree-2026-06,1-3-2:0.0456:0.11211:0.06655 / 1-3-4:0.0333:0.07770:0.04437 / 1-2-3:0.0246:0.10071:0.07606,0.7379 0.0732 0.0924 0.0507 0.041 0.0049,grade=5|a1=0|a12=1|c1cls=2|p1m=0.7379|p1k=0.8871
2026-09-28,尼崎,1,⚠高(荒),2,3-1-5 / 3-5-1,0.0104,1号米玉利 大悟,3号末永 和也,4号三木 晴斗,1.0,0.0,,,,,,model_new(old),1:1.2|2:11.3|3:3.7|4:7.0|5:37.7|6:37.7,3-1-5:0.0104:0.02395:0.01354 / 3-5-1:0.0102:0.01375:0.00353,leakfree-2026-06,3-2-1:0.0424:0.05493:0.01248 / 3-1-2:0.0364:0.08161:0.04517 / 3-4-1:0.0337:0.05493:0.02127,0.2898 0.1365 0.3945 0.1365 0.0351 0.0077,grade=5|a1=1|a12=1|c1cls=3|p1m=0.2898|p1k=0.6004
2026-09-28,鳴門,1,✅低(堅),10,1-6-2 / 1-2-6 / 6-1-2 / 1-6-5 / 2-1-6 / 1-5-6 / 1-6-3 / 6-1-5 / 1-2-5 / 1-5-2,0.0764,1号高橋 正男,6号川田 正人,2号杉山 太陽,0.0,1.0,,,,,,model_new(old),1:1.2|2:8.6|3:8.6|4:6.1|5:104.2|6:8.0,1-6-2:0.0764:0.11754:0.04116 / 1-2-6:0.0514:0.09167:0.04030 / 6-1-2:0.0344:0.05199:0.01764 / 1-6-5:0.0323:0.03572:0.00340 / 2-1-6:0.0207:0.03782:0.01715 / 1-5-6:0.0198:0.02243:0.00265 / 1-6-3:0.0148:0.05597:0.04116 / 6-1-5:0.0143:0.01580:0.00146 / 1-2-5:0.0140:0.01705:0.00309 / 1-5-2:0.0113:0.01373:0.00246,leakfree-2026-06,1-2-3:0.0648:0.10229:0.03748 / 1-2-4:0.0494:0.10229:0.05285 / 1-3-2:0.0432:0.08067:0.03748 / 1-2-6:0.0327:0.07296:0.04030 / 1-4-2:0.0210:0.08067:0.05971,0.7925 0.0785 0.044 0.044 0.0096 0.0314,grade=5|a1=0|a12=1|c1cls=2|p1m=0.7925|p1k=0.6108
2026-09-28,鳴門,2,⚠高(荒),10,1-3-2 / 1-2-3 / 1-3-4 / 1-4-3 / 3-1-2 / 3-1-4 / 1-4-2 / 4-1-3 / 2-1-3 / 1-2-4,0.0424,1号山地 正樹,2号笠置 博之,3号海野 ゆかり,1.0,1.0,,,,,,model_new(old),1:3.0|2:2.1|3:6.6|4:4.2|5:6.8|6:92.0,1-3-2:0.0424:0.06227:0.01985 / 1-2-3:0.0390:0.07061:0.03162 / 1-3-4:0.0305:0.04042:0.00992 / 1-4-3:0.0273:0.03827:0.01102 / 3-1-2:0.0229:0.03971:0.01685 / 3-1-4:0.0173:0.02577:0.00843 / 1-4-2:0.0156:0.05023:0.03463 / 4-1-3:0.0137:0.02379:0.01008 / 2-1-3:0.0109:0.04763:0.03674 / 1-2-4:0.0105:0.06015:0.04968,leakfree-2026-06,1-2-3:0.1003:0.13190:0.03162 / 1-3-2:0.0550:0.07481:0.01985 / 1-2-4:0.0548:0.10445:0.04968 / 2-1-3:0.0468:0.08355:0.03674,0.53 0.258 0.0961 0.0761 0.0304 0.0093,grade=5|a1=2|a12=2|c1cls=3|p1m=0.5300|p1k=0.2456
2026-09-28,鳴門,3,✅低(堅),13,1-5-3 / 1-3-5 / 1-2-5 / 1-5-2 / 1-2-3 / 1-2-6 / 1-3-2 / 1-6-2 / 1-5-6 / 1-6-5 / 1-6-3 / 1-3-6 / 1-5-4,0.0349,1号大平 誉史明,3号岡田 憲行,2号川辺 郭人,1.0,1.0,,,,,,model_new(old),1:1.4|2:12.5|3:3.9|4:4.8|5:22.0|6:19.5,1-5-3:0.0349:0.05096:0.01606 / 1-3-5:0.0338:0.05861:0.02486 / 1-2-5:0.0335:0.03882:0.00532 / 1-5-2:0.0324:0.03742:0.00501 / 1-2-3:0.0313:0.06135:0.03001 / 1-2-6:0.0261:0.03212:0.00600 / 1-3-2:0.0243:0.06802:0.04375 / 1-6-2:0.0241:0.02980:0.00571 / 1-5-6:0.0235:0.02668:0.00321 / 1-6-5:0.0224:0.02568:0.00324 / 1-6-3:0.0223:0.04059:0.01830 / 1-3-6:0.0205:0.04850:0.02805 / 1-5-4:0.0152:0.02820:0.01305,leakfree-2026-06,1-3-2:0.0711:0.11488:0.04375 / 1-2-3:0.0533:0.08329:0.03001 / 1-3-5:0.0413:0.06621:0.02486,0.7424 0.0537 0.1098 0.0537 0.0309 0.0095,grade=5|a1=1|a12=2|c1cls=1|p1m=0.7424|p1k=0.5269
2026-09-28,鳴門,4,✅低(堅),9,1-3-6 / 1-6-3 / 1-6-5 / 1-5-6 / 1-3-5 / 1-6-2 / 1-2-6 / 1-5-3 / 1-3-2,0.0292,1号稗田 聖也,3号香川 素子,2号飯島 誠,1.0,1.0,,,,,,model_new(old),1:1.1|2:10.1|3:10.6|4:9.4|5:11.6|6:22.2,1-3-6:0.0292:0.04907:0.01987 / 1-6-3:0.0267:0.04408:0.01733 / 1-6-5:0.0185:0.03433:0.01584 / 1-5-6:0.0176:0.03531:0.01773 / 1-3-5:0.0169:0.05495:0.03803 / 1-6-2:0.0169:0.03506:0.01819 / 1-2-6:0.0151:0.03627:0.02115 / 1-5-3:0.0136:0.05077:0.03713 / 1-3-2:0.0124:0.05612:0.04367,leakfree-2026-06,1-3-2:0.0489:0.09256:0.04367 / 1-3-5:0.0368:0.07479:0.03803 / 1-2-3:0.0357:0.08002:0.04429,0.7733 0.0531 0.0766 0.0429 0.0429 0.0111,grade=5|a1=1|a12=3|c1cls=1|p1m=0.7733|p1k=0.6784
2026-09-28,鳴門,5,△中,8,1-5-6 / 1-5-4 / 1-6-5 / 1-4-5 / 5-1-6 / 5-1-4 / 6-1-5 / 1-5-2,0.0191,1号津久井 拓也,6号西島 義則,5号冨名腰 桃奈,0.0,1.0,,,,,,model_new(old),1:1.3|2:16.1|3:5.5|4:8.5|5:15.3|6:6.8,1-5-6:0.0191:0.03791:0.01885 / 1-5-4:0.0179:0.03295:0.01508 / 1-6-5:0.0164:0.03883:0.02246 / 1-4-5:0.0155:0.03236:0.01681 / 5-1-6:0.0125:0.02096:0.00847 / 5-1-4:0.0114:0.01822:0.00677 / 6-1-5:0.0109:0.02169:0.01078 / 1-5-2:0.0106:0.01859:0.00796,leakfree-2026-06,,0.6461 0.052 0.0928 0.0928 0.0643 0.052,grade=5|a1=1|a12=2|c1cls=2|p1m=0.6461|p1k=0.5727
2026-09-28,鳴門,6,⚠高(荒),0,,0.0000,1号松下 誉士,5号鈴木 博,4号枝尾 賢,0.0,1.0,,,,,,model_new(old),1:1.8|2:0.0|3:1.8|4:3.7|5:0.0|6:0.0,,leakfree-2026-06,,0.4242 0.0693 0.1354 0.2202 0.1509 0.0001,grade=5|a1=1|a12=3|c1cls=3|p1m=0.4242|p1k=0.4022
2026-09-28,児島,1,✅低(堅),12,1-4-5 / 1-5-4 / 1-4-6 / 4-1-5 / 1-6-4 / 5-1-4 / 1-4-2 / 1-5-6 / 4-1-6 / 1-6-5 / 1-4-3 / 6-1-4,0.0496,1号山口 達也,4号西野 雄貴,5号黒野 元基,1.0,1.0,,,,,,model_new(old),1:1.8|2:4.5|3:4.5|4:7.8|5:7.8|6:10.5,1-4-5:0.0496:0.06232:0.01271 / 1-5-4:0.0426:0.05527:0.01271 / 1-4-6:0.0316:0.04105:0.00944 / 4-1-5:0.0254:0.03363:0.00827 / 1-6-4:0.0239:0.03288:0.00899 / 5-1-4:0.0202:0.02850:0.00827 / 1-4-2:0.0176:0.03965:0.02202 / 1-5-6:0.0173:0.02676:0.00944 / 4-1-6:0.0160:0.02215:0.00614 / 1-6-5:0.0152:0.02417:0.00899 / 1-4-3:0.0109:0.03291:0.02202 / 6-1-4:0.0106:0.01627:0.00570,leakfree-2026-06,1-4-2:0.0579:0.07988:0.02202 / 1-4-3:0.0512:0.07327:0.02202 / 1-2-4:0.0473:0.07293:0.02563 / 1-4-5:0.0427:0.05536:0.01271 / 1-3-4:0.0395:0.06510:0.02563 / 1-5-4:0.0332:0.04587:0.01271,0.7002 0.0746 0.0684 0.0942 0.0517 0.0108,grade=2|a1=6|a12=6|c1cls=1|p1m=0.7002|p1k=0.4110
2026-09-28,芦屋,1,✅低(堅),8,1-6-2 / 1-3-6 / 1-6-3 / 2-1-6 / 1-2-6 / 1-4-6 / 1-6-4 / 6-1-2,0.0232,1号山川 美由紀,2号真子 奈津実,3号中田 夕貴,1.0,1.0,,,,,,model_new(old),1:1.0|2:7.0|3:20.8|4:46.1|5:49.7|6:107.7,1-6-2:0.0232:0.04212:0.01896 / 1-3-6:0.0174:0.02507:0.00766 / 1-6-3:0.0167:0.02308:0.00638 / 2-1-6:0.0161:0.02592:0.00980 / 1-2-6:0.0146:0.05907:0.04449 / 1-4-6:0.0139:0.01690:0.00304 / 1-6-4:0.0138:0.01673:0.00288 / 6-1-2:0.0130:0.01669:0.00372,leakfree-2026-06,1-3-2:0.1265:0.24430:0.11780 / 3-1-2:0.0617:0.08556:0.02388 / 1-3-5:0.0523:0.06888:0.01659,0.703 0.0987 0.1518 0.0101 0.0278 0.0086,grade=4|a1=0|a12=1|c1cls=2|p1m=0.7030|p1k=0.8051
2026-09-28,芦屋,2,✅低(堅),5,1-4-6 / 1-4-5 / 1-6-4 / 4-1-6 / 1-5-4,0.0301,1号魚谷 香織,4号小野 生奈,2号武藤 綾子,0.0,1.0,,,,,,model_new(old),1:1.5|2:6.9|3:13.4|4:2.4|5:40.2|6:64.3,1-4-6:0.0301:0.04841:0.01828 / 1-4-5:0.0268:0.05607:0.02924 / 1-6-4:0.0125:0.01966:0.00719 / 4-1-6:0.0123:0.02562:0.01335 / 1-5-4:0.0113:0.02296:0.01166,leakfree-2026-06,1-4-3:0.0768:0.16453:0.08772 / 1-3-4:0.0445:0.08237:0.03788 / 4-1-3:0.0204:0.08446:0.06406,0.6064 0.0673 0.0734 0.2333 0.0106 0.009,grade=4|a1=1|a12=2|c1cls=2|p1m=0.6064|p1k=0.4963
2026-09-28,芦屋,3,✅低(堅),7,5-1-3 / 3-1-5 / 3-5-1 / 5-3-1 / 1-5-6 / 5-1-2 / 1-3-6,0.0265,1号岩崎 芳美,3号安井 瑞紀,5号三浦 永理,0.0,1.0,,,,,,model_new(old),1:1.0|2:45.9|3:12.1|4:28.4|5:17.5|6:199.0,5-1-3:0.0265:0.05024:0.02373 / 3-1-5:0.0249:0.05432:0.02946 / 3-5-1:0.0173:0.02056:0.00331 / 5-3-1:0.0169:0.02017:0.00323 / 1-5-6:0.0124:0.02062:0.00818 / 5-1-2:0.0107:0.01692:0.00626 / 1-3-6:0.0101:0.02445:0.01437,leakfree-2026-06,5-1-3:0.0387:0.06245:0.02373 / 1-5-2:0.0374:0.07285:0.03548,0.6389 0.0612 0.1241 0.0223 0.1453 0.0082,grade=4|a1=1|a12=3|c1cls=2|p1m=0.6389|p1k=0.8321
2026-09-28,芦屋,4,✅低(堅),8,1-3-2 / 1-2-3 / 1-3-4 / 1-4-3 / 1-3-6 / 1-2-4 / 3-1-2 / 1-4-2,0.0916,1号田口 節子,3号武井 莉里佳,2号中里 優子,1.0,1.0,,,,,,model_new(old),1:1.5|2:8.6|3:5.2|4:8.9|5:8.0|6:7.4,1-3-2:0.0916:0.12482:0.03323 / 1-2-3:0.0672:0.09597:0.02875 / 1-3-4:0.0478:0.07994:0.03211 / 1-4-3:0.0277:0.05529:0.02759 / 1-3-6:0.0265:0.06508:0.03862 / 1-2-4:0.0184:0.03523:0.01680 / 3-1-2:0.0156:0.03514:0.01959 / 1-4-2:0.0150:0.03169:0.01668,leakfree-2026-06,1-3-2:0.2151:0.24834:0.03323 / 1-2-3:0.0932:0.12198:0.02875 / 1-3-4:0.0578:0.08995:0.03211 / 1-3-5:0.0542:0.08995:0.03572 / 1-3-6:0.0513:0.08995:0.03862,0.8602 0.0266 0.0842 0.0096 0.0096 0.0096,grade=4|a1=1|a12=2|c1cls=1|p1m=0.8602|p1k=0.4947
2026-09-28,芦屋,5,✅低(堅),6,1-6-3 / 6-1-3 / 6-3-1 / 1-6-4 / 3-6-1 / 6-1-4,0.1261,1号寺田 千恵,6号土屋 南,3号山口 真喜子,1.0,1.0,,,,,,model_new(old),1:1.3|2:13.6|3:4.7|4:38.6|5:21.0|6:4.5,1-6-3:0.1261:0.25457:0.12852 / 6-1-3:0.0968:0.16309:0.06625 / 6-3-1:0.0200:0.04602:0.02602 / 1-6-4:0.0130:0.02867:0.01565 / 3-6-1:0.0115:0.03726:0.02580 / 6-1-4:0.0103:0.01837:0.00807,leakfree-2026-06,1-3-6:0.0505:0.17575:0.12523 / 1-3-4:0.0433:0.05794:0.01460 / 1-3-2:0.0315:0.07289:0.04144,0.7619 0.0293 0.1041 0.0233 0.0106 0.0708,grade=4|a1=0|a12=3|c1cls=2|p1m=0.7619|p1k=0.5693
2026-09-28,戸田,1,⚠高(荒),16,1-5-2 / 1-2-5 / 1-5-3 / 1-3-5 / 1-2-3 / 1-3-2 / 5-1-2 / 2-1-5 / 1-5-6 / 5-1-3 / 1-2-6 / 2-1-3 / 3-1-5 / 1-6-2 / 3-1-2 / 1-6-5,0.0275,1号滝沢 芳行,5号中村 将隆,2号仲本 舜,0.0,0.0,,,,,,model_new(old),1:2.5|2:9.1|3:8.4|4:2.9|5:6.4|6:4.4,1-5-2:0.0275:0.03409:0.00660 / 1-2-5:0.0262:0.03240:0.00624 / 1-5-3:0.0222:0.02939:0.00715 / 1-3-5:0.0200:0.02686:0.00683 / 1-2-3:0.0191:0.02388:0.00475 / 1-3-2:0.0182:0.02296:0.00480 / 5-1-2:0.0180:0.02326:0.00526 / 2-1-5:0.0168:0.02155:0.00479 / 1-5-6:0.0148:0.02848:0.01365 / 5-1-3:0.0144:0.02006:0.00570 / 1-2-6:0.0141:0.02315:0.00907 / 2-1-3:0.0122:0.01589:0.00365 / 3-1-5:0.0122:0.01750:0.00528 / 1-6-2:0.0116:0.02209:0.01053 / 3-1-2:0.0112:0.01496:0.00371 / 1-6-5:0.0109:0.02584:0.01498,leakfree-2026-06,1-4-2:0.0750:0.09405:0.01905 / 1-4-5:0.0670:0.09405:0.02708 / 1-4-3:0.0445:0.06518:0.02063 / 1-2-4:0.0402:0.05401:0.01377 / 4-1-2:0.0401:0.05813:0.01801 / 1-5-4:0.0333:0.05401:0.02071 / 4-1-5:0.0325:0.05813:0.02561,0.5322 0.0765 0.053 0.2431 0.0765 0.0189,grade=5|a1=0|a12=0|c1cls=3|p1m=0.5322|p1k=0.2947
2026-09-28,戸田,2,⚠高(荒),0,,0.0000,2号山田 康二,1号井上 未都,6号鈴木 雅希,0.0,0.0,,,,,,model_new(old),1:2.6|2:2.3|3:4.5|4:17.4|5:9.4|6:6.7,,leakfree-2026-06,2-1-3:0.1544:0.21013:0.05570 / 2-3-1:0.0965:0.13924:0.04274 / 1-2-3:0.0932:0.14602:0.05282 / 3-2-1:0.0490:0.08368:0.03471,0.2795 0.4993 0.1668 0.0087 0.0338 0.0118,grade=5|a1=1|a12=3|c1cls=3|p1m=0.2795|p1k=0.2839
2026-09-28,戸田,3,🌊最高(大荒),15,2-1-5 / 2-5-1 / 1-2-5 / 1-5-2 / 5-2-1 / 5-1-2 / 2-5-6 / 2-6-5 / 6-2-5 / 5-2-6 / 1-5-6 / 1-6-5 / 5-1-6 / 6-5-2 / 5-6-2,0.0226,2号権藤 俊光,1号梅木 敬太,6号中村 有裕,0.0,0.0,,,,,,model_new(old),1:2.0|2:2.1|3:16.5|4:41.2|5:27.5|6:3.7,2-1-5:0.0226:0.04070:0.01814 / 2-5-1:0.0218:0.03007:0.00830 / 1-2-5:0.0206:0.03926:0.01863 / 1-5-2:0.0190:0.02773:0.00878 / 5-2-1:0.0185:0.02411:0.00556 / 5-1-2:0.0173:0.02305:0.00572 / 2-5-6:0.0146:0.01906:0.00449 / 2-6-5:0.0145:0.02066:0.00618 / 6-2-5:0.0124:0.01743:0.00502 / 5-2-6:0.0123:0.01528:0.00301 / 1-5-6:0.0111:0.01611:0.00498 / 1-6-5:0.0105:0.01739:0.00693 / 5-1-6:0.0101:0.01339:0.00325 / 6-5-2:0.0101:0.01308:0.00294 / 5-6-2:0.0100:0.01242:0.00242,leakfree-2026-06,2-1-3:0.0400:0.07019:0.03023,0.3237 0.439 0.0658 0.0379 0.0387 0.0949,grade=5|a1=1|a12=2|c1cls=3|p1m=0.3237|p1k=0.3656
2026-09-28,戸田,4,🌊最高(大荒),21,3-2-1 / 2-3-1 / 3-2-5 / 2-3-5 / 3-5-1 / 3-2-6 / 3-1-6 / 3-5-2 / 3-6-1 / 2-3-6 / 3-1-5 / 3-6-2 / 5-3-1 / 5-3-2 / 2-5-3 / 6-3-1 / 5-2-3 / 2-6-3 / 6-3-2 / 6-2-3 / 6-1-3,0.0247,3号深谷 知博,1号夏山 亮平,2号山ノ内 雅人,1.0,1.0,,,,,,model_new(old),1:1.0|2:5.3|3:7.3|4:140.2|5:35.0|6:70.1,3-2-1:0.0247:0.03910:0.01445 / 2-3-1:0.0208:0.03586:0.01508 / 3-2-5:0.0193:0.01968:0.00041 / 2-3-5:0.0176:0.01805:0.00043 / 3-5-1:0.0176:0.01950:0.00190 / 3-2-6:0.0176:0.01777:0.00021 / 3-1-6:0.0173:0.02212:0.00481 / 3-5-2:0.0164:0.01679:0.00036 / 3-6-1:0.0163:0.01726:0.00094 / 2-3-6:0.0161:0.01630:0.00022 / 3-1-5:0.0149:0.02450:0.00962 / 3-6-2:0.0147:0.01486:0.00018 / 5-3-1:0.0143:0.01609:0.00175 / 5-3-2:0.0135:0.01385:0.00033 / 2-5-3:0.0135:0.01389:0.00039 / 6-3-1:0.0132:0.01405:0.00085 / 5-2-3:0.0121:0.01249:0.00034 / 2-6-3:0.0121:0.01232:0.00019 / 6-3-2:0.0119:0.01210:0.00016 / 6-2-3:0.0108:0.01093:0.00017 / 6-1-3:0.0105:0.01337:0.00289,leakfree-2026-06,3-2-1:0.0850:0.09945:0.01445 / 2-3-1:0.0584:0.07349:0.01508 / 3-2-5:0.0525:0.05292:0.00041 / 3-1-5:0.0433:0.05292:0.00962 / 3-5-2:0.0407:0.04108:0.00036 / 3-5-1:0.0392:0.04108:0.00190 / 2-3-5:0.0387:0.03911:0.00043 / 3-1-2:0.0359:0.09945:0.06356,0.2198 0.2198 0.4234 0.01 0.117 0.01,grade=5|a1=1|a12=3|c1cls=3|p1m=0.2198|p1k=0.7269
2026-09-28,戸田,5,✅低(堅),11,1-4-3 / 4-1-3 / 1-3-4 / 3-1-4 / 1-4-5 / 4-3-1 / 4-1-5 / 3-4-1 / 1-5-4 / 1-3-5 / 5-1-4,0.0601,1号池田 雄祐,4号上平 真二,3号小黒 竜吾,0.0,0.0,,,,,,model_new(old),1:1.0|2:6.2|3:22.7|4:13.6|5:34.1|6:22.7,1-4-3:0.0601:0.08454:0.02440 / 4-1-3:0.0472:0.05390:0.00672 / 1-3-4:0.0457:0.06780:0.02206 / 3-1-4:0.0336:0.03951:0.00594 / 1-4-5:0.0250:0.04122:0.01624 / 4-3-1:0.0230:0.02452:0.00152 / 4-1-5:0.0218:0.02628:0.00447 / 3-4-1:0.0209:0.02241:0.00148 / 1-5-4:0.0141:0.02813:0.01402 / 1-3-5:0.0121:0.02095:0.00880 / 5-1-4:0.0115:0.01524:0.00373,leakfree-2026-06,4-1-2:0.0725:0.09713:0.02461 / 1-4-2:0.0592:0.14858:0.08933 / 1-4-3:0.0516:0.07602:0.02440 / 4-1-3:0.0430:0.04970:0.00672 / 4-2-1:0.0328:0.03898:0.00614,0.5079 0.1426 0.073 0.2472 0.0244 0.0049,grade=5|a1=1|a12=2|c1cls=2|p1m=0.5079|p1k=0.7395
2026-09-28,江戸川,1,⚠高(荒),12,1-4-6 / 1-4-3 / 1-6-4 / 1-3-4 / 1-4-2 / 1-3-6 / 1-6-3 / 4-1-3 / 1-6-2 / 4-1-6 / 3-1-4 / 4-1-2,0.0232,1号廣瀬 真也,2号吉武 真也,4号吉田 祐貴,1.0,5.0,,,,,,model_new(old),1:1.2|2:4.8|3:11.4|4:14.2|5:7.7|6:42.7,1-4-6:0.0232:0.02760:0.00435 / 1-4-3:0.0232:0.03950:0.01629 / 1-6-4:0.0198:0.02369:0.00394 / 1-3-4:0.0195:0.03644:0.01694 / 1-4-2:0.0138:0.05250:0.03869 / 1-3-6:0.0138:0.01940:0.00563 / 1-6-3:0.0131:0.01805:0.00490 / 4-1-3:0.0129:0.01952:0.00660 / 1-6-2:0.0123:0.02400:0.01165 / 4-1-6:0.0119:0.01364:0.00176 / 3-1-4:0.0105:0.01747:0.00696 / 4-1-2:0.0103:0.02595:0.01568,leakfree-2026-06,1-4-2:0.0395:0.07820:0.03869 / 1-4-3:0.0379:0.05419:0.01629 / 1-3-4:0.0373:0.05419:0.01694 / 1-2-4:0.0348:0.09063:0.05582 / 1-2-6:0.0337:0.05223:0.01856 / 1-3-2:0.0281:0.07820:0.05012 / 1-2-3:0.0211:0.09063:0.06953,0.7396 0.0889 0.0616 0.0616 0.0129 0.0355,grade=5|a1=0|a12=0|c1cls=3|p1m=0.7396|p1k=0.6159
2026-09-28,江戸川,2,🌊最高(大荒),10,1-3-6 / 1-6-3 / 3-1-6 / 6-1-3 / 3-6-1 / 6-3-1 / 1-6-2 / 1-6-5 / 6-1-2 / 6-1-5,0.0676,1号佐竹 友樹,3号野間 大樹,6号中田 友也,1.0,5.0,,,,,,model_new(old),1:2.2|2:3.8|3:3.1|4:7.1|5:10.0|6:12.5,1-3-6:0.0676:0.08387:0.01628 / 1-6-3:0.0617:0.07321:0.01150 / 3-1-6:0.0537:0.06786:0.01421 / 6-1-3:0.0472:0.05535:0.00814 / 3-6-1:0.0354:0.04403:0.00866 / 6-3-1:0.0341:0.04114:0.00702 / 1-6-2:0.0169:0.02629:0.00938 / 1-6-5:0.0144:0.01798:0.00357 / 6-1-2:0.0132:0.01988:0.00664 / 6-1-5:0.0111:0.01360:0.00252,leakfree-2026-06,1-2-3:0.0358:0.08441:0.04860 / 2-1-3:0.0318:0.07191:0.04013 / 1-3-2:0.0309:0.08441:0.05354,0.3573 0.2456 0.2456 0.0772 0.0112 0.0632,grade=5|a1=0|a12=2|c1cls=3|p1m=0.3573|p1k=0.3339
2026-09-28,江戸川,3,⚠高(荒),10,1-4-5 / 4-1-5 / 1-5-4 / 5-1-4 / 4-5-1 / 1-4-6 / 5-4-1 / 4-1-6 / 1-6-4 / 4-6-1,0.0633,1号田村 慶,4号佐藤 大佑,5号佐々木 翔斗,1.0,5.0,,,,,,model_new(old),1:3.3|2:4.9|3:5.1|4:2.4|5:5.3|6:22.6,1-4-5:0.0633:0.08982:0.02650 / 4-1-5:0.0558:0.08552:0.02972 / 1-5-4:0.0426:0.06211:0.01948 / 5-1-4:0.0311:0.04863:0.01757 / 4-5-1:0.0302:0.05534:0.02517 / 1-4-6:0.0258:0.03201:0.00621 / 5-4-1:0.0253:0.04551:0.02024 / 4-1-6:0.0235:0.03047:0.00697 / 1-6-4:0.0141:0.01797:0.00391 / 4-6-1:0.0113:0.01621:0.00495,leakfree-2026-06,1-4-5:0.0780:0.10450:0.02650 / 4-1-5:0.0612:0.09091:0.02972 / 1-5-4:0.0375:0.05702:0.01948 / 1-4-2:0.0331:0.06177:0.02866 / 1-4-3:0.0319:0.05948:0.02754,0.4155 0.0678 0.0653 0.3282 0.1148 0.0083,grade=5|a1=1|a12=2|c1cls=3|p1m=0.4155|p1k=0.2240
2026-09-28,江戸川,4,⚠高(荒),10,1-3-4 / 1-4-3 / 3-1-4 / 4-1-3 / 1-3-6 / 1-4-6 / 1-6-3 / 1-6-4 / 3-1-6 / 4-1-6,0.0212,1号黒田 剛,4号久富 政弘,3号竹之内 極,1.0,5.0,,,,,,model_new(old),1:2.3|2:4.3|3:8.6|4:4.7|5:3.4|6:14.3,1-3-4:0.0212:0.03177:0.01055 / 1-4-3:0.0211:0.03311:0.01198 / 3-1-4:0.0154:0.02326:0.00785 / 4-1-3:0.0151:0.02480:0.00966 / 1-3-6:0.0147:0.01815:0.00347 / 1-4-6:0.0141:0.02136:0.00721 / 1-6-3:0.0131:0.01633:0.00328 / 1-6-4:0.0124:0.01844:0.00600 / 3-1-6:0.0107:0.01329:0.00258 / 4-1-6:0.0102:0.01600:0.00581,leakfree-2026-06,,0.2987 0.0808 0.192 0.1723 0.2434 0.0128,grade=5|a1=1|a12=2|c1cls=3|p1m=0.2987|p1k=0.3196
2026-09-28,平和島,1,🌊最高(大荒),19,1-5-4 / 1-4-5 / 5-1-4 / 1-5-2 / 4-1-5 / 5-1-2 / 1-2-5 / 5-4-1 / 4-5-1 / 1-4-2 / 2-1-5 / 1-2-4 / 5-2-1 / 1-5-6 / 4-1-2 / 2-5-1 / 1-5-3 / 2-1-4 / 5-1-6,0.0661,1号杉田 篤光,5号柴田 光,4号齊藤 仁,0.0,3.0,,,,,,model_new(old),1:3.4|2:6.3|3:3.0|4:6.2|5:9.3|6:3.4,1-5-4:0.0661:0.06985:0.00378 / 1-4-5:0.0550:0.05899:0.00401 / 5-1-4:0.0502:0.05339:0.00321 / 1-5-2:0.0423:0.04605:0.00372 / 4-1-5:0.0379:0.04150:0.00356 / 5-1-2:0.0320:0.03520:0.00316 / 1-2-5:0.0306:0.03450:0.00394 / 5-4-1:0.0289:0.03167:0.00282 / 4-5-1:0.0262:0.02915:0.00295 / 1-4-2:0.0216:0.02747:0.00592 / 2-1-5:0.0193:0.02278:0.00349 / 1-2-4:0.0185:0.02437:0.00590 / 5-2-1:0.0164:0.01917:0.00277 / 1-5-6:0.0145:0.02138:0.00690 / 4-1-2:0.0141:0.01933:0.00526 / 2-5-1:0.0137:0.01656:0.00289 / 1-5-3:0.0127:0.02050:0.00782 / 2-1-4:0.0109:0.01609:0.00523 / 5-1-6:0.0105:0.01634:0.00586,leakfree-2026-06,1-5-4:0.0421:0.04593:0.00378 / 1-4-5:0.0419:0.04593:0.00401 / 5-1-4:0.0343:0.03755:0.00321 / 4-1-5:0.0340:0.03755:0.00356,0.3453 0.0706 0.1287 0.1992 0.1992 0.0571,grade=4|a1=0|a12=1|c1cls=3|p1m=0.3453|p1k=0.2180
2026-09-28,平和島,2,⚠高(荒),17,1-5-3 / 5-1-3 / 1-3-5 / 1-5-4 / 1-5-2 / 5-1-4 / 3-1-5 / 1-4-5 / 5-1-2 / 5-3-1 / 3-5-1 / 4-1-5 / 1-2-5 / 1-3-4 / 5-4-1 / 1-4-3 / 4-5-1,0.0972,1号梶原 正,5号山口 裕二,3号島川 光男,0.0,3.0,,,,,,model_new(old),1:3.6|2:3.1|3:4.4|4:15.6|5:8.1|6:3.0,1-5-3:0.0972:0.10291:0.00570 / 5-1-3:0.0694:0.07440:0.00498 / 1-3-5:0.0642:0.07061:0.00640 / 1-5-4:0.0580:0.05965:0.00161 / 1-5-2:0.0424:0.05052:0.00809 / 5-1-4:0.0417:0.04313:0.00140 / 3-1-5:0.0374:0.04356:0.00611 / 1-4-5:0.0346:0.03611:0.00151 / 5-1-2:0.0295:0.03653:0.00707 / 5-3-1:0.0292:0.03393:0.00473 / 3-5-1:0.0238:0.02895:0.00517 / 4-1-5:0.0197:0.02096:0.00126 / 1-2-5:0.0196:0.02983:0.01024 / 1-3-4:0.0173:0.02061:0.00332 / 5-4-1:0.0169:0.01806:0.00115 / 1-4-3:0.0154:0.01818:0.00278 / 4-5-1:0.0134:0.01450:0.00109,leakfree-2026-06,1-3-5:0.0691:0.07549:0.00640 / 1-3-2:0.0552:0.07189:0.01672 / 1-5-3:0.0540:0.05971:0.00570 / 3-1-5:0.0487:0.05482:0.00611 / 1-2-3:0.0371:0.05596:0.01885 / 3-1-2:0.0362:0.05220:0.01597 / 5-1-3:0.0339:0.03892:0.00498,0.4395 0.1336 0.2281 0.0497 0.1403 0.0088,grade=4|a1=1|a12=2|c1cls=3|p1m=0.4395|p1k=0.2060
2026-09-28,平和島,3,⚠高(荒),28,1-2-6 / 1-2-3 / 1-6-2 / 1-3-2 / 2-1-6 / 1-2-5 / 1-3-6 / 1-6-3 / 2-1-3 / 6-1-2 / 3-1-2 / 1-5-2 / 2-1-5 / 3-1-6 / 6-1-3 / 1-3-5 / 2-6-1 / 6-2-1 / 1-6-5 / 1-5-3 / 1-5-6 / 5-1-2 / 3-2-1 / 3-6-1 / 3-1-5 / 6-3-1 / 2-3-1 / 6-1-5,0.0446,1号丹下 健,2号北村 征嗣,3号中村 真,0.0,3.0,,,,,,model_new(old),1:4.2|2:2.1|3:9.1|4:2.2|5:34.6|6:18.7,1-2-6:0.0446:0.05072:0.00613 / 1-2-3:0.0421:0.05469:0.01260 / 1-6-2:0.0378:0.04150:0.00371 / 1-3-2:0.0377:0.04575:0.00805 / 2-1-6:0.0308:0.03862:0.00778 / 1-2-5:0.0278:0.03109:0.00331 / 1-3-6:0.0270:0.02787:0.00090 / 1-6-3:0.0264:0.02725:0.00086 / 2-1-3:0.0256:0.04163:0.01599 / 6-1-2:0.0253:0.02851:0.00319 / 3-1-2:0.0246:0.03181:0.00722 / 1-5-2:0.0210:0.02292:0.00196 / 2-1-5:0.0195:0.02367:0.00421 / 3-1-6:0.0186:0.01938:0.00081 / 6-1-3:0.0180:0.01873:0.00074 / 1-3-5:0.0166:0.01708:0.00049 / 2-6-1:0.0165:0.02252:0.00605 / 6-2-1:0.0162:0.02033:0.00410 / 1-6-5:0.0153:0.01549:0.00023 / 1-5-3:0.0146:0.01505:0.00045 / 1-5-6:0.0137:0.01396:0.00022 / 5-1-2:0.0132:0.01487:0.00165 / 3-2-1:0.0131:0.02254:0.00944 / 3-6-1:0.0114:0.01213:0.00069 / 3-1-5:0.0114:0.01188:0.00044 / 6-3-1:0.0113:0.01199:0.00066 / 2-3-1:0.0113:0.02467:0.01335 / 6-1-5:0.0105:0.01065:0.00019,leakfree-2026-06,1-2-3:0.0894:0.10199:0.01260 / 2-1-3:0.0712:0.08715:0.01599 / 1-3-2:0.0697:0.07772:0.00805 / 3-1-2:0.0509:0.05813:0.00722 / 2-3-1:0.0401:0.05342:0.01335 / 3-2-1:0.0373:0.04676:0.00944,0.389 0.285 0.1832 0.081 0.0282 0.0336,grade=4|a1=1|a12=2|c1cls=3|p1m=0.3890|p1k=0.1749
2026-09-28,平和島,4,⚠高(荒),20,1-6-4 / 6-1-4 / 1-4-6 / 4-1-6 / 6-4-1 / 1-6-2 / 4-6-1 / 6-1-2 / 1-2-6 / 1-6-3 / 1-6-5 / 6-2-1 / 6-1-5 / 6-1-3 / 2-1-6 / 1-4-2 / 2-6-1 / 1-2-4 / 4-1-2 / 1-5-6,0.0519,1号藤丸 光一,6号仲口 博崇,4号飯島 昌弘,0.0,3.0,,,,,,model_new(old),1:5.7|2:6.1|3:2.4|4:4.8|5:3.7|6:7.8,1-6-4:0.0519:0.05461:0.00273 / 6-1-4:0.0452:0.04784:0.00263 / 1-4-6:0.0427:0.04567:0.00296 / 4-1-6:0.0331:0.03617:0.00304 / 6-4-1:0.0309:0.03359:0.00271 / 1-6-2:0.0297:0.03185:0.00215 / 4-6-1:0.0275:0.03037:0.00290 / 6-1-2:0.0258:0.02790:0.00207 / 1-2-6:0.0210:0.02325:0.00223 / 1-6-3:0.0176:0.02307:0.00547 / 1-6-5:0.0174:0.02097:0.00355 / 6-2-1:0.0154:0.01745:0.00205 / 6-1-5:0.0150:0.01837:0.00341 / 6-1-3:0.0149:0.02021:0.00526 / 2-1-6:0.0148:0.01696:0.00220 / 1-4-2:0.0144:0.01815:0.00378 / 2-6-1:0.0124:0.01453:0.00211 / 1-2-4:0.0122:0.01584:0.00362 / 4-1-2:0.0105:0.01437:0.00389 / 1-5-6:0.0103:0.01443:0.00410,leakfree-2026-06,1-4-6:0.0430:0.04591:0.00296 / 1-4-2:0.0421:0.04591:0.00378 / 4-1-6:0.0374:0.04044:0.00304 / 4-1-2:0.0366:0.04044:0.00389 / 1-4-3:0.0363:0.04591:0.00961 / 4-1-3:0.0306:0.04044:0.00989,0.3617 0.1067 0.1067 0.2754 0.0426 0.1067,grade=4|a1=1|a12=2|c1cls=3|p1m=0.3617|p1k=0.1287
2026-09-28,平和島,5,✅低(堅),16,1-5-2 / 1-2-5 / 1-5-6 / 5-1-2 / 2-1-5 / 1-6-5 / 5-1-6 / 1-2-6 / 1-6-2 / 6-1-5 / 2-1-6 / 5-2-1 / 2-5-1 / 6-1-2 / 5-6-1 / 6-5-1,0.0585,1号中澤 和志,5号原 豊土,2号河合 三弘,0.0,3.0,,,,,,model_new(old),1:1.0|2:17.2|3:8.6|4:8.6|5:17.2|6:17.2,1-5-2:0.0585:0.07545:0.01692 / 1-2-5:0.0521:0.06897:0.01692 / 1-5-6:0.0410:0.05796:0.01692 / 5-1-2:0.0385:0.04365:0.00511 / 2-1-5:0.0334:0.03853:0.00511 / 1-6-5:0.0317:0.04860:0.01692 / 5-1-6:0.0284:0.03353:0.00511 / 1-2-6:0.0265:0.04343:0.01692 / 1-6-2:0.0229:0.03983:0.01692 / 6-1-5:0.0211:0.02619:0.00511 / 2-1-6:0.0192:0.02426:0.00511 / 5-2-1:0.0184:0.01983:0.00138 / 2-5-1:0.0178:0.01914:0.00138 / 6-1-2:0.0164:0.02147:0.00511 / 5-6-1:0.0132:0.01458:0.00138 / 6-5-1:0.0122:0.01358:0.00138,leakfree-2026-06,1-5-2:0.1175:0.13443:0.01692 / 1-2-5:0.0951:0.11203:0.01692 / 1-5-3:0.0593:0.09316:0.03384 / 5-1-2:0.0421:0.04720:0.00511 / 2-1-5:0.0327:0.03776:0.00511,0.6926 0.0878 0.0609 0.0217 0.1244 0.0127,grade=4|a1=1|a12=1|c1cls=1|p1m=0.6926|p1k=0.7107
2026-09-28,多摩川,1,🌊最高(大荒),11,1-3-2 / 3-1-2 / 1-2-3 / 2-1-3 / 1-3-5 / 3-2-1 / 1-3-4 / 3-1-5 / 2-3-1 / 3-1-4 / 1-5-3,0.0591,1号眞鳥 康太,3号山本 隆幸,2号大庭 元明,0.0,2.0,,,,,,model_new(old),1:4.0|2:3.6|3:3.0|4:4.2|5:4.9|6:28.0,1-3-2:0.0591:0.08007:0.02101 / 3-1-2:0.0496:0.07236:0.02275 / 1-2-3:0.0380:0.05757:0.01957 / 2-1-3:0.0237:0.04374:0.02008 / 1-3-5:0.0236:0.03900:0.01543 / 3-2-1:0.0219:0.04551:0.02362 / 1-3-4:0.0208:0.03881:0.01801 / 3-1-5:0.0185:0.03524:0.01671 / 2-3-1:0.0159:0.03827:0.02238 / 3-1-4:0.0156:0.03507:0.01950 / 1-5-3:0.0107:0.02386:0.01318,leakfree-2026-06,1-3-2:0.0650:0.08604:0.02101 / 3-1-2:0.0470:0.06976:0.02275 / 1-2-3:0.0448:0.06441:0.01957,0.4052 0.1559 0.2663 0.0838 0.0768 0.0121,grade=5|a1=1|a12=2|c1cls=3|p1m=0.4052|p1k=0.1867
2026-09-28,多摩川,2,🌊最高(大荒),14,2-3-6 / 2-6-3 / 3-2-6 / 6-2-3 / 2-6-1 / 2-1-6 / 2-6-4 / 3-6-2 / 6-3-2 / 2-4-6 / 6-2-1 / 1-2-6 / 2-3-1 / 6-2-4,0.0421,2号河野 真也,3号久永 祥平,1号鈴木 唯央,1.0,2.0,,,,,,model_new(old),1:4.1|2:1.9|3:5.3|4:3.3|5:14.8|6:74.2,2-3-6:0.0421:0.04404:0.00194 / 2-6-3:0.0350:0.03650:0.00152 / 3-2-6:0.0297:0.03106:0.00137 / 6-2-3:0.0225:0.02347:0.00093 / 2-6-1:0.0207:0.02264:0.00196 / 2-1-6:0.0201:0.02289:0.00275 / 2-6-4:0.0165:0.01896:0.00244 / 3-6-2:0.0161:0.01690:0.00076 / 6-3-2:0.0148:0.01541:0.00066 / 2-4-6:0.0146:0.01838:0.00382 / 6-2-1:0.0134:0.01456:0.00121 / 1-2-6:0.0128:0.01481:0.00205 / 2-3-1:0.0108:0.04596:0.03517 / 6-2-4:0.0107:0.01219:0.00150,leakfree-2026-06,2-1-3:0.0356:0.07416:0.03856 / 2-3-1:0.0304:0.06553:0.03517 / 1-2-3:0.0302:0.05888:0.02865,0.2338 0.3917 0.1845 0.1655 0.0123 0.0123,grade=5|a1=0|a12=2|c1cls=3|p1m=0.2338|p1k=0.1816
2026-09-28,多摩川,3,⚠高(荒),15,4-3-1 / 3-4-1 / 4-1-3 / 1-4-3 / 1-3-4 / 3-1-4 / 3-4-5 / 4-3-5 / 3-5-4 / 1-3-5 / 3-1-5 / 4-5-3 / 4-1-5 / 1-4-5 / 5-3-4,0.0344,3号吉田 一郎,4号久田 武,1号谷川 里江,0.0,2.0,,,,,,model_new(old),1:4.1|2:3.6|3:1.8|4:6.2|5:17.5|6:17.5,4-3-1:0.0344:0.05573:0.02132 / 3-4-1:0.0324:0.06423:0.03186 / 4-1-3:0.0302:0.04452:0.01431 / 1-4-3:0.0288:0.04415:0.01537 / 1-3-4:0.0281:0.05445:0.02633 / 3-1-4:0.0267:0.06328:0.03662 / 3-4-5:0.0182:0.02564:0.00746 / 4-3-5:0.0173:0.02225:0.00499 / 3-5-4:0.0128:0.01918:0.00641 / 1-3-5:0.0118:0.02115:0.00933 / 3-1-5:0.0116:0.02458:0.01297 / 4-5-3:0.0113:0.01414:0.00280 / 4-1-5:0.0106:0.01210:0.00147 / 1-4-5:0.0104:0.01200:0.00158 / 5-3-4:0.0101:0.01400:0.00395,leakfree-2026-06,1-3-4:0.0565:0.08285:0.02633 / 1-4-3:0.0528:0.06819:0.01537 / 1-4-2:0.0383:0.04597:0.00769 / 1-2-3:0.0380:0.06819:0.03019 / 1-3-2:0.0375:0.08285:0.04534 / 1-2-4:0.0372:0.04597:0.00876,0.4686 0.1424 0.2112 0.1424 0.0243 0.0111,grade=5|a1=1|a12=3|c1cls=3|p1m=0.4686|p1k=0.1803
2026-09-28,多摩川,4,⚠高(荒),2,3-2-5 / 2-3-5,0.0111,3号永田 啓二,2号木谷 賢太,4号深川 麻奈美,0.0,2.0,,,,,,model_new(old),1:3.5|2:2.7|3:2.8|4:3.8|5:20.6|6:30.9,3-2-5:0.0111:0.01861:0.00751 / 2-3-5:0.0101:0.01769:0.00761,leakfree-2026-06,1-3-2:0.0490:0.08534:0.03637 / 3-1-2:0.0482:0.08714:0.03897,0.3103 0.2133 0.3246 0.1249 0.0268 0.0001,grade=5|a1=2|a12=3|c1cls=3|p1m=0.3103|p1k=0.2105
2026-09-28,津,2,🌊最高(大荒),12,1-3-2 / 1-3-5 / 1-2-3 / 1-5-3 / 1-2-5 / 1-5-2 / 3-1-5 / 5-1-3 / 3-1-2 / 5-1-2 / 2-1-5 / 2-1-3,0.0516,1号山崎 聖司,3号長尾 萌加,2号伊藤 玲奈,1.0,1.0,,,,,,model_new(old),1:3.3|2:3.3|3:2.8|4:20.2|5:6.7|6:5.0,1-3-2:0.0516:0.08397:0.03240 / 1-3-5:0.0502:0.06617:0.01596 / 1-2-3:0.0459:0.07603:0.03008 / 1-5-3:0.0427:0.05500:0.01231 / 1-2-5:0.0364:0.04893:0.01257 / 1-5-2:0.0345:0.04491:0.01045 / 3-1-5:0.0239:0.04071:0.01682 / 5-1-3:0.0206:0.03134:0.01075 / 3-1-2:0.0175:0.05166:0.03415 / 5-1-2:0.0165:0.02559:0.00912 / 2-1-5:0.0163:0.02892:0.01257 / 2-1-3:0.0148:0.04493:0.03008,leakfree-2026-06,1-3-2:0.1499:0.18232:0.03240 / 3-1-2:0.1187:0.15281:0.03415 / 1-2-3:0.0724:0.10244:0.03008 / 1-3-5:0.0420:0.05801:0.01596 / 2-1-3:0.0378:0.06792:0.03008 / 3-2-1:0.0335:0.06769:0.03415 / 3-1-5:0.0318:0.04862:0.01682,0.441 0.1568 0.333 0.0104 0.0499 0.0088,grade=5|a1=0|a12=0|c1cls=3|p1m=0.4410|p1k=0.2225
2026-09-28,津,3,✅低(堅),5,1-4-6 / 4-1-6 / 1-6-4 / 6-1-4 / 4-6-1,0.0403,1号樋口 亮,4号中嶋 健一郎,2号桂林 寛,1.0,1.0,,,,,,model_new(old),1:1.2|2:9.1|3:10.0|4:3.5|5:36.7|6:22.0,1-4-6:0.0403:0.08841:0.04808 / 4-1-6:0.0324:0.05689:0.02448 / 1-6-4:0.0183:0.04431:0.02599 / 6-1-4:0.0114:0.02229:0.01089 / 4-6-1:0.0110:0.01742:0.00646,leakfree-2026-06,,0.5287 0.076 0.076 0.2574 0.0093 0.0526,grade=5|a1=0|a12=3|c1cls=2|p1m=0.5287|p1k=0.5945
2026-09-28,津,4,⚠高(荒),7,1-2-5 / 2-1-5 / 1-5-2 / 5-1-2 / 2-5-1 / 5-2-1 / 5-1-4,0.0560,1号楠原 翔太,2号田路 朋史,5号東 潤樹,1.0,1.0,,,,,,model_new(old),1:1.0|2:7.5|3:10.1|4:7.5|5:30.3|6:60.7,1-2-5:0.0560:0.08262:0.02658 / 2-1-5:0.0524:0.06105:0.00861 / 1-5-2:0.0514:0.07096:0.01960 / 5-1-2:0.0430:0.04885:0.00589 / 2-5-1:0.0330:0.03492:0.00194 / 5-2-1:0.0307:0.03253:0.00180 / 5-1-4:0.0130:0.01884:0.00589,leakfree-2026-06,1-2-5:0.0557:0.08229:0.02658 / 2-1-5:0.0449:0.05354:0.00861 / 1-5-2:0.0369:0.05651:0.01960,0.4971 0.227 0.0688 0.1012 0.1012 0.0048,grade=5|a1=1|a12=3|c1cls=3|p1m=0.4971|p1k=0.7066
2026-09-28,津,5,✅低(堅),4,1-5-6 / 1-6-5 / 1-5-4 / 1-4-5,0.0167,1号君島 秀三,6号森清 友翔,3号岸本 雄貴,1.0,1.0,,,,,,model_new(old),1:1.0|2:0.0|3:8.0|4:22.1|5:44.2|6:17.7,1-5-6:0.0167:0.03474:0.01809 / 1-6-5:0.0164:0.03769:0.02127 / 1-5-4:0.0117:0.02622:0.01449 / 1-4-5:0.0103:0.02636:0.01610,leakfree-2026-06,,0.8159 0.033 0.0742 0.0453 0.0117 0.02,grade=5|a1=1|a12=1|c1cls=1|p1m=0.8159|p1k=0.8004
2026-09-28,津,6,✅低(堅),0,,0.0000,1号金子 賢志,2号井上 恵一,4号三浦 洋次朗,1.0,1.0,,,,,,model_new(old),1:1.0|2:0.0|3:9.7|4:0.0|5:0.0|6:9.7,,leakfree-2026-06,,0.783 0.0434 0.031 0.0776 0.0112 0.0538,grade=5|a1=1|a12=3|c1cls=1|p1m=0.7830|p1k=0.8291
2026-09-28,尼崎,2,🌊最高(大荒),15,1-3-2 / 3-1-2 / 1-3-6 / 3-1-6 / 1-6-3 / 1-6-2 / 6-1-3 / 3-6-1 / 1-3-5 / 1-2-6 / 6-3-1 / 6-1-2 / 3-1-5 / 1-5-3 / 3-6-2,0.0422,1号村岡 賢,3号塩崎 桐加,2号作間 章,0.0,0.0,,,,,,model_new(old),1:6.4|2:1.0|3:7.1|4:43.0|5:32.2|6:43.0,1-3-2:0.0422:0.05436:0.01219 / 3-1-2:0.0361:0.04816:0.01204 / 1-3-6:0.0297:0.03003:0.00028 / 3-1-6:0.0263:0.02661:0.00028 / 1-6-3:0.0237:0.02391:0.00026 / 1-6-2:0.0204:0.02225:0.00182 / 6-1-3:0.0182:0.01844:0.00023 / 3-6-1:0.0181:0.01832:0.00025 / 1-3-5:0.0171:0.01748:0.00038 / 1-2-6:0.0170:0.02696:0.00993 / 6-3-1:0.0157:0.01595:0.00023 / 6-1-2:0.0155:0.01716:0.00164 / 3-1-5:0.0151:0.01549:0.00037 / 1-5-3:0.0124:0.01277:0.00034 / 3-6-2:0.0108:0.01241:0.00160,leakfree-2026-06,3-1-2:0.1026:0.11465:0.01204 / 1-3-2:0.1025:0.11465:0.01219 / 3-2-1:0.0356:0.09111:0.05549 / 1-2-3:0.0309:0.09111:0.06016,0.3295 0.2414 0.3295 0.0103 0.0494 0.0399,grade=5|a1=1|a12=2|c1cls=3|p1m=0.3295|p1k=0.1137
2026-09-28,尼崎,3,✅低(堅),15,1-5-3 / 1-3-5 / 1-3-4 / 1-5-6 / 1-3-2 / 1-2-3 / 1-6-5 / 1-3-6 / 1-6-3 / 1-5-2 / 1-4-3 / 1-6-4 / 1-2-6 / 1-6-2 / 1-2-5,0.0366,1号森永 隆,4号山田 晃大,5号長野 壮志郎,0.0,0.0,,,,,,model_new(old),1:1.0|2:19.8|3:79.5|4:5.6|5:19.8|6:79.5,1-5-3:0.0366:0.04293:0.00628 / 1-3-5:0.0343:0.03980:0.00547 / 1-3-4:0.0314:0.05075:0.01934 / 1-5-6:0.0242:0.03047:0.00628 / 1-3-2:0.0225:0.02794:0.00547 / 1-2-3:0.0213:0.02761:0.00628 / 1-6-5:0.0211:0.02661:0.00547 / 1-3-6:0.0197:0.02103:0.00136 / 1-6-3:0.0184:0.01981:0.00136 / 1-5-2:0.0153:0.04049:0.02523 / 1-4-3:0.0150:0.05981:0.04478 / 1-6-4:0.0146:0.03393:0.01934 / 1-2-6:0.0133:0.01960:0.00628 / 1-6-2:0.0132:0.01868:0.00547 / 1-2-5:0.0119:0.03709:0.02523,leakfree-2026-06,1-5-2:0.0481:0.07333:0.02523 / 1-2-5:0.0412:0.06643:0.02523 / 1-5-3:0.0360:0.04226:0.00628,0.7664 0.0526 0.0303 0.0759 0.0697 0.0051,grade=5|a1=1|a12=4|c1cls=1|p1m=0.7664|p1k=0.7664
2026-09-28,尼崎,4,△中,11,1-4-6 / 4-1-6 / 1-5-4 / 1-6-4 / 5-1-4 / 1-5-6 / 4-5-1 / 6-1-4 / 5-4-1 / 1-6-5 / 4-6-1,0.0332,1号川尻 泰輔,4号大上 卓人,5号長谷川 晴哉,0.0,0.0,,,,,,model_new(old),1:1.4|2:16.4|3:10.9|4:2.6|5:11.7|6:54.7,1-4-6:0.0332:0.05574:0.02254 / 4-1-6:0.0242:0.03912:0.01488 / 1-5-4:0.0240:0.07260:0.04864 / 1-6-4:0.0218:0.03108:0.00928 / 5-1-4:0.0181:0.04268:0.02455 / 1-5-6:0.0139:0.01625:0.00231 / 4-5-1:0.0127:0.03284:0.02016 / 6-1-4:0.0127:0.01710:0.00445 / 5-4-1:0.0121:0.02751:0.01541 / 1-6-5:0.0121:0.01412:0.00206 / 4-6-1:0.0107:0.01475:0.00401,leakfree-2026-06,1-3-4:0.0194:0.07224:0.05280,0.467 0.0742 0.1381 0.2358 0.0742 0.0107,grade=5|a1=2|a12=4|c1cls=2|p1m=0.4670|p1k=0.5270
2026-09-28,尼崎,5,✅低(堅),18,1-5-6 / 1-6-5 / 1-5-2 / 1-2-5 / 1-5-4 / 1-5-3 / 1-6-2 / 1-2-6 / 1-4-5 / 1-6-4 / 1-6-3 / 5-1-6 / 1-4-6 / 1-3-5 / 6-1-5 / 1-3-6 / 5-1-2 / 5-1-4,0.0958,1号島田 賢人,5号孫崎 百世,6号米玉利 大悟,0.0,0.0,,,,,,model_new(old),1:1.3|2:5.4|3:3.6|4:8.6|5:49.0|6:73.5,1-5-6:0.0958:0.09618:0.00042 / 1-6-5:0.0835:0.08392:0.00042 / 1-5-2:0.0636:0.06940:0.00578 / 1-2-5:0.0476:0.05557:0.00801 / 1-5-4:0.0428:0.04647:0.00363 / 1-5-3:0.0397:0.04833:0.00868 / 1-6-2:0.0396:0.04339:0.00381 / 1-2-6:0.0345:0.03982:0.00534 / 1-4-5:0.0304:0.03476:0.00433 / 1-6-4:0.0267:0.02906:0.00239 / 1-6-3:0.0245:0.03022:0.00572 / 5-1-6:0.0243:0.02450:0.00019 / 1-4-6:0.0220:0.02491:0.00289 / 1-3-5:0.0210:0.03634:0.01533 / 6-1-5:0.0207:0.02087:0.00019 / 1-3-6:0.0158:0.02604:0.01022 / 5-1-2:0.0151:0.01768:0.00260 / 5-1-4:0.0102:0.01184:0.00164,leakfree-2026-06,1-2-3:0.0423:0.15134:0.10903,0.6401 0.1301 0.1503 0.0533 0.0151 0.0111,grade=5|a1=2|a12=4|c1cls=1|p1m=0.6401|p1k=0.5564
2026-09-28,尼崎,6,△中,3,2-1-4 / 4-2-1 / 2-4-1,0.0201,1号奥田 誠,4号豊田 健士郎,2号奥村 明日香,1.0,0.0,,,,,,model_new(old),1:1.0|2:18.3|3:73.5|4:6.6|5:0.0|6:73.5,2-1-4:0.0201:0.05198:0.03186 / 4-2-1:0.0131:0.01912:0.00604 / 2-4-1:0.0123:0.01788:0.00554,leakfree-2026-06,2-1-4:0.0432:0.07504:0.03186 / 4-1-2:0.0400:0.11582:0.07580 / 4-2-1:0.0334:0.03941:0.00604 / 2-4-1:0.0300:0.03556:0.00554,0.5579 0.147 0.0468 0.2303 0.0098 0.0083,grade=5|a1=1|a12=2|c1cls=2|p1m=0.5579|p1k=0.8108
2026-09-28,鳴門,7,⚠高(荒),10,4-5-1 / 5-4-1 / 4-5-3 / 5-4-3 / 4-1-5 / 5-1-4 / 1-4-5 / 1-5-4 / 4-3-5 / 5-3-4,0.0260,4号海野 ゆかり,5号山本 寛久,1号近藤 稔也,1.0,1.0,,,,,,model_new(old),1:4.0|2:4.5|3:4.5|4:3.3|5:3.1|6:36.3,4-5-1:0.0260:0.05002:0.02405 / 5-4-1:0.0254:0.04993:0.02450 / 4-5-3:0.0190:0.04039:0.02137 / 5-4-3:0.0185:0.04032:0.02178 / 4-1-5:0.0176:0.03950:0.02185 / 5-1-4:0.0165:0.03933:0.02283 / 1-4-5:0.0133:0.03406:0.02079 / 1-5-4:0.0127:0.03398:0.02132 / 4-3-5:0.0112:0.02997:0.01877 / 5-3-4:0.0103:0.02985:0.01959,leakfree-2026-06,1-4-3:0.0544:0.06877:0.01432 / 1-3-4:0.0511:0.06413:0.01300 / 4-1-3:0.0367:0.05176:0.01505 / 3-1-4:0.0339:0.04663:0.01268,0.406 0.0663 0.183 0.2107 0.1296 0.0044,grade=5|a1=1|a12=3|c1cls=3|p1m=0.4060|p1k=0.1855
2026-09-28,鳴門,8,⚠高(荒),2,5-1-2 / 5-2-1,0.0125,1号岡部 大輔,2号平田 さやか,3号葛原 大陽,1.0,1.0,,,,,,model_new(old),1:1.6|2:4.4|3:3.2|4:62.2|5:6.2|6:62.2,5-1-2:0.0125:0.03715:0.02464 / 5-2-1:0.0106:0.02513:0.01453,leakfree-2026-06,,0.4238 0.214 0.1859 0.0214 0.1466 0.0083,grade=5|a1=1|a12=3|c1cls=3|p1m=0.4238|p1k=0.4602
2026-09-28,鳴門,9,⚠高(荒),20,1-5-6 / 1-6-5 / 1-6-3 / 1-5-3 / 1-3-6 / 6-1-5 / 5-1-6 / 1-3-5 / 1-6-4 / 6-1-3 / 1-4-6 / 5-1-3 / 3-1-6 / 1-5-4 / 6-1-4 / 6-5-1 / 5-6-1 / 3-1-5 / 6-3-1 / 3-6-1,0.0469,1号武田 信一,5号福田 翔吾,6号香川 素子,0.0,1.0,,,,,,model_new(old),1:3.6|2:4.8|3:6.2|4:2.0|5:7.1|6:18.6,1-5-6:0.0469:0.04850:0.00159 / 1-6-5:0.0469:0.04832:0.00146 / 1-6-3:0.0345:0.03615:0.00167 / 1-5-3:0.0319:0.03664:0.00478 / 1-3-6:0.0312:0.03309:0.00187 / 6-1-5:0.0294:0.03058:0.00120 / 5-1-6:0.0293:0.03075:0.00141 / 1-3-5:0.0285:0.03341:0.00489 / 1-6-4:0.0275:0.03270:0.00517 / 6-1-3:0.0215:0.02288:0.00138 / 1-4-6:0.0199:0.02920:0.00927 / 5-1-3:0.0190:0.02323:0.00424 / 3-1-6:0.0184:0.02009:0.00168 / 1-5-4:0.0183:0.03314:0.01483 / 6-1-4:0.0164:0.02070:0.00427 / 6-5-1:0.0160:0.01703:0.00106 / 5-6-1:0.0159:0.01706:0.00114 / 3-1-5:0.0159:0.02028:0.00441 / 6-3-1:0.0109:0.01209:0.00124 / 3-6-1:0.0103:0.01160:0.00135,leakfree-2026-06,1-2-5:0.0325:0.03921:0.00667 / 1-2-3:0.0316:0.03921:0.00764,0.3767 0.2205 0.1185 0.1185 0.1185 0.0473,grade=5|a1=0|a12=2|c1cls=3|p1m=0.3767|p1k=0.2070
2026-09-28,鳴門,10,⚠高(荒),6,1-2-4 / 2-1-4 / 1-2-6 / 1-2-3 / 2-1-6 / 2-1-3,0.0480,1号荒牧 凪沙,4号高橋 正男,2号市川 哲也,1.0,1.0,,,,,,model_new(old),1:1.0|2:5.0|3:0.0|4:0.0|5:0.0|6:0.0,1-2-4:0.0480:0.04802:0.00000 / 2-1-4:0.0288:0.02879:0.00000 / 1-2-6:0.0248:0.02484:0.00000 / 1-2-3:0.0183:0.01834:0.00000 / 2-1-6:0.0149:0.01489:0.00000 / 2-1-3:0.0110:0.01100:0.00000,leakfree-2026-06,,0.5496 0.1477 0.0873 0.1902 0.0126 0.0126,grade=5|a1=1|a12=3|c1cls=3|p1m=0.5496|p1k=0.8333
2026-09-28,児島,2,✅低(堅),6,1-2-6 / 1-2-4 / 1-6-2 / 1-4-2 / 1-4-6 / 1-6-4,0.0354,1号渡邉 和将,2号井上 忠政,4号坂口 周,2.0,3.0,,,,,,model_new(old),1:1.3|2:4.2|3:14.2|4:10.4|5:6.8|6:14.2,1-2-6:0.0354:0.07416:0.03880 / 1-2-4:0.0319:0.08489:0.05297 / 1-6-2:0.0286:0.05561:0.02701 / 1-4-2:0.0271:0.06575:0.03868 / 1-4-6:0.0193:0.03072:0.01144 / 1-6-4:0.0188:0.02975:0.01091,leakfree-2026-06,1-2-5:0.0693:0.15031:0.08101 / 1-2-3:0.0454:0.08417:0.03880 / 1-5-2:0.0334:0.09887:0.06549 / 1-2-4:0.0312:0.08417:0.05297,0.6943 0.1499 0.0385 0.0385 0.0688 0.01,grade=2|a1=6|a12=6|c1cls=1|p1m=0.6943|p1k=0.5529
2026-09-28,児島,3,✅低(堅),7,1-6-5 / 1-5-6 / 1-5-4 / 1-4-5 / 1-5-3 / 1-3-5 / 1-6-3,0.0143,1号柳生 泰二,4号椎名 豊,6号松井 繁,2.0,3.0,,,,,,model_new(old),1:1.6|2:5.8|3:8.9|4:4.4|5:11.7|6:6.7,1-6-5:0.0143:0.02730:0.01303 / 1-5-6:0.0139:0.02567:0.01177 / 1-5-4:0.0134:0.03130:0.01792 / 1-4-5:0.0126:0.03540:0.02281 / 1-5-3:0.0108:0.01962:0.00886 / 1-3-5:0.0104:0.01960:0.00924 / 1-6-3:0.0100:0.02716:0.01712,leakfree-2026-06,1-3-2:0.0619:0.08050:0.01863 / 1-2-3:0.0599:0.08050:0.02058 / 1-3-4:0.0559:0.08050:0.02456 / 1-4-3:0.0505:0.08050:0.02999 / 1-2-4:0.0389:0.08050:0.04162 / 1-4-2:0.0345:0.08050:0.04602,0.7258 0.0774 0.0774 0.0774 0.0309 0.0112,grade=2|a1=6|a12=6|c1cls=1|p1m=0.7258|p1k=0.4556
2026-09-28,児島,4,✅低(堅),16,1-6-4 / 1-6-5 / 1-4-6 / 1-6-2 / 1-5-6 / 1-2-6 / 6-1-4 / 6-1-5 / 1-4-5 / 1-5-4 / 4-1-6 / 6-1-2 / 5-1-6 / 1-4-2 / 1-5-2 / 1-2-4,0.0524,1号小池 修平,6号山口 剛,4号松本 純平,1.0,1.0,,,,,,model_new(old),1:1.2|2:12.7|3:5.1|4:9.9|5:11.9|6:13.7,1-6-4:0.0524:0.07080:0.01835 / 1-6-5:0.0462:0.06149:0.01527 / 1-4-6:0.0430:0.06257:0.01954 / 1-6-2:0.0370:0.05132:0.01431 / 1-5-6:0.0366:0.05228:0.01564 / 1-2-6:0.0274:0.04189:0.01449 / 6-1-4:0.0202:0.02775:0.00756 / 6-1-5:0.0178:0.02410:0.00629 / 1-4-5:0.0167:0.03915:0.02250 / 1-5-4:0.0160:0.03767:0.02165 / 4-1-6:0.0155:0.02369:0.00823 / 6-1-2:0.0142:0.02012:0.00590 / 5-1-6:0.0131:0.01957:0.00650 / 1-4-2:0.0116:0.03267:0.02108 / 1-5-2:0.0104:0.02730:0.01688 / 1-2-4:0.0101:0.03018:0.02005,leakfree-2026-06,1-2-3:0.0693:0.10823:0.03892 / 1-3-2:0.0685:0.12101:0.05248 / 1-2-4:0.0393:0.05939:0.02005 / 1-4-2:0.0318:0.05287:0.02108,0.7432 0.0736 0.093 0.051 0.0247 0.0144,grade=2|a1=6|a12=6|c1cls=1|p1m=0.7432|p1k=0.6100
2026-09-28,児島,5,✅低(堅),6,1-5-6 / 1-6-5 / 1-2-6 / 1-6-2 / 1-2-5 / 1-2-4,0.0264,1号遠藤 エミ,5号峰 竜太,2号藤原 啓史朗,2.0,3.0,,,,,,model_new(old),1:1.6|2:6.5|3:6.9|4:15.8|5:3.0|6:38.5,1-5-6:0.0264:0.04072:0.01436 / 1-6-5:0.0210:0.02904:0.00801 / 1-2-6:0.0169:0.02147:0.00453 / 1-6-2:0.0148:0.01854:0.00370 / 1-2-5:0.0109:0.06909:0.05815 / 1-2-4:0.0104:0.02144:0.01104,leakfree-2026-06,1-3-5:0.0306:0.08449:0.05393 / 1-5-3:0.0274:0.10747:0.08011 / 1-2-5:0.0263:0.08449:0.05815,0.6846 0.0745 0.0745 0.0297 0.126 0.0108,grade=2|a1=6|a12=6|c1cls=1|p1m=0.6846|p1k=0.4642
2026-09-28,芦屋,6,⚠高(荒),14,6-1-5 / 1-6-5 / 6-1-4 / 1-6-2 / 6-1-2 / 1-6-3 / 6-1-3 / 6-5-1 / 1-5-6 / 5-6-1 / 5-1-6 / 6-2-1 / 1-2-6 / 6-3-1,0.0376,1号松田 真実,6号川野 芽唯,4号内山 七海,0.0,1.0,,,,,,model_new(old),1:1.6|2:23.5|3:22.0|4:2.7|5:10.0|6:5.8,6-1-5:0.0376:0.04958:0.01203 / 1-6-5:0.0366:0.05612:0.01948 / 6-1-4:0.0240:0.06852:0.04455 / 1-6-2:0.0238:0.03211:0.00829 / 6-1-2:0.0233:0.02837:0.00512 / 1-6-3:0.0229:0.03174:0.00885 / 6-1-3:0.0226:0.02804:0.00547 / 6-5-1:0.0185:0.02466:0.00620 / 1-5-6:0.0149:0.03219:0.01724 / 5-6-1:0.0128:0.01862:0.00584 / 5-1-6:0.0114:0.02148:0.01003 / 6-2-1:0.0108:0.01331:0.00251 / 1-2-6:0.0105:0.01722:0.00672 / 6-3-1:0.0105:0.01314:0.00268,leakfree-2026-06,1-6-4:0.0583:0.13045:0.07214 / 1-4-6:0.0406:0.15233:0.11176,0.6084 0.0308 0.0308 0.168 0.0315 0.1305,grade=4|a1=1|a12=2|c1cls=3|p1m=0.6084|p1k=0.4610
2026-09-28,芦屋,7,⚠高(荒),15,1-2-6 / 1-6-2 / 2-1-6 / 6-1-2 / 2-6-1 / 6-2-1 / 1-6-3 / 1-6-4 / 6-1-3 / 1-3-6 / 1-4-6 / 6-1-4 / 3-1-6 / 6-3-1 / 4-1-6,0.0466,1号佐藤 ほのか,2号中田 夕貴,6号深見 亜由美,1.0,1.0,,,,,,model_new(old),1:1.6|2:2.9|3:4.1|4:16.2|5:19.9|6:44.8,1-2-6:0.0466:0.05962:0.01305 / 1-6-2:0.0434:0.05040:0.00704 / 2-1-6:0.0394:0.04879:0.00941 / 6-1-2:0.0339:0.03772:0.00384 / 2-6-1:0.0281:0.03169:0.00363 / 6-2-1:0.0262:0.02899:0.00274 / 1-6-3:0.0213:0.02627:0.00498 / 1-6-4:0.0172:0.01848:0.00126 / 6-1-3:0.0169:0.01966:0.00272 / 1-3-6:0.0168:0.02409:0.00729 / 1-4-6:0.0145:0.01580:0.00134 / 6-1-4:0.0131:0.01383:0.00069 / 3-1-6:0.0124:0.01718:0.00477 / 6-3-1:0.0110:0.01272:0.00176 / 4-1-6:0.0101:0.01082:0.00075,leakfree-2026-06,2-1-4:0.0348:0.06085:0.02601 / 1-2-4:0.0342:0.07025:0.03609,0.4235 0.3345 0.1352 0.0692 0.0276 0.01,grade=4|a1=0|a12=0|c1cls=3|p1m=0.4235|p1k=0.4636
2026-09-28,芦屋,8,🌊最高(大荒),11,6-4-1 / 6-4-3 / 4-6-1 / 4-6-3 / 6-4-5 / 4-6-5 / 6-4-2 / 6-5-4 / 6-3-4 / 4-6-2 / 6-1-4,0.0794,6号大山 千広,4号今井 裕梨,1号田中 博子,1.0,1.0,,,,,,model_new(old),1:2.9|2:20.8|3:4.2|4:2.7|5:26.0|6:3.1,6-4-1:0.0794:0.12285:0.04344 / 6-4-3:0.0614:0.09137:0.02999 / 4-6-1:0.0563:0.10185:0.04553 / 4-6-3:0.0443:0.07575:0.03144 / 6-4-5:0.0426:0.04744:0.00485 / 4-6-5:0.0343:0.03933:0.00508 / 6-4-2:0.0177:0.02379:0.00606 / 6-5-4:0.0156:0.01883:0.00324 / 6-3-4:0.0136:0.03862:0.02505 / 4-6-2:0.0134:0.01972:0.00635 / 6-1-4:0.0126:0.05446:0.04184,leakfree-2026-06,,0.2558 0.0642 0.1567 0.3139 0.037 0.1724,grade=4|a1=0|a12=2|c1cls=4|p1m=0.2558|p1k=0.2531
2026-09-28,芦屋,9,🌊最高(大荒),4,1-4-6 / 4-1-6 / 1-6-4 / 1-4-5,0.0140,1号中北 涼,4号原 加央理,3号西村 美智子,1.0,1.0,,,,,,model_new(old),1:2.6|2:8.3|3:2.9|4:4.5|5:4.3|6:24.0,1-4-6:0.0140:0.01770:0.00372 / 4-1-6:0.0114:0.01459:0.00318 / 1-6-4:0.0110:0.01395:0.00299 / 1-4-5:0.0102:0.03098:0.02076,leakfree-2026-06,1-4-3:0.0401:0.07092:0.03078 / 1-3-4:0.0340:0.07092:0.03689,0.4165 0.0901 0.1962 0.1962 0.0901 0.0111,grade=4|a1=0|a12=2|c1cls=3|p1m=0.4165|p1k=0.2857
2026-09-28,丸亀,1,⚠高(荒),12,1-4-3 / 1-4-2 / 1-4-6 / 4-1-3 / 1-2-4 / 4-1-2 / 1-6-4 / 4-1-6 / 2-1-4 / 1-4-5 / 6-1-4 / 4-2-1,0.1036,1号小野 信樹,4号高山 敬悟,3号渡邊 雄斗,0.0,0.0,,,,,,model_new(old),1:2.5|2:22.1|3:1.3|4:9.7|5:51.7|6:25.8,1-4-3:0.1036:0.13073:0.02708 / 1-4-2:0.0695:0.07112:0.00159 / 1-4-6:0.0609:0.06229:0.00136 / 4-1-3:0.0518:0.07252:0.02077 / 1-2-4:0.0393:0.04081:0.00149 / 4-1-2:0.0382:0.03945:0.00122 / 1-6-4:0.0338:0.03511:0.00127 / 4-1-6:0.0335:0.03455:0.00105 / 2-1-4:0.0177:0.01876:0.00110 / 1-4-5:0.0172:0.01790:0.00068 / 6-1-4:0.0151:0.01603:0.00093 / 4-2-1:0.0109:0.01180:0.00087,leakfree-2026-06,1-4-3:0.0773:0.10437:0.02708 / 1-4-2:0.0663:0.06788:0.00159 / 4-1-3:0.0663:0.08703:0.02077 / 4-1-2:0.0554:0.05660:0.00122 / 1-2-4:0.0435:0.04502:0.00149,0.3995 0.117 0.1799 0.2798 0.0119 0.0119,grade=5|a1=0|a12=0|c1cls=3|p1m=0.3995|p1k=0.2908
2026-09-28,丸亀,2,🌊最高(大荒),20,1-5-3 / 1-3-5 / 1-3-4 / 1-5-4 / 5-1-3 / 3-1-5 / 3-1-4 / 5-1-4 / 1-5-2 / 1-3-2 / 5-3-1 / 1-2-5 / 3-5-1 / 1-2-3 / 5-1-2 / 3-1-2 / 1-2-4 / 2-1-5 / 2-1-3 / 5-2-1,0.0382,1号井芹 大志,5号妹尾 忠幸,4号中越 博紀,1.0,1.0,,,,,,model_new(old),1:4.9|2:28.8|3:24.0|4:1.0|5:16.0|6:144.0,1-5-3:0.0382:0.03855:0.00032 / 1-3-5:0.0376:0.03794:0.00031 / 1-3-4:0.0328:0.03781:0.00498 / 1-5-4:0.0325:0.04010:0.00761 / 5-1-3:0.0287:0.02894:0.00028 / 3-1-5:0.0280:0.02824:0.00027 / 3-1-4:0.0238:0.02814:0.00436 / 5-1-4:0.0233:0.03011:0.00677 / 1-5-2:0.0226:0.02286:0.00026 / 1-3-2:0.0214:0.02155:0.00017 / 5-3-1:0.0194:0.01962:0.00025 / 1-2-5:0.0194:0.01961:0.00026 / 3-5-1:0.0192:0.01945:0.00024 / 1-2-3:0.0186:0.01879:0.00017 / 5-1-2:0.0169:0.01716:0.00024 / 3-1-2:0.0159:0.01604:0.00015 / 1-2-4:0.0154:0.01955:0.00412 / 2-1-5:0.0133:0.01351:0.00022 / 2-1-3:0.0128:0.01294:0.00015 / 5-2-1:0.0104:0.01056:0.00020,leakfree-2026-06,1-3-4:0.0419:0.04686:0.00498 / 3-1-4:0.0359:0.04024:0.00436,0.3129 0.075 0.1998 0.251 0.1552 0.0061,grade=5|a1=0|a12=1|c1cls=3|p1m=0.3129|p1k=0.1512
2026-09-28,丸亀,3,🌊最高(大荒),11,1-2-5 / 2-1-5 / 1-5-2 / 5-1-2 / 2-5-1 / 1-2-6 / 5-2-1 / 2-1-6 / 1-6-2 / 1-5-3 / 5-1-3,0.0442,1号佐藤 世那,2号中村 桃佳,3号松尾 充,1.0,1.0,,,,,,model_new(old),1:1.8|2:6.1|3:1.9|4:25.6|5:25.6|6:35.2,1-2-5:0.0442:0.04946:0.00522 / 2-1-5:0.0353:0.03882:0.00350 / 1-5-2:0.0350:0.03934:0.00436 / 5-1-2:0.0248:0.02741:0.00264 / 2-5-1:0.0210:0.02292:0.00193 / 1-2-6:0.0194:0.02318:0.00379 / 5-2-1:0.0186:0.02034:0.00174 / 2-1-6:0.0157:0.01820:0.00254 / 1-6-2:0.0130:0.01614:0.00313 / 1-5-3:0.0127:0.02672:0.01399 / 5-1-3:0.0101:0.01862:0.00849,leakfree-2026-06,1-2-3:0.0813:0.15158:0.07029 / 2-1-3:0.0542:0.10134:0.04713 / 1-2-5:0.0512:0.05644:0.00522 / 2-1-5:0.0342:0.03773:0.00350,0.5004 0.2527 0.1479 0.0324 0.0551 0.0115,grade=5|a1=0|a12=2|c1cls=3|p1m=0.5004|p1k=0.4108
2026-09-28,丸亀,4,⚠高(荒),14,1-4-5 / 1-5-4 / 1-5-2 / 4-1-5 / 1-4-2 / 1-2-5 / 5-1-4 / 1-2-4 / 5-1-2 / 2-1-5 / 4-1-2 / 4-5-1 / 5-4-1 / 1-5-3,0.0360,1号泉 啓文,4号原田 篤志,2号大澤 大夢,1.0,1.0,,,,,,model_new(old),1:2.7|2:3.9|3:2.5|4:4.9|5:14.3|6:26.2,1-4-5:0.0360:0.04133:0.00533 / 1-5-4:0.0331:0.03762:0.00454 / 1-5-2:0.0249:0.03056:0.00570 / 4-1-5:0.0244:0.02892:0.00455 / 1-4-2:0.0241:0.04363:0.01955 / 1-2-5:0.0239:0.03107:0.00719 / 5-1-4:0.0217:0.02511:0.00346 / 1-2-4:0.0194:0.04040:0.02098 / 5-1-2:0.0160:0.02039:0.00435 / 2-1-5:0.0145:0.02092:0.00643 / 4-1-2:0.0138:0.03053:0.01668 / 4-5-1:0.0136:0.01690:0.00327 / 5-4-1:0.0132:0.01612:0.00292 / 1-5-3:0.0124:0.02125:0.00889,leakfree-2026-06,,0.3848 0.1812 0.1549 0.1626 0.0832 0.0332,grade=5|a1=1|a12=2|c1cls=3|p1m=0.3848|p1k=0.2766
2026-09-28,丸亀,5,⚠高(荒),6,1-4-2 / 1-2-4 / 4-1-2 / 1-2-6 / 1-4-3 / 2-1-4,0.0394,1号小林 孝弘,2号福来 剛,4号郷原 章平,1.0,1.0,,,,,,model_new(old),1:2.6|2:1.9|3:4.5|4:5.4|5:35.7|6:41.7,1-4-2:0.0394:0.07404:0.03467 / 1-2-4:0.0372:0.09764:0.06041 / 4-1-2:0.0256:0.05447:0.02883 / 1-2-6:0.0130:0.02079:0.00782 / 1-4-3:0.0126:0.02728:0.01464 / 2-1-4:0.0117:0.08221:0.07055,leakfree-2026-06,1-2-4:0.0523:0.11276:0.06041 / 2-1-4:0.0422:0.11276:0.07055 / 1-4-2:0.0377:0.07241:0.03467,0.3493 0.3493 0.1061 0.1813 0.007 0.007,grade=5|a1=1|a12=2|c1cls=3|p1m=0.3493|p1k=0.2807
2026-09-28,丸亀,6,✅低(堅),6,1-6-3 / 6-1-3 / 1-3-6 / 3-1-6 / 6-1-2 / 6-3-1,0.0226,1号芦澤 望,6号赤羽 克也,3号坪口 竜也,2.0,2.0,,,,,,model_new(old),1:1.1|2:8.0|3:9.7|4:34.0|5:9.3|6:8.7,1-6-3:0.0226:0.06685:0.04426 / 6-1-3:0.0200:0.03667:0.01667 / 1-3-6:0.0150:0.05784:0.04287 / 3-1-6:0.0140:0.03004:0.01600 / 6-1-2:0.0115:0.03172:0.02022 / 6-3-1:0.0100:0.01524:0.00520,leakfree-2026-06,1-3-6:0.0489:0.09179:0.04287 / 1-3-2:0.0452:0.09179:0.04662 / 1-6-3:0.0342:0.07850:0.04426,0.6188 0.0983 0.1392 0.0312 0.0142 0.0983,grade=5|a1=1|a12=3|c1cls=2|p1m=0.6188|p1k=0.6545
2026-09-28,丸亀,7,🌊最高(大荒),6,1-5-3 / 5-1-3 / 5-3-1 / 1-5-4 / 5-1-4 / 1-4-5,0.0224,1号加藤 綾,3号安河内 健,5号小林 文彦,2.0,2.0,,,,,,model_new(old),1:2.3|2:5.7|3:1.9|4:10.7|5:8.4|6:40.1,1-5-3:0.0224:0.04816:0.02574 / 5-1-3:0.0220:0.04126:0.01926 / 5-3-1:0.0159:0.03754:0.02168 / 1-5-4:0.0152:0.01975:0.00457 / 5-1-4:0.0135:0.01692:0.00342 / 1-4-5:0.0123:0.01671:0.00443,leakfree-2026-06,3-2-1:0.0287:0.07994:0.05128,0.2445 0.1561 0.4512 0.0717 0.0717 0.0048,grade=5|a1=1|a12=3|c1cls=3|p1m=0.2445|p1k=0.3164
2026-09-28,丸亀,8,✅低(堅),7,1-4-6 / 1-6-4 / 1-2-6 / 1-6-2 / 1-6-3 / 1-3-6 / 4-1-6,0.0281,1号上條 嘉嗣,4号岩永 雅人,2号藤田 浩人,1.0,1.0,,,,,,model_new(old),1:1.1|2:8.6|3:6.8|4:6.1|5:29.1|6:46.6,1-4-6:0.0281:0.04298:0.01490 / 1-6-4:0.0236:0.03391:0.01030 / 1-2-6:0.0179:0.02713:0.00919 / 1-6-2:0.0170:0.02426:0.00731 / 1-6-3:0.0142:0.02344:0.00924 / 1-3-6:0.0133:0.02595:0.01269 / 4-1-6:0.0104:0.01624:0.00586,leakfree-2026-06,1-4-3:0.0448:0.14687:0.10210 / 1-4-2:0.0259:0.10667:0.08073,0.6589 0.0726 0.1 0.1473 0.0115 0.0097,grade=5|a1=1|a12=3|c1cls=1|p1m=0.6589|p1k=0.6530
2026-09-28,丸亀,9,△中,10,1-4-2 / 1-2-4 / 4-1-2 / 2-1-4 / 4-2-1 / 2-4-1 / 1-4-6 / 4-1-6 / 1-2-6 / 1-6-4,0.0291,1号三好 勇人,4号岡村 慶太,2号芝田 浩治,0.0,0.0,,,,,,model_new(old),1:2.4|2:6.0|3:4.9|4:2.7|5:9.5|6:12.4,1-4-2:0.0291:0.06623:0.03709 / 1-2-4:0.0267:0.05386:0.02716 / 4-1-2:0.0244:0.05971:0.03533 / 2-1-4:0.0219:0.04328:0.02139 / 4-2-1:0.0178:0.04219:0.02438 / 2-4-1:0.0174:0.03761:0.02016 / 1-4-6:0.0151:0.03309:0.01795 / 4-1-6:0.0127:0.02983:0.01709 / 1-2-6:0.0122:0.01807:0.00591 / 1-6-4:0.0108:0.02259:0.01180,leakfree-2026-06,1-4-2:0.0629:0.09999:0.03709 / 1-4-3:0.0546:0.09999:0.04542 / 4-1-2:0.0501:0.08546:0.03533 / 4-1-3:0.0422:0.08546:0.04326 / 1-2-4:0.0340:0.06111:0.02716,0.4097 0.1308 0.1308 0.3094 0.0097 0.0097,grade=5|a1=2|a12=4|c1cls=2|p1m=0.4097|p1k=0.3101
2026-09-28,丸亀,10,✅低(堅),17,1-5-3 / 1-5-4 / 1-5-2 / 5-1-3 / 5-1-4 / 1-3-5 / 5-1-2 / 1-5-6 / 1-4-5 / 5-1-6 / 3-1-5 / 5-3-1 / 4-1-5 / 5-4-1 / 1-6-5 / 3-5-1 / 4-5-1,0.0917,1号宇留田 翔平,5号平田 忠則,3号守屋 大地,2.0,2.0,,,,,,model_new(old),1:2.8|2:1.2|3:17.2|4:17.2|5:17.2|6:51.7,1-5-3:0.0917:0.09257:0.00088 / 1-5-4:0.0770:0.07792:0.00088 / 1-5-2:0.0652:0.07778:0.01256 / 5-1-3:0.0642:0.06488:0.00068 / 5-1-4:0.0539:0.05461:0.00068 / 1-3-5:0.0451:0.04601:0.00088 / 5-1-2:0.0448:0.05452:0.00973 / 1-5-6:0.0372:0.03746:0.00029 / 1-4-5:0.0369:0.03777:0.00088 / 5-1-6:0.0260:0.02626:0.00023 / 3-1-5:0.0241:0.02474:0.00068 / 5-3-1:0.0210:0.02157:0.00052 / 4-1-5:0.0194:0.02007:0.00068 / 5-4-1:0.0173:0.01785:0.00052 / 1-6-5:0.0167:0.01699:0.00028 / 3-5-1:0.0160:0.01654:0.00052 / 4-5-1:0.0130:0.01353:0.00052,leakfree-2026-06,1-5-2:0.0855:0.09803:0.01256 / 1-5-3:0.0683:0.06920:0.00088 / 1-3-5:0.0499:0.05081:0.00088 / 1-5-4:0.0471:0.04796:0.00088 / 5-1-2:0.0424:0.05213:0.00973 / 5-1-3:0.0361:0.03680:0.00068 / 1-4-5:0.0321:0.03293:0.00088,0.5617 0.1143 0.0807 0.0559 0.1758 0.0117,grade=5|a1=2|a12=4|c1cls=2|p1m=0.5617|p1k=0.2580
2026-09-28,下関,1,🌊最高(大荒),11,2-1-5 / 2-1-6 / 2-1-4 / 1-2-4 / 1-2-5 / 5-1-2 / 1-2-6 / 2-5-1 / 6-1-2 / 5-2-1 / 4-1-2,0.0279,1号澤 大介,2号上村 慎太郎,5号多羅尾 達之,1.0,1.0,,,,,,model_new(old),1:1.0|2:11.7|3:13.0|4:39.2|5:23.5|6:29.4,2-1-5:0.0279:0.04151:0.01363 / 2-1-6:0.0228:0.03369:0.01089 / 2-1-4:0.0203:0.02845:0.00817 / 1-2-4:0.0156:0.05198:0.03642 / 1-2-5:0.0151:0.07585:0.06076 / 5-1-2:0.0150:0.02562:0.01061 / 1-2-6:0.0130:0.06156:0.04857 / 2-5-1:0.0123:0.01445:0.00215 / 6-1-2:0.0115:0.01963:0.00811 / 5-2-1:0.0107:0.01274:0.00207 / 4-1-2:0.0101:0.01596:0.00582,leakfree-2026-06,3-1-2:0.0623:0.08560:0.02335 / 2-1-3:0.0610:0.08560:0.02464 / 1-3-2:0.0438:0.14866:0.10483 / 1-2-3:0.0388:0.14866:0.10983 / 3-2-1:0.0342:0.03818:0.00397 / 2-3-1:0.0342:0.03818:0.00400,0.5335 0.1897 0.1897 0.0276 0.0488 0.0107,grade=5|a1=0|a12=0|c1cls=3|p1m=0.5335|p1k=0.7908
2026-09-28,下関,2,🌊最高(大荒),15,6-5-2 / 6-2-5 / 6-5-3 / 5-6-2 / 6-3-5 / 2-6-5 / 5-6-3 / 6-2-3 / 6-5-1 / 6-3-2 / 3-6-5 / 5-2-6 / 2-5-6 / 2-6-3 / 5-6-1,0.0366,6号中辻 崇人,5号高野 心吾,2号井上 尚悟,1.0,1.0,,,,,,model_new(old),1:2.2|2:6.2|3:11.0|4:24.9|5:8.3|6:2.1,6-5-2:0.0366:0.04720:0.01063 / 6-2-5:0.0327:0.04390:0.01125 / 6-5-3:0.0272:0.03318:0.00599 / 5-6-2:0.0249:0.03246:0.00754 / 6-3-5:0.0223:0.02806:0.00576 / 2-6-5:0.0209:0.02914:0.00825 / 5-6-3:0.0186:0.02281:0.00425 / 6-2-3:0.0171:0.02554:0.00849 / 6-5-1:0.0159:0.04585:0.02996 / 6-3-2:0.0155:0.02322:0.00772 / 3-6-5:0.0138:0.01775:0.00399 / 5-2-6:0.0135:0.01879:0.00530 / 2-5-6:0.0127:0.01814:0.00549 / 2-6-3:0.0107:0.01695:0.00623 / 5-6-1:0.0103:0.03153:0.02125,leakfree-2026-06,,0.471 0.1379 0.0974 0.0141 0.0675 0.2121,grade=5|a1=1|a12=1|c1cls=3|p1m=0.4710|p1k=0.3383
2026-09-28,下関,3,🌊最高(大荒),11,6-1-2 / 1-6-2 / 6-2-1 / 1-2-6 / 2-6-1 / 2-1-6 / 6-1-3 / 6-1-4 / 1-6-3 / 1-6-4 / 6-3-1,0.0437,6号横田 貴満,1号諏訪 玲奈,2号三川 昂暁,1.0,1.0,,,,,,model_new(old),1:9.4|2:2.3|3:9.4|4:3.4|5:28.2|6:2.7,6-1-2:0.0437:0.05867:0.01494 / 1-6-2:0.0382:0.04999:0.01176 / 6-2-1:0.0341:0.05812:0.02399 / 1-2-6:0.0266:0.03928:0.01270 / 2-6-1:0.0236:0.04926:0.02568 / 2-1-6:0.0218:0.03907:0.01727 / 6-1-3:0.0178:0.02141:0.00366 / 6-1-4:0.0155:0.02557:0.01011 / 1-6-3:0.0154:0.01824:0.00288 / 1-6-4:0.0138:0.02179:0.00796 / 6-3-1:0.0124:0.01608:0.00366,leakfree-2026-06,1-2-4:0.0414:0.05150:0.01009 / 2-1-4:0.0394:0.05308:0.01372 / 1-2-3:0.0371:0.04078:0.00365 / 2-1-3:0.0371:0.04203:0.00496,0.3108 0.3312 0.0978 0.1234 0.039 0.0978,grade=5|a1=0|a12=3|c1cls=4|p1m=0.3108|p1k=0.0789
2026-09-28,下関,4,🌊最高(大荒),20,1-6-3 / 6-1-3 / 6-3-1 / 3-6-1 / 1-3-6 / 1-6-5 / 3-1-6 / 6-1-5 / 1-5-6 / 1-6-4 / 6-1-4 / 5-1-6 / 6-5-1 / 1-4-6 / 5-6-1 / 1-5-3 / 6-3-5 / 3-6-5 / 5-1-3 / 6-4-1,0.0532,1号大場 広孝,3号下出 卓矢,6号清水 敦揮,2.0,2.0,,,,,,model_new(old),1:1.6|2:8.8|3:2.1|4:11.2|5:42.0|6:33.6,1-6-3:0.0532:0.06589:0.01267 / 6-1-3:0.0479:0.05490:0.00699 / 6-3-1:0.0363:0.04205:0.00577 / 3-6-1:0.0334:0.04207:0.00869 / 1-3-6:0.0313:0.06597:0.03472 / 1-6-5:0.0292:0.02981:0.00063 / 3-1-6:0.0261:0.05500:0.02886 / 6-1-5:0.0245:0.02484:0.00035 / 1-5-6:0.0224:0.02308:0.00063 / 1-6-4:0.0198:0.02220:0.00238 / 6-1-4:0.0172:0.01850:0.00131 / 5-1-6:0.0163:0.01660:0.00034 / 6-5-1:0.0153:0.01554:0.00019 / 1-4-6:0.0138:0.01640:0.00259 / 5-6-1:0.0132:0.01341:0.00019 / 1-5-3:0.0131:0.02313:0.01005 / 6-3-5:0.0119:0.01210:0.00022 / 3-6-5:0.0118:0.01211:0.00033 / 5-1-3:0.0111:0.01664:0.00552 / 6-4-1:0.0104:0.01114:0.00074,leakfree-2026-06,,0.5578 0.0614 0.193 0.0886 0.0496 0.0496,grade=5|a1=1|a12=3|c1cls=3|p1m=0.5578|p1k=0.4603
2026-09-28,下関,5,△中,13,1-5-4 / 1-4-5 / 1-5-3 / 1-3-5 / 5-1-4 / 5-1-3 / 1-5-6 / 4-1-5 / 3-1-5 / 1-6-5 / 1-6-4 / 5-4-1 / 5-1-6,0.0760,1号小林 泰,4号桐本 康臣,5号池田 浩美,2.0,2.0,,,,,,model_new(old),1:1.8|2:13.7|3:6.2|4:2.0|5:24.4|6:36.6,1-5-4:0.0760:0.08966:0.01371 / 1-4-5:0.0656:0.10012:0.03452 / 1-5-3:0.0460:0.05038:0.00442 / 1-3-5:0.0394:0.04468:0.00525 / 5-1-4:0.0362:0.04458:0.00836 / 5-1-3:0.0224:0.02505:0.00270 / 1-5-6:0.0204:0.02119:0.00075 / 4-1-5:0.0194:0.05166:0.03228 / 3-1-5:0.0177:0.02127:0.00352 / 1-6-5:0.0156:0.01630:0.00074 / 1-6-4:0.0113:0.02030:0.00898 / 5-4-1:0.0113:0.01908:0.00779 / 5-1-6:0.0101:0.01054:0.00046,leakfree-2026-06,1-4-5:0.0628:0.09727:0.03452 / 1-5-4:0.0589:0.07262:0.01371 / 1-5-3:0.0346:0.03901:0.00442 / 1-3-5:0.0342:0.03943:0.00525,0.6471 0.0438 0.0783 0.1457 0.0754 0.0096,grade=5|a1=0|a12=2|c1cls=2|p1m=0.6471|p1k=0.4091
2026-09-28,下関,6,△中,0,,0.0000,1号藤田 靖弘,3号馬場 剛,6号塩田 北斗,1.0,1.0,,,,,,model_new(old),1:1.6|2:9.5|3:4.6|4:9.5|5:23.5|6:3.9,,leakfree-2026-06,1-3-2:0.0669:0.09550:0.02857 / 3-1-2:0.0455:0.06380:0.01830 / 1-3-4:0.0402:0.06872:0.02857,0.5082 0.0799 0.2638 0.0575 0.0331 0.0575,grade=5|a1=2|a12=3|c1cls=2|p1m=0.5082|p1k=0.4623
2026-09-28,下関,7,△中,15,1-4-6 / 1-6-4 / 1-2-6 / 1-4-3 / 1-6-2 / 1-3-4 / 4-1-6 / 1-4-2 / 1-2-4 / 1-3-2 / 1-2-3 / 4-1-3 / 4-1-2 / 2-1-6 / 3-1-4,0.0627,1号岡瀬 正人,6号稲田 浩二,4号寺島 美里,1.0,1.0,,,,,,model_new(old),1:2.1|2:29.0|3:6.2|4:17.7|5:63.9|6:1.6,1-4-6:0.0627:0.07917:0.01644 / 1-6-4:0.0523:0.10362:0.05134 / 1-2-6:0.0296:0.03935:0.00978 / 1-4-3:0.0293:0.03355:0.00424 / 1-6-2:0.0274:0.05870:0.03133 / 1-3-4:0.0260:0.03089:0.00485 / 4-1-6:0.0257:0.03693:0.01119 / 1-4-2:0.0250:0.02591:0.00091 / 1-2-4:0.0218:0.02273:0.00088 / 1-3-2:0.0145:0.01750:0.00296 / 1-2-3:0.0141:0.01667:0.00252 / 4-1-3:0.0128:0.01565:0.00289 / 4-1-2:0.0115:0.01208:0.00062 / 2-1-6:0.0109:0.01749:0.00654 / 3-1-4:0.0104:0.01398:0.00359,leakfree-2026-06,1-4-3:0.0731:0.07736:0.00424 / 1-3-4:0.0625:0.06739:0.00485 / 1-4-6:0.0609:0.07736:0.01644 / 1-4-2:0.0527:0.05361:0.00091 / 1-2-4:0.0418:0.04265:0.00088 / 1-3-2:0.0300:0.03297:0.00296 / 1-6-4:0.0161:0.06739:0.05134,0.6508 0.0572 0.0825 0.1169 0.0101 0.0825,grade=5|a1=1|a12=3|c1cls=2|p1m=0.6508|p1k=0.3478
2026-09-28,下関,8,✅低(堅),12,1-5-3 / 1-3-5 / 1-5-4 / 1-4-5 / 1-4-3 / 1-3-4 / 1-5-6 / 5-1-3 / 1-3-6 / 1-5-2 / 5-1-4 / 1-6-5,0.0434,1号数原 魁,3号篠原 飛翔,5号平野 和明,1.0,1.0,,,,,,model_new(old),1:1.9|2:4.5|3:3.1|4:8.0|5:6.9|6:37.1,1-5-3:0.0434:0.07403:0.03067 / 1-3-5:0.0367:0.07782:0.04117 / 1-5-4:0.0321:0.04395:0.01188 / 1-4-5:0.0273:0.03888:0.01155 / 1-4-3:0.0180:0.04371:0.02572 / 1-3-4:0.0164:0.05194:0.03551 / 1-5-6:0.0142:0.01672:0.00256 / 5-1-3:0.0127:0.03376:0.02111 / 1-3-6:0.0121:0.01977:0.00766 / 1-5-2:0.0120:0.03318:0.02113 / 5-1-4:0.0119:0.02004:0.00818 / 1-6-5:0.0107:0.01294:0.00219,leakfree-2026-06,1-3-4:0.0538:0.08926:0.03551 / 1-4-3:0.0417:0.06745:0.02572 / 1-3-2:0.0296:0.09268:0.06312 / 1-2-3:0.0179:0.07075:0.05290,0.6421 0.0771 0.1436 0.0743 0.0535 0.0095,grade=5|a1=0|a12=3|c1cls=2|p1m=0.6421|p1k=0.3847
2026-09-28,下関,9,✅低(堅),15,1-2-5 / 1-5-2 / 2-1-5 / 5-1-2 / 1-2-6 / 2-1-6 / 1-5-3 / 1-6-2 / 1-5-6 / 2-5-1 / 1-6-5 / 5-2-1 / 6-1-2 / 1-3-5 / 5-1-3,0.0476,1号清水 敦揮,2号中辻 崇人,3号原田 秀弥,1.0,1.0,,,,,,model_new(old),1:1.1|2:5.6|3:4.4|4:66.8|5:100.3|6:36.4,1-2-5:0.0476:0.05681:0.00924 / 1-5-2:0.0364:0.04220:0.00576 / 2-1-5:0.0317:0.03530:0.00356 / 5-1-2:0.0212:0.02318:0.00195 / 1-2-6:0.0209:0.04631:0.02545 / 2-1-6:0.0190:0.02878:0.00981 / 1-5-3:0.0168:0.02411:0.00733 / 1-6-2:0.0166:0.03308:0.01652 / 1-5-6:0.0148:0.01574:0.00089 / 2-5-1:0.0142:0.01506:0.00084 / 1-6-5:0.0142:0.01513:0.00092 / 5-2-1:0.0126:0.01331:0.00074 / 6-1-2:0.0122:0.01785:0.00565 / 1-3-5:0.0113:0.02549:0.01423 / 5-1-3:0.0108:0.01324:0.00248,leakfree-2026-06,1-2-5:0.0692:0.07846:0.00924 / 1-2-4:0.0646:0.07846:0.01387 / 1-5-2:0.0346:0.04040:0.00576 / 1-4-2:0.0316:0.04040:0.00875,0.6723 0.1759 0.0741 0.033 0.033 0.0117,grade=5|a1=1|a12=5|c1cls=2|p1m=0.6723|p1k=0.6649
2026-09-28,大村,1,🌊最高(大荒),6,1-3-6 / 1-6-3 / 3-1-6 / 1-3-2 / 6-1-3 / 1-2-3,0.0679,1号星野 太郎,3号松井 賢治,5号松尾 祭,2.0,1.0,,,,,,model_new(old),1:1.9|2:25.8|3:1.8|4:19.3|5:7.4|6:20.3,1-3-6:0.0679:0.11443:0.04648 / 1-6-3:0.0327:0.04903:0.01636 / 3-1-6:0.0292:0.07740:0.04818 / 1-3-2:0.0271:0.06365:0.03658 / 6-1-3:0.0144:0.02481:0.01039 / 1-2-3:0.0129:0.02558:0.01270,leakfree-2026-06,1-3-6:0.0410:0.08745:0.04648 / 1-5-3:0.0221:0.07253:0.05042,0.5268 0.0169 0.2934 0.0288 0.086 0.0482,grade=5|a1=0|a12=2|c1cls=3|p1m=0.5268|p1k=0.3879
2026-09-28,大村,2,🌊最高(大荒),16,1-6-3 / 1-3-6 / 6-1-3 / 3-1-6 / 1-6-5 / 1-5-6 / 6-3-1 / 1-6-4 / 3-6-1 / 1-6-2 / 6-1-5 / 1-4-6 / 1-2-6 / 6-1-4 / 5-1-6 / 6-1-2,0.0563,1号富永 大一,3号渡邉 俊介,6号平田 健之佑,4.0,3.0,,,,,,model_new(old),1:2.2|2:14.1|3:2.4|4:4.3|5:7.8|6:22.6,1-6-3:0.0563:0.06448:0.00822 / 1-3-6:0.0556:0.07021:0.01464 / 6-1-3:0.0356:0.04119:0.00563 / 3-1-6:0.0325:0.04658:0.01405 / 1-6-5:0.0250:0.02756:0.00253 / 1-5-6:0.0202:0.02303:0.00281 / 6-3-1:0.0187:0.02405:0.00539 / 1-6-4:0.0184:0.02298:0.00459 / 3-6-1:0.0174:0.02498:0.00754 / 1-6-2:0.0162:0.01761:0.00140 / 6-1-5:0.0159:0.01761:0.00173 / 1-4-6:0.0128:0.01866:0.00589 / 1-2-6:0.0124:0.01385:0.00144 / 6-1-4:0.0115:0.01468:0.00314 / 5-1-6:0.0114:0.01350:0.00205 / 6-1-2:0.0103:0.01125:0.00096,leakfree-2026-06,1-3-2:0.0713:0.09480:0.02347 / 1-3-6:0.0400:0.05463:0.01464 / 1-3-5:0.0342:0.07660:0.04243 / 3-1-2:0.0338:0.05628:0.02252 / 1-2-3:0.0324:0.04602:0.01359,0.5575 0.0555 0.2546 0.0555 0.0449 0.032,grade=5|a1=1|a12=2|c1cls=3|p1m=0.5575|p1k=0.3374
2026-09-28,大村,3,⚠高(荒),16,6-1-5 / 6-2-5 / 6-5-1 / 1-6-5 / 6-5-2 / 2-6-5 / 6-2-4 / 5-6-1 / 6-4-2 / 5-6-2 / 1-5-6 / 5-1-6 / 2-5-6 / 6-4-5 / 6-5-4 / 2-6-4,0.0211,6号鶴本 崇文,1号岡本 大,2号岸本 隆,2.0,1.0,,,,,,model_new(old),1:1.6|2:3.6|3:11.0|4:6.9|5:94.1|6:4.9,6-1-5:0.0211:0.02272:0.00166 / 6-2-5:0.0180:0.01846:0.00044 / 6-5-1:0.0180:0.01873:0.00077 / 1-6-5:0.0171:0.01973:0.00262 / 6-5-2:0.0158:0.01615:0.00034 / 2-6-5:0.0150:0.01546:0.00047 / 6-2-4:0.0140:0.02001:0.00606 / 5-6-1:0.0138:0.01442:0.00066 / 6-4-2:0.0125:0.01780:0.00526 / 5-6-2:0.0121:0.01244:0.00029 / 1-5-6:0.0119:0.01378:0.00192 / 5-1-6:0.0112:0.01222:0.00104 / 2-5-6:0.0106:0.01099:0.00039 / 6-4-5:0.0106:0.01080:0.00020 / 6-5-4:0.0104:0.01062:0.00018 / 2-6-4:0.0103:0.01676:0.00648,leakfree-2026-06,1-2-4:0.0452:0.10184:0.05666 / 1-2-5:0.0365:0.04068:0.00415,0.532 0.2377 0.0486 0.0869 0.0347 0.0602,grade=5|a1=1|a12=2|c1cls=3|p1m=0.5320|p1k=0.4618
2026-09-28,大村,4,⚠高(荒),1,1-4-6,0.0112,1号森作 広大,2号榎 幸司,4号渡邉 翼,2.0,1.0,,,,,,model_new(old),1:2.1|2:1.9|3:9.0|4:5.7|5:30.6|6:30.6,1-4-6:0.0112:0.01444:0.00327,leakfree-2026-06,,0.3331 0.3484 0.1408 0.1569 0.0104 0.0104,grade=5|a1=1|a12=3|c1cls=3|p1m=0.3331|p1k=0.3516
2026-09-28,大村,5,⚠高(荒),0,,0.0000,1号松竹 大輔,3号森野 正弘,5号荒井 輝年,0.0,1.0,,,,,,model_new(old),1:1.0|2:100.5|3:3.8|4:0.0|5:0.0|6:0.0,,leakfree-2026-06,,0.5764 0.0464 0.2633 0.0574 0.0464 0.0102,grade=5|a1=1|a12=2|c1cls=3|p1m=0.5764|p1k=0.7855
2026-09-29,戸田,1,⚠高(荒),12,2-1-3 / 1-2-3 / 2-1-4 / 2-4-3 / 1-2-4 / 2-4-1 / 4-2-3 / 1-4-3 / 1-4-2 / 4-2-1 / 4-1-2 / 4-1-3,0.0236,3号中村 将隆,2号五反田 忍,1号高橋 二朗,1.0,1.0,,,,,,model_new(old),1:8.8|2:6.8|3:1.1|4:8.8|5:17.7|6:88.5,2-1-3:0.0236:0.03220:0.00856 / 1-2-3:0.0229:0.03123:0.00833 / 2-1-4:0.0159:0.01694:0.00107 / 2-4-3:0.0154:0.02398:0.00856 / 1-2-4:0.0154:0.01643:0.00104 / 2-4-1:0.0147:0.01580:0.00107 / 4-2-3:0.0138:0.02212:0.00833 / 1-4-3:0.0138:0.02002:0.00625 / 1-4-2:0.0137:0.01475:0.00101 / 4-2-1:0.0135:0.01458:0.00104 / 4-1-2:0.0130:0.01403:0.00101 / 4-1-3:0.0128:0.01904:0.00625,leakfree-2026-06,2-3-4:0.0352:0.06683:0.03164,0.1426 0.232 0.4469 0.1589 0.0106 0.009,grade=5|a1=0|a12=0|c1cls=3|p1m=0.1426|p1k=0.0841
2026-09-29,戸田,2,🌊最高(大荒),6,3-5-1 / 5-3-1 / 3-1-5 / 3-4-5 / 3-5-4 / 5-1-3,0.0125,1号土性 雅也,3号藤田 俊祐,4号上田 健太,1.0,1.0,,,,,,model_new(old),1:2.0|2:3.2|3:3.5|4:5.5|5:14.2|6:99.7,3-5-1:0.0125:0.01937:0.00685 / 5-3-1:0.0115:0.01724:0.00571 / 3-1-5:0.0112:0.02317:0.01197 / 3-4-5:0.0103:0.01306:0.00280 / 3-5-4:0.0102:0.01274:0.00249 / 5-1-3:0.0102:0.01743:0.00726,leakfree-2026-06,3-4-1:0.0423:0.06222:0.01989 / 3-1-4:0.0313:0.06222:0.03091 / 3-4-2:0.0302:0.04263:0.01243,0.2011 0.1378 0.3875 0.2011 0.0633 0.0092,grade=5|a1=0|a12=3|c1cls=4|p1m=0.2011|p1k=0.3675
2026-09-29,戸田,3,🌊最高(大荒),0,,0.0000,6号山田 康二,1号金子 順一,3号山ノ内 雅人,1.0,1.0,,,,,,model_new(old),1:0.0|2:3.7|3:7.5|4:0.0|5:2.5|6:1.8,,leakfree-2026-06,,0.2228 0.1023 0.2799 0.0418 0.0709 0.2824,grade=5|a1=1|a12=2|c1cls=3|p1m=0.2228|p1k=0.0000
2026-09-29,江戸川,1,🌊最高(大荒),8,3-1-6 / 1-3-6 / 1-6-3 / 6-1-3 / 3-6-1 / 6-3-1 / 3-4-1 / 4-3-1,0.0235,1号山口 亮,3号黒田 剛,4号杉江 浩明,3.0,5.0,,,,,,model_new(old),1:1.2|2:13.7|3:6.8|4:6.8|5:10.7|6:18.8,3-1-6:0.0235:0.03445:0.01100 / 1-3-6:0.0209:0.04658:0.02569 / 1-6-3:0.0173:0.03779:0.02045 / 6-1-3:0.0170:0.02515:0.00812 / 3-6-1:0.0159:0.01937:0.00352 / 6-3-1:0.0142:0.01744:0.00326 / 3-4-1:0.0126:0.02314:0.01059 / 4-3-1:0.0107:0.02129:0.01059,leakfree-2026-06,1-2-3:0.0588:0.08815:0.02932 / 1-3-2:0.0581:0.09330:0.03525 / 3-1-2:0.0412:0.05632:0.01509 / 2-1-3:0.0402:0.05204:0.01182,0.5047 0.1611 0.1795 0.0824 0.0461 0.0262,grade=5|a1=0|a12=0|c1cls=3|p1m=0.5047|p1k=0.6186
2026-09-29,江戸川,2,⚠高(荒),14,4-5-1 / 4-5-6 / 5-4-6 / 5-4-1 / 4-6-5 / 4-1-6 / 4-6-1 / 4-1-5 / 6-4-5 / 6-4-1 / 5-6-4 / 6-5-4 / 1-4-6 / 6-1-4,0.0287,4号河野 主樹,1号萩原 知哉,5号西川 拓利,3.0,5.0,,,,,,model_new(old),1:1.5|2:9.0|3:0.0|4:9.0|5:3.0|6:9.0,4-5-1:0.0287:0.04577:0.01705 / 4-5-6:0.0245:0.02736:0.00284 / 5-4-6:0.0218:0.02530:0.00347 / 5-4-1:0.0215:0.04232:0.02083 / 4-6-5:0.0211:0.02335:0.00227 / 4-1-6:0.0208:0.02993:0.00909 / 4-6-1:0.0203:0.02480:0.00455 / 4-1-5:0.0199:0.04714:0.02727 / 6-4-5:0.0172:0.01949:0.00227 / 6-4-1:0.0162:0.02070:0.00455 / 5-6-4:0.0161:0.01960:0.00347 / 6-5-4:0.0148:0.01769:0.00284 / 1-4-6:0.0115:0.02820:0.01667 / 6-1-4:0.0101:0.01922:0.00909,leakfree-2026-06,4-1-5:0.0699:0.09716:0.02727 / 1-4-5:0.0448:0.09478:0.05000 / 4-1-2:0.0431:0.05220:0.00909 / 4-5-1:0.0393:0.05637:0.01705 / 1-4-2:0.0343:0.05092:0.01667,0.3482 0.0753 0.0422 0.3642 0.1401 0.0301,grade=5|a1=0|a12=2|c1cls=3|p1m=0.3482|p1k=0.5000
2026-09-29,平和島,1,🌊最高(大荒),8,4-5-1 / 5-4-1 / 5-1-4 / 1-5-4 / 1-5-6 / 1-6-5 / 4-6-1 / 5-1-6,0.0203,1号吉原 聖人,4号伊藤 誠二,5号北川 敏弘,2.0,3.0,,,,,,model_new(old),1:1.5|2:8.0|3:24.1|4:2.4|5:15.0|6:30.1,4-5-1:0.0203:0.03732:0.01697 / 5-4-1:0.0198:0.03215:0.01234 / 5-1-4:0.0195:0.03681:0.01735 / 1-5-4:0.0148:0.04741:0.03259 / 1-5-6:0.0129:0.01550:0.00260 / 1-6-5:0.0111:0.01359:0.00246 / 4-6-1:0.0107:0.01881:0.00814 / 5-1-6:0.0107:0.01204:0.00138,leakfree-2026-06,4-2-1:0.0380:0.07212:0.03412 / 2-4-1:0.0324:0.05838:0.02600,0.3431 0.1885 0.0404 0.3431 0.0702 0.0146,grade=4|a1=1|a12=1|c1cls=3|p1m=0.3431|p1k=0.4939
2026-09-29,平和島,2,🌊最高(大荒),16,1-4-3 / 1-2-3 / 1-3-6 / 1-6-3 / 1-3-4 / 1-2-4 / 4-1-3 / 1-4-2 / 1-2-6 / 6-1-3 / 2-1-4 / 1-6-2 / 2-1-3 / 4-1-2 / 1-2-5 / 1-4-6,0.0180,1号塚田 修二,3号谷村 一哉,2号鳥居塚 孝博,2.0,3.0,,,,,,model_new(old),1:7.9|2:6.5|3:1.1|4:21.2|5:8.3|6:38.2,1-4-3:0.0180:0.02062:0.00258 / 1-2-3:0.0160:0.02527:0.00923 / 1-3-6:0.0159:0.02084:0.00498 / 1-6-3:0.0156:0.01696:0.00141 / 1-3-4:0.0155:0.02452:0.00898 / 1-2-4:0.0142:0.01468:0.00048 / 4-1-3:0.0141:0.01648:0.00243 / 1-4-2:0.0137:0.01410:0.00044 / 1-2-6:0.0122:0.01247:0.00027 / 6-1-3:0.0120:0.01327:0.00130 / 2-1-4:0.0116:0.01204:0.00049 / 1-6-2:0.0114:0.01160:0.00024 / 2-1-3:0.0113:0.02073:0.00944 / 4-1-2:0.0109:0.01127:0.00041 / 1-2-5:0.0104:0.01164:0.00122 / 1-4-6:0.0101:0.01018:0.00007,leakfree-2026-06,1-2-3:0.0626:0.07183:0.00923 / 2-1-3:0.0585:0.06791:0.00944 / 1-3-2:0.0535:0.08278:0.02929 / 2-3-1:0.0384:0.07092:0.03249,0.2931 0.2522 0.3124 0.0922 0.0368 0.0133,grade=4|a1=1|a12=2|c1cls=3|p1m=0.2931|p1k=0.0915
2026-09-29,多摩川,1,⚠高(荒),12,1-6-5 / 6-1-5 / 1-5-6 / 5-1-6 / 6-5-1 / 1-6-3 / 5-6-1 / 6-1-3 / 1-3-6 / 1-6-4 / 6-3-1 / 6-1-4,0.0994,1号倉田 郁美,6号桑島 和宏,5号岡村 将也,1.0,2.0,,,,,,model_new(old),1:2.4|2:10.1|3:6.0|4:3.5|5:4.0|6:7.5,1-6-5:0.0994:0.11311:0.01372 / 6-1-5:0.0817:0.09218:0.01053 / 1-5-6:0.0690:0.08507:0.01606 / 5-1-6:0.0471:0.06077:0.01363 / 6-5-1:0.0436:0.05231:0.00872 / 1-6-3:0.0362:0.04539:0.00915 / 5-6-1:0.0362:0.04585:0.00964 / 6-1-3:0.0300:0.03699:0.00702 / 1-3-6:0.0176:0.02710:0.00954 / 1-6-4:0.0123:0.02798:0.01568 / 6-3-1:0.0122:0.01755:0.00535 / 6-1-4:0.0108:0.02280:0.01203,leakfree-2026-06,1-3-6:0.0860:0.09553:0.00954 / 1-3-5:0.0813:0.09920:0.01789 / 1-6-3:0.0612:0.07033:0.00915 / 1-5-3:0.0538:0.07383:0.02007 / 3-1-6:0.0408:0.04834:0.00753 / 3-1-5:0.0361:0.05020:0.01412,0.5837 0.0138 0.1774 0.0381 0.0953 0.0918,grade=5|a1=0|a12=2|c1cls=3|p1m=0.5837|p1k=0.3083
2026-09-29,多摩川,2,⚠高(荒),10,3-1-4 / 1-3-4 / 4-1-3 / 1-4-3 / 3-4-1 / 4-3-1 / 3-1-5 / 3-1-2 / 1-3-5 / 5-1-3,0.0247,1号大庭 元明,3号川崎 誠志,4号服部 達哉,1.0,2.0,,,,,,model_new(old),1:1.0|2:11.0|3:33.0|4:11.0|5:16.5|6:16.5,3-1-4:0.0247:0.02993:0.00523 / 1-3-4:0.0243:0.04472:0.02045 / 4-1-3:0.0222:0.02909:0.00686 / 1-4-3:0.0183:0.04387:0.02557 / 3-4-1:0.0162:0.01756:0.00131 / 4-3-1:0.0160:0.01740:0.00137 / 3-1-5:0.0156:0.01912:0.00349 / 3-1-2:0.0150:0.02022:0.00523 / 1-3-5:0.0149:0.02857:0.01364 / 5-1-3:0.0115:0.01547:0.00397,leakfree-2026-06,1-2-3:0.0459:0.07150:0.02557 / 2-1-4:0.0364:0.05700:0.02058 / 2-1-3:0.0334:0.04024:0.00686 / 1-3-2:0.0315:0.05191:0.02045 / 1-2-4:0.0246:0.10129:0.07670,0.543 0.1879 0.0862 0.1222 0.0483 0.0125,grade=5|a1=0|a12=2|c1cls=3|p1m=0.5430|p1k=0.7500
2026-09-29,尼崎,1,🌊最高(大荒),8,1-5-3 / 1-4-3 / 1-5-4 / 1-4-5 / 5-1-3 / 1-3-4 / 4-1-3 / 1-6-3,0.0177,1号岸蔭 亮,3号島田 賢人,5号中尾 彩香,4.0,0.0,,,,,,model_new(old),1:2.0|2:4.9|3:2.0|4:23.0|5:13.8|6:34.5,1-5-3:0.0177:0.03804:0.02037 / 1-4-3:0.0175:0.02925:0.01178 / 1-5-4:0.0142:0.01594:0.00177 / 1-4-5:0.0135:0.01520:0.00171 / 5-1-3:0.0130:0.02654:0.01355 / 1-3-4:0.0128:0.04002:0.02719 / 4-1-3:0.0122:0.01987:0.00766 / 1-6-3:0.0112:0.01889:0.00772,leakfree-2026-06,,0.2519 0.1619 0.4553 0.0515 0.0743 0.005,grade=5|a1=1|a12=1|c1cls=3|p1m=0.2519|p1k=0.3706
2026-09-29,尼崎,2,⚠高(荒),12,1-3-4 / 1-3-6 / 1-4-3 / 1-3-2 / 1-2-3 / 1-6-3 / 1-2-4 / 1-4-2 / 1-3-5 / 1-2-6 / 1-5-3 / 1-6-2,0.0206,1号三馬 崇史,3号三木 晴斗,2号喜多須 杏奈,2.0,0.0,,,,,,model_new(old),1:2.6|2:4.3|3:2.7|4:8.3|5:5.0|6:22.8,1-3-4:0.0206:0.04259:0.02199 / 1-3-6:0.0205:0.02848:0.00800 / 1-4-3:0.0182:0.03368:0.01550 / 1-3-2:0.0172:0.05962:0.04244 / 1-2-3:0.0165:0.05097:0.03448 / 1-6-3:0.0160:0.02121:0.00517 / 1-2-4:0.0129:0.02409:0.01122 / 1-4-2:0.0126:0.02229:0.00973 / 1-3-5:0.0125:0.04896:0.03650 / 1-2-6:0.0120:0.01611:0.00408 / 1-5-3:0.0114:0.03983:0.02840 / 1-6-2:0.0108:0.01403:0.00325,leakfree-2026-06,1-3-2:0.0741:0.11650:0.04244 / 1-3-4:0.0587:0.08074:0.02199 / 1-2-3:0.0501:0.08459:0.03448 / 1-3-5:0.0442:0.08074:0.03650 / 1-4-3:0.0384:0.05388:0.01550,0.6766 0.0721 0.1409 0.05 0.05 0.0104,grade=5|a1=0|a12=0|c1cls=3|p1m=0.6766|p1k=0.2845
2026-09-29,尼崎,3,✅低(堅),12,1-2-5 / 1-2-4 / 1-2-6 / 2-1-5 / 1-2-3 / 1-4-2 / 2-1-4 / 2-1-6 / 1-6-2 / 2-1-3 / 1-3-2 / 4-1-2,0.0868,1号長谷川 晴哉,2号塩崎 桐加,5号末永 和也,4.0,0.0,,,,,,model_new(old),1:1.3|2:9.3|3:15.5|4:27.9|5:2.7|6:23.2,1-2-5:0.0868:0.15580:0.06900 / 1-2-4:0.0522:0.05886:0.00668 / 1-2-6:0.0481:0.05617:0.00803 / 2-1-5:0.0423:0.07570:0.03342 / 1-2-3:0.0297:0.04170:0.01202 / 1-4-2:0.0258:0.03166:0.00586 / 2-1-4:0.0254:0.02860:0.00323 / 2-1-6:0.0234:0.02730:0.00389 / 1-6-2:0.0229:0.03007:0.00714 / 2-1-3:0.0144:0.02026:0.00582 / 1-3-2:0.0107:0.02178:0.01109 / 4-1-2:0.0101:0.01278:0.00269,leakfree-2026-06,1-2-5:0.1289:0.19788:0.06900 / 2-1-5:0.0546:0.08802:0.03342 / 1-5-2:0.0417:0.18298:0.14126 / 1-2-4:0.0338:0.04044:0.00668,0.6283 0.1644 0.0186 0.0302 0.1475 0.0109,grade=5|a1=2|a12=3|c1cls=1|p1m=0.6283|p1k=0.5532
2026-09-29,尼崎,4,⚠高(荒),6,2-1-6 / 2-6-1 / 6-2-1 / 6-1-2 / 2-1-5 / 2-5-1,0.0352,1号町田 洸希,2号奥田 誠,6号山田 丈,4.0,0.0,,,,,,model_new(old),1:1.0|2:15.7|3:0.0|4:15.7|5:15.7|6:7.8,2-1-6:0.0352:0.05450:0.01929 / 2-6-1:0.0300:0.03440:0.00437 / 6-2-1:0.0292:0.03384:0.00461 / 6-1-2:0.0246:0.05183:0.02720 / 2-1-5:0.0158:0.02533:0.00958 / 2-5-1:0.0116:0.01365:0.00205,leakfree-2026-06,,0.4042 0.2413 0.1708 0.0606 0.0357 0.0874,grade=5|a1=0|a12=3|c1cls=3|p1m=0.4042|p1k=0.7580
2026-09-29,鳴門,5,⚠高(荒),1,1-6-2,0.0104,1号萩原 丈太朗,2号福田 翔吾,3号門間 雄大,1.0,1.0,,,,,,model_new(old),1:3.9|2:3.1|3:2.5|4:6.0|5:7.8|6:14.1,1-6-2:0.0104:0.01438:0.00394,leakfree-2026-06,,0.2846 0.3033 0.175 0.113 0.062 0.062,grade=5|a1=0|a12=2|c1cls=3|p1m=0.2846|p1k=0.1907
2026-09-29,鳴門,6,⚠高(荒),7,5-2-3 / 5-3-2 / 2-5-3 / 3-5-2 / 2-5-1 / 3-2-5 / 2-3-5,0.0143,5号笠置 博之,1号飯島 誠,3号平田 さやか,3.0,3.0,,,,,,model_new(old),1:3.6|2:11.0|3:8.0|4:8.2|5:1.4|6:48.0,5-2-3:0.0143:0.03162:0.01731 / 5-3-2:0.0138:0.03229:0.01846 / 2-5-3:0.0133:0.02204:0.00874 / 3-5-2:0.0132:0.02276:0.00958 / 2-5-1:0.0104:0.02979:0.01943 / 3-2-5:0.0101:0.01438:0.00432 / 2-3-5:0.0100:0.01423:0.00420,leakfree-2026-06,1-5-3:0.0420:0.08975:0.04771 / 1-3-5:0.0411:0.05919:0.01805,0.3954 0.0915 0.1406 0.0646 0.2986 0.0093,grade=5|a1=1|a12=2|c1cls=3|p1m=0.3954|p1k=0.2056
2026-09-29,鳴門,7,🌊最高(大荒),11,1-4-2 / 1-4-3 / 1-4-5 / 1-2-4 / 1-3-5 / 1-5-4 / 4-1-5 / 1-5-3 / 1-2-5 / 4-1-2 / 1-5-2,0.0167,1号水口 由紀,3号荒牧 凪沙,4号葛原 大陽,1.0,1.0,,,,,,model_new(old),1:4.7|2:3.0|3:2.0|4:4.0|5:26.0|6:104.2,1-4-2:0.0167:0.02991:0.01323 / 1-4-3:0.0159:0.03579:0.01984 / 1-4-5:0.0153:0.01684:0.00153 / 1-2-4:0.0138:0.02839:0.01461 / 1-3-5:0.0133:0.01754:0.00426 / 1-5-4:0.0128:0.01405:0.00123 / 4-1-5:0.0124:0.01401:0.00158 / 1-5-3:0.0120:0.01447:0.00246 / 1-2-5:0.0115:0.01375:0.00225 / 4-1-2:0.0112:0.02488:0.01368 / 1-5-2:0.0105:0.01209:0.00164,leakfree-2026-06,,0.2422 0.2788 0.2422 0.191 0.035 0.0108,grade=5|a1=1|a12=2|c1cls=3|p1m=0.2422|p1k=0.1583
2026-09-29,児島,1,✅低(堅),5,1-4-5 / 1-5-4 / 1-4-3 / 4-1-5 / 1-4-6,0.0259,1号白神 優,4号平尾 崇典,2号桑原 悠,3.0,3.0,,,,,,model_new(old),1:1.4|2:4.0|3:15.3|4:6.1|5:7.3|6:38.4,1-4-5:0.0259:0.06437:0.03848 / 1-5-4:0.0189:0.05533:0.03643 / 1-4-3:0.0138:0.03214:0.01836 / 4-1-5:0.0128:0.03351:0.02072 / 1-4-6:0.0119:0.01920:0.00732,leakfree-2026-06,,0.5506 0.1441 0.0607 0.1231 0.1119 0.0096,grade=2|a1=6|a12=6|c1cls=1|p1m=0.5506|p1k=0.5265
2026-09-29,児島,2,✅低(堅),22,1-5-2 / 1-2-5 / 1-5-6 / 1-6-5 / 1-5-3 / 1-3-5 / 1-6-2 / 1-2-6 / 1-6-3 / 1-3-2 / 1-3-6 / 1-2-3 / 1-5-4 / 1-2-4 / 1-6-4 / 1-4-5 / 1-4-2 / 1-3-4 / 1-4-6 / 1-4-3 / 5-1-6 / 5-1-2,0.0298,1号村岡 賢人,2号小池 修平,6号吉田 拡郎,2.0,3.0,,,,,,model_new(old),1:4.7|2:2.7|3:4.1|4:9.8|5:6.4|6:3.8,1-5-2:0.0298:0.03801:0.00821 / 1-2-5:0.0292:0.03970:0.01050 / 1-5-6:0.0276:0.03346:0.00583 / 1-6-5:0.0271:0.03363:0.00655 / 1-5-3:0.0262:0.03161:0.00541 / 1-3-5:0.0254:0.03129:0.00594 / 1-6-2:0.0234:0.03891:0.01552 / 1-2-6:0.0227:0.04044:0.01769 / 1-6-3:0.0221:0.03236:0.01022 / 1-3-2:0.0221:0.03621:0.01407 / 1-3-6:0.0219:0.03187:0.01000 / 1-2-3:0.0218:0.03820:0.01640 / 1-5-4:0.0157:0.01801:0.00226 / 1-2-4:0.0149:0.02176:0.00686 / 1-6-4:0.0142:0.01844:0.00428 / 1-4-5:0.0139:0.01604:0.00214 / 1-4-2:0.0135:0.01856:0.00508 / 1-3-4:0.0133:0.01715:0.00388 / 1-4-6:0.0127:0.01634:0.00361 / 1-4-3:0.0121:0.01544:0.00334 / 5-1-6:0.0104:0.01595:0.00556 / 5-1-2:0.0103:0.01811:0.00782,leakfree-2026-06,1-2-3:0.0968:0.11318:0.01640 / 1-3-2:0.0842:0.09830:0.01407 / 1-2-4:0.0553:0.06211:0.00686 / 1-4-2:0.0408:0.04592:0.00508 / 1-2-5:0.0397:0.05019:0.01050 / 1-3-4:0.0364:0.04027:0.00388 / 1-4-3:0.0309:0.03428:0.00334,0.6792 0.1199 0.0895 0.0491 0.0397 0.0225,grade=2|a1=6|a12=6|c1cls=1|p1m=0.6792|p1k=0.1578
2026-09-29,児島,3,✅低(堅),10,1-4-5 / 1-5-4 / 1-4-6 / 1-4-2 / 1-2-4 / 4-1-5 / 1-6-4 / 5-1-4 / 4-1-6 / 4-1-2,0.0237,1号片橋 幸貴,4号柳生 泰二,6号桐生 順平,3.0,3.0,,,,,,model_new(old),1:1.4|2:8.0|3:7.0|4:14.0|5:9.3|6:5.1,1-4-5:0.0237:0.03472:0.01100 / 1-5-4:0.0217:0.03349:0.01174 / 1-4-6:0.0185:0.03855:0.02006 / 1-4-2:0.0178:0.03055:0.01279 / 1-2-4:0.0144:0.02855:0.01411 / 4-1-5:0.0134:0.01889:0.00550 / 1-6-4:0.0127:0.03832:0.02566 / 5-1-4:0.0119:0.01795:0.00604 / 4-1-6:0.0109:0.02097:0.01003 / 4-1-2:0.0102:0.01662:0.00640,leakfree-2026-06,1-2-4:0.0383:0.05243:0.01411 / 1-4-2:0.0364:0.04921:0.01279 / 1-3-4:0.0357:0.05243:0.01671 / 1-4-3:0.0346:0.04921:0.01462 / 1-2-3:0.0344:0.06262:0.02823 / 1-3-2:0.0334:0.06262:0.02924,0.5416 0.1316 0.1316 0.1102 0.0539 0.0311,grade=2|a1=6|a12=6|c1cls=1|p1m=0.5416|p1k=0.5263
2026-09-29,芦屋,5,△中,6,1-4-6 / 1-6-4 / 4-1-6 / 6-1-4 / 1-6-3 / 1-3-6,0.0294,1号安井 瑞紀,4号山口 真喜子,3号宮崎 安奈,1.0,1.0,,,,,,model_new(old),1:1.6|2:4.5|3:5.1|4:4.4|5:25.3|6:20.2,1-4-6:0.0294:0.04324:0.01388 / 1-6-4:0.0224:0.03269:0.01028 / 4-1-6:0.0170:0.02597:0.00900 / 6-1-4:0.0117:0.01746:0.00576 / 1-6-3:0.0111:0.02001:0.00887 / 1-3-6:0.0105:0.02174:0.01128,leakfree-2026-06,1-4-3:0.0834:0.13837:0.05497 / 1-4-2:0.0761:0.13837:0.06230 / 4-1-3:0.0370:0.07268:0.03566 / 4-1-2:0.0323:0.07268:0.04041 / 1-3-4:0.0298:0.08155:0.05178 / 1-2-4:0.0199:0.08155:0.06168,0.5895 0.0847 0.0847 0.2185 0.0104 0.0123,grade=4|a1=0|a12=2|c1cls=2|p1m=0.5895|p1k=0.4597
2026-09-29,芦屋,6,🌊最高(大荒),12,6-2-5 / 2-6-5 / 6-2-1 / 6-1-2 / 2-5-6 / 6-5-2 / 5-2-6 / 6-2-3 / 1-6-2 / 5-6-2 / 2-6-1 / 6-3-2,0.0241,2号山川 美由紀,6号石原 凪紗,1号森田 梨湖,2.0,2.0,,,,,,model_new(old),1:5.6|2:1.2|3:5.1|4:20.5|5:13.6|6:15.1,6-2-5:0.0241:0.02846:0.00440 / 2-6-5:0.0237:0.03408:0.01038 / 6-2-1:0.0225:0.03315:0.01067 / 6-1-2:0.0175:0.02214:0.00461 / 2-5-6:0.0169:0.02742:0.01054 / 6-5-2:0.0167:0.01844:0.00174 / 5-2-6:0.0157:0.02022:0.00449 / 6-2-3:0.0155:0.02725:0.01172 / 1-6-2:0.0150:0.01999:0.00503 / 5-6-2:0.0145:0.01628:0.00175 / 2-6-1:0.0145:0.03968:0.02521 / 6-3-2:0.0124:0.01752:0.00514,leakfree-2026-06,,0.161 0.5297 0.161 0.0345 0.0793 0.0345,grade=4|a1=0|a12=1|c1cls=4|p1m=0.1610|p1k=0.1279
2026-09-29,芦屋,7,🌊最高(大荒),6,4-1-6 / 1-6-4 / 6-1-4 / 1-4-6 / 4-6-1 / 6-4-1,0.0159,1号中村 かなえ,4号西村 歩,2号喜多 那由夏,2.0,2.0,,,,,,model_new(old),1:1.2|2:8.6|3:10.4|4:4.3|5:16.6|6:35.6,4-1-6:0.0159:0.02753:0.01168 / 1-6-4:0.0138:0.02862:0.01478 / 6-1-4:0.0126:0.01847:0.00589 / 1-4-6:0.0125:0.03730:0.02483 / 4-6-1:0.0117:0.01485:0.00318 / 6-4-1:0.0103:0.01298:0.00269,leakfree-2026-06,,0.6153 0.0884 0.0613 0.1728 0.0495 0.0128,grade=4|a1=0|a12=0|c1cls=4|p1m=0.6153|p1k=0.6098
2026-09-29,戸田,4,🌊最高(大荒),17,5-1-3 / 1-5-3 / 5-1-4 / 1-5-4 / 5-3-1 / 1-3-5 / 3-5-1 / 3-1-5 / 5-4-1 / 5-3-4 / 1-4-5 / 3-5-4 / 5-1-2 / 1-5-2 / 1-3-4 / 3-1-4 / 5-2-1,0.0349,5号長岡 良也,1号小澤 学,4号鈴木 雅希,2.0,1.0,,,,,,model_new(old),1:9.6|2:5.0|3:9.6|4:1.3|5:7.4|6:19.3,5-1-3:0.0349:0.03569:0.00078 / 1-5-3:0.0331:0.03389:0.00076 / 5-1-4:0.0325:0.03822:0.00574 / 1-5-4:0.0307:0.03629:0.00560 / 5-3-1:0.0301:0.03088:0.00078 / 1-3-5:0.0267:0.02740:0.00074 / 3-5-1:0.0260:0.02673:0.00076 / 3-1-5:0.0242:0.02497:0.00074 / 5-4-1:0.0198:0.03383:0.01403 / 5-3-4:0.0175:0.02321:0.00574 / 1-4-5:0.0171:0.02997:0.01282 / 3-5-4:0.0145:0.02008:0.00560 / 5-1-2:0.0145:0.01597:0.00149 / 1-5-2:0.0137:0.01516:0.00145 / 1-3-4:0.0136:0.01782:0.00420 / 3-1-4:0.0120:0.01624:0.00420 / 5-2-1:0.0101:0.01176:0.00163,leakfree-2026-06,,0.2918 0.1603 0.1603 0.1876 0.1876 0.0125,grade=5|a1=0|a12=3|c1cls=3|p1m=0.2918|p1k=0.0763
2026-09-29,戸田,5,✅低(堅),9,1-6-2 / 1-2-6 / 6-1-2 / 1-6-3 / 2-1-6 / 1-6-4 / 6-1-3 / 1-3-6 / 6-2-1,0.1089,1号深谷 知博,6号滝沢 芳行,2号國崎 良春,0.0,0.0,,,,,,model_new(old),1:1.3|2:14.8|3:7.4|4:4.9|5:26.0|6:7.4,1-6-2:0.1089:0.12907:0.02014 / 1-2-6:0.0651:0.08256:0.01749 / 6-1-2:0.0487:0.05829:0.00962 / 1-6-3:0.0486:0.08893:0.04028 / 2-1-6:0.0251:0.03304:0.00792 / 1-6-4:0.0243:0.08517:0.06083 / 6-1-3:0.0209:0.04016:0.01925 / 1-3-6:0.0123:0.05255:0.04028 / 6-2-1:0.0110:0.01471:0.00374,leakfree-2026-06,1-2-3:0.0374:0.05491:0.01749 / 1-2-6:0.0374:0.05491:0.01749 / 1-3-2:0.0348:0.05491:0.02014 / 1-6-2:0.0348:0.05491:0.02014,0.6923 0.0753 0.0753 0.0725 0.0092 0.0753,grade=5|a1=1|a12=3|c1cls=1|p1m=0.6923|p1k=0.5700
2026-09-29,戸田,6,△中,13,1-2-5 / 1-2-4 / 1-2-6 / 1-2-3 / 2-1-5 / 2-1-4 / 2-1-6 / 1-4-2 / 1-5-2 / 1-6-2 / 2-1-3 / 4-1-2 / 6-1-2,0.1147,1号牧 宏次,2号安河内 将,5号中村 有裕,0.0,0.0,,,,,,model_new(old),1:3.6|2:3.6|3:3.0|4:18.0|5:3.0|6:18.0,1-2-5:0.1147:0.13818:0.02350 / 1-2-4:0.0871:0.09104:0.00392 / 1-2-6:0.0762:0.08010:0.00392 / 1-2-3:0.0524:0.07589:0.02350 / 2-1-5:0.0504:0.07395:0.02350 / 2-1-4:0.0448:0.04872:0.00392 / 2-1-6:0.0389:0.04286:0.00392 / 1-4-2:0.0327:0.03577:0.00305 / 1-5-2:0.0317:0.05704:0.02530 / 1-6-2:0.0281:0.03112:0.00305 / 2-1-3:0.0171:0.04061:0.02350 / 4-1-2:0.0122:0.01476:0.00252 / 6-1-2:0.0103:0.01279:0.00252,leakfree-2026-06,1-2-5:0.0936:0.11713:0.02350 / 2-1-5:0.0936:0.11713:0.02350 / 1-2-3:0.0693:0.09276:0.02350 / 2-1-3:0.0693:0.09276:0.02350,0.3908 0.3908 0.0808 0.0256 0.102 0.0099,grade=5|a1=1|a12=3|c1cls=2|p1m=0.3908|p1k=0.2083
2026-09-29,江戸川,3,🌊最高(大荒),19,2-5-1 / 2-1-5 / 2-5-6 / 5-2-1 / 2-6-5 / 1-2-5 / 2-1-6 / 5-2-6 / 2-6-1 / 1-2-6 / 5-1-2 / 6-2-5 / 1-5-2 / 6-2-1 / 5-6-2 / 6-5-2 / 1-6-2 / 6-1-2 / 2-5-3,0.0400,2号島村 隆幸,5号鈴木 猛,1号飯山 晃三,4.0,5.0,,,,,,model_new(old),1:8.3|2:2.1|3:11.1|4:2.0|5:8.3|6:22.2,2-5-1:0.0400:0.04776:0.00772 / 2-1-5:0.0378:0.04549:0.00772 / 2-5-6:0.0333:0.03616:0.00289 / 5-2-1:0.0311:0.03657:0.00549 / 2-6-5:0.0289:0.03151:0.00262 / 1-2-5:0.0284:0.03393:0.00549 / 2-1-6:0.0277:0.03063:0.00289 / 5-2-6:0.0256:0.02769:0.00205 / 2-6-1:0.0254:0.02802:0.00262 / 1-2-6:0.0208:0.02285:0.00205 / 5-1-2:0.0207:0.02447:0.00373 / 6-2-5:0.0206:0.02238:0.00176 / 1-5-2:0.0201:0.02384:0.00373 / 6-2-1:0.0181:0.01990:0.00176 / 5-6-2:0.0161:0.01739:0.00131 / 6-5-2:0.0149:0.01613:0.00123 / 1-6-2:0.0133:0.01461:0.00131 / 6-1-2:0.0127:0.01391:0.00123 / 2-5-3:0.0118:0.01754:0.00577,leakfree-2026-06,2-3-1:0.0681:0.07369:0.00555 / 2-1-3:0.0650:0.07076:0.00577 / 2-3-5:0.0380:0.04356:0.00555 / 3-2-1:0.0328:0.03662:0.00385 / 1-2-3:0.0306:0.03467:0.00411 / 2-1-5:0.0303:0.03802:0.00772 / 2-5-3:0.0302:0.03598:0.00577,0.1222 0.5699 0.1345 0.0723 0.0723 0.0289,grade=5|a1=1|a12=2|c1cls=3|p1m=0.1222|p1k=0.0891
2026-09-29,江戸川,4,🌊最高(大荒),15,5-2-3 / 2-5-3 / 2-1-5 / 5-3-1 / 2-5-1 / 1-3-5 / 1-2-5 / 1-5-3 / 5-1-3 / 5-2-1 / 1-5-2 / 5-3-2 / 5-1-2 / 3-5-1 / 3-1-5,0.0163,3号佐藤 大佑,2号上原 健次郎,1号吉田 祐貴,2.0,5.0,,,,,,model_new(old),1:5.8|2:2.8|3:1.5|4:33.0|5:14.1|6:16.5,5-2-3:0.0163:0.02667:0.01039 / 2-5-3:0.0161:0.02946:0.01336 / 2-1-5:0.0161:0.01995:0.00388 / 5-3-1:0.0157:0.02317:0.00752 / 2-5-1:0.0156:0.01907:0.00345 / 1-3-5:0.0154:0.02513:0.00976 / 1-2-5:0.0154:0.01864:0.00327 / 1-5-3:0.0153:0.01988:0.00454 / 5-1-3:0.0151:0.01926:0.00418 / 5-2-1:0.0146:0.01727:0.00269 / 1-5-2:0.0139:0.01634:0.00243 / 5-3-2:0.0138:0.02940:0.01557 / 5-1-2:0.0136:0.01583:0.00224 / 3-5-1:0.0136:0.02757:0.01399 / 3-1-5:0.0123:0.02898:0.01673,leakfree-2026-06,,0.2098 0.2591 0.3675 0.011 0.1285 0.0241,grade=5|a1=1|a12=2|c1cls=3|p1m=0.2098|p1k=0.1270
2026-09-29,江戸川,5,✅低(堅),10,1-4-5 / 1-4-3 / 1-3-4 / 1-5-4 / 1-4-6 / 1-6-4 / 1-3-6 / 1-5-6 / 1-6-5 / 1-6-3,0.0177,1号土井 歩夢,5号渡邉 雄朗,3号相原 利章,3.0,5.0,,,,,,model_new(old),1:1.5|2:7.0|3:6.1|4:9.9|5:5.5|6:12.3,1-4-5:0.0177:0.04160:0.02394 / 1-4-3:0.0175:0.03909:0.02158 / 1-3-4:0.0165:0.04079:0.02426 / 1-5-4:0.0165:0.04436:0.02789 / 1-4-6:0.0158:0.02652:0.01070 / 1-6-4:0.0146:0.02498:0.01035 / 1-3-6:0.0123:0.03180:0.01953 / 1-5-6:0.0121:0.03458:0.02245 / 1-6-5:0.0119:0.03055:0.01862 / 1-6-3:0.0119:0.02871:0.01679,leakfree-2026-06,1-5-4:0.0872:0.11507:0.02789 / 1-5-3:0.0655:0.11081:0.04527 / 1-4-5:0.0454:0.06931:0.02394 / 5-1-4:0.0410:0.05714:0.01619,0.6035 0.0409 0.0703 0.073 0.2016 0.0106,grade=5|a1=1|a12=3|c1cls=2|p1m=0.6035|p1k=0.4984
2026-09-29,平和島,3,🌊最高(大荒),20,1-6-5 / 1-5-6 / 6-1-5 / 5-1-6 / 1-6-4 / 6-5-1 / 1-6-3 / 5-6-1 / 1-5-4 / 1-4-6 / 6-1-4 / 1-4-5 / 6-1-3 / 1-5-3 / 5-1-4 / 4-1-6 / 1-3-6 / 4-1-5 / 6-4-1 / 5-1-3,0.0243,1号伊達 正利,6号中澤 和志,5号山田 竜一,2.0,3.0,,,,,,model_new(old),1:5.2|2:4.6|3:1.9|4:5.2|5:7.1|6:10.1,1-6-5:0.0243:0.02587:0.00155 / 1-5-6:0.0241:0.02571:0.00161 / 6-1-5:0.0208:0.02227:0.00143 / 5-1-6:0.0205:0.02204:0.00154 / 1-6-4:0.0173:0.01943:0.00211 / 6-5-1:0.0168:0.01819:0.00137 / 1-6-3:0.0168:0.02259:0.00578 / 5-6-1:0.0167:0.01812:0.00142 / 1-5-4:0.0158:0.01896:0.00313 / 1-4-6:0.0155:0.01781:0.00231 / 6-1-4:0.0148:0.01673:0.00196 / 1-4-5:0.0142:0.01749:0.00329 / 6-1-3:0.0141:0.01945:0.00536 / 1-5-3:0.0135:0.02205:0.00856 / 5-1-4:0.0133:0.01626:0.00300 / 4-1-6:0.0122:0.01449:0.00231 / 1-3-6:0.0119:0.02153:0.00959 / 4-1-5:0.0109:0.01423:0.00329 / 6-4-1:0.0108:0.01278:0.00196 / 5-1-3:0.0107:0.01890:0.00820,leakfree-2026-06,,0.2968 0.0899 0.3164 0.1179 0.0934 0.0856,grade=4|a1=1|a12=2|c1cls=3|p1m=0.2968|p1k=0.1406
2026-09-29,平和島,4,🌊最高(大荒),15,1-3-6 / 1-4-3 / 1-3-4 / 1-6-3 / 4-1-3 / 3-1-6 / 6-1-3 / 1-4-6 / 1-6-4 / 4-1-6 / 6-3-1 / 3-1-4 / 3-6-1 / 4-3-1 / 6-1-4,0.0234,1号海老澤 泰行,3号仲口 博崇,4号中嶋 誠一郎,1.0,3.0,,,,,,model_new(old),1:3.5|2:5.4|3:1.8|4:6.2|5:10.3|6:11.6,1-3-6:0.0234:0.04076:0.01736 / 1-4-3:0.0227:0.04136:0.01862 / 1-3-4:0.0224:0.05483:0.03248 / 1-6-3:0.0192:0.02842:0.00920 / 4-1-3:0.0180:0.03473:0.01670 / 3-1-6:0.0175:0.04057:0.02310 / 6-1-3:0.0149:0.02268:0.00777 / 1-4-6:0.0145:0.01739:0.00289 / 1-6-4:0.0134:0.01607:0.00267 / 4-1-6:0.0120:0.01460:0.00259 / 6-3-1:0.0119:0.02255:0.01065 / 3-1-4:0.0113:0.05457:0.04322 / 3-6-1:0.0113:0.02812:0.01678 / 4-3-1:0.0109:0.03452:0.02359 / 6-1-4:0.0106:0.01283:0.00226,leakfree-2026-06,1-3-4:0.0605:0.09300:0.03248 / 3-1-4:0.0530:0.09620:0.04322 / 1-4-3:0.0505:0.06915:0.01862 / 4-1-3:0.0438:0.06049:0.01670 / 3-4-1:0.0402:0.07516:0.03500 / 4-3-1:0.0400:0.06355:0.02359,0.3127 0.0682 0.3355 0.2143 0.0142 0.0551,grade=4|a1=1|a12=2|c1cls=3|p1m=0.3127|p1k=0.2084
2026-09-29,平和島,5,✅低(堅),7,1-5-4 / 1-4-5 / 1-4-6 / 1-5-6 / 1-6-4 / 1-6-5 / 1-4-2,0.0233,1号佐々木 康幸,5号藤丸 光一,4号梶原 正,1.0,3.0,,,,,,model_new(old),1:1.1|2:11.6|3:5.4|4:16.2|5:9.7|6:24.3,1-5-4:0.0233:0.04668:0.02335 / 1-4-5:0.0231:0.04415:0.02103 / 1-4-6:0.0180:0.02641:0.00839 / 1-5-6:0.0180:0.03353:0.01557 / 1-6-4:0.0165:0.02454:0.00800 / 1-6-5:0.0161:0.02947:0.01336 / 1-4-2:0.0118:0.02940:0.01759,leakfree-2026-06,1-4-3:0.0481:0.08583:0.03778 / 1-3-4:0.0446:0.09837:0.05374 / 1-4-2:0.0442:0.06177:0.01759 / 1-2-4:0.0431:0.06177:0.01869 / 1-2-3:0.0298:0.08583:0.05606 / 1-3-2:0.0233:0.09837:0.07505,0.7658 0.0577 0.0802 0.0577 0.0264 0.0121,grade=4|a1=1|a12=1|c1cls=1|p1m=0.7658|p1k=0.6557
2026-09-29,平和島,6,⚠高(荒),9,1-6-3 / 1-3-6 / 6-1-3 / 3-1-6 / 1-3-2 / 6-3-1 / 1-6-2 / 1-2-3 / 3-6-1,0.0734,1号原 豊土,6号三角 哲男,3号吉原 聖人,1.0,3.0,,,,,,model_new(old),1:1.9|2:5.2|3:15.7|4:7.8|5:15.7|6:2.6,1-6-3:0.0734:0.09885:0.02545 / 1-3-6:0.0478:0.06267:0.01482 / 6-1-3:0.0447:0.06641:0.02175 / 3-1-6:0.0257:0.03521:0.00953 / 1-3-2:0.0164:0.02377:0.00741 / 6-3-1:0.0154:0.02610:0.01070 / 1-6-2:0.0144:0.09124:0.07683 / 1-2-3:0.0144:0.02331:0.00890 / 3-6-1:0.0138:0.02182:0.00805,leakfree-2026-06,1-4-2:0.0454:0.06166:0.01629 / 1-4-3:0.0373:0.04273:0.00539 / 1-2-4:0.0364:0.05434:0.01792,0.6069 0.0872 0.0604 0.1235 0.0348 0.0872,grade=4|a1=1|a12=2|c1cls=3|p1m=0.6069|p1k=0.3873
2026-09-29,多摩川,3,✅低(堅),13,1-6-3 / 1-6-5 / 1-6-4 / 1-6-2 / 1-3-6 / 1-5-6 / 1-4-6 / 6-1-3 / 6-1-5 / 6-1-4 / 1-2-6 / 6-1-2 / 3-1-6,0.0632,1号山本 隆幸,6号新開 航,5号深川 麻奈美,1.0,2.0,,,,,,model_new(old),1:1.4|2:6.0|3:18.0|4:6.5|5:6.0|6:12.0,1-6-3:0.0632:0.07043:0.00726 / 1-6-5:0.0619:0.08364:0.02178 / 1-6-4:0.0586:0.07873:0.02011 / 1-6-2:0.0521:0.07389:0.02178 / 1-3-6:0.0366:0.04352:0.00691 / 1-5-6:0.0274:0.05309:0.02573 / 1-4-6:0.0264:0.04947:0.02311 / 6-1-3:0.0239:0.02756:0.00362 / 6-1-5:0.0219:0.03272:0.01085 / 6-1-4:0.0208:0.03080:0.01001 / 1-2-6:0.0202:0.04598:0.02573 / 6-1-2:0.0181:0.02891:0.01085 / 3-1-6:0.0117:0.01505:0.00337,leakfree-2026-06,1-6-2:0.0805:0.10229:0.02178 / 1-6-4:0.0625:0.08265:0.02011 / 1-2-6:0.0617:0.08742:0.02573 / 1-4-6:0.0433:0.06646:0.02311 / 1-6-5:0.0385:0.06025:0.02178,0.7479 0.0623 0.013 0.0503 0.0367 0.0899,grade=5|a1=2|a12=2|c1cls=1|p1m=0.7479|p1k=0.5329
2026-09-29,多摩川,4,✅低(堅),8,1-3-6 / 1-6-3 / 1-3-4 / 1-6-4 / 1-4-3 / 1-4-6 / 3-1-6 / 6-1-3,0.0424,1号木谷 賢太,6号永田 啓二,3号垂水 悠,0.0,2.0,,,,,,model_new(old),1:1.5|2:19.0|3:4.5|4:9.5|5:19.0|6:4.2,1-3-6:0.0424:0.13008:0.08763 / 1-6-3:0.0416:0.13247:0.09084 / 1-3-4:0.0237:0.06239:0.03874 / 1-6-4:0.0225:0.06550:0.04303 / 1-4-3:0.0174:0.04813:0.03073 / 1-4-6:0.0167:0.04962:0.03292 / 3-1-6:0.0115:0.06419:0.05271 / 6-1-3:0.0103:0.06575:0.05543,leakfree-2026-06,1-3-2:0.0350:0.05434:0.01937 / 1-2-3:0.0344:0.04846:0.01406 / 1-2-6:0.0334:0.04846:0.01506 / 1-6-2:0.0328:0.05434:0.02152,0.7007 0.0588 0.0848 0.0588 0.0123 0.0848,grade=5|a1=2|a12=3|c1cls=1|p1m=0.7007|p1k=0.4984
2026-09-29,多摩川,5,🌊最高(大荒),10,1-5-3 / 1-3-5 / 5-1-3 / 3-1-5 / 5-3-1 / 1-5-2 / 3-5-1 / 5-1-2 / 1-3-2 / 1-2-5,0.0244,1号松本 浩貴,5号吉田 一郎,3号松井 友汰,0.0,2.0,,,,,,model_new(old),1:6.1|2:2.0|3:3.4|4:13.8|5:3.7|6:18.5,1-5-3:0.0244:0.03314:0.00877 / 1-3-5:0.0235:0.03251:0.00901 / 5-1-3:0.0218:0.03148:0.00963 / 3-1-5:0.0204:0.03048:0.01011 / 5-3-1:0.0175:0.02873:0.01122 / 1-5-2:0.0174:0.03231:0.01491 / 3-5-1:0.0169:0.02836:0.01147 / 5-1-2:0.0143:0.03069:0.01638 / 1-3-2:0.0136:0.03027:0.01666 / 1-2-5:0.0115:0.03137:0.01987,leakfree-2026-06,2-3-1:0.0699:0.10701:0.03712 / 2-1-3:0.0526:0.08273:0.03013 / 3-2-1:0.0485:0.07844:0.02992 / 1-2-3:0.0326:0.05424:0.02163,0.1597 0.4491 0.2485 0.0411 0.0926 0.009,grade=5|a1=2|a12=3|c1cls=3|p1m=0.1597|p1k=0.1210
2026-09-29,多摩川,6,🌊最高(大荒),0,,0.0000,1号川崎 誠志,6号石塚 久也,2号萩原 秀人,0.0,2.0,,,,,,model_new(old),1:0.0|2:1.5|3:0.0|4:3.0|5:0.0|6:3.0,,leakfree-2026-06,,0.3416 0.3183 0.1694 0.1001 0.0145 0.0561,grade=5|a1=1|a12=3|c1cls=3|p1m=0.3416|p1k=0.0000
2026-09-29,尼崎,5,✅低(堅),8,1-6-2 / 1-2-6 / 1-6-3 / 1-6-5 / 1-3-6 / 1-5-6 / 1-6-4 / 6-1-2,0.0914,1号作間 章,6号長野 壮志郎,2号眞鳥 章太,1.0,0.0,,,,,,model_new(old),1:1.7|2:3.7|3:6.0|4:42.0|5:5.4|6:7.8,1-6-2:0.0914:0.12127:0.02992 / 1-2-6:0.0810:0.11935:0.03836 / 1-6-3:0.0432:0.06168:0.01845 / 1-6-5:0.0314:0.05194:0.02050 / 1-3-6:0.0296:0.04926:0.01962 / 1-5-6:0.0178:0.04024:0.02248 / 1-6-4:0.0148:0.01742:0.00264 / 6-1-2:0.0128:0.03159:0.01877,leakfree-2026-06,1-3-2:0.0685:0.10989:0.04136 / 1-2-3:0.0600:0.10989:0.04986 / 1-3-5:0.0478:0.07616:0.02834 / 1-5-3:0.0374:0.06665:0.02923 / 1-2-5:0.0208:0.07616:0.05540,0.7447 0.081 0.081 0.0099 0.0561 0.0271,grade=5|a1=1|a12=4|c1cls=1|p1m=0.7447|p1k=0.4318
2026-09-29,尼崎,6,△中,8,1-4-3 / 1-3-4 / 4-1-3 / 1-6-3 / 1-6-4 / 1-3-6 / 3-1-4 / 6-1-4,0.0336,1号藤井 公人,4号馬袋 義則,6号原田 朱理,0.0,0.0,,,,,,model_new(old),1:1.1|2:24.9|3:31.1|4:3.5|5:24.9|6:17.7,1-4-3:0.0336:0.11328:0.07971 / 1-3-4:0.0332:0.06506:0.03188 / 4-1-3:0.0203:0.05392:0.03362 / 1-6-3:0.0183:0.02494:0.00669 / 1-6-4:0.0182:0.07764:0.05943 / 1-3-6:0.0179:0.02416:0.00630 / 3-1-4:0.0156:0.02650:0.01088 / 6-1-4:0.0113:0.03196:0.02067,leakfree-2026-06,1-4-3:0.1553:0.23502:0.07971 / 4-1-3:0.1035:0.13708:0.03362 / 1-3-4:0.0640:0.09590:0.03188 / 3-1-4:0.0329:0.04380:0.01088,0.581 0.033 0.0826 0.2817 0.0162 0.0055,grade=5|a1=1|a12=2|c1cls=2|p1m=0.5810|p1k=0.6666
2026-09-29,尼崎,7,✅低(堅),9,1-2-4 / 1-4-2 / 2-1-5 / 1-4-5 / 1-2-5 / 5-1-2 / 5-1-4 / 4-1-5 / 2-1-4,0.0259,1号森永 隆,5号塩崎 桐加,2号寺本 昇平,1.0,0.0,,,,,,model_new(old),1:1.0|2:46.5|3:93.0|4:93.0|5:9.3|6:46.5,1-2-4:0.0259:0.03356:0.00762 / 1-4-2:0.0229:0.03002:0.00711 / 2-1-5:0.0206:0.03197:0.01139 / 1-4-5:0.0170:0.05258:0.03555 / 1-2-5:0.0169:0.09310:0.07618 / 5-1-2:0.0162:0.04493:0.02873 / 5-1-4:0.0140:0.02837:0.01436 / 4-1-5:0.0122:0.01752:0.00527 / 2-1-4:0.0104:0.01152:0.00114,leakfree-2026-06,1-4-5:0.0473:0.08283:0.03555 / 1-5-4:0.0385:0.12736:0.08888 / 1-2-4:0.0352:0.04285:0.00762 / 1-4-2:0.0334:0.04052:0.00711 / 1-2-5:0.0322:0.10840:0.07618,0.7702 0.0529 0.015 0.0427 0.1081 0.011,grade=5|a1=1|a12=2|c1cls=1|p1m=0.7702|p1k=0.8532
2026-09-29,鳴門,8,🌊最高(大荒),15,1-5-2 / 1-2-5 / 5-1-2 / 1-2-4 / 1-4-2 / 1-5-4 / 1-5-3 / 1-3-2 / 1-4-5 / 1-3-5 / 5-1-4 / 4-1-2 / 5-1-3 / 1-2-3 / 4-1-5,0.0453,1号西島 義則,2号稗田 聖也,5号山地 正樹,3.0,3.0,,,,,,model_new(old),1:5.5|2:1.2|3:9.1|4:17.2|5:5.5|6:77.6,1-5-2:0.0453:0.06181:0.01648 / 1-2-5:0.0307:0.07678:0.04608 / 5-1-2:0.0283:0.04474:0.01648 / 1-2-4:0.0252:0.03994:0.01474 / 1-4-2:0.0225:0.02724:0.00470 / 1-5-4:0.0200:0.02118:0.00115 / 1-5-3:0.0189:0.02103:0.00217 / 1-3-2:0.0177:0.02701:0.00930 / 1-4-5:0.0169:0.01795:0.00102 / 1-3-5:0.0158:0.01779:0.00203 / 5-1-4:0.0142:0.01533:0.00115 / 4-1-2:0.0137:0.01801:0.00426 / 5-1-3:0.0130:0.01522:0.00217 / 1-2-3:0.0118:0.03965:0.02785 / 4-1-5:0.0109:0.01186:0.00093,leakfree-2026-06,1-2-3:0.0865:0.11430:0.02785 / 1-2-5:0.0682:0.11430:0.04608 / 1-3-2:0.0597:0.06900:0.00930 / 1-5-2:0.0525:0.06900:0.01648 / 1-2-4:0.0493:0.06401:0.01474 / 1-4-2:0.0305:0.03516:0.00470,0.6046 0.2006 0.0726 0.0407 0.0726 0.0089,grade=5|a1=1|a12=2|c1cls=4|p1m=0.6046|p1k=0.1320
2026-09-29,鳴門,9,⚠高(荒),8,2-1-3 / 1-2-3 / 2-3-1 / 1-2-4 / 2-1-4 / 1-3-2 / 3-2-1 / 3-1-2,0.0163,1号齊藤 優,2号海野 ゆかり,3号鈴木 博,2.0,2.0,,,,,,model_new(old),1:2.3|2:4.2|3:3.9|4:7.6|5:8.1|6:5.9,2-1-3:0.0163:0.04209:0.02581 / 1-2-3:0.0159:0.04727:0.03133 / 2-3-1:0.0128:0.03327:0.02045 / 1-2-4:0.0127:0.02877:0.01608 / 2-1-4:0.0124:0.02562:0.01324 / 1-3-2:0.0116:0.04383:0.03220 / 3-2-1:0.0110:0.03181:0.02079 / 3-1-2:0.0103:0.03731:0.02696,leakfree-2026-06,1-2-3:0.1110:0.14234:0.03133 / 1-3-2:0.1036:0.13579:0.03220 / 2-1-3:0.0793:0.10510:0.02581 / 3-1-2:0.0713:0.09830:0.02696 / 2-3-1:0.0421:0.06258:0.02045 / 3-2-1:0.0406:0.06135:0.02079,0.4423 0.2447 0.2296 0.05 0.0229 0.0104,grade=5|a1=2|a12=3|c1cls=3|p1m=0.4423|p1k=0.3212
2026-09-29,鳴門,10,✅低(堅),7,1-5-3 / 1-3-5 / 1-3-2 / 1-2-3 / 1-5-2 / 1-3-4 / 1-2-5,0.0252,1号大平 誉史明,4号門間 雄大,5号松下 誉士,1.0,1.0,,,,,,model_new(old),1:1.1|2:12.5|3:14.6|4:5.4|5:9.7|6:29.2,1-5-3:0.0252:0.05208:0.02684 / 1-3-5:0.0248:0.04932:0.02453 / 1-3-2:0.0170:0.03603:0.01904 / 1-2-3:0.0153:0.03492:0.01960 / 1-5-2:0.0144:0.04575:0.03135 / 1-3-4:0.0143:0.05833:0.04407 / 1-2-5:0.0125:0.04199:0.02950,leakfree-2026-06,1-2-4:0.0640:0.11696:0.05299 / 1-4-2:0.0445:0.11696:0.07248 / 1-2-3:0.0376:0.05722:0.01960,0.6897 0.1041 0.0509 0.1041 0.0509 0.0001,grade=5|a1=1|a12=3|c1cls=1|p1m=0.6897|p1k=0.6587
2026-09-29,児島,4,✅低(堅),4,1-4-2 / 1-2-4 / 2-1-4 / 4-1-2,0.0123,1号佐々木 完太,2号西野 雄貴,5号藤原 啓史朗,3.0,3.0,,,,,,model_new(old),1:1.2|2:6.5|3:9.1|4:15.8|5:6.5|6:14.5,1-4-2:0.0123:0.03424:0.02193 / 1-2-4:0.0122:0.03916:0.02694 / 2-1-4:0.0120:0.02410:0.01205 / 4-1-2:0.0107:0.01984:0.00914,leakfree-2026-06,1-2-4:0.0483:0.07527:0.02694 / 1-4-2:0.0370:0.05894:0.02193,0.6245 0.1407 0.0728 0.0756 0.0756 0.0109,grade=2|a1=6|a12=6|c1cls=1|p1m=0.6245|p1k=0.6025
2026-09-29,児島,5,✅低(堅),14,1-6-4 / 1-4-6 / 1-6-3 / 1-6-2 / 1-6-5 / 1-2-6 / 6-1-4 / 1-3-6 / 1-5-6 / 1-5-4 / 1-4-5 / 6-1-2 / 6-1-3 / 6-1-5,0.0517,1号守屋 美穂,4号宮地 元輝,6号西村 拓也,3.0,3.0,,,,,,model_new(old),1:1.8|2:16.7|3:3.8|4:2.9|5:29.0|6:12.1,1-6-4:0.0517:0.07309:0.02142 / 1-4-6:0.0393:0.07346:0.03418 / 1-6-3:0.0302:0.04655:0.01635 / 1-6-2:0.0261:0.02982:0.00372 / 1-6-5:0.0236:0.02574:0.00214 / 1-2-6:0.0204:0.02401:0.00360 / 6-1-4:0.0197:0.03308:0.01337 / 1-3-6:0.0186:0.04060:0.02200 / 1-5-6:0.0183:0.02034:0.00200 / 1-5-4:0.0122:0.02059:0.00836 / 1-4-5:0.0119:0.02618:0.01426 / 6-1-2:0.0112:0.01349:0.00232 / 6-1-3:0.0109:0.02106:0.01020 / 6-1-5:0.0103:0.01165:0.00134,leakfree-2026-06,1-3-4:0.0367:0.12850:0.09180,0.6003 0.05 0.141 0.1571 0.0229 0.0288,grade=2|a1=6|a12=6|c1cls=1|p1m=0.6003|p1k=0.4144
2026-09-29,児島,6,✅低(堅),21,1-5-3 / 1-3-5 / 1-5-4 / 5-1-3 / 3-1-5 / 1-4-5 / 1-3-4 / 1-5-2 / 1-4-3 / 1-5-6 / 5-1-4 / 1-3-2 / 1-2-5 / 1-6-5 / 1-3-6 / 5-3-1 / 3-5-1 / 4-1-5 / 1-2-3 / 3-1-4 / 5-1-2,0.0372,1号渡邉 優美,5号河野 大,3号椎名 豊,3.0,3.0,,,,,,model_new(old),1:5.0|2:4.1|3:4.2|4:4.3|5:6.5|6:3.6,1-5-3:0.0372:0.04198:0.00478 / 1-3-5:0.0366:0.04184:0.00523 / 1-5-4:0.0241:0.02878:0.00467 / 5-1-3:0.0232:0.02775:0.00460 / 3-1-5:0.0222:0.02762:0.00541 / 1-4-5:0.0207:0.02578:0.00508 / 1-3-4:0.0205:0.02843:0.00790 / 1-5-2:0.0178:0.02270:0.00490 / 1-4-3:0.0177:0.02555:0.00786 / 1-5-6:0.0176:0.02320:0.00558 / 5-1-4:0.0145:0.01903:0.00449 / 1-3-2:0.0141:0.02242:0.00829 / 1-2-5:0.0140:0.01943:0.00539 / 1-6-5:0.0135:0.01993:0.00638 / 1-3-6:0.0135:0.02291:0.00944 / 5-3-1:0.0115:0.01630:0.00478 / 3-5-1:0.0111:0.01628:0.00515 / 4-1-5:0.0109:0.01613:0.00522 / 1-2-3:0.0109:0.01925:0.00834 / 3-1-4:0.0106:0.01876:0.00818 / 5-1-2:0.0103:0.01501:0.00471,leakfree-2026-06,1-3-2:0.0580:0.06629:0.00829 / 1-2-3:0.0550:0.06338:0.00834 / 1-3-4:0.0446:0.05249:0.00790 / 1-4-3:0.0388:0.04670:0.00786 / 1-2-4:0.0366:0.04474:0.00815 / 1-4-2:0.0336:0.04162:0.00805 / 1-3-5:0.0312:0.03638:0.00523,0.5933 0.1076 0.1207 0.0852 0.0591 0.034,grade=2|a1=6|a12=6|c1cls=1|p1m=0.5933|p1k=0.1486
2026-09-29,芦屋,8,🌊最高(大荒),18,2-6-1 / 6-2-1 / 6-1-2 / 2-1-6 / 1-6-2 / 2-6-5 / 2-5-6 / 6-2-5 / 1-2-6 / 5-2-6 / 6-5-2 / 5-6-2 / 1-6-5 / 6-1-5 / 1-5-6 / 6-5-1 / 5-1-6 / 5-6-1,0.0269,2号原 加央理,1号永田 楽,6号西村 美智子,2.0,2.0,,,,,,model_new(old),1:2.1|2:2.3|3:9.0|4:10.0|5:6.1|6:15.5,2-6-1:0.0269:0.03959:0.01269 / 6-2-1:0.0251:0.03418:0.00903 / 6-1-2:0.0223:0.03181:0.00950 / 2-1-6:0.0215:0.04608:0.02457 / 1-6-2:0.0210:0.03493:0.01397 / 2-6-5:0.0203:0.02466:0.00437 / 2-5-6:0.0186:0.02352:0.00495 / 6-2-5:0.0182:0.02129:0.00311 / 1-2-6:0.0179:0.04368:0.02573 / 5-2-6:0.0159:0.01970:0.00382 / 6-5-2:0.0145:0.01684:0.00236 / 5-6-2:0.0138:0.01634:0.00256 / 1-6-5:0.0137:0.01894:0.00527 / 6-1-5:0.0137:0.01725:0.00358 / 1-5-6:0.0121:0.01812:0.00600 / 6-5-1:0.0121:0.01466:0.00258 / 5-1-6:0.0116:0.01601:0.00442 / 5-6-1:0.0114:0.01423:0.00280,leakfree-2026-06,,0.351 0.351 0.1036 0.058 0.1036 0.0329,grade=4|a1=0|a12=2|c1cls=3|p1m=0.3510|p1k=0.3526
2026-09-29,芦屋,9,🌊最高(大荒),17,1-5-3 / 5-1-3 / 1-3-5 / 1-5-4 / 1-5-2 / 5-1-4 / 5-1-2 / 3-1-5 / 5-3-1 / 1-4-5 / 3-5-1 / 1-5-6 / 5-4-1 / 4-1-5 / 5-1-6 / 1-3-4 / 4-5-1,0.0652,1号深見 亜由美,5号今井 裕梨,3号松瀬 弘美,1.0,1.0,,,,,,model_new(old),1:3.5|2:1.4|3:10.0|4:6.5|5:8.7|6:105.3,1-5-3:0.0652:0.06744:0.00223 / 5-1-3:0.0520:0.05394:0.00193 / 1-3-5:0.0450:0.04717:0.00220 / 1-5-4:0.0399:0.04330:0.00343 / 1-5-2:0.0386:0.05455:0.01593 / 5-1-4:0.0317:0.03463:0.00297 / 5-1-2:0.0298:0.04362:0.01378 / 3-1-5:0.0298:0.03168:0.00188 / 5-3-1:0.0271:0.02868:0.00162 / 1-4-5:0.0241:0.02771:0.00357 / 3-5-1:0.0225:0.02408:0.00160 / 1-5-6:0.0167:0.01691:0.00021 / 5-4-1:0.0146:0.01720:0.00262 / 4-1-5:0.0145:0.01773:0.00319 / 5-1-6:0.0133:0.01352:0.00018 / 1-3-4:0.0111:0.01401:0.00294 / 4-5-1:0.0111:0.01376:0.00270,leakfree-2026-06,,0.2729 0.3726 0.0806 0.1499 0.1141 0.0099,grade=4|a1=0|a12=2|c1cls=3|p1m=0.2729|p1k=0.2073
2026-09-29,芦屋,10,△中,15,1-4-2 / 4-1-2 / 1-4-5 / 1-2-4 / 4-1-5 / 2-1-4 / 1-5-4 / 4-2-1 / 2-4-1 / 1-2-5 / 5-1-4 / 1-5-2 / 4-5-1 / 2-1-5 / 5-4-1,0.0505,1号土屋 南,4号小野 生奈,2号武井 莉里佳,0.0,1.0,,,,,,model_new(old),1:1.3|2:8.9|3:6.9|4:5.0|5:13.9|6:20.9,1-4-2:0.0505:0.10954:0.05901 / 4-1-2:0.0426:0.07229:0.02970 / 1-4-5:0.0362:0.07394:0.03778 / 1-2-4:0.0347:0.08256:0.04788 / 4-1-5:0.0298:0.04880:0.01902 / 2-1-4:0.0263:0.04872:0.02239 / 1-5-4:0.0215:0.04971:0.02820 / 4-2-1:0.0211:0.03191:0.01083 / 2-4-1:0.0185:0.02854:0.01006 / 1-2-5:0.0163:0.03355:0.01722 / 5-1-4:0.0151:0.02788:0.01277 / 1-5-2:0.0141:0.02993:0.01584 / 4-5-1:0.0134:0.02012:0.00668 / 2-1-5:0.0117:0.01980:0.00805 / 5-4-1:0.0111:0.01710:0.00600,leakfree-2026-06,1-4-2:0.0717:0.13070:0.05901 / 1-4-3:0.0546:0.13070:0.07611 / 1-2-4:0.0394:0.08730:0.04788 / 1-3-4:0.0209:0.08730:0.06641,0.6467 0.0777 0.0777 0.1692 0.0192 0.0095,grade=4|a1=1|a12=3|c1cls=2|p1m=0.6467|p1k=0.5714
2026-09-29,蒲郡,9,✅低(堅),8,1-5-3 / 5-1-3 / 1-5-4 / 1-3-5 / 1-5-2 / 5-1-2 / 5-1-4 / 3-1-5,0.0456,1号益田 啓司,5号三宅 健太,2号野中 一平,1.0,0.0,,,,,,model_new(old),1:1.2|2:4.8|3:21.2|4:12.7|5:6.9|6:11.5,1-5-3:0.0456:0.06268:0.01707 / 5-1-3:0.0276:0.03531:0.00770 / 1-5-4:0.0259:0.05445:0.02850 / 1-3-5:0.0259:0.03977:0.01386 / 1-5-2:0.0228:0.09823:0.07540 / 5-1-2:0.0213:0.05534:0.03402 / 5-1-4:0.0178:0.03068:0.01286 / 3-1-5:0.0132:0.01903:0.00580,leakfree-2026-06,1-2-4:0.0668:0.11506:0.04822 / 1-2-3:0.0499:0.07881:0.02889 / 1-4-2:0.0426:0.07797:0.03540,0.6724 0.1504 0.0452 0.0661 0.056 0.0099,grade=4|a1=1|a12=3|c1cls=1|p1m=0.6724|p1k=0.5955
2026-09-29,蒲郡,10,✅低(堅),7,1-5-6 / 1-6-5 / 1-5-3 / 1-5-2 / 1-2-5 / 1-3-5 / 1-6-2,0.0294,1号新田 泰章,5号田中 辰彦,3号金田 諭,1.0,0.0,,,,,,model_new(old),1:1.4|2:10.7|3:5.1|4:10.0|5:8.9|6:8.0,1-5-6:0.0294:0.05256:0.02319 / 1-6-5:0.0262:0.04998:0.02377 / 1-5-3:0.0200:0.05635:0.03638 / 1-5-2:0.0196:0.03692:0.01734 / 1-2-5:0.0156:0.03233:0.01672 / 1-3-5:0.0113:0.05472:0.04344 / 1-6-2:0.0102:0.02999:0.01977,leakfree-2026-06,1-5-3:0.0890:0.12539:0.03638 / 1-3-5:0.0819:0.12539:0.04344 / 1-5-2:0.0696:0.08690:0.01734 / 1-2-5:0.0588:0.07550:0.01672 / 1-3-2:0.0508:0.08690:0.03614 / 1-2-3:0.0463:0.07550:0.02918,0.7736 0.0517 0.0746 0.0146 0.0746 0.0108,grade=4|a1=2|a12=4|c1cls=1|p1m=0.7736|p1k=0.5326
2026-09-29,丸亀,10,✅低(堅),0,,0.0000,1号平田 忠則,2号安河内 健,6号岩永 雅人,1.0,1.0,,,,,,model_new(old),,,,,,
2026-09-29,丸亀,11,✅低(堅),1,5-1-6,0.0164,1号上條 嘉嗣,5号福来 剛,6号岡村 慶太,1.0,1.0,,,,,,model_new(old),1:1.0|2:0.0|3:0.0|4:18.5|5:27.7|6:6.9,5-1-6:0.0164:0.03419:0.01776,leakfree-2026-06,1-5-4:0.0350:0.06880:0.03378,0.5838 0.0661 0.0534 0.0661 0.1774 0.0534,grade=5|a1=3|a12=6|c1cls=1|p1m=0.5838|p1k=0.8097
2026-09-29,下関,9,△中,11,1-6-2 / 1-6-4 / 6-1-2 / 1-6-3 / 1-4-6 / 6-1-4 / 1-3-6 / 1-6-5 / 6-1-3 / 4-1-6 / 6-2-1,0.0369,1号上野 秀和,6号篠原 飛翔,2号高野 心吾,1.0,1.0,,,,,,model_new(old),1:1.5|2:2.7|3:9.7|4:21.8|5:9.1|6:14.5,1-6-2:0.0369:0.06527:0.02840 / 1-6-4:0.0278:0.03133:0.00352 / 6-1-2:0.0249:0.04016:0.01530 / 1-6-3:0.0229:0.03084:0.00791 / 1-4-6:0.0218:0.02516:0.00339 / 6-1-4:0.0174:0.01928:0.00190 / 1-3-6:0.0163:0.02470:0.00836 / 1-6-5:0.0150:0.02338:0.00843 / 6-1-3:0.0147:0.01898:0.00426 / 4-1-6:0.0122:0.01402:0.00180 / 6-2-1:0.0104:0.02082:0.01040,leakfree-2026-06,1-2-4:0.0372:0.07347:0.03626 / 1-3-2:0.0339:0.07878:0.04489 / 1-4-2:0.0318:0.05002:0.01822 / 1-2-3:0.0245:0.10601:0.08148,0.6178 0.1634 0.0878 0.0608 0.0351 0.0351,grade=5|a1=0|a12=3|c1cls=2|p1m=0.6178|p1k=0.4885
2026-09-29,下関,10,🌊最高(大荒),17,3-1-6 / 1-3-6 / 1-6-3 / 3-1-2 / 6-1-3 / 3-6-1 / 3-2-1 / 2-3-1 / 6-3-1 / 2-1-3 / 2-1-6 / 6-1-2 / 1-6-2 / 1-2-6 / 1-3-2 / 2-6-1 / 6-2-1,0.0210,1号渡邊 伸太郎,3号三川 昂暁,2号藤田 靖弘,1.0,1.0,,,,,,model_new(old),1:1.4|2:7.1|3:7.5|4:5.1|5:8.0|6:14.2,3-1-6:0.0210:0.02831:0.00732 / 1-3-6:0.0210:0.03470:0.01371 / 1-6-3:0.0190:0.03122:0.01227 / 3-1-2:0.0177:0.03239:0.01465 / 6-1-3:0.0177:0.02396:0.00623 / 3-6-1:0.0164:0.01971:0.00331 / 3-2-1:0.0163:0.02332:0.00705 / 2-3-1:0.0154:0.02250:0.00709 / 6-3-1:0.0154:0.01854:0.00316 / 2-1-3:0.0144:0.02937:0.01495 / 2-1-6:0.0140:0.02192:0.00789 / 6-1-2:0.0139:0.02046:0.00659 / 1-6-2:0.0137:0.02666:0.01296 / 1-2-6:0.0132:0.02785:0.01470 / 1-3-2:0.0123:0.03970:0.02743 / 2-6-1:0.0120:0.01555:0.00355 / 6-2-1:0.0118:0.01516:0.00335,leakfree-2026-06,1-3-2:0.0901:0.11755:0.02743 / 1-2-3:0.0651:0.09296:0.02782 / 3-1-2:0.0501:0.06479:0.01465 / 1-3-4:0.0448:0.08297:0.03819 / 2-1-3:0.0324:0.04731:0.01495,0.5546 0.1248 0.1919 0.0881 0.028 0.0127,grade=5|a1=0|a12=3|c1cls=3|p1m=0.5546|p1k=0.5176
2026-09-29,大村,5,🌊最高(大荒),22,6-5-4 / 6-5-1 / 5-6-4 / 5-6-1 / 6-4-5 / 6-1-5 / 5-4-6 / 5-1-6 / 4-6-5 / 6-5-2 / 1-6-5 / 4-5-6 / 5-6-2 / 1-5-6 / 6-5-3 / 5-6-3 / 6-4-1 / 6-2-5 / 6-1-4 / 6-3-5 / 4-6-1 / 5-3-6,0.0311,6号松竹 大輔,5号榎 幸司,4号小宮 涼雅,1.0,1.0,,,,,,model_new(old),1:3.9|2:1.8|3:7.2|4:5.9|5:6.0|6:17.1,6-5-4:0.0311:0.03200:0.00085 / 6-5-1:0.0303:0.03158:0.00129 / 5-6-4:0.0298:0.03070:0.00093 / 5-6-1:0.0289:0.03030:0.00141 / 6-4-5:0.0248:0.02563:0.00085 / 6-1-5:0.0238:0.02521:0.00140 / 5-4-6:0.0223:0.02335:0.00103 / 5-1-6:0.0213:0.02298:0.00171 / 4-6-5:0.0204:0.02132:0.00093 / 6-5-2:0.0198:0.02262:0.00279 / 1-6-5:0.0193:0.02093:0.00165 / 4-5-6:0.0192:0.02025:0.00103 / 5-6-2:0.0187:0.02170:0.00305 / 1-5-6:0.0180:0.01988:0.00185 / 6-5-3:0.0159:0.01660:0.00070 / 5-6-3:0.0152:0.01593:0.00076 / 6-4-1:0.0127:0.01406:0.00131 / 6-2-5:0.0126:0.01688:0.00427 / 6-1-4:0.0126:0.01401:0.00142 / 6-3-5:0.0112:0.01187:0.00068 / 4-6-1:0.0103:0.01170:0.00144 / 5-3-6:0.0101:0.01088:0.00082,leakfree-2026-06,,0.2511 0.4206 0.0834 0.0909 0.0909 0.063,grade=5|a1=1|a12=2|c1cls=3|p1m=0.2511|p1k=0.1906
2026-09-29,大村,6,⚠高(荒),9,1-5-4 / 5-1-4 / 1-4-5 / 4-1-5 / 5-4-1 / 4-5-1 / 5-1-2 / 1-5-2 / 5-2-1,0.0950,1号幸田 智裕,5号西野 翔太,4号富永 大一,2.0,1.0,,,,,,model_new(old),1:1.0|2:7.5|3:7.5|4:11.2|5:22.5|6:0.0,1-5-4:0.0950:0.11491:0.01988 / 5-1-4:0.0794:0.08525:0.00587 / 1-4-5:0.0625:0.08520:0.02275 / 4-1-5:0.0487:0.05560:0.00695 / 5-4-1:0.0408:0.04249:0.00165 / 4-5-1:0.0357:0.03737:0.00171 / 5-1-2:0.0270:0.03572:0.00877 / 1-5-2:0.0185:0.04815:0.02969 / 5-2-1:0.0128:0.01539:0.00255,leakfree-2026-06,1-4-5:0.0627:0.08546:0.02275 / 1-5-4:0.0560:0.07589:0.01988 / 4-1-5:0.0475:0.05448:0.00695 / 5-1-4:0.0402:0.04606:0.00587 / 4-1-2:0.0336:0.05448:0.02084 / 1-5-2:0.0302:0.05987:0.02969,0.4852 0.1518 0.0101 0.1925 0.1518 0.0086,grade=5|a1=1|a12=2|c1cls=3|p1m=0.4852|p1k=0.7141
2026-09-30,戸田,1,⚠高(荒),7,1-3-2 / 1-2-3 / 3-1-2 / 1-3-4 / 2-1-3 / 3-1-4 / 3-2-1,0.0506,1号滝沢 芳行,3号宇野 弥生,2号乙津 康志,1.0,1.0,,,,,,model_new(old),1:1.4|2:8.5|3:4.2|4:6.5|5:14.8|6:11.7,1-3-2:0.0506:0.10228:0.05166 / 1-2-3:0.0318:0.07199:0.04024 / 3-1-2:0.0305:0.06053:0.03006 / 1-3-4:0.0164:0.08397:0.06755 / 2-1-3:0.0164:0.03753:0.02117 / 3-1-4:0.0104:0.04969:0.03930 / 3-2-1:0.0100:0.02250:0.01250,leakfree-2026-06,1-3-2:0.1037:0.15539:0.05166 / 3-1-2:0.0683:0.09833:0.03006 / 1-2-3:0.0492:0.08945:0.04024 / 1-3-4:0.0421:0.10969:0.06755 / 3-1-4:0.0301:0.06941:0.03930,0.5323 0.1083 0.2608 0.0765 0.0111 0.0111,grade=5|a1=0|a12=0|c1cls=3|p1m=0.5323|p1k=0.5188
2026-09-30,平和島,1,🌊最高(大荒),13,6-1-3 / 1-6-3 / 6-1-2 / 6-2-1 / 6-2-3 / 1-6-2 / 2-6-1 / 6-1-4 / 2-6-3 / 1-2-6 / 2-1-6 / 1-6-4 / 6-4-1,0.0252,6号山口 裕二,3号飯島 昌弘,1号鈴木 茂正,2.0,3.0,,,,,,model_new(old),1:6.5|2:13.1|3:1.1|4:8.7|5:0.0|6:6.5,6-1-3:0.0252:0.03624:0.01107 / 1-6-3:0.0197:0.03078:0.01107 / 6-1-2:0.0196:0.02056:0.00093 / 6-2-1:0.0176:0.01847:0.00087 / 6-2-3:0.0173:0.02243:0.00513 / 1-6-2:0.0165:0.01746:0.00093 / 2-6-1:0.0138:0.01466:0.00082 / 6-1-4:0.0133:0.01469:0.00140 / 2-6-3:0.0130:0.01780:0.00483 / 1-2-6:0.0120:0.01289:0.00087 / 2-1-6:0.0112:0.01204:0.00082 / 1-6-4:0.0111:0.01248:0.00140 / 6-4-1:0.0110:0.01240:0.00135,leakfree-2026-06,,0.1913 0.2009 0.3483 0.1028 0.0576 0.099,grade=4|a1=1|a12=2|c1cls=4|p1m=0.1913|p1k=0.1093
2026-09-30,津,1,✅低(堅),10,1-6-5 / 1-5-6 / 1-6-4 / 6-1-5 / 1-4-6 / 1-6-2 / 6-1-4 / 5-1-6 / 6-1-2 / 4-1-6,0.0671,1号松尾 拓,6号福嶋 智之,5号鈴木 峻佑,1.0,1.0,,,,,,model_new(old),1:1.0|2:11.4|3:16.2|4:14.2|5:28.5|6:22.8,1-6-5:0.0671:0.08262:0.01555 / 1-5-6:0.0498:0.06482:0.01504 / 1-6-4:0.0470:0.07821:0.03121 / 6-1-5:0.0283:0.03195:0.00370 / 1-4-6:0.0257:0.06052:0.03484 / 1-6-2:0.0231:0.06194:0.03888 / 6-1-4:0.0228:0.03025:0.00743 / 5-1-6:0.0200:0.02351:0.00356 / 6-1-2:0.0147:0.02395:0.00926 / 4-1-6:0.0134:0.02187:0.00848,leakfree-2026-06,1-4-5:0.0495:0.07735:0.02788 / 1-4-2:0.0432:0.11293:0.06969 / 1-5-4:0.0388:0.06293:0.02414 / 1-2-4:0.0277:0.10314:0.07540,0.7755 0.0628 0.0307 0.0768 0.043 0.0111,grade=5|a1=0|a12=1|c1cls=2|p1m=0.7755|p1k=0.7699
2026-09-30,津,2,🌊最高(大荒),12,1-5-4 / 1-4-5 / 4-1-5 / 5-1-4 / 1-5-3 / 1-3-5 / 1-3-4 / 4-5-1 / 5-1-3 / 5-4-1 / 4-1-3 / 1-4-3,0.0319,1号淺香 文武,4号高木 圭大,2号神田 達也,1.0,1.0,,,,,,model_new(old),1:1.1|2:0.0|3:32.2|4:4.6|5:32.2|6:4.6,1-5-4:0.0319:0.05073:0.01886 / 1-4-5:0.0287:0.06012:0.03143 / 4-1-5:0.0210:0.03414:0.01314 / 5-1-4:0.0201:0.02694:0.00682 / 1-5-3:0.0199:0.02256:0.00269 / 1-3-5:0.0180:0.02074:0.00269 / 1-3-4:0.0133:0.03221:0.01886 / 4-5-1:0.0114:0.01458:0.00317 / 5-1-3:0.0110:0.01198:0.00097 / 5-4-1:0.0109:0.01364:0.00274 / 4-1-3:0.0104:0.02357:0.01314 / 1-4-3:0.0101:0.04151:0.03143,leakfree-2026-06,,0.5104 0.1766 0.0454 0.1766 0.0811 0.01,grade=5|a1=0|a12=0|c1cls=3|p1m=0.5104|p1k=0.6466
2026-09-30,鳴門,1,✅低(堅),4,1-2-4 / 2-1-3 / 2-1-4 / 1-4-2,0.0233,1号市川 哲也,2号富澤 祐作,3号岡部 大輔,2.0,2.0,,,,,,model_new(old),1:1.0|2:9.8|3:9.8|4:27.1|5:24.1|6:108.7,1-2-4:0.0233:0.07605:0.05270 / 2-1-3:0.0175:0.05324:0.03573 / 2-1-4:0.0156:0.02855:0.01292 / 1-4-2:0.0111:0.05029:0.03923,leakfree-2026-06,1-2-4:0.0521:0.10482:0.05270 / 1-2-3:0.0414:0.18719:0.14574 / 2-1-3:0.0329:0.06868:0.03573,0.6901 0.1554 0.0835 0.0468 0.0121 0.0121,grade=5|a1=1|a12=1|c1cls=1|p1m=0.6901|p1k=0.7742
2026-09-30,鳴門,2,⚠高(荒),4,1-3-6 / 3-1-6 / 1-6-3 / 6-1-3,0.0189,1号福田 翔吾,3号大平 誉史明,6号室田 泰史,1.0,1.0,,,,,,model_new(old),1:1.5|2:4.5|3:4.1|4:12.0|5:15.8|6:10.8,1-3-6:0.0189:0.05266:0.03372 / 3-1-6:0.0173:0.03837:0.02108 / 1-6-3:0.0132:0.03860:0.02539 / 6-1-3:0.0103:0.02426:0.01400,leakfree-2026-06,1-2-3:0.0470:0.12425:0.07729 / 1-2-4:0.0404:0.06676:0.02641 / 1-3-2:0.0399:0.12086:0.08092 / 1-3-4:0.0315:0.06184:0.03034 / 1-4-2:0.0314:0.05186:0.02051,0.5991 0.1485 0.1414 0.076 0.0241 0.011,grade=5|a1=1|a12=3|c1cls=3|p1m=0.5991|p1k=0.4859
2026-09-30,鳴門,3,✅低(堅),0,,0.0000,1号平田 さやか,2号荒牧 凪沙,3号西島 義則,3.0,3.0,,,,,,model_new(old),1:1.4|2:4.0|3:5.1|4:9.9|5:11.4|6:38.0,,leakfree-2026-06,1-3-4:0.0435:0.07700:0.03345 / 1-4-3:0.0310:0.05878:0.02778,0.6105 0.0977 0.1513 0.0774 0.0536 0.0095,grade=5|a1=1|a12=2|c1cls=2|p1m=0.6105|p1k=0.5193
2026-09-30,鳴門,4,✅低(堅),6,1-2-6 / 1-2-4 / 1-6-2 / 1-4-2 / 2-1-6 / 6-1-2,0.0985,1号鈴木 博,2号笠置 博之,6号高橋 正男,1.0,1.0,,,,,,model_new(old),1:1.9|2:2.0|3:15.2|4:17.7|5:8.8|6:11.0,1-2-6:0.0985:0.16395:0.06542 / 1-2-4:0.0503:0.09096:0.04066 / 1-6-2:0.0472:0.07626:0.02906 / 1-4-2:0.0216:0.03889:0.01725 / 2-1-6:0.0147:0.07814:0.06341 / 6-1-2:0.0109:0.02997:0.01903,leakfree-2026-06,1-2-3:0.1385:0.18586:0.04735 / 1-3-2:0.0636:0.08395:0.02033 / 1-2-4:0.0445:0.08514:0.04066 / 1-2-6:0.0417:0.10712:0.06542 / 2-1-3:0.0319:0.07780:0.04589,0.6681 0.2071 0.0556 0.0255 0.0116 0.0321,grade=5|a1=2|a12=3|c1cls=1|p1m=0.6681|p1k=0.3890
2026-09-30,鳴門,5,🌊最高(大荒),13,3-1-5 / 3-5-1 / 1-3-5 / 5-3-1 / 1-5-3 / 5-1-3 / 3-1-2 / 3-5-2 / 1-3-2 / 5-3-2 / 1-5-2 / 5-1-2 / 3-2-5,0.0477,3号繁野谷 圭介,1号川辺 郭人,5号坂元 浩仁,1.0,1.0,,,,,,model_new(old),1:4.4|2:2.3|3:4.0|4:6.1|5:5.9|6:8.8,3-1-5:0.0477:0.05495:0.00724 / 3-5-1:0.0452:0.05199:0.00680 / 1-3-5:0.0442:0.05132:0.00710 / 5-3-1:0.0406:0.04695:0.00634 / 1-5-3:0.0375:0.04396:0.00651 / 5-1-3:0.0363:0.04251:0.00619 / 3-1-2:0.0210:0.03957:0.01858 / 3-5-2:0.0206:0.03364:0.01301 / 1-3-2:0.0187:0.03695:0.01821 / 5-3-2:0.0183:0.03039:0.01213 / 1-5-2:0.0125:0.02378:0.01131 / 5-1-2:0.0122:0.02300:0.01076 / 3-2-5:0.0115:0.02967:0.01812,leakfree-2026-06,3-1-2:0.0364:0.05498:0.01858 / 1-3-2:0.0355:0.05372:0.01821 / 3-2-1:0.0307:0.05498:0.02430,0.259 0.259 0.276 0.0565 0.1378 0.0118,grade=5|a1=1|a12=3|c1cls=3|p1m=0.2590|p1k=0.1672
2026-09-30,鳴門,6,⚠高(荒),8,2-1-5 / 1-2-5 / 2-5-1 / 5-2-1 / 1-2-6 / 2-1-6 / 1-5-2 / 5-1-2,0.0222,1号杉山 太陽,2号山本 寛久,4号福田 翔吾,2.0,2.0,,,,,,model_new(old),1:1.8|2:3.1|3:13.4|4:3.8|5:8.2|6:107.2,2-1-5:0.0222:0.05593:0.03375 / 1-2-5:0.0179:0.06162:0.04369 / 2-5-1:0.0163:0.03388:0.01754 / 5-2-1:0.0129:0.02758:0.01467 / 1-2-6:0.0124:0.01578:0.00334 / 2-1-6:0.0117:0.01432:0.00258 / 1-5-2:0.0115:0.04211:0.03060 / 5-1-2:0.0113:0.03111:0.01977,leakfree-2026-06,2-1-4:0.0324:0.10521:0.07284,0.3367 0.3367 0.0231 0.201 0.0919 0.0105,grade=5|a1=0|a12=2|c1cls=3|p1m=0.3367|p1k=0.4124
2026-09-30,児島,1,✅低(堅),12,1-5-6 / 1-6-5 / 1-5-4 / 1-6-4 / 5-1-6 / 6-1-5 / 1-6-2 / 1-4-6 / 1-4-5 / 1-5-2 / 1-6-3 / 1-5-3,0.0610,1号藤原 啓史朗,5号黒井 達矢,6号守屋 美穂,1.0,1.0,,,,,,model_new(old),1:1.1|2:6.0|3:11.4|4:11.0|5:13.3|6:15.8,1-5-6:0.0610:0.07673:0.01571 / 1-6-5:0.0592:0.07449:0.01527 / 1-5-4:0.0204:0.04297:0.02257 / 1-6-4:0.0201:0.03858:0.01846 / 5-1-6:0.0178:0.02356:0.00577 / 6-1-5:0.0172:0.02272:0.00556 / 1-6-2:0.0144:0.04829:0.03385 / 1-4-6:0.0135:0.03329:0.01976 / 1-4-5:0.0125:0.03598:0.02347 / 1-5-2:0.0124:0.05378:0.04138 / 1-6-3:0.0114:0.02924:0.01781 / 1-5-3:0.0108:0.03256:0.02178,leakfree-2026-06,1-2-3:0.0607:0.12289:0.06220 / 1-3-2:0.0435:0.09330:0.04980 / 1-2-4:0.0348:0.09930:0.06446 / 1-4-2:0.0193:0.07138:0.05203 / 1-2-5:0.0175:0.07082:0.05331,0.7721 0.094 0.0516 0.0417 0.0297 0.0108,grade=2|a1=6|a12=6|c1cls=1|p1m=0.7721|p1k=0.6527
2026-09-30,児島,2,✅低(堅),21,1-3-4 / 1-3-6 / 1-2-4 / 1-4-3 / 1-2-6 / 1-6-3 / 1-4-2 / 1-6-2 / 1-3-2 / 1-2-3 / 1-4-6 / 1-6-4 / 1-3-5 / 1-5-3 / 1-2-5 / 1-5-2 / 1-4-5 / 1-5-4 / 1-6-5 / 1-5-6 / 4-1-3,0.0381,1号平尾 崇典,3号海野 康志郎,2号関 浩哉,1.0,1.0,,,,,,model_new(old),1:3.7|2:2.3|3:2.3|4:18.7|5:9.3|6:18.7,1-3-4:0.0381:0.04472:0.00659 / 1-3-6:0.0358:0.04234:0.00659 / 1-2-4:0.0333:0.03989:0.00659 / 1-4-3:0.0332:0.03740:0.00415 / 1-2-6:0.0312:0.03778:0.00659 / 1-6-3:0.0309:0.03505:0.00415 / 1-4-2:0.0303:0.03447:0.00415 / 1-6-2:0.0282:0.03231:0.00415 / 1-3-2:0.0227:0.07628:0.05360 / 1-2-3:0.0202:0.07383:0.05360 / 1-4-6:0.0186:0.01914:0.00051 / 1-6-4:0.0184:0.01894:0.00051 / 1-3-5:0.0178:0.03101:0.01326 / 1-5-3:0.0157:0.02449:0.00881 / 1-2-5:0.0144:0.02767:0.01326 / 1-5-2:0.0138:0.02258:0.00881 / 1-4-5:0.0130:0.01401:0.00103 / 1-5-4:0.0121:0.01323:0.00108 / 1-6-5:0.0121:0.01314:0.00103 / 1-5-6:0.0114:0.01253:0.00108 / 4-1-3:0.0104:0.01384:0.00346,leakfree-2026-06,1-2-4:0.0912:0.09784:0.00659 / 1-2-3:0.0850:0.13860:0.05360 / 1-4-2:0.0651:0.06927:0.00415 / 1-3-2:0.0558:0.10943:0.05360 / 1-3-4:0.0436:0.05024:0.00659 / 1-4-3:0.0409:0.04505:0.00415 / 2-1-4:0.0331:0.04088:0.00777,0.6461 0.1531 0.0996 0.0703 0.0223 0.0086,grade=2|a1=6|a12=6|c1cls=1|p1m=0.6461|p1k=0.1996
2026-09-30,唐津,1,✅低(堅),12,1-6-4 / 1-6-2 / 1-6-5 / 1-2-6 / 1-5-6 / 1-4-6 / 6-1-4 / 1-6-3 / 6-1-2 / 6-1-5 / 1-3-6 / 2-1-6,0.0404,1号伊藤 喜智,6号梶山 涼斗,4号小林 遼太,3.0,3.0,,,,,,model_new(old),1:1.5|2:8.5|3:18.1|4:3.3|5:6.0|6:13.2,1-6-4:0.0404:0.06429:0.02394 / 1-6-2:0.0359:0.04515:0.00929 / 1-6-5:0.0351:0.04831:0.01317 / 1-2-6:0.0273:0.03721:0.00994 / 1-5-6:0.0251:0.04041:0.01534 / 1-4-6:0.0211:0.05809:0.03704 / 6-1-4:0.0191:0.03228:0.01313 / 1-6-3:0.0177:0.02202:0.00436 / 6-1-2:0.0176:0.02266:0.00510 / 6-1-5:0.0170:0.02426:0.00722 / 1-3-6:0.0122:0.01641:0.00423 / 2-1-6:0.0118:0.01741:0.00564,leakfree-2026-06,1-3-4:0.0513:0.06820:0.01692 / 1-4-3:0.0512:0.07821:0.02701 / 1-3-5:0.0380:0.04726:0.00930 / 1-5-3:0.0361:0.04726:0.01118 / 1-3-2:0.0316:0.03819:0.00657,0.7292 0.0491 0.0607 0.0876 0.0607 0.0127,grade=5|a1=0|a12=1|c1cls=2|p1m=0.7292|p1k=0.4813
2026-09-30,唐津,2,✅低(堅),11,1-2-3 / 1-2-4 / 1-4-2 / 1-2-6 / 1-2-5 / 1-6-2 / 1-5-2 / 2-1-3 / 2-1-4 / 2-1-6 / 2-1-5,0.0441,1号森定 晃史,2号南 彩寧,3号深井 利寿,1.0,1.0,,,,,,model_new(old),1:1.2|2:12.3|3:3.3|4:14.4|5:19.2|6:28.8,1-2-3:0.0441:0.10428:0.06019 / 1-2-4:0.0403:0.05406:0.01379 / 1-4-2:0.0279:0.04137:0.01345 / 1-2-6:0.0271:0.03398:0.00690 / 1-2-5:0.0266:0.03696:0.01034 / 1-6-2:0.0181:0.02437:0.00626 / 1-5-2:0.0170:0.02676:0.00973 / 2-1-3:0.0162:0.04136:0.02517 / 2-1-4:0.0157:0.02144:0.00577 / 2-1-6:0.0106:0.01348:0.00288 / 2-1-5:0.0103:0.01466:0.00433,leakfree-2026-06,1-2-3:0.0575:0.11768:0.06019 / 1-3-2:0.0517:0.16806:0.11637 / 1-2-4:0.0300:0.04382:0.01379 / 1-4-3:0.0236:0.07368:0.05012,0.7036 0.0765 0.1425 0.053 0.015 0.0094,grade=5|a1=1|a12=2|c1cls=2|p1m=0.7036|p1k=0.6065
2026-09-30,唐津,3,✅低(堅),12,1-4-6 / 1-6-4 / 1-4-3 / 1-3-4 / 1-6-3 / 1-3-6 / 1-6-5 / 4-1-6 / 6-1-4 / 1-6-2 / 1-5-6 / 1-2-6,0.0414,1号戸塚 邦好,4号吉村 正明,5号服部 剛,1.0,1.0,,,,,,model_new(old),1:1.4|2:14.0|3:15.7|4:3.6|5:4.6|6:29.7,1-4-6:0.0414:0.06027:0.01890 / 1-6-4:0.0347:0.04631:0.01158 / 1-4-3:0.0190:0.05475:0.03576 / 1-3-4:0.0183:0.04129:0.02301 / 1-6-3:0.0171:0.01979:0.00266 / 1-3-6:0.0166:0.01942:0.00279 / 1-6-5:0.0152:0.02423:0.00906 / 4-1-6:0.0151:0.02655:0.01141 / 6-1-4:0.0131:0.01880:0.00572 / 1-6-2:0.0125:0.01553:0.00298 / 1-5-6:0.0120:0.02481:0.01279 / 1-2-6:0.0115:0.01466:0.00317,leakfree-2026-06,1-4-2:0.0720:0.11213:0.04010 / 1-2-4:0.0557:0.08187:0.02614 / 1-4-3:0.0548:0.09061:0.03576 / 1-3-4:0.0400:0.06303:0.02301,0.7545 0.0504 0.0407 0.1031 0.0407 0.0105,grade=5|a1=1|a12=2|c1cls=2|p1m=0.7545|p1k=0.5183
2026-09-30,唐津,4,⚠高(荒),8,1-3-2 / 3-1-2 / 1-3-6 / 1-3-5 / 3-1-6 / 3-1-5 / 3-2-1 / 1-6-3,0.0315,1号赤井 睦,2号須藤 博倫,3号堀之内 紀代子,2.0,2.0,,,,,,model_new(old),1:1.8|2:2.3|3:6.4|4:36.6|5:7.5|6:28.5,1-3-2:0.0315:0.08822:0.05668 / 3-1-2:0.0288:0.06638:0.03760 / 1-3-6:0.0185:0.02304:0.00457 / 1-3-5:0.0157:0.03310:0.01738 / 3-1-6:0.0143:0.01734:0.00303 / 3-1-5:0.0134:0.02491:0.01153 / 3-2-1:0.0128:0.04439:0.03155 / 1-6-3:0.0124:0.01627:0.00384,leakfree-2026-06,1-2-3:0.1393:0.24085:0.10153 / 1-3-2:0.0995:0.15615:0.05668 / 2-1-3:0.0445:0.13247:0.08801 / 3-1-2:0.0384:0.07595:0.03760,0.5798 0.236 0.1362 0.0101 0.0278 0.0101,grade=5|a1=1|a12=3|c1cls=3|p1m=0.5798|p1k=0.4139
2026-09-30,唐津,5,✅低(堅),10,1-5-2 / 1-5-6 / 1-2-5 / 1-2-6 / 1-6-5 / 1-6-2 / 5-1-6 / 2-1-6 / 6-1-5 / 6-1-2,0.0522,1号岩崎 正哉,5号重木 輝彦,2号石原 翼,2.0,2.0,,,,,,model_new(old),1:1.8|2:3.7|3:8.8|4:11.8|5:3.5|6:17.7,1-5-2:0.0522:0.12594:0.07373 / 1-5-6:0.0520:0.06741:0.01541 / 1-2-5:0.0498:0.12139:0.07162 / 1-2-6:0.0466:0.06079:0.01416 / 1-6-5:0.0415:0.05222:0.01073 / 1-6-2:0.0387:0.04886:0.01015 / 5-1-6:0.0176:0.02912:0.01156 / 2-1-6:0.0155:0.02600:0.01048 / 6-1-5:0.0143:0.02090:0.00664 / 6-1-2:0.0133:0.01956:0.00628,leakfree-2026-06,1-2-5:0.0992:0.17082:0.07162 / 1-5-2:0.0658:0.13954:0.07373 / 1-2-3:0.0551:0.08357:0.02849 / 1-3-2:0.0327:0.05477:0.02209 / 2-1-5:0.0193:0.07230:0.05298,0.6443 0.1597 0.0566 0.0118 0.1157 0.0118,grade=5|a1=1|a12=3|c1cls=2|p1m=0.6443|p1k=0.4066
2026-09-30,唐津,6,⚠高(荒),16,1-2-4 / 1-2-5 / 1-4-2 / 1-5-2 / 2-1-4 / 2-1-5 / 1-4-5 / 4-1-2 / 1-5-4 / 5-1-2 / 2-4-1 / 4-1-5 / 5-1-4 / 4-2-1 / 2-5-1 / 5-2-1,0.0413,1号泥谷 一毅,2号赤坂 俊輔,4号山崎 祥,3.0,3.0,,,,,,model_new(old),1:1.9|2:5.6|3:5.1|4:6.4|5:6.7|6:6.7,1-2-4:0.0413:0.06135:0.02007 / 1-2-5:0.0379:0.05703:0.01917 / 1-4-2:0.0356:0.05500:0.01940 / 1-5-2:0.0315:0.04984:0.01834 / 2-1-4:0.0292:0.04330:0.01414 / 2-1-5:0.0267:0.04026:0.01351 / 1-4-5:0.0237:0.03993:0.01622 / 4-1-2:0.0234:0.03686:0.01342 / 1-5-4:0.0229:0.03892:0.01605 / 5-1-2:0.0204:0.03298:0.01261 / 2-4-1:0.0157:0.02472:0.00901 / 4-1-5:0.0155:0.02676:0.01121 / 5-1-4:0.0147:0.02576:0.01103 / 4-2-1:0.0146:0.02347:0.00885 / 2-5-1:0.0141:0.02261:0.00855 / 5-2-1:0.0129:0.02120:0.00834,leakfree-2026-06,1-2-5:0.0686:0.08778:0.01917 / 1-2-4:0.0677:0.08778:0.02007 / 1-2-3:0.0626:0.08778:0.02518 / 1-5-2:0.0378:0.05613:0.01834 / 1-4-2:0.0367:0.05613:0.01940 / 2-1-5:0.0319:0.04536:0.01351 / 2-1-4:0.0312:0.04536:0.01414 / 1-3-2:0.0302:0.05613:0.02588,0.5841 0.1952 0.0707 0.0707 0.0707 0.0087,grade=5|a1=1|a12=4|c1cls=3|p1m=0.5841|p1k=0.3882
2026-09-30,戸田,2,🌊最高(大荒),6,5-6-1 / 5-1-6 / 6-5-1 / 5-6-2 / 5-2-6 / 5-3-1,0.0136,5号上原 崚,1号小黒 竜吾,2号牧 宏次,1.0,1.0,,,,,,model_new(old),1:1.4|2:3.2|3:10.7|4:12.9|5:8.0|6:19.3,5-6-1:0.0136:0.01587:0.00225 / 5-1-6:0.0130:0.01800:0.00503 / 6-5-1:0.0122:0.01432:0.00212 / 5-6-2:0.0105:0.01149:0.00098 / 5-2-6:0.0105:0.01173:0.00126 / 5-3-1:0.0102:0.01438:0.00420,leakfree-2026-06,,0.3218 0.1884 0.1012 0.1278 0.2204 0.0404,grade=5|a1=0|a12=2|c1cls=3|p1m=0.3218|p1k=0.5196
2026-09-30,戸田,3,🌊最高(大荒),2,2-1-3 / 1-2-3,0.0130,1号仲本 舜,3号上田 健太,2号夏山 亮平,1.0,1.0,,,,,,model_new(old),1:2.2|2:5.4|3:1.9|4:5.4|5:0.0|6:67.5,2-1-3:0.0130:0.05082:0.03781 / 1-2-3:0.0119:0.06091:0.04899,leakfree-2026-06,2-3-1:0.0495:0.09142:0.04196 / 3-2-1:0.0482:0.10720:0.05900 / 2-1-3:0.0328:0.07065:0.03781,0.2604 0.2604 0.3693 0.0763 0.0242 0.0094,grade=5|a1=0|a12=2|c1cls=3|p1m=0.2604|p1k=0.3327
2026-09-30,戸田,4,⚠高(荒),12,5-1-4 / 1-5-4 / 5-1-3 / 1-5-3 / 5-1-2 / 1-5-2 / 5-3-1 / 5-4-1 / 1-3-5 / 5-2-1 / 3-5-1 / 3-1-5,0.0404,5号権藤 俊光,1号来田 衣織,4号藤田 俊祐,3.0,2.0,,,,,,model_new(old),1:2.6|2:3.6|3:9.0|4:2.8|5:5.2|6:45.0,5-1-4:0.0404:0.06258:0.02217 / 1-5-4:0.0342:0.06077:0.02661 / 5-1-3:0.0341:0.04104:0.00690 / 1-5-3:0.0316:0.03985:0.00828 / 5-1-2:0.0304:0.04761:0.01724 / 1-5-2:0.0255:0.04623:0.02070 / 5-3-1:0.0195:0.02462:0.00509 / 5-4-1:0.0194:0.04081:0.02141 / 1-3-5:0.0156:0.02312:0.00749 / 5-2-1:0.0141:0.02928:0.01514 / 3-5-1:0.0131:0.01788:0.00475 / 3-1-5:0.0115:0.01729:0.00583,leakfree-2026-06,1-5-3:0.0315:0.03975:0.00828,0.3995 0.1382 0.1181 0.1382 0.2017 0.0042,grade=5|a1=1|a12=2|c1cls=3|p1m=0.3995|p1k=0.2859
2026-09-30,戸田,5,△中,14,1-5-6 / 5-1-3 / 5-1-4 / 5-1-6 / 1-5-4 / 1-6-5 / 5-3-1 / 5-4-1 / 1-5-3 / 3-5-1 / 6-1-5 / 4-5-1 / 4-1-5 / 5-6-1,0.0434,1号國崎 良春,5号阿波 勝哉,3号乙津 康志,1.0,1.0,,,,,,model_new(old),1:1.0|2:13.5|3:10.6|4:14.8|5:12.7|6:91.9,1-5-6:0.0434:0.05140:0.00804 / 5-1-3:0.0396:0.05776:0.01821 / 5-1-4:0.0393:0.05236:0.01304 / 5-1-6:0.0330:0.03506:0.00210 / 1-5-4:0.0268:0.07677:0.04993 / 1-6-5:0.0227:0.02904:0.00631 / 5-3-1:0.0187:0.02259:0.00390 / 5-4-1:0.0175:0.02022:0.00273 / 1-5-3:0.0150:0.08468:0.06972 / 3-5-1:0.0146:0.01855:0.00395 / 6-1-5:0.0141:0.01565:0.00156 / 4-5-1:0.0137:0.01645:0.00271 / 4-1-5:0.0132:0.02557:0.01236 / 5-6-1:0.0126:0.01301:0.00042,leakfree-2026-06,1-4-5:0.0539:0.10171:0.04777 / 1-4-3:0.0445:0.10171:0.05723 / 4-1-5:0.0348:0.04714:0.01236 / 4-1-3:0.0323:0.04714:0.01481,0.6124 0.0351 0.088 0.1638 0.088 0.0127,grade=5|a1=0|a12=2|c1cls=2|p1m=0.6124|p1k=0.7544
2026-09-30,江戸川,1,🌊最高(大荒),16,1-6-2 / 1-2-6 / 6-1-2 / 2-1-6 / 1-6-3 / 1-6-4 / 1-6-5 / 6-2-1 / 2-6-1 / 1-3-6 / 6-1-3 / 1-4-6 / 6-1-4 / 6-1-5 / 1-5-6 / 3-1-6,0.0787,1号鋤柄 貴俊,6号蒲原 健太,2号佐竹 友樹,4.0,5.0,,,,,,model_new(old),1:1.4|2:8.2|3:7.7|4:7.7|5:4.6|6:38.5,1-6-2:0.0787:0.08319:0.00451 / 1-2-6:0.0711:0.07650:0.00537 / 6-1-2:0.0473:0.04944:0.00215 / 2-1-6:0.0412:0.04399:0.00276 / 1-6-3:0.0293:0.03414:0.00480 / 1-6-4:0.0278:0.03258:0.00480 / 1-6-5:0.0224:0.03044:0.00804 / 6-2-1:0.0220:0.02306:0.00108 / 2-6-1:0.0211:0.02231:0.00116 / 1-3-6:0.0193:0.02511:0.00581 / 6-1-3:0.0180:0.02029:0.00229 / 1-4-6:0.0180:0.02382:0.00581 / 6-1-4:0.0171:0.01936:0.00229 / 6-1-5:0.0143:0.01809:0.00383 / 1-5-6:0.0102:0.02206:0.01182 / 3-1-6:0.0101:0.01312:0.00300,leakfree-2026-06,1-4-2:0.0612:0.08853:0.02729 / 1-2-4:0.0547:0.08159:0.02686 / 1-4-3:0.0390:0.06805:0.02906 / 4-1-2:0.0356:0.04969:0.01410 / 2-1-4:0.0306:0.04443:0.01379,0.5321 0.1409 0.1083 0.1665 0.0094 0.0428,grade=5|a1=0|a12=0|c1cls=3|p1m=0.5321|p1k=0.5333
2026-09-30,江戸川,2,🌊最高(大荒),13,2-6-1 / 6-2-1 / 2-1-6 / 2-6-3 / 6-1-2 / 1-2-6 / 6-2-3 / 1-6-2 / 2-3-6 / 2-6-4 / 6-3-2 / 6-2-4 / 3-2-6,0.0156,2号大塚 康雅,1号竹之内 極,6号相原 利章,4.0,5.0,,,,,,model_new(old),1:3.0|2:3.5|3:3.9|4:2.4|5:103.5|6:20.7,2-6-1:0.0156:0.01879:0.00315 / 6-2-1:0.0147:0.01727:0.00258 / 2-1-6:0.0145:0.01884:0.00438 / 2-6-3:0.0132:0.01559:0.00242 / 6-1-2:0.0128:0.01551:0.00270 / 1-2-6:0.0128:0.01734:0.00458 / 6-2-3:0.0123:0.01433:0.00198 / 1-6-2:0.0121:0.01554:0.00346 / 2-3-6:0.0118:0.01483:0.00305 / 2-6-4:0.0107:0.01468:0.00394 / 6-3-2:0.0103:0.01228:0.00193 / 6-2-4:0.0103:0.01349:0.00322 / 3-2-6:0.0102:0.01316:0.00297,leakfree-2026-06,1-2-4:0.1113:0.15083:0.03954 / 1-2-3:0.0802:0.10453:0.02433 / 2-1-4:0.0508:0.08861:0.03777 / 1-2-5:0.0470:0.04788:0.00092 / 2-1-3:0.0382:0.06141:0.02325,0.5638 0.2575 0.0561 0.081 0.0257 0.0159,grade=5|a1=0|a12=1|c1cls=3|p1m=0.5638|p1k=0.2469
2026-09-30,江戸川,3,△中,0,,0.0000,1号西川 拓利,3号濱本 優一,2号堂原 洋史,4.0,5.0,,,,,,model_new(old),1:1.1|2:11.6|3:4.5|4:13.6|5:16.3|6:20.4,,leakfree-2026-06,,0.6552 0.0722 0.1539 0.0546 0.0546 0.0097,grade=5|a1=1|a12=2|c1cls=2|p1m=0.6552|p1k=0.6487
2026-09-30,江戸川,4,⚠高(荒),10,1-6-2 / 1-2-6 / 6-1-2 / 2-1-6 / 1-6-5 / 6-2-1 / 2-6-1 / 6-1-5 / 1-5-6 / 1-2-5,0.0703,1号久富 政弘,6号池永 太,2号萩原 知哉,4.0,5.0,,,,,,model_new(old),1:1.6|2:8.5|3:8.9|4:4.3|5:10.5|6:6.4,1-6-2:0.0703:0.09184:0.02154 / 1-2-6:0.0565:0.07668:0.02015 / 6-1-2:0.0457:0.05872:0.01300 / 2-1-6:0.0338:0.04557:0.01178 / 1-6-5:0.0231:0.04056:0.01744 / 6-2-1:0.0207:0.02748:0.00681 / 2-6-1:0.0189:0.02554:0.00659 / 6-1-5:0.0154:0.02593:0.01053 / 1-5-6:0.0121:0.02780:0.01572 / 1-2-5:0.0115:0.02381:0.01228,leakfree-2026-06,,0.4425 0.1703 0.0915 0.1296 0.0365 0.1296,grade=5|a1=1|a12=2|c1cls=2|p1m=0.4425|p1k=0.4667
2026-09-30,江戸川,5,🌊最高(大荒),0,,0.0000,5号山田 亮太,1号金子 猛志,3号佐々木 翔斗,4.0,5.0,,,,,,model_new(old),1:1.5|2:0.0|3:3.7|4:0.0|5:2.5|6:0.0,,leakfree-2026-06,,0.2719 0.0797 0.2201 0.1484 0.2701 0.0098,grade=5|a1=1|a12=2|c1cls=3|p1m=0.2719|p1k=0.4987
2026-09-30,平和島,2,🌊最高(大荒),14,1-5-2 / 1-5-6 / 1-5-4 / 5-1-2 / 5-1-6 / 1-6-5 / 5-1-4 / 1-4-5 / 1-2-6 / 1-6-2 / 1-2-5 / 6-1-5 / 1-5-3 / 5-6-1,0.0585,1号柴田 光,5号齊藤 仁,2号伊藤 誠二,1.0,3.0,,,,,,model_new(old),1:3.3|2:1.7|3:10.4|4:10.4|5:4.0|6:55.5,1-5-2:0.0585:0.09788:0.03938 / 1-5-6:0.0356:0.03683:0.00121 / 1-5-4:0.0312:0.03760:0.00644 / 5-1-2:0.0297:0.06722:0.03748 / 5-1-6:0.0241:0.02530:0.00115 / 1-6-5:0.0235:0.02444:0.00093 / 5-1-4:0.0197:0.02583:0.00613 / 1-4-5:0.0196:0.02502:0.00540 / 1-2-6:0.0177:0.02267:0.00492 / 1-6-2:0.0157:0.01787:0.00220 / 1-2-5:0.0141:0.08238:0.06831 / 6-1-5:0.0132:0.01393:0.00073 / 1-5-3:0.0125:0.01895:0.00644 / 5-6-1:0.0102:0.01108:0.00085,leakfree-2026-06,1-5-2:0.0852:0.12457:0.03938 / 1-2-5:0.0528:0.12108:0.06831 / 1-5-4:0.0399:0.04638:0.00644 / 1-5-3:0.0310:0.03748:0.00644,0.5754 0.1522 0.0458 0.0567 0.1598 0.01,grade=4|a1=1|a12=2|c1cls=4|p1m=0.5754|p1k=0.2242
2026-09-30,平和島,3,🌊最高(大荒),0,,0.0000,1号尾形 栄治,3号原 豊土,4号島川 光男,4.0,3.0,,,,,,model_new(old),1:2.0|2:8.6|3:2.2|4:7.5|5:6.3|6:60.7,,leakfree-2026-06,4-1-3:0.0332:0.05687:0.02363 / 4-3-1:0.0324:0.05470:0.02228,0.2965 0.0606 0.2782 0.2416 0.1105 0.0127,grade=4|a1=1|a12=2|c1cls=3|p1m=0.2965|p1k=0.3625
2026-09-30,平和島,4,⚠高(荒),3,1-6-5 / 6-1-5 / 6-1-2,0.0139,1号長谷川 充,6号佐々木 康幸,2号中村 真,3.0,3.0,,,,,,model_new(old),1:1.8|2:5.0|3:5.6|4:6.2|5:21.3|6:4.6,1-6-5:0.0139:0.02278:0.00884 / 6-1-5:0.0123:0.01849:0.00622 / 6-1-2:0.0101:0.03663:0.02650,leakfree-2026-06,1-3-2:0.0475:0.07649:0.02900 / 1-2-3:0.0465:0.07649:0.03003 / 3-1-2:0.0313:0.05109:0.01975 / 2-1-3:0.0303:0.05109:0.02082,0.4541 0.1827 0.1827 0.068 0.0142 0.0982,grade=4|a1=1|a12=2|c1cls=3|p1m=0.4541|p1k=0.4086
2026-09-30,平和島,5,✅低(堅),11,1-6-4 / 1-6-2 / 1-6-5 / 1-2-6 / 1-4-6 / 1-5-6 / 6-1-4 / 6-1-2 / 1-6-3 / 6-1-5 / 2-1-6,0.0565,1号三角 哲男,6号崎 利仁,4号冨成 謙児,2.0,3.0,,,,,,model_new(old),1:1.2|2:23.2|3:7.7|4:6.6|5:7.7|6:15.5,1-6-4:0.0565:0.08207:0.02555 / 1-6-2:0.0526:0.05984:0.00727 / 1-6-5:0.0468:0.06868:0.02190 / 1-2-6:0.0366:0.04355:0.00694 / 1-4-6:0.0322:0.06382:0.03160 / 1-5-6:0.0257:0.05130:0.02558 / 6-1-4:0.0213:0.03161:0.01030 / 6-1-2:0.0201:0.02305:0.00293 / 1-6-3:0.0195:0.04137:0.02190 / 6-1-5:0.0176:0.02645:0.00883 / 2-1-6:0.0126:0.01540:0.00275,leakfree-2026-06,1-4-2:0.1066:0.12772:0.02111 / 1-2-4:0.0715:0.08782:0.01630 / 1-4-5:0.0641:0.12772:0.06362 / 1-5-4:0.0277:0.08782:0.06008,0.8172 0.0355 0.0174 0.0815 0.0355 0.0129,grade=4|a1=1|a12=1|c1cls=1|p1m=0.8172|p1k=0.6163
2026-09-30,多摩川,1,🌊最高(大荒),11,1-6-5 / 1-5-6 / 6-1-5 / 1-5-3 / 1-3-5 / 5-1-6 / 1-6-3 / 1-5-4 / 1-3-6 / 5-1-3 / 3-1-5,0.0322,1号西田 靖,6号竹田 吉行,3号中村 裕将,1.0,2.0,,,,,,model_new(old),1:2.0|2:10.6|3:5.6|4:4.8|5:10.6|6:3.6,1-6-5:0.0322:0.05192:0.01971 / 1-5-6:0.0291:0.04404:0.01495 / 6-1-5:0.0195:0.03511:0.01564 / 1-5-3:0.0193:0.02890:0.00961 / 1-3-5:0.0181:0.02892:0.01081 / 5-1-6:0.0175:0.02759:0.01013 / 1-6-3:0.0148:0.05207:0.03731 / 1-5-4:0.0125:0.02370:0.01121 / 1-3-6:0.0124:0.04421:0.03182 / 5-1-3:0.0116:0.01810:0.00651 / 3-1-5:0.0103:0.01812:0.00785,leakfree-2026-06,,0.4883 0.0825 0.1708 0.1009 0.0565 0.1009,grade=5|a1=0|a12=1|c1cls=3|p1m=0.4883|p1k=0.3695
2026-09-30,多摩川,2,🌊最高(大荒),22,1-5-2 / 5-1-2 / 5-2-1 / 1-5-3 / 5-1-3 / 1-2-6 / 1-5-6 / 1-3-5 / 5-1-6 / 1-2-5 / 5-3-1 / 1-3-2 / 5-2-6 / 1-6-2 / 3-1-5 / 1-6-5 / 2-5-6 / 3-5-1 / 5-3-2 / 5-2-3 / 2-1-6 / 5-6-1,0.0611,1号佐藤 右京,2号山本 隆幸,5号松井 友汰,1.0,2.0,,,,,,model_new(old),1:5.0|2:1.0|3:22.2|4:26.3|5:12.5|6:289.5,1-5-2:0.0611:0.07032:0.00924 / 5-1-2:0.0569:0.06523:0.00838 / 5-2-1:0.0294:0.06112:0.03176 / 1-5-3:0.0219:0.02232:0.00042 / 5-1-3:0.0203:0.02070:0.00038 / 1-2-6:0.0168:0.01944:0.00260 / 1-5-6:0.0167:0.01674:0.00003 / 1-3-5:0.0158:0.01625:0.00040 / 5-1-6:0.0155:0.01552:0.00003 / 1-2-5:0.0142:0.07447:0.06028 / 5-3-1:0.0135:0.01383:0.00033 / 1-3-2:0.0128:0.01782:0.00504 / 5-2-6:0.0126:0.01314:0.00055 / 1-6-2:0.0125:0.01290:0.00037 / 3-1-5:0.0120:0.01235:0.00036 / 1-6-5:0.0117:0.01176:0.00003 / 2-5-6:0.0117:0.01359:0.00193 / 3-5-1:0.0110:0.01134:0.00032 / 5-3-2:0.0108:0.01250:0.00165 / 5-2-3:0.0104:0.01753:0.00715 / 2-1-6:0.0104:0.01865:0.00828 / 5-6-1:0.0100:0.01004:0.00002,leakfree-2026-06,1-5-2:0.0456:0.05485:0.00924 / 5-1-2:0.0385:0.04685:0.00838,0.3073 0.3297 0.0931 0.067 0.1889 0.014,grade=5|a1=1|a12=2|c1cls=3|p1m=0.3073|p1k=0.1464
2026-09-30,多摩川,3,⚠高(荒),11,1-6-5 / 6-1-5 / 1-5-6 / 5-1-6 / 6-5-1 / 5-6-1 / 6-1-4 / 6-1-2 / 6-1-3 / 1-6-3 / 1-6-4,0.0383,1号松本 浩貴,6号大庭 元明,5号桑島 和宏,2.0,2.0,,,,,,model_new(old),1:2.1|2:3.8|3:7.2|4:4.5|5:6.2|6:10.5,1-6-5:0.0383:0.04613:0.00779 / 6-1-5:0.0357:0.04116:0.00544 / 1-5-6:0.0338:0.04235:0.00851 / 5-1-6:0.0296:0.03591:0.00627 / 6-5-1:0.0285:0.03236:0.00388 / 5-6-1:0.0266:0.03075:0.00410 / 6-1-4:0.0116:0.01908:0.00749 / 6-1-2:0.0113:0.02013:0.00887 / 6-1-3:0.0111:0.01574:0.00468 / 1-6-3:0.0109:0.01763:0.00671 / 1-6-4:0.0106:0.02138:0.01073,leakfree-2026-06,,0.293 0.2093 0.0742 0.1812 0.1352 0.1071,grade=5|a1=0|a12=3|c1cls=3|p1m=0.2930|p1k=0.3509
2026-09-30,多摩川,4,🌊最高(大荒),21,5-6-3 / 5-3-6 / 5-6-4 / 5-4-6 / 6-5-3 / 3-5-6 / 6-5-4 / 5-3-4 / 4-5-6 / 5-4-3 / 6-3-5 / 3-6-5 / 6-4-5 / 3-5-4 / 4-6-5 / 4-5-3 / 5-6-2 / 6-5-2 / 3-4-5 / 5-2-6 / 6-3-4,0.0316,5号谷川 里江,6号深川 麻奈美,3号倉田 郁美,2.0,2.0,,,,,,model_new(old),1:4.0|2:3.5|3:5.4|4:3.0|5:4.9|6:11.4,5-6-3:0.0316:0.03368:0.00205 / 5-3-6:0.0308:0.03306:0.00225 / 5-6-4:0.0298:0.03344:0.00368 / 5-4-6:0.0279:0.03273:0.00480 / 6-5-3:0.0268:0.02866:0.00186 / 3-5-6:0.0256:0.02781:0.00222 / 6-5-4:0.0251:0.02845:0.00334 / 5-3-4:0.0227:0.03125:0.00857 / 4-5-6:0.0221:0.02749:0.00541 / 5-4-3:0.0210:0.03116:0.01014 / 6-3-5:0.0209:0.02269:0.00182 / 3-6-5:0.0205:0.02243:0.00198 / 6-4-5:0.0187:0.02247:0.00381 / 3-5-4:0.0179:0.02629:0.00843 / 4-6-5:0.0174:0.02218:0.00473 / 4-5-3:0.0147:0.02617:0.01143 / 5-6-2:0.0144:0.01751:0.00316 / 6-5-2:0.0120:0.01490:0.00286 / 3-4-5:0.0111:0.02084:0.00974 / 5-2-6:0.0107:0.01459:0.00389 / 6-3-4:0.0103:0.01326:0.00298,leakfree-2026-06,2-3-4:0.0344:0.04848:0.01412 / 2-4-3:0.0304:0.04742:0.01700,0.0429 0.3414 0.2099 0.1999 0.1074 0.0985,grade=5|a1=0|a12=0|c1cls=4|p1m=0.0429|p1k=0.1857
2026-09-30,多摩川,5,🌊最高(大荒),8,1-3-5 / 1-5-3 / 3-1-5 / 5-1-3 / 5-3-1 / 3-5-1 / 1-2-3 / 1-5-2,0.0468,3号萩原 秀人,1号木村 浩士,5号吉田 一郎,1.0,2.0,,,,,,model_new(old),1:6.3|2:6.3|3:1.2|4:0.0|5:12.7|6:6.3,1-3-5:0.0468:0.06220:0.01540 / 1-5-3:0.0364:0.04169:0.00530 / 3-1-5:0.0323:0.06645:0.03412 / 5-1-3:0.0300:0.03501:0.00498 / 5-3-1:0.0261:0.03816:0.01203 / 3-5-1:0.0202:0.04856:0.02839 / 1-2-3:0.0114:0.02285:0.01149 / 1-5-2:0.0110:0.01199:0.00101,leakfree-2026-06,1-3-2:0.0548:0.08589:0.03105 / 3-1-2:0.0385:0.10727:0.06879 / 1-2-3:0.0348:0.04631:0.01149,0.2765 0.1619 0.4207 0.0487 0.0798 0.0126,grade=5|a1=2|a12=3|c1cls=3|p1m=0.2765|p1k=0.1143
2026-09-30,浜名湖,1,⚠高(荒),7,1-6-3 / 1-3-6 / 6-1-3 / 3-1-6 / 1-6-5 / 6-1-5 / 1-5-6,0.1176,1号金子 良昭,6号山口 晃朋,3号藤堂 里香,0.0,0.0,,,,,,model_new(old),1:2.2|2:14.5|3:5.1|4:4.0|5:34.0|6:2.8,1-6-3:0.1176:0.16538:0.04782 / 1-3-6:0.0724:0.10931:0.03690 / 6-1-3:0.0589:0.10205:0.04315 / 3-1-6:0.0299:0.05863:0.02868 / 1-6-5:0.0244:0.03157:0.00717 / 6-1-5:0.0130:0.01948:0.00647 / 1-5-6:0.0114:0.01586:0.00448,leakfree-2026-06,1-3-2:0.0623:0.06945:0.00713 / 1-3-4:0.0463:0.07212:0.02583 / 1-2-3:0.0438:0.04983:0.00604 / 1-3-6:0.0352:0.07212:0.03690 / 3-1-2:0.0342:0.03969:0.00554,0.5378 0.0846 0.1913 0.0878 0.0108 0.0878,grade=5|a1=0|a12=1|c1cls=3|p1m=0.5378|p1k=0.3352
2026-09-30,浜名湖,2,🌊最高(大荒),14,1-3-5 / 1-5-3 / 1-3-6 / 3-1-5 / 1-3-2 / 1-6-3 / 1-2-6 / 3-1-6 / 1-5-2 / 5-1-3 / 1-6-2 / 1-5-6 / 1-6-5 / 6-1-3,0.0242,1号柴田 直哉,2号柳内 敬太,3号小野寺 智洋,0.0,0.0,,,,,,model_new(old),1:3.6|2:1.9|3:3.6|4:10.8|5:7.2|6:21.7,1-3-5:0.0242:0.03329:0.00907 / 1-5-3:0.0212:0.02892:0.00773 / 1-3-6:0.0197:0.02271:0.00301 / 3-1-5:0.0175:0.02654:0.00907 / 1-3-2:0.0168:0.05119:0.03436 / 1-6-3:0.0159:0.01823:0.00234 / 1-2-6:0.0151:0.02336:0.00825 / 3-1-6:0.0151:0.01811:0.00301 / 1-5-2:0.0148:0.02948:0.01465 / 5-1-3:0.0144:0.02128:0.00685 / 1-6-2:0.0142:0.01859:0.00442 / 1-5-6:0.0118:0.01308:0.00128 / 1-6-5:0.0109:0.01209:0.00117 / 6-1-3:0.0109:0.01280:0.00192,leakfree-2026-06,1-3-2:0.0845:0.11888:0.03436 / 1-2-3:0.0692:0.11888:0.04973 / 3-1-2:0.0522:0.08656:0.03436 / 2-1-3:0.0220:0.08656:0.06457,0.437 0.2269 0.2269 0.0495 0.0495 0.0103,grade=5|a1=1|a12=3|c1cls=3|p1m=0.4370|p1k=0.2043
2026-09-30,浜名湖,3,⚠高(荒),9,1-6-2 / 1-6-3 / 6-1-2 / 6-1-3 / 1-3-6 / 1-2-6 / 1-6-5 / 6-1-5 / 1-6-4,0.0493,1号谷口 佳蓮,6号杉山 正樹,2号木下 大將,0.0,0.0,,,,,,model_new(old),1:2.8|2:3.0|3:4.3|4:19.7|5:17.9|6:3.0,1-6-2:0.0493:0.09231:0.04304 / 1-6-3:0.0437:0.07374:0.03003 / 6-1-2:0.0279:0.06998:0.04204 / 6-1-3:0.0266:0.05590:0.02933 / 1-3-6:0.0213:0.04744:0.02611 / 1-2-6:0.0199:0.06296:0.04304 / 1-6-5:0.0187:0.02592:0.00721 / 6-1-5:0.0126:0.01965:0.00705 / 1-6-4:0.0118:0.01831:0.00655,leakfree-2026-06,1-2-3:0.0817:0.11176:0.03003 / 1-2-4:0.0560:0.06258:0.00655 / 1-3-2:0.0439:0.07004:0.02611 / 1-2-5:0.0374:0.04464:0.00721 / 1-2-6:0.0344:0.07745:0.04304 / 1-4-2:0.0309:0.03553:0.00462,0.6012 0.1966 0.0762 0.0427 0.0304 0.0528,grade=5|a1=1|a12=3|c1cls=3|p1m=0.6012|p1k=0.2620
2026-09-30,浜名湖,4,✅低(堅),18,1-6-2 / 1-2-6 / 1-6-3 / 1-6-5 / 1-3-6 / 1-5-6 / 1-5-2 / 1-2-5 / 6-1-2 / 1-6-4 / 1-5-3 / 1-3-5 / 6-1-3 / 6-1-5 / 2-1-6 / 5-1-6 / 1-4-6 / 3-1-6,0.0668,1号一瀬 明,6号明石 正之,2号田中 堅,0.0,0.0,,,,,,model_new(old),1:1.8|2:3.1|3:5.0|4:4.3|5:30.3|6:30.3,1-6-2:0.0668:0.07343:0.00664 / 1-2-6:0.0564:0.06691:0.01049 / 1-6-3:0.0534:0.05750:0.00412 / 1-6-5:0.0498:0.05044:0.00068 / 1-3-6:0.0438:0.04899:0.00522 / 1-5-6:0.0411:0.04176:0.00068 / 1-5-2:0.0261:0.03272:0.00664 / 1-2-5:0.0255:0.03601:0.01049 / 6-1-2:0.0228:0.02688:0.00406 / 1-6-4:0.0221:0.02693:0.00479 / 1-5-3:0.0215:0.02562:0.00412 / 1-3-5:0.0211:0.02636:0.00522 / 6-1-3:0.0185:0.02105:0.00252 / 6-1-5:0.0180:0.01846:0.00042 / 2-1-6:0.0157:0.02391:0.00817 / 5-1-6:0.0141:0.01453:0.00042 / 1-4-6:0.0140:0.02039:0.00641 / 3-1-6:0.0135:0.01718:0.00364,leakfree-2026-06,1-4-5:0.0362:0.04263:0.00641 / 1-4-2:0.0352:0.09788:0.06264 / 1-4-3:0.0351:0.07396:0.03883,0.7252 0.0799 0.0604 0.0871 0.0348 0.0126,grade=5|a1=1|a12=1|c1cls=1|p1m=0.7252|p1k=0.4035
2026-09-30,浜名湖,5,⚠高(荒),0,,0.0000,1号高山 秀雄,6号山下 和彦,2号佐藤 大介,0.0,0.0,,,,,,model_new(old),1:1.0|2:9.7|3:19.5|4:19.5|5:0.0|6:0.0,,leakfree-2026-06,2-1-3:0.0408:0.07956:0.03878 / 2-3-1:0.0405:0.04429:0.00378 / 3-2-1:0.0340:0.03760:0.00361,0.4043 0.2832 0.1556 0.0468 0.0767 0.0334,grade=5|a1=1|a12=4|c1cls=3|p1m=0.4043|p1k=0.8294
2026-09-30,津,3,🌊最高(大荒),16,1-6-2 / 6-1-2 / 1-6-3 / 1-6-4 / 6-1-3 / 6-1-4 / 1-3-6 / 6-2-1 / 1-4-6 / 6-3-1 / 3-1-6 / 6-4-1 / 1-6-5 / 4-1-6 / 6-1-5 / 3-6-1,0.0414,1号渡邊 裕貴,6号古結 宏,2号前出 達吉,0.0,0.0,,,,,,model_new(old),1:1.9|2:1.8|3:19.5|4:29.2|5:9.7|6:11.7,1-6-2:0.0414:0.07124:0.02985 / 6-1-2:0.0398:0.05926:0.01949 / 1-6-3:0.0292:0.03191:0.00276 / 1-6-4:0.0268:0.02862:0.00184 / 6-1-3:0.0247:0.02654:0.00180 / 6-1-4:0.0226:0.02381:0.00120 / 1-3-6:0.0194:0.02201:0.00263 / 6-2-1:0.0186:0.03891:0.02029 / 1-4-6:0.0177:0.01945:0.00172 / 6-3-1:0.0138:0.01486:0.00110 / 3-1-6:0.0133:0.01495:0.00168 / 6-4-1:0.0124:0.01317:0.00072 / 1-6-5:0.0123:0.01782:0.00554 / 4-1-6:0.0120:0.01309:0.00108 / 6-1-5:0.0112:0.01483:0.00362 / 3-6-1:0.0111:0.01213:0.00107,leakfree-2026-06,,0.5235 0.236 0.0592 0.0479 0.0479 0.0855,grade=5|a1=1|a12=3|c1cls=3|p1m=0.5235|p1k=0.3881
2026-09-30,津,4,⚠高(荒),13,1-3-5 / 1-2-5 / 1-5-3 / 1-5-2 / 3-1-5 / 1-3-6 / 1-6-3 / 2-1-5 / 5-1-3 / 5-1-2 / 3-1-6 / 1-6-5 / 1-5-6,0.0201,1号早川 尚人,2号大橋 純一郎,3号平見 真彦,1.0,1.0,,,,,,model_new(old),1:2.6|2:1.8|3:3.7|4:72.0|5:72.0|6:7.2,1-3-5:0.0201:0.02154:0.00146 / 1-2-5:0.0183:0.02326:0.00497 / 1-5-3:0.0162:0.01730:0.00108 / 1-5-2:0.0160:0.01823:0.00222 / 3-1-5:0.0158:0.01710:0.00131 / 1-3-6:0.0155:0.03012:0.01463 / 1-6-3:0.0134:0.02581:0.01237 / 2-1-5:0.0127:0.01872:0.00600 / 5-1-3:0.0113:0.01210:0.00079 / 5-1-2:0.0111:0.01276:0.00162 / 3-1-6:0.0108:0.02392:0.01312 / 1-6-5:0.0108:0.01144:0.00064 / 1-5-6:0.0102:0.01072:0.00055,leakfree-2026-06,1-3-2:0.0485:0.10700:0.05850 / 3-1-2:0.0416:0.09401:0.05246 / 1-2-3:0.0408:0.13755:0.09670 / 3-2-1:0.0253:0.09401:0.06873,0.3405 0.3405 0.2495 0.0107 0.0294 0.0294,grade=5|a1=1|a12=3|c1cls=3|p1m=0.3405|p1k=0.2793
2026-09-30,津,5,✅低(堅),11,1-3-5 / 1-4-5 / 1-5-3 / 1-3-6 / 1-5-4 / 1-4-6 / 1-6-3 / 1-6-4 / 1-5-6 / 1-6-5 / 1-4-3,0.0308,1号烏野 賢太,3号芝田 京介,4号鈴木 雄登,0.0,0.0,,,,,,model_new(old),1:1.5|2:9.3|3:3.2|4:4.9|5:21.0|6:28.0,1-3-5:0.0308:0.05665:0.02584 / 1-4-5:0.0283:0.04158:0.01324 / 1-5-3:0.0275:0.04295:0.01547 / 1-3-6:0.0259:0.04533:0.01938 / 1-5-4:0.0247:0.03482:0.01010 / 1-4-6:0.0233:0.03327:0.00993 / 1-6-3:0.0218:0.03320:0.01139 / 1-6-4:0.0195:0.02691:0.00744 / 1-5-6:0.0127:0.01448:0.00177 / 1-6-5:0.0123:0.01399:0.00174 / 1-4-3:0.0118:0.09870:0.08689,leakfree-2026-06,1-3-2:0.0496:0.10800:0.05835 / 1-2-3:0.0456:0.08403:0.03841 / 1-2-4:0.0331:0.05823:0.02509 / 1-4-2:0.0325:0.06242:0.02990,0.7562 0.0537 0.0959 0.0664 0.0139 0.0139,grade=5|a1=1|a12=1|c1cls=1|p1m=0.7562|p1k=0.4852
2026-09-30,津,6,🌊最高(大荒),15,4-2-1 / 2-4-1 / 2-1-4 / 4-2-5 / 2-4-5 / 4-1-2 / 4-5-2 / 1-2-4 / 2-1-5 / 2-5-4 / 1-2-5 / 5-4-2 / 5-2-4 / 2-5-1 / 4-5-1,0.0243,4号篠崎 元志,1号加藤 高史,2号廣瀬 将亨,1.0,1.0,,,,,,model_new(old),1:2.1|2:5.8|3:6.8|4:2.9|5:10.8|6:9.4,4-2-1:0.0243:0.05012:0.02584 / 2-4-1:0.0241:0.04610:0.02203 / 2-1-4:0.0191:0.04535:0.02621 / 4-2-5:0.0174:0.02242:0.00503 / 2-4-5:0.0163:0.02063:0.00428 / 4-1-2:0.0153:0.05630:0.04099 / 4-5-2:0.0141:0.01866:0.00458 / 1-2-4:0.0133:0.04874:0.03544 / 2-1-5:0.0127:0.01970:0.00704 / 2-5-4:0.0123:0.01553:0.00328 / 1-2-5:0.0117:0.02118:0.00952 / 5-4-2:0.0116:0.01523:0.00365 / 5-2-4:0.0107:0.01378:0.00307 / 2-5-1:0.0106:0.01509:0.00453 / 4-5-1:0.0105:0.02318:0.01265,leakfree-2026-06,4-2-1:0.1145:0.14030:0.02584 / 4-1-2:0.1067:0.14767:0.04099 / 2-4-1:0.0726:0.09460:0.02203 / 1-4-2:0.0544:0.10160:0.04722,0.2307 0.215 0.027 0.4707 0.0469 0.0098,grade=5|a1=1|a12=3|c1cls=3|p1m=0.2307|p1k=0.3555
2026-09-30,鳴門,7,⚠高(荒),11,1-3-6 / 1-6-3 / 3-1-6 / 6-1-3 / 3-6-1 / 6-3-1 / 1-6-2 / 1-2-6 / 6-1-2 / 1-6-4 / 2-1-6,0.0661,1号冨名腰 桃奈,3号齊藤 優,6号津久井 拓也,2.0,2.0,,,,,,model_new(old),1:2.3|2:4.0|3:2.3|4:5.8|5:24.2|6:32.3,1-3-6:0.0661:0.07540:0.00933 / 1-6-3:0.0541:0.05926:0.00514 / 3-1-6:0.0491:0.05845:0.00933 / 6-1-3:0.0373:0.04089:0.00358 / 3-6-1:0.0279:0.03305:0.00514 / 6-3-1:0.0258:0.02942:0.00358 / 1-6-2:0.0221:0.02507:0.00295 / 1-2-6:0.0187:0.02262:0.00391 / 6-1-2:0.0152:0.01730:0.00206 / 1-6-4:0.0119:0.01395:0.00204 / 2-1-6:0.0115:0.01478:0.00326,leakfree-2026-06,1-3-2:0.0993:0.17468:0.07534 / 1-2-3:0.0706:0.12546:0.05485 / 3-1-2:0.0236:0.09895:0.07534 / 1-3-4:0.0196:0.07156:0.05196,0.5592 0.1359 0.2218 0.0557 0.0116 0.0157,grade=5|a1=0|a12=2|c1cls=3|p1m=0.5592|p1k=0.3187
2026-09-30,鳴門,8,⚠高(荒),9,1-4-5 / 4-1-5 / 1-5-4 / 4-1-6 / 1-4-6 / 5-1-4 / 4-6-1 / 1-6-4 / 5-4-1,0.0587,4号稗田 聖也,1号新出 浩司,5号西島 義則,2.0,2.0,,,,,,model_new(old),1:3.0|2:8.4|3:7.0|4:1.7|5:6.0|6:169.5,1-4-5:0.0587:0.11298:0.05424 / 4-1-5:0.0441:0.11639:0.07224 / 1-5-4:0.0303:0.05787:0.02753 / 4-1-6:0.0260:0.02858:0.00256 / 1-4-6:0.0258:0.02774:0.00192 / 5-1-4:0.0190:0.04271:0.02367 / 4-6-1:0.0111:0.01256:0.00146 / 1-6-4:0.0110:0.01182:0.00082 / 5-4-1:0.0107:0.04436:0.03371,leakfree-2026-06,,0.317 0.116 0.134 0.317 0.116 0.0001,grade=5|a1=1|a12=2|c1cls=3|p1m=0.3170|p1k=0.2458
2026-09-30,鳴門,9,🌊最高(大荒),15,1-4-2 / 1-2-4 / 1-3-4 / 2-1-4 / 1-2-3 / 1-3-2 / 1-4-3 / 2-1-3 / 3-1-2 / 3-1-4 / 4-1-2 / 2-4-1 / 2-3-1 / 3-2-1 / 1-4-6,0.0517,1号長谷川 暖,4号笠置 博之,3号室田 泰史,4.0,4.0,,,,,,model_new(old),1:6.2|2:13.2|3:4.7|4:1.2|5:22.5|6:56.4,1-4-2:0.0517:0.06989:0.01823 / 1-2-4:0.0465:0.05230:0.00577 / 1-3-4:0.0350:0.05345:0.01848 / 2-1-4:0.0311:0.03644:0.00538 / 1-2-3:0.0277:0.02916:0.00147 / 1-3-2:0.0276:0.02931:0.00168 / 1-4-3:0.0199:0.07106:0.05119 / 2-1-3:0.0189:0.02032:0.00137 / 3-1-2:0.0187:0.02048:0.00176 / 3-1-4:0.0180:0.03734:0.01932 / 4-1-2:0.0141:0.05624:0.04215 / 2-4-1:0.0140:0.02767:0.01367 / 2-3-1:0.0116:0.01300:0.00144 / 3-2-1:0.0114:0.01303:0.00161 / 1-4-6:0.0103:0.01459:0.00427,leakfree-2026-06,1-3-4:0.0391:0.05755:0.01848 / 1-4-2:0.0360:0.05419:0.01823 / 1-4-3:0.0331:0.08430:0.05119 / 3-1-4:0.0320:0.05135:0.01932,0.2871 0.1293 0.2011 0.3635 0.0116 0.0073,grade=5|a1=1|a12=3|c1cls=3|p1m=0.2871|p1k=0.1199
2026-09-30,鳴門,10,✅低(堅),12,1-3-2 / 1-2-3 / 1-3-5 / 1-2-5 / 1-5-3 / 1-5-2 / 1-3-4 / 1-3-6 / 1-6-3 / 3-1-2 / 1-4-3 / 3-1-5,0.0523,1号坂元 浩仁,2号山地 正樹,3号杉山 太陽,3.0,3.0,,,,,,model_new(old),1:2.3|2:3.1|3:5.8|4:4.7|5:8.3|6:10.2,1-3-2:0.0523:0.07778:0.02544 / 1-2-3:0.0498:0.08162:0.03177 / 1-3-5:0.0358:0.04529:0.00950 / 1-2-5:0.0311:0.05332:0.02220 / 1-5-3:0.0311:0.03995:0.00889 / 1-5-2:0.0282:0.04482:0.01663 / 1-3-4:0.0171:0.03387:0.01678 / 1-3-6:0.0152:0.02292:0.00773 / 1-6-3:0.0112:0.01822:0.00704 / 3-1-2:0.0107:0.03049:0.01983 / 1-4-3:0.0106:0.02829:0.01773 / 3-1-5:0.0103:0.01775:0.00741,leakfree-2026-06,1-2-3:0.0886:0.12037:0.03177 / 1-3-2:0.0721:0.09752:0.02544 / 1-2-5:0.0688:0.09095:0.02220 / 1-5-2:0.0513:0.06791:0.01663 / 1-3-5:0.0382:0.04771:0.00950 / 1-5-3:0.0351:0.04396:0.00889,0.7011 0.1193 0.0773 0.0336 0.0584 0.0103,grade=5|a1=2|a12=3|c1cls=1|p1m=0.7011|p1k=0.3194
2026-09-30,児島,3,✅低(堅),11,1-4-6 / 1-6-4 / 1-6-3 / 1-4-3 / 1-6-5 / 1-4-5 / 4-1-6 / 6-1-4 / 1-5-6 / 1-5-4 / 1-3-6,0.0399,1号黒野 元基,4号大池 佑来,3号吉田 拡郎,1.0,1.0,,,,,,model_new(old),1:1.1|2:11.7|3:5.1|4:17.2|5:8.3|6:23.5,1-4-6:0.0399:0.04698:0.00713 / 1-6-4:0.0385:0.04539:0.00689 / 1-6-3:0.0213:0.04457:0.02322 / 1-4-3:0.0188:0.05166:0.03284 / 1-6-5:0.0187:0.03301:0.01427 / 1-4-5:0.0181:0.03827:0.02018 / 4-1-6:0.0155:0.01811:0.00265 / 6-1-4:0.0148:0.01732:0.00253 / 1-5-6:0.0142:0.03136:0.01718 / 1-5-4:0.0116:0.03512:0.02347 / 1-3-6:0.0110:0.04586:0.03485,leakfree-2026-06,1-4-3:0.0863:0.11911:0.03284 / 1-3-4:0.0715:0.11911:0.04762 / 1-4-2:0.0682:0.08255:0.01432 / 1-2-4:0.0567:0.07195:0.01525 / 1-2-3:0.0205:0.07195:0.05145,0.7659 0.0526 0.0759 0.0759 0.0187 0.011,grade=2|a1=6|a12=6|c1cls=1|p1m=0.7659|p1k=0.6439
2026-09-30,児島,4,✅低(堅),9,1-4-5 / 1-5-4 / 1-5-2 / 1-5-6 / 1-6-5 / 1-4-6 / 1-2-5 / 1-6-4 / 1-5-3,0.0257,1号桑原 悠,2号長田 頼宗,4号吉村 誠,1.0,1.0,,,,,,model_new(old),1:1.5|2:3.0|3:10.2|4:9.1|5:17.4|6:10.2,1-4-5:0.0257:0.03321:0.00755 / 1-5-4:0.0251:0.03199:0.00693 / 1-5-2:0.0236:0.04464:0.02103 / 1-5-6:0.0174:0.02363:0.00618 / 1-6-5:0.0162:0.02284:0.00660 / 1-4-6:0.0155:0.02835:0.01288 / 1-2-5:0.0152:0.05218:0.03699 / 1-6-4:0.0138:0.02640:0.01263 / 1-5-3:0.0108:0.01702:0.00618,leakfree-2026-06,1-4-2:0.0658:0.10962:0.04380 / 1-2-4:0.0599:0.13064:0.07073 / 1-4-3:0.0407:0.05362:0.01288 / 1-3-4:0.0353:0.04794:0.01263 / 1-2-3:0.0274:0.09053:0.06310,0.7192 0.1108 0.0542 0.0782 0.0262 0.0113,grade=2|a1=6|a12=6|c1cls=1|p1m=0.7192|p1k=0.4890
2026-09-30,児島,5,✅低(堅),13,1-6-4 / 1-4-6 / 6-1-4 / 4-1-6 / 1-6-3 / 1-6-2 / 1-6-5 / 6-1-3 / 6-4-1 / 6-1-2 / 4-6-1 / 6-1-5 / 1-3-6,0.0637,1号原田 幸哉,6号村岡 賢人,4号石丸 海渡,1.0,1.0,,,,,,model_new(old),1:1.3|2:6.4|3:7.2|4:7.6|5:13.3|6:15.2,1-6-4:0.0637:0.08119:0.01748 / 1-4-6:0.0504:0.07056:0.02012 / 6-1-4:0.0376:0.04538:0.00781 / 4-1-6:0.0280:0.03743:0.00947 / 1-6-3:0.0245:0.04293:0.01845 / 1-6-2:0.0216:0.04240:0.02076 / 1-6-5:0.0176:0.02758:0.00999 / 6-1-3:0.0158:0.02400:0.00824 / 6-4-1:0.0156:0.01900:0.00344 / 6-1-2:0.0144:0.02370:0.00927 / 4-6-1:0.0144:0.01803:0.00363 / 6-1-5:0.0110:0.01542:0.00446 / 1-3-6:0.0103:0.03186:0.02160,leakfree-2026-06,1-3-4:0.0595:0.10267:0.04319 / 1-3-5:0.0465:0.07116:0.02468 / 1-4-3:0.0341:0.07660:0.04247 / 1-3-2:0.0199:0.07116:0.05129,0.6131 0.061 0.1639 0.0881 0.061 0.0127,grade=2|a1=6|a12=6|c1cls=1|p1m=0.6131|p1k=0.5754
2026-09-30,児島,6,✅低(堅),11,1-2-6 / 1-6-2 / 2-1-6 / 1-2-4 / 1-2-5 / 6-1-2 / 1-5-2 / 1-4-2 / 1-2-3 / 2-1-4 / 2-1-5,0.0540,1号竹田 和哉,2号磯部 誠,6号宮地 元輝,2.0,3.0,,,,,,model_new(old),1:2.0|2:5.6|3:4.4|4:5.6|5:13.2|6:4.9,1-2-6:0.0540:0.07650:0.02254 / 1-6-2:0.0422:0.06558:0.02341 / 2-1-6:0.0281:0.04448:0.01643 / 1-2-4:0.0248:0.04454:0.01972 / 1-2-5:0.0214:0.02974:0.00837 / 6-1-2:0.0185:0.03592:0.01744 / 1-5-2:0.0138:0.02103:0.00728 / 1-4-2:0.0136:0.03335:0.01972 / 1-2-3:0.0131:0.03825:0.02510 / 2-1-4:0.0115:0.02590:0.01437 / 2-1-5:0.0112:0.01729:0.00610,leakfree-2026-06,1-2-4:0.1244:0.14409:0.01972 / 1-2-3:0.0748:0.09986:0.02510 / 1-4-2:0.0747:0.09438:0.01972 / 2-1-4:0.0459:0.06024:0.01437 / 1-2-6:0.0350:0.05755:0.02254 / 1-3-2:0.0330:0.06001:0.02702,0.6534 0.171 0.0544 0.0785 0.0114 0.0314,grade=2|a1=6|a12=6|c1cls=1|p1m=0.6534|p1k=0.3665
2026-09-30,唐津,7,🌊最高(大荒),18,1-3-6 / 3-1-6 / 1-6-3 / 1-3-5 / 1-5-3 / 6-1-3 / 5-1-3 / 3-1-5 / 3-6-1 / 1-5-6 / 1-6-5 / 6-3-1 / 3-5-1 / 5-3-1 / 5-1-6 / 6-1-5 / 5-6-1 / 6-5-1,0.0792,1号木場 悠介,3号北野 輝季,5号山崎 義明,3.0,3.0,,,,,,model_new(old),1:1.7|2:10.9|3:1.9|4:9.2|5:24.1|6:120.7,1-3-6:0.0792:0.08889:0.00967 / 3-1-6:0.0584:0.06739:0.00896 / 1-6-3:0.0549:0.05803:0.00315 / 1-3-5:0.0492:0.09763:0.04844 / 1-5-3:0.0490:0.06546:0.01649 / 6-1-3:0.0346:0.03644:0.00180 / 5-1-3:0.0320:0.04164:0.00968 / 3-1-5:0.0291:0.07401:0.04487 / 3-6-1:0.0286:0.03132:0.00270 / 1-5-6:0.0283:0.02854:0.00026 / 1-6-5:0.0275:0.02779:0.00025 / 6-3-1:0.0243:0.02594:0.00167 / 3-5-1:0.0210:0.03506:0.01409 / 5-3-1:0.0205:0.02942:0.00893 / 5-1-6:0.0180:0.01815:0.00015 / 6-1-5:0.0173:0.01744:0.00014 / 5-6-1:0.0102:0.01024:0.00009 / 6-5-1:0.0100:0.01011:0.00008,leakfree-2026-06,1-3-5:0.1109:0.15939:0.04844 / 3-1-5:0.0714:0.11628:0.04487 / 1-3-2:0.0523:0.15939:0.10711 / 1-5-3:0.0311:0.04762:0.01649,0.5249 0.0523 0.3488 0.0109 0.0523 0.0109,grade=5|a1=1|a12=2|c1cls=3|p1m=0.5249|p1k=0.4310
2026-09-30,唐津,8,🌊最高(大荒),7,4-5-1 / 4-1-5 / 5-4-1 / 5-1-4 / 1-4-5 / 1-5-4 / 4-5-3,0.0441,4号森永 淳,1号服部 剛,5号渡辺 千草,2.0,2.0,,,,,,model_new(old),1:1.8|2:10.5|3:10.5|4:2.0|5:15.8|6:31.6,4-5-1:0.0441:0.06419:0.02005 / 4-1-5:0.0400:0.09464:0.05462 / 5-4-1:0.0319:0.04508:0.01319 / 5-1-4:0.0221:0.03633:0.01421 / 1-4-5:0.0216:0.08010:0.05849 / 1-5-4:0.0207:0.04379:0.02312 / 4-5-3:0.0112:0.01459:0.00344,leakfree-2026-06,1-4-2:0.0475:0.13548:0.08801 / 1-2-4:0.0308:0.06724:0.03639,0.546 0.0784 0.0544 0.2676 0.0439 0.0096,grade=5|a1=1|a12=1|c1cls=3|p1m=0.5460|p1k=0.4143
2026-09-30,唐津,9,🌊最高(大荒),21,5-2-6 / 5-2-3 / 5-6-2 / 5-3-2 / 2-5-6 / 2-5-3 / 5-6-3 / 5-3-6 / 6-5-2 / 3-5-2 / 6-5-3 / 3-5-6 / 2-6-5 / 6-2-5 / 2-3-5 / 3-2-5 / 5-6-1 / 6-3-5 / 3-6-5 / 5-2-4 / 5-3-1,0.0165,5号戸塚 邦好,2号富永 修一,6号大久保 信一郎,3.0,3.0,,,,,,model_new(old),1:1.5|2:3.4|3:10.2|4:10.6|5:12.1|6:9.1,5-2-6:0.0165:0.01809:0.00162 / 5-2-3:0.0160:0.01747:0.00145 / 5-6-2:0.0160:0.01734:0.00136 / 5-3-2:0.0154:0.01658:0.00120 / 2-5-6:0.0145:0.01644:0.00195 / 2-5-3:0.0141:0.01588:0.00174 / 5-6-3:0.0141:0.01451:0.00045 / 5-3-6:0.0139:0.01437:0.00045 / 6-5-2:0.0139:0.01530:0.00139 / 3-5-2:0.0133:0.01454:0.00122 / 6-5-3:0.0123:0.01281:0.00046 / 3-5-6:0.0121:0.01260:0.00046 / 2-6-5:0.0120:0.01398:0.00200 / 6-2-5:0.0119:0.01357:0.00171 / 2-3-5:0.0116:0.01338:0.00177 / 3-2-5:0.0114:0.01291:0.00149 / 5-6-1:0.0105:0.01360:0.00309 / 6-3-5:0.0104:0.01086:0.00047 / 3-6-5:0.0103:0.01079:0.00047 / 5-2-4:0.0103:0.01171:0.00139 / 5-3-1:0.0103:0.01301:0.00273,leakfree-2026-06,,0.3227 0.2075 0.1862 0.1349 0.1349 0.0138,grade=5|a1=0|a12=3|c1cls=3|p1m=0.3227|p1k=0.4954
2026-09-30,唐津,10,⚠高(荒),26,1-5-6 / 1-6-5 / 5-1-6 / 6-1-5 / 1-5-4 / 1-6-4 / 1-4-5 / 1-4-6 / 5-6-1 / 6-5-1 / 5-1-4 / 6-1-4 / 1-5-3 / 4-1-5 / 1-6-3 / 4-1-6 / 1-3-5 / 5-1-3 / 1-3-6 / 1-5-2 / 5-4-1 / 6-1-3 / 6-4-1 / 4-5-1 / 4-6-1 / 5-1-2,0.0282,1号折下 寛法,6号石原 翼,5号吉村 正明,3.0,3.0,,,,,,model_new(old),1:2.7|2:1.3|3:9.0|4:18.0|5:36.0|6:18.0,1-5-6:0.0282:0.02856:0.00041 / 1-6-5:0.0281:0.02856:0.00042 / 5-1-6:0.0228:0.02310:0.00030 / 6-1-5:0.0228:0.02311:0.00032 / 1-5-4:0.0208:0.02119:0.00041 / 1-6-4:0.0204:0.02119:0.00084 / 1-4-5:0.0191:0.01947:0.00042 / 1-4-6:0.0186:0.01948:0.00084 / 5-6-1:0.0173:0.01755:0.00023 / 6-5-1:0.0173:0.01755:0.00024 / 5-1-4:0.0168:0.01714:0.00030 / 6-1-4:0.0165:0.01715:0.00064 / 1-5-3:0.0153:0.01614:0.00081 / 4-1-5:0.0146:0.01496:0.00032 / 1-6-3:0.0145:0.01615:0.00168 / 4-1-6:0.0143:0.01496:0.00064 / 1-3-5:0.0132:0.01406:0.00089 / 5-1-3:0.0124:0.01306:0.00061 / 1-3-6:0.0123:0.01406:0.00178 / 1-5-2:0.0122:0.01782:0.00564 / 5-4-1:0.0120:0.01220:0.00023 / 6-1-3:0.0118:0.01306:0.00128 / 6-4-1:0.0117:0.01220:0.00048 / 4-5-1:0.0113:0.01158:0.00024 / 4-6-1:0.0111:0.01159:0.00048 / 5-1-2:0.0102:0.01441:0.00422,leakfree-2026-06,1-3-2:0.0516:0.07621:0.02461 / 1-3-4:0.0392:0.04094:0.00178 / 1-4-3:0.0316:0.03330:0.00168 / 3-1-2:0.0302:0.04980:0.01962,0.463 0.1781 0.1781 0.0957 0.0663 0.0188,grade=5|a1=1|a12=4|c1cls=3|p1m=0.4630|p1k=0.2665
2026-09-30,蒲郡,1,🌊最高(大荒),16,1-6-4 / 1-4-6 / 1-2-6 / 1-6-2 / 6-1-4 / 4-1-6 / 2-1-6 / 6-1-2 / 1-6-3 / 6-4-1 / 4-6-1 / 1-3-6 / 2-6-1 / 6-2-1 / 1-6-5 / 6-1-3,0.0277,1号小池 公生,4号金田 諭,2号佐藤 旭,1.0,0.0,,,,,,model_new(old),1:1.9|2:7.7|3:8.1|4:2.1|5:10.0|6:85.1,1-6-4:0.0277:0.03081:0.00309 / 1-4-6:0.0267:0.03370:0.00701 / 1-2-6:0.0248:0.02579:0.00098 / 1-6-2:0.0244:0.02529:0.00084 / 6-1-4:0.0205:0.02237:0.00191 / 4-1-6:0.0191:0.02572:0.00662 / 2-1-6:0.0183:0.01893:0.00067 / 6-1-2:0.0178:0.01836:0.00052 / 1-6-3:0.0145:0.01527:0.00080 / 6-4-1:0.0142:0.01599:0.00181 / 4-6-1:0.0141:0.01680:0.00275 / 1-3-6:0.0129:0.01387:0.00092 / 2-6-1:0.0123:0.01267:0.00039 / 6-2-1:0.0122:0.01253:0.00035 / 1-6-5:0.0111:0.01172:0.00065 / 6-1-3:0.0106:0.01109:0.00050,leakfree-2026-06,,0.4951 0.1292 0.0939 0.2 0.0409 0.0409,grade=4|a1=1|a12=1|c1cls=3|p1m=0.4951|p1k=0.3849
2026-09-30,蒲郡,2,⚠高(荒),11,5-1-3 / 3-5-1 / 3-1-5 / 3-1-6 / 5-3-1 / 1-5-6 / 1-3-6 / 1-6-3 / 1-5-3 / 1-6-5 / 1-5-4,0.0168,1号高橋 直哉,3号益田 啓司,5号羽野 諒,3.0,1.0,,,,,,model_new(old),1:1.2|2:6.4|3:4.1|4:32.2|5:14.3|6:43.0,5-1-3:0.0168:0.03470:0.01789 / 3-5-1:0.0151:0.02406:0.00900 / 3-1-5:0.0147:0.04820:0.03351 / 3-1-6:0.0142:0.02537:0.01114 / 5-3-1:0.0140:0.02174:0.00779 / 1-5-6:0.0136:0.01777:0.00419 / 1-3-6:0.0132:0.03690:0.02367 / 1-6-3:0.0124:0.02563:0.01325 / 1-5-3:0.0119:0.05586:0.04393 / 1-6-5:0.0117:0.01549:0.00380 / 1-5-4:0.0114:0.01695:0.00559,leakfree-2026-06,1-3-4:0.0383:0.06987:0.03161 / 3-1-4:0.0351:0.04996:0.01488,0.4736 0.1308 0.2638 0.0773 0.0433 0.0112,grade=4|a1=1|a12=2|c1cls=3|p1m=0.4736|p1k=0.6138
2026-09-30,蒲郡,3,⚠高(荒),10,1-6-2 / 1-6-3 / 1-2-6 / 6-1-2 / 6-1-3 / 1-3-6 / 1-6-5 / 2-1-6 / 6-1-5 / 1-5-6,0.0645,1号三宅 健太,6号高野 哲史,2号古賀 智之,2.0,1.0,,,,,,model_new(old),1:2.2|2:5.0|3:6.3|4:5.5|5:11.0|6:3.7,1-6-2:0.0645:0.09630:0.03182 / 1-6-3:0.0470:0.07227:0.02525 / 1-2-6:0.0388:0.06741:0.02863 / 6-1-2:0.0361:0.06254:0.02642 / 6-1-3:0.0260:0.04693:0.02097 / 1-3-6:0.0257:0.04713:0.02146 / 1-6-5:0.0224:0.03687:0.01446 / 2-1-6:0.0157:0.03805:0.02233 / 6-1-5:0.0119:0.02394:0.01201 / 1-5-6:0.0106:0.02184:0.01126,leakfree-2026-06,1-3-2:0.0551:0.07097:0.01588 / 1-2-3:0.0454:0.06218:0.01681 / 1-3-4:0.0347:0.04918:0.01444 / 1-3-5:0.0325:0.03974:0.00722,0.6439 0.0816 0.1156 0.0566 0.0457 0.0566,grade=4|a1=1|a12=2|c1cls=3|p1m=0.6439|p1k=0.3351
2026-09-30,蒲郡,4,⚠高(荒),20,3-6-2 / 3-2-6 / 6-3-2 / 3-6-1 / 2-3-6 / 6-3-1 / 3-2-1 / 6-2-3 / 2-6-3 / 2-3-1 / 3-6-5 / 3-2-5 / 6-3-5 / 3-5-6 / 3-6-4 / 3-5-2 / 2-3-5 / 3-2-4 / 6-2-1 / 2-6-1,0.0305,3号下寺 秀和,6号野中 一平,2号百武 翔,3.0,1.0,,,,,,model_new(old),1:1.0|2:21.9|3:4.3|4:15.9|5:58.5|6:29.2,3-6-2:0.0305:0.03067:0.00020 / 3-2-6:0.0296:0.02982:0.00020 / 6-3-2:0.0258:0.02592:0.00017 / 3-6-1:0.0252:0.02957:0.00438 / 2-3-6:0.0246:0.02476:0.00017 / 6-3-1:0.0213:0.02499:0.00374 / 3-2-1:0.0207:0.02658:0.00590 / 6-2-3:0.0201:0.02022:0.00015 / 2-6-3:0.0197:0.01987:0.00015 / 2-3-1:0.0170:0.02208:0.00508 / 3-6-5:0.0148:0.01485:0.00007 / 3-2-5:0.0133:0.01335:0.00010 / 6-3-5:0.0125:0.01255:0.00006 / 3-5-6:0.0122:0.01227:0.00007 / 3-6-4:0.0116:0.01184:0.00028 / 3-5-2:0.0112:0.01134:0.00010 / 2-3-5:0.0110:0.01109:0.00009 / 3-2-4:0.0103:0.01064:0.00037 / 6-2-1:0.0102:0.01084:0.00063 / 2-6-1:0.0100:0.01065:0.00064,leakfree-2026-06,3-2-1:0.0366:0.04249:0.00590 / 3-1-2:0.0312:0.07230:0.04112 / 2-3-1:0.0310:0.03606:0.00508,0.3869 0.1557 0.2835 0.058 0.058 0.058,grade=4|a1=1|a12=3|c1cls=3|p1m=0.3869|p1k=0.7182
2026-09-30,蒲郡,5,🌊最高(大荒),5,1-2-3 / 1-3-2 / 2-1-3 / 1-2-4 / 3-1-2,0.0164,1号坂口 貴彦,2号近江 翔吾,3号新田 泰章,2.0,1.0,,,,,,model_new(old),1:2.1|2:3.4|3:4.7|4:11.0|5:11.0|6:5.1,1-2-3:0.0164:0.05825:0.04190 / 1-3-2:0.0142:0.05098:0.03682 / 2-1-3:0.0133:0.04804:0.03475 / 1-2-4:0.0113:0.02923:0.01790 / 3-1-2:0.0107:0.03912:0.02838,leakfree-2026-06,1-2-3:0.0680:0.10989:0.04190 / 1-3-2:0.0638:0.10066:0.03682 / 2-1-3:0.0448:0.07960:0.03475 / 3-1-2:0.0418:0.07016:0.02838,0.4418 0.2293 0.1992 0.0721 0.0288 0.0288,grade=4|a1=1|a12=3|c1cls=3|p1m=0.4418|p1k=0.3499
2026-09-30,蒲郡,6,🌊最高(大荒),20,1-5-2 / 1-2-5 / 1-5-4 / 1-5-6 / 1-4-5 / 5-1-2 / 1-6-5 / 2-1-5 / 5-1-4 / 5-1-6 / 4-1-5 / 5-2-1 / 1-2-4 / 2-5-1 / 6-1-5 / 1-2-6 / 1-4-2 / 5-4-1 / 5-6-1 / 1-6-2,0.0157,1号岡部 貴司,6号北山 康介,4号川原 正明,2.0,1.0,,,,,,model_new(old),1:3.6|2:5.8|3:3.7|4:4.3|5:8.5|6:3.7,1-5-2:0.0157:0.01992:0.00418 / 1-2-5:0.0155:0.01991:0.00444 / 1-5-4:0.0146:0.02019:0.00564 / 1-5-6:0.0145:0.02108:0.00655 / 1-4-5:0.0139:0.02028:0.00642 / 5-1-2:0.0138:0.01747:0.00363 / 1-6-5:0.0137:0.02147:0.00781 / 2-1-5:0.0134:0.01746:0.00404 / 5-1-4:0.0128:0.01771:0.00490 / 5-1-6:0.0128:0.01849:0.00569 / 4-1-5:0.0117:0.01783:0.00616 / 5-2-1:0.0115:0.01476:0.00327 / 1-2-4:0.0114:0.02018:0.00877 / 2-5-1:0.0113:0.01476:0.00342 / 6-1-5:0.0113:0.01905:0.00776 / 1-2-6:0.0109:0.02107:0.01019 / 1-4-2:0.0109:0.02027:0.00941 / 5-4-1:0.0103:0.01502:0.00468 / 5-6-1:0.0102:0.01586:0.00565 / 1-6-2:0.0100:0.02146:0.01145,leakfree-2026-06,1-4-2:0.0797:0.08907:0.00941 / 1-2-4:0.0731:0.08184:0.00877 / 4-1-2:0.0646:0.07363:0.00902 / 2-1-4:0.0568:0.06482:0.00798 / 4-2-1:0.0432:0.05117:0.00801 / 2-4-1:0.0414:0.04903:0.00759,0.3795 0.2166 0.032 0.2494 0.0785 0.0439,grade=4|a1=1|a12=3|c1cls=3|p1m=0.3795|p1k=0.2072
2026-09-30,蒲郡,7,✅低(堅),9,6-1-3 / 3-1-6 / 3-6-1 / 6-3-1 / 1-6-3 / 1-6-4 / 6-1-4 / 1-4-6 / 4-1-6,0.0244,1号三苫 晃幸,3号河村 了,6号岡本 翔太郎,1.0,0.0,,,,,,model_new(old),1:1.1|2:16.6|3:4.4|4:12.6|5:21.3|6:17.0,6-1-3:0.0244:0.04051:0.01607 / 3-1-6:0.0202:0.05123:0.03105 / 3-6-1:0.0197:0.02669:0.00695 / 6-3-1:0.0188:0.02483:0.00607 / 1-6-3:0.0187:0.06365:0.04497 / 1-6-4:0.0175:0.03320:0.01570 / 6-1-4:0.0155:0.02113:0.00561 / 1-4-6:0.0137:0.03024:0.01652 / 4-1-6:0.0124:0.01841:0.00600,leakfree-2026-06,1-3-4:0.0795:0.18186:0.10232 / 1-4-3:0.0494:0.11322:0.06384 / 3-1-4:0.0311:0.07301:0.04189,0.6688 0.0321 0.175 0.0804 0.0321 0.0116,grade=4|a1=1|a12=3|c1cls=2|p1m=0.6688|p1k=0.6579
2026-09-30,蒲郡,8,△中,5,1-5-6 / 1-6-5 / 5-1-6 / 6-1-5 / 6-3-1,0.0129,1号古賀 智之,3号太田 和美,5号藤原 孝斗,1.0,0.0,,,,,,model_new(old),1:1.5|2:11.5|3:2.2|4:31.5|5:15.2|6:20.7,1-5-6:0.0129:0.01656:0.00366 / 1-6-5:0.0127:0.01622:0.00356 / 5-1-6:0.0110:0.01293:0.00195 / 6-1-5:0.0106:0.01251:0.00188 / 6-3-1:0.0100:0.01976:0.00973,leakfree-2026-06,,0.5138 0.0808 0.2667 0.0335 0.047 0.0581,grade=4|a1=1|a12=3|c1cls=2|p1m=0.5138|p1k=0.4924
2026-09-30,蒲郡,9,✅低(堅),16,1-6-2 / 1-6-5 / 6-1-2 / 1-2-6 / 1-5-6 / 6-1-5 / 1-6-3 / 2-1-6 / 6-1-3 / 6-2-1 / 5-1-6 / 2-6-1 / 1-2-5 / 1-5-2 / 6-5-1 / 5-6-1,0.0653,1号水摩 敦,6号末永 祐輝,2号藤岡 俊介,1.0,0.0,,,,,,model_new(old),1:1.5|2:4.1|3:3.1|4:31.2|5:44.0|6:14.6,1-6-2:0.0653:0.08449:0.01916 / 1-6-5:0.0471:0.04890:0.00179 / 6-1-2:0.0455:0.05575:0.01026 / 1-2-6:0.0406:0.06731:0.02670 / 1-5-6:0.0324:0.03402:0.00166 / 6-1-5:0.0313:0.03227:0.00096 / 1-6-3:0.0288:0.05414:0.02534 / 2-1-6:0.0238:0.04038:0.01655 / 6-1-3:0.0222:0.03573:0.01357 / 6-2-1:0.0201:0.02623:0.00611 / 5-1-6:0.0183:0.01917:0.00086 / 2-6-1:0.0168:0.02385:0.00707 / 1-2-5:0.0156:0.02449:0.00886 / 1-5-2:0.0155:0.02139:0.00592 / 6-5-1:0.0135:0.01398:0.00047 / 5-6-1:0.0115:0.01194:0.00045,leakfree-2026-06,1-2-5:0.0532:0.06202:0.00886 / 1-2-4:0.0495:0.06202:0.01249 / 1-2-6:0.0353:0.06202:0.02670,0.6475 0.1788 0.0753 0.0328 0.0328 0.0328,grade=4|a1=2|a12=3|c1cls=2|p1m=0.6475|p1k=0.4915
2026-09-30,丸亀,1,🌊最高(大荒),7,1-2-5 / 2-1-5 / 1-2-3 / 1-5-2 / 2-1-3 / 5-1-2 / 2-5-1,0.0320,1号鈴木 章司,2号守屋 大地,3号妻鳥 晋也,1.0,1.0,,,,,,model_new(old),1:3.4|2:2.5|3:2.9|4:17.2|5:5.7|6:13.4,1-2-5:0.0320:0.05423:0.02228 / 2-1-5:0.0271:0.05189:0.02477 / 1-2-3:0.0258:0.06962:0.04379 / 1-5-2:0.0199:0.03652:0.01658 / 2-1-3:0.0179:0.06661:0.04869 / 5-1-2:0.0130:0.02791:0.01490 / 2-5-1:0.0121:0.03309:0.02096,leakfree-2026-06,,0.2874 0.2855 0.1835 0.0811 0.1568 0.0056,grade=5|a1=0|a12=0|c1cls=3|p1m=0.2874|p1k=0.2183
2026-09-30,丸亀,2,⚠高(荒),12,3-1-5 / 5-1-3 / 3-5-1 / 5-3-1 / 1-3-2 / 3-1-2 / 1-5-2 / 1-2-3 / 5-1-2 / 1-2-5 / 2-1-3 / 3-2-1,0.0586,1号大江 純,3号森 悠稀,5号原田 篤志,2.0,2.0,,,,,,model_new(old),1:1.0|2:100.5|3:6.7|4:16.7|5:12.5|6:100.5,3-1-5:0.0586:0.10787:0.04922 / 5-1-3:0.0448:0.07720:0.03240 / 3-5-1:0.0372:0.04449:0.00728 / 5-3-1:0.0339:0.04080:0.00687 / 1-3-2:0.0274:0.05043:0.02298 / 3-1-2:0.0257:0.03183:0.00612 / 1-5-2:0.0192:0.02779:0.00859 / 1-2-3:0.0164:0.02870:0.01227 / 5-1-2:0.0139:0.01608:0.00216 / 1-2-5:0.0137:0.02026:0.00658 / 2-1-3:0.0116:0.01456:0.00292 / 3-2-1:0.0101:0.01097:0.00085,leakfree-2026-06,3-1-5:0.0447:0.09394:0.04922 / 3-1-4:0.0418:0.07866:0.03684 / 3-5-1:0.0341:0.04142:0.00728,0.4326 0.0274 0.3179 0.0974 0.1163 0.0084,grade=5|a1=1|a12=2|c1cls=3|p1m=0.4326|p1k=0.7639
2026-09-30,丸亀,3,⚠高(荒),8,1-6-2 / 1-2-6 / 6-1-2 / 2-1-6 / 1-6-5 / 1-2-5 / 6-1-5 / 1-5-6,0.0218,1号高山 敬悟,6号上條 嘉嗣,2号松井 貫太,2.0,2.0,,,,,,model_new(old),1:1.5|2:11.8|3:7.6|4:4.4|5:13.3|6:6.6,1-6-2:0.0218:0.04024:0.01841 / 1-2-6:0.0198:0.03611:0.01631 / 6-1-2:0.0164:0.02678:0.01041 / 2-1-6:0.0141:0.02281:0.00873 / 1-6-5:0.0127:0.02908:0.01634 / 1-2-5:0.0109:0.01900:0.00810 / 6-1-5:0.0101:0.01936:0.00924 / 1-5-6:0.0100:0.02425:0.01424,leakfree-2026-06,1-2-4:0.0477:0.07214:0.02447 / 1-2-3:0.0448:0.05898:0.01417 / 1-2-5:0.0419:0.04999:0.00810 / 1-3-2:0.0305:0.04591:0.01540,0.6235 0.1337 0.0646 0.0791 0.0548 0.0443,grade=5|a1=1|a12=2|c1cls=3|p1m=0.6235|p1k=0.4986
2026-09-30,丸亀,4,🌊最高(大荒),8,3-4-6 / 3-6-4 / 4-3-6 / 3-4-2 / 3-2-4 / 3-2-6 / 4-3-2 / 4-6-3,0.0315,3号松尾 充,6号福来 剛,4号岩永 雅人,2.0,2.0,,,,,,model_new(old),1:5.2|2:8.3|3:3.7|4:7.1|5:0.0|6:1.6,3-4-6:0.0315:0.04898:0.01744 / 3-6-4:0.0269:0.06299:0.03605 / 4-3-6:0.0236:0.03922:0.01557 / 3-4-2:0.0146:0.01800:0.00336 / 3-2-4:0.0125:0.01583:0.00329 / 3-2-6:0.0114:0.02602:0.01460 / 4-3-2:0.0114:0.01441:0.00300 / 4-6-3:0.0102:0.03524:0.02504,leakfree-2026-06,3-1-2:0.0303:0.03519:0.00486,0.2551 0.1748 0.2719 0.1748 0.0098 0.1137,grade=5|a1=1|a12=3|c1cls=3|p1m=0.2551|p1k=0.1426
2026-09-30,丸亀,5,✅低(堅),7,1-6-5 / 1-5-6 / 1-6-2 / 1-2-6 / 1-6-3 / 1-3-6 / 6-1-5,0.0663,1号芝田 浩治,5号平田 忠則,6号中村 桃佳,1.0,1.0,,,,,,model_new(old),1:1.3|2:13.6|3:20.4|4:17.0|5:3.2|6:11.3,1-6-5:0.0663:0.12105:0.05472 / 1-5-6:0.0475:0.14761:0.10015 / 1-6-2:0.0277:0.04053:0.01288 / 1-2-6:0.0209:0.03344:0.01250 / 1-6-3:0.0199:0.02848:0.00858 / 1-3-6:0.0145:0.02242:0.00795 / 6-1-5:0.0134:0.03868:0.02523,leakfree-2026-06,1-5-6:0.1056:0.20577:0.10015 / 1-6-5:0.0510:0.10573:0.05472 / 5-1-6:0.0378:0.09394:0.05613 / 1-5-3:0.0267:0.08218:0.05547,0.6413 0.0246 0.031 0.0112 0.2143 0.0776,grade=5|a1=1|a12=3|c1cls=2|p1m=0.6413|p1k=0.5691
2026-09-30,丸亀,6,✅低(堅),4,1-6-3 / 1-3-6 / 3-1-6 / 6-1-3,0.1169,1号安河内 健,6号村上 遼,3号宇留田 翔平,1.0,1.0,,,,,,model_new(old),1:1.2|2:10.8|3:10.1|4:19.7|5:24.0|6:3.6,1-6-3:0.1169:0.21983:0.10295 / 1-3-6:0.0919:0.15504:0.06318 / 3-1-6:0.0162:0.04358:0.02739 / 6-1-3:0.0139:0.06564:0.05176,leakfree-2026-06,1-3-6:0.1162:0.17942:0.06318 / 1-3-4:0.0601:0.07166:0.01155 / 1-3-2:0.0506:0.07166:0.02106 / 1-4-3:0.0324:0.04284:0.01046,0.7363 0.0291 0.1234 0.0291 0.009 0.073,grade=5|a1=2|a12=3|c1cls=1|p1m=0.7363|p1k=0.5973
2026-09-30,丸亀,7,✅低(堅),6,1-5-4 / 1-5-3 / 1-4-5 / 1-3-5 / 1-5-6 / 1-5-2,0.0267,1号赤羽 克也,5号郷原 章平,4号大江 純,1.0,1.0,,,,,,model_new(old),1:1.3|2:10.6|3:12.5|4:7.2|5:9.5|6:5.1,1-5-4:0.0267:0.05265:0.02596 / 1-5-3:0.0226:0.03757:0.01496 / 1-4-5:0.0209:0.04870:0.02780 / 1-3-5:0.0179:0.03216:0.01425 / 1-5-6:0.0146:0.05126:0.03666 / 1-5-2:0.0140:0.03164:0.01764,leakfree-2026-06,,0.6865 0.0487 0.0603 0.0838 0.0603 0.0603,grade=5|a1=2|a12=3|c1cls=1|p1m=0.6865|p1k=0.5559
2026-09-30,丸亀,8,✅低(堅),11,1-4-2 / 1-2-4 / 1-4-5 / 1-4-3 / 1-2-5 / 1-5-4 / 1-5-2 / 1-2-3 / 4-1-2 / 2-1-4 / 1-5-3,0.0480,1号福来 剛,3号芦澤 望,4号森 悠稀,1.0,1.0,,,,,,model_new(old),1:1.3|2:12.4|3:2.7|4:12.1|5:18.7|6:51.4,1-4-2:0.0480:0.05969:0.01172 / 1-2-4:0.0466:0.05826:0.01168 / 1-4-5:0.0302:0.03797:0.00777 / 1-4-3:0.0293:0.08316:0.05385 / 1-2-5:0.0268:0.03440:0.00756 / 1-5-4:0.0260:0.03332:0.00736 / 1-5-2:0.0237:0.03092:0.00719 / 1-2-3:0.0230:0.07532:0.05234 / 4-1-2:0.0111:0.01656:0.00550 / 2-1-4:0.0106:0.01608:0.00547 / 1-5-3:0.0101:0.04307:0.03300,leakfree-2026-06,1-4-2:0.0674:0.07912:0.01172 / 1-4-3:0.0603:0.11417:0.05385 / 1-2-4:0.0575:0.06917:0.01168 / 1-2-3:0.0168:0.06917:0.05234,0.7631 0.0524 0.0756 0.0756 0.024 0.0093,grade=5|a1=1|a12=3|c1cls=1|p1m=0.7631|p1k=0.5591
2026-09-30,丸亀,9,✅低(堅),12,1-2-4 / 1-2-6 / 1-2-5 / 2-1-6 / 2-1-4 / 2-1-5 / 1-4-2 / 1-6-2 / 1-5-2 / 4-1-2 / 6-1-2 / 5-1-2,0.0745,1号上條 嘉嗣,2号平田 忠則,4号妻鳥 晋也,1.0,1.0,,,,,,model_new(old),1:2.0|2:1.8|3:4.3|4:21.4|5:69.7|6:55.8,1-2-4:0.0745:0.10966:0.03515 / 1-2-6:0.0660:0.07951:0.01348 / 1-2-5:0.0573:0.06806:0.01079 / 2-1-6:0.0401:0.05447:0.01440 / 2-1-4:0.0376:0.07512:0.03755 / 2-1-5:0.0351:0.04663:0.01153 / 1-4-2:0.0326:0.04590:0.01335 / 1-6-2:0.0271:0.03206:0.00495 / 1-5-2:0.0231:0.02706:0.00394 / 4-1-2:0.0145:0.02330:0.00877 / 6-1-2:0.0128:0.01600:0.00318 / 5-1-2:0.0109:0.01342:0.00253,leakfree-2026-06,1-2-4:0.0915:0.12667:0.03515 / 1-2-5:0.0796:0.09035:0.01079 / 2-1-5:0.0458:0.05734:0.01153 / 2-1-4:0.0428:0.08039:0.03755,0.5645 0.3137 0.047 0.038 0.0271 0.0098,grade=5|a1=2|a12=3|c1cls=1|p1m=0.5645|p1k=0.3657
2026-09-30,丸亀,10,✅低(堅),10,1-3-5 / 1-5-3 / 3-1-5 / 1-5-4 / 1-5-2 / 5-1-3 / 1-4-5 / 1-3-6 / 1-5-6 / 1-6-5,0.0682,1号村上 遼,3号岩永 雅人,2号原田 篤志,1.0,1.0,,,,,,model_new(old),1:1.0|2:11.8|3:16.7|4:25.9|5:95.0|6:57.0,1-3-5:0.0682:0.08442:0.01626 / 1-5-3:0.0538:0.06610:0.01227 / 3-1-5:0.0217:0.02464:0.00298 / 1-5-4:0.0177:0.02559:0.00791 / 1-5-2:0.0176:0.03494:0.01736 / 5-1-3:0.0162:0.01836:0.00216 / 1-4-5:0.0148:0.02404:0.00919 / 1-3-6:0.0145:0.04156:0.02710 / 1-5-6:0.0136:0.01717:0.00359 / 1-6-5:0.0116:0.01529:0.00372,leakfree-2026-06,2-1-3:0.0308:0.06023:0.02938,0.7174 0.1288 0.0874 0.0479 0.01 0.0085,grade=5|a1=2|a12=3|c1cls=1|p1m=0.7174|p1k=0.8256
2026-09-30,大村,1,⚠高(荒),10,1-6-5 / 1-5-6 / 6-1-5 / 5-1-6 / 6-5-1 / 1-6-2 / 5-6-1 / 6-1-2 / 1-6-4 / 1-6-3,0.0407,1号山本 浩輔,5号柴田 大輔,6号岸本 隆,1.0,1.0,,,,,,model_new(old),1:1.6|2:3.4|3:12.4|4:13.6|5:4.7|6:14.3,1-6-5:0.0407:0.05484:0.01419 / 1-5-6:0.0368:0.05486:0.01810 / 6-1-5:0.0312:0.03929:0.00807 / 5-1-6:0.0277:0.03931:0.01158 / 6-5-1:0.0201:0.02504:0.00497 / 1-6-2:0.0197:0.03933:0.01962 / 5-6-1:0.0195:0.02505:0.00559 / 6-1-2:0.0170:0.02818:0.01115 / 1-6-4:0.0106:0.01552:0.00490 / 1-6-3:0.0102:0.01562:0.00538,leakfree-2026-06,1-2-5:0.0618:0.15215:0.09032 / 1-2-3:0.0510:0.08520:0.03423 / 2-1-5:0.0260:0.08813:0.06218,0.5641 0.2474 0.0502 0.0358 0.0896 0.013,grade=5|a1=0|a12=2|c1cls=3|p1m=0.5641|p1k=0.4609
2026-09-30,大村,2,🌊最高(大荒),12,3-5-6 / 5-3-6 / 3-6-5 / 6-3-5 / 5-6-3 / 6-5-3 / 3-5-2 / 5-3-2 / 3-2-5 / 3-5-1 / 5-3-1 / 5-2-3,0.0450,3号後藤 美翼,5号鳥飼 眞,6号金子 萌,1.0,1.0,,,,,,model_new(old),1:3.1|2:3.1|3:4.1|4:19.2|5:7.4|6:3.6,3-5-6:0.0450:0.05125:0.00625 / 5-3-6:0.0406:0.04630:0.00569 / 3-6-5:0.0401:0.04745:0.00732 / 6-3-5:0.0334:0.04094:0.00755 / 5-6-3:0.0313:0.03718:0.00589 / 6-5-3:0.0288:0.03552:0.00668 / 3-5-2:0.0226:0.02983:0.00725 / 5-3-2:0.0203:0.02694:0.00661 / 3-2-5:0.0144:0.02342:0.00898 / 3-5-1:0.0135:0.02079:0.00725 / 5-3-1:0.0122:0.01879:0.00661 / 5-2-3:0.0115:0.01873:0.00719,leakfree-2026-06,,0.2151 0.193 0.3139 0.0394 0.1399 0.0987,grade=5|a1=0|a12=3|c1cls=3|p1m=0.2151|p1k=0.2382
2026-09-30,大村,3,✅低(堅),14,1-2-6 / 1-6-2 / 1-6-5 / 1-6-3 / 6-1-2 / 2-1-6 / 1-5-6 / 1-6-4 / 1-3-6 / 1-2-5 / 1-4-6 / 1-5-2 / 6-1-5 / 6-1-3,0.0977,1号高倉 孝太,2号平田 健之佑,6号星野 太郎,1.0,1.0,,,,,,model_new(old),1:1.4|2:4.1|3:4.0|4:18.5|5:18.5|6:37.0,1-2-6:0.0977:0.11217:0.01447 / 1-6-2:0.0958:0.10507:0.00926 / 1-6-5:0.0359:0.03791:0.00205 / 1-6-3:0.0336:0.04306:0.00949 / 6-1-2:0.0313:0.03574:0.00442 / 2-1-6:0.0305:0.03874:0.00828 / 1-5-6:0.0280:0.03018:0.00215 / 1-6-4:0.0221:0.02416:0.00205 / 1-3-6:0.0199:0.03496:0.01507 / 1-2-5:0.0174:0.04634:0.02894 / 1-4-6:0.0161:0.01828:0.00215 / 1-5-2:0.0152:0.03455:0.01938 / 6-1-5:0.0119:0.01290:0.00098 / 6-1-3:0.0101:0.01465:0.00453,leakfree-2026-06,1-2-3:0.1117:0.24551:0.13383 / 1-2-5:0.0490:0.07794:0.02894 / 2-1-3:0.0328:0.10935:0.07657,0.6516 0.2177 0.0788 0.0155 0.025 0.0114,grade=5|a1=1|a12=3|c1cls=2|p1m=0.6516|p1k=0.5317
2026-09-30,大村,4,🌊最高(大荒),15,1-2-5 / 1-5-2 / 1-3-5 / 1-2-4 / 1-5-3 / 1-4-2 / 5-1-2 / 2-1-5 / 1-3-4 / 3-1-5 / 1-4-3 / 5-1-3 / 4-1-2 / 5-2-1 / 3-1-4,0.0279,1号日笠 勝弘,2号松井 賢治,3号西野 翔太,1.0,1.0,,,,,,model_new(old),1:2.7|2:1.6|3:3.4|4:30.4|5:33.4|6:30.4,1-2-5:0.0279:0.04050:0.01265 / 1-5-2:0.0243:0.02928:0.00501 / 1-3-5:0.0196:0.02277:0.00322 / 1-2-4:0.0186:0.03249:0.01389 / 1-5-3:0.0175:0.01989:0.00236 / 1-4-2:0.0171:0.02263:0.00552 / 5-1-2:0.0161:0.01987:0.00375 / 2-1-5:0.0157:0.03263:0.01688 / 1-3-4:0.0147:0.01826:0.00354 / 3-1-5:0.0137:0.01665:0.00299 / 1-4-3:0.0128:0.01537:0.00260 / 5-1-3:0.0117:0.01349:0.00176 / 4-1-2:0.0109:0.01503:0.00414 / 5-2-1:0.0104:0.01543:0.00506 / 3-1-4:0.0101:0.01335:0.00329,leakfree-2026-06,3-1-2:0.0228:0.08530:0.06250,0.2392 0.3243 0.3243 0.0643 0.0393 0.0086,grade=5|a1=1|a12=2|c1cls=3|p1m=0.2392|p1k=0.2674
2026-09-30,大村,5,△中,7,1-6-2 / 1-6-3 / 1-2-6 / 1-3-6 / 6-1-2 / 6-1-3 / 2-1-6,0.1325,1号榎 幸司,6号松尾 祭,2号荒井 輝年,1.0,1.0,,,,,,model_new(old),1:1.1|2:7.0|3:12.1|4:11.1|5:19.0|6:9.5,1-6-2:0.1325:0.18925:0.05671 / 1-6-3:0.0975:0.13027:0.03281 / 1-2-6:0.0608:0.12395:0.06316 / 1-3-6:0.0465:0.07736:0.03091 / 6-1-2:0.0357:0.05672:0.02102 / 6-1-3:0.0269:0.03904:0.01216 / 2-1-6:0.0103:0.03447:0.02412,leakfree-2026-06,1-2-3:0.1494:0.19898:0.04959 / 1-3-2:0.1445:0.18644:0.04195 / 2-1-3:0.0502:0.06912:0.01894 / 3-1-2:0.0486:0.06390:0.01528,0.6973 0.1286 0.1169 0.01 0.0085 0.0387,grade=5|a1=0|a12=3|c1cls=2|p1m=0.6973|p1k=0.6575
2026-10-01,平和島,1,🌊最高(大荒),5,6-4-1 / 6-1-4 / 1-6-4 / 1-4-6 / 4-6-1,0.0802,6号柴田 光,4号三角 哲男,1号高橋 真吾,2.0,3.0,,,,,,model_new(old),1:37.5|2:12.5|3:0.0|4:1.0|5:0.0|6:37.5,6-4-1:0.0802:0.08552:0.00532 / 6-1-4:0.0687:0.06918:0.00052 / 1-6-4:0.0536:0.05410:0.00052 / 1-4-6:0.0395:0.04479:0.00532 / 4-6-1:0.0306:0.07467:0.04412,leakfree-2026-06,,0.2946 0.0347 0.2946 0.2764 0.0126 0.087,grade=4|a1=1|a12=2|c1cls=3|p1m=0.2946|p1k=0.0235
2026-10-01,津,1,✅低(堅),14,1-5-6 / 1-6-5 / 1-5-3 / 1-5-2 / 5-1-6 / 1-6-3 / 1-3-5 / 1-6-2 / 6-1-5 / 1-3-6 / 1-5-4 / 1-2-6 / 1-2-5 / 1-6-4,0.0640,1号黒崎 竜也,5号加藤 高史,6号神田 達也,4.0,2.0,,,,,,model_new(old),1:2.1|2:4.3|3:5.7|4:5.1|5:5.7|6:10.3,1-5-6:0.0640:0.07380:0.00975 / 1-6-5:0.0565:0.06531:0.00877 / 1-5-3:0.0302:0.04783:0.01763 / 1-5-2:0.0261:0.04942:0.02337 / 5-1-6:0.0236:0.03088:0.00726 / 1-6-3:0.0222:0.03102:0.00877 / 1-3-5:0.0205:0.03809:0.01763 / 1-6-2:0.0204:0.03205:0.01163 / 6-1-5:0.0202:0.02636:0.00613 / 1-3-6:0.0182:0.02792:0.00975 / 1-5-4:0.0161:0.03584:0.01970 / 1-2-6:0.0149:0.02902:0.01408 / 1-2-5:0.0142:0.03960:0.02544 / 1-6-4:0.0134:0.02325:0.00981,leakfree-2026-06,1-3-2:0.0868:0.11019:0.02337 / 1-2-3:0.0804:0.10586:0.02544 / 1-3-5:0.0497:0.06728:0.01763 / 1-5-3:0.0376:0.05525:0.01763 / 1-2-5:0.0338:0.05928:0.02544,0.7337 0.0808 0.0881 0.0352 0.0494 0.0128,grade=5|a1=0|a12=1|c1cls=2|p1m=0.7337|p1k=0.3520
2026-10-01,津,2,🌊最高(大荒),0,,0.0000,1号中村 守成,5号井川 大作,4号武田 正紀,4.0,2.0,,,,,,model_new(old),1:1.5|2:3.0|3:0.0|4:3.0|5:0.0|6:0.0,,leakfree-2026-06,,0.502 0.0719 0.0719 0.2028 0.131 0.0203,grade=5|a1=0|a12=0|c1cls=3|p1m=0.5020|p1k=0.5000
2026-10-01,尼崎,1,🌊最高(大荒),11,5-3-2 / 5-2-3 / 5-3-4 / 2-5-3 / 3-5-4 / 5-4-3 / 3-5-2 / 5-3-6 / 3-5-6 / 4-5-3 / 5-2-4,0.0198,3号登玉 隼百,5号川北 浩貴,2号雑賀 勇貴,3.0,0.0,,,,,,model_new(old),1:3.6|2:3.7|3:1.7|4:10.4|5:10.4|6:33.9,5-3-2:0.0198:0.03306:0.01324 / 5-2-3:0.0186:0.02758:0.00899 / 5-3-4:0.0164:0.02114:0.00471 / 2-5-3:0.0151:0.02554:0.01043 / 3-5-4:0.0144:0.02217:0.00772 / 5-4-3:0.0131:0.01584:0.00272 / 3-5-2:0.0130:0.03467:0.02170 / 5-3-6:0.0127:0.01415:0.00145 / 3-5-6:0.0125:0.01484:0.00237 / 4-5-3:0.0109:0.01359:0.00272 / 5-2-4:0.0101:0.01153:0.00147,leakfree-2026-06,,0.2749 0.2579 0.2767 0.0781 0.1024 0.01,grade=5|a1=0|a12=1|c1cls=4|p1m=0.2749|p1k=0.2045
2026-10-01,尼崎,2,🌊最高(大荒),0,,0.0000,1号松尾 宣邦,4号篠田 優也,2号山田 理央,3.0,0.0,,,,,,model_new(old),1:1.5|2:3.0|3:0.0|4:3.0|5:0.0|6:0.0,,leakfree-2026-06,,0.4189 0.2753 0.0834 0.1886 0.0214 0.0125,grade=5|a1=2|a12=2|c1cls=3|p1m=0.4189|p1k=0.5000
2026-10-01,鳴門,4,✅低(堅),17,1-5-4 / 1-4-5 / 1-5-6 / 1-6-5 / 1-5-2 / 5-1-4 / 1-2-5 / 5-1-6 / 4-1-5 / 1-5-3 / 6-1-5 / 5-1-2 / 1-2-4 / 1-3-5 / 1-2-6 / 2-1-5 / 1-6-2,0.0726,1号平田 さやか,5号冨名腰 桃奈,4号西島 義則,2.0,2.0,,,,,,model_new(old),1:3.8|2:9.0|3:22.5|4:1.7|5:32.2|6:3.0,1-5-4:0.0726:0.07552:0.00294 / 1-4-5:0.0631:0.06922:0.00608 / 1-5-6:0.0560:0.05770:0.00166 / 1-6-5:0.0465:0.04877:0.00231 / 1-5-2:0.0404:0.04092:0.00055 / 5-1-4:0.0327:0.03512:0.00243 / 1-2-5:0.0316:0.03223:0.00060 / 5-1-6:0.0255:0.02683:0.00138 / 4-1-5:0.0227:0.03130:0.00861 / 1-5-3:0.0192:0.01945:0.00022 / 6-1-5:0.0190:0.02145:0.00247 / 5-1-2:0.0186:0.01903:0.00046 / 1-2-4:0.0148:0.02613:0.01135 / 1-3-5:0.0139:0.01409:0.00022 / 1-2-6:0.0135:0.01997:0.00643 / 2-1-5:0.0133:0.01382:0.00053 / 1-6-2:0.0132:0.02143:0.00828,leakfree-2026-06,1-4-2:0.1138:0.13559:0.02177 / 1-4-5:0.0964:0.10245:0.00608 / 1-2-4:0.0802:0.09152:0.01135 / 1-5-4:0.0617:0.06462:0.00294 / 1-4-3:0.0503:0.05905:0.00871 / 1-2-5:0.0319:0.03245:0.00060 / 4-1-5:0.0316:0.04018:0.00861 / 1-3-4:0.0300:0.03429:0.00426,0.6695 0.0738 0.0321 0.1572 0.0557 0.0116,grade=5|a1=1|a12=2|c1cls=2|p1m=0.6695|p1k=0.1919
2026-10-01,鳴門,5,⚠高(荒),13,4-1-6 / 4-6-1 / 6-1-4 / 1-4-6 / 1-6-4 / 6-4-1 / 4-6-3 / 6-4-3 / 6-1-3 / 1-6-3 / 4-3-6 / 6-3-4 / 6-3-1,0.0413,1号齊藤 優,4号海野 ゆかり,6号山本 寛久,4.0,4.0,,,,,,model_new(old),1:1.8|2:6.4|3:5.4|4:3.5|5:11.2|6:12.2,4-1-6:0.0413:0.05880:0.01755 / 4-6-1:0.0397:0.04886:0.00912 / 6-1-4:0.0383:0.04889:0.01054 / 1-4-6:0.0382:0.06169:0.02348 / 1-6-4:0.0381:0.05495:0.01680 / 6-4-1:0.0380:0.04561:0.00766 / 4-6-3:0.0152:0.01821:0.00304 / 6-4-3:0.0144:0.01699:0.00255 / 6-1-3:0.0137:0.02051:0.00683 / 1-6-3:0.0122:0.02305:0.01089 / 4-3-6:0.0117:0.01508:0.00340 / 6-3-4:0.0107:0.01298:0.00232 / 6-3-1:0.0101:0.01462:0.00451,leakfree-2026-06,1-4-3:0.0582:0.11120:0.05304 / 1-3-4:0.0440:0.08837:0.04434 / 1-4-6:0.0309:0.05440:0.02348,0.5444 0.0616 0.1259 0.1936 0.0129 0.0616,grade=5|a1=1|a12=3|c1cls=3|p1m=0.5444|p1k=0.4103
2026-10-01,鳴門,6,⚠高(荒),5,1-3-6 / 3-1-6 / 3-4-1 / 3-5-1 / 1-6-3,0.0164,1号荒牧 凪沙,3号枝尾 賢,4号後藤 隼之,4.0,4.0,,,,,,model_new(old),1:1.2|2:18.9|3:4.9|4:6.7|5:10.5|6:94.5,1-3-6:0.0164:0.02486:0.00848 / 3-1-6:0.0161:0.01995:0.00381 / 3-4-1:0.0129:0.02956:0.01666 / 3-5-1:0.0120:0.02213:0.01008 / 1-6-3:0.0103:0.01548:0.00521,leakfree-2026-06,3-1-5:0.0318:0.06605:0.03425,0.5019 0.0552 0.2719 0.0797 0.0797 0.0115,grade=5|a1=0|a12=2|c1cls=3|p1m=0.5019|p1k=0.6194
2026-10-01,児島,1,✅低(堅),16,1-6-2 / 1-6-3 / 1-2-6 / 1-6-4 / 1-3-6 / 1-4-6 / 6-1-2 / 6-1-3 / 1-6-5 / 2-1-6 / 6-1-4 / 3-1-6 / 1-5-6 / 4-1-6 / 6-1-5 / 6-2-1,0.0430,1号重成 一人,6号小池 修平,2号遠藤 エミ,1.0,1.0,,,,,,model_new(old),1:1.7|2:3.5|3:4.0|4:12.1|5:8.9|6:34.0,1-6-2:0.0430:0.04964:0.00660 / 1-6-3:0.0373:0.04305:0.00578 / 1-2-6:0.0364:0.04656:0.01017 / 1-6-4:0.0310:0.03289:0.00191 / 1-3-6:0.0305:0.03875:0.00827 / 1-4-6:0.0258:0.02788:0.00206 / 6-1-2:0.0243:0.02814:0.00380 / 6-1-3:0.0211:0.02440:0.00333 / 1-6-5:0.0191:0.02170:0.00260 / 2-1-6:0.0184:0.02570:0.00727 / 6-1-4:0.0175:0.01864:0.00110 / 3-1-6:0.0153:0.02102:0.00573 / 1-5-6:0.0144:0.01728:0.00293 / 4-1-6:0.0135:0.01473:0.00124 / 6-1-5:0.0108:0.01230:0.00150 / 6-2-1:0.0105:0.01316:0.00269,leakfree-2026-06,3-1-2:0.0238:0.07945:0.05561,0.3746 0.2462 0.2462 0.0774 0.0309 0.0246,grade=2|a1=6|a12=6|c1cls=1|p1m=0.3746|p1k=0.4363
2026-10-01,児島,2,✅低(堅),0,,0.0000,1号河野 大,2号上野 真之介,4号松本 純平,1.0,1.0,,,,,,model_new(old),1:1.9|2:2.3|3:2.6|4:0.0|5:0.0|6:0.0,,leakfree-2026-06,,0.6258 0.1804 0.0825 0.0653 0.0366 0.0095,grade=2|a1=6|a12=6|c1cls=1|p1m=0.6258|p1k=0.3911
2026-10-01,唐津,4,⚠高(荒),11,3-6-2 / 6-3-1 / 3-6-1 / 6-3-2 / 3-2-6 / 2-3-6 / 6-2-3 / 2-6-3 / 6-1-3 / 6-2-1 / 6-1-2,0.0184,3号尾嶋 一広,1号浜崎 準也,6号戸塚 邦好,3.0,3.0,,,,,,model_new(old),1:2.0|2:5.3|3:2.5|4:12.9|5:25.8|6:7.1,3-6-2:0.0184:0.02882:0.01037 / 6-3-1:0.0176:0.03918:0.02158 / 3-6-1:0.0173:0.04477:0.02749 / 6-3-2:0.0171:0.02522:0.00814 / 3-2-6:0.0166:0.02765:0.01103 / 2-3-6:0.0146:0.02357:0.00902 / 6-2-3:0.0139:0.02033:0.00645 / 2-6-3:0.0131:0.01980:0.00672 / 6-1-3:0.0127:0.03736:0.02464 / 6-2-1:0.0106:0.01865:0.00806 / 6-1-2:0.0104:0.02206:0.01162,leakfree-2026-06,3-1-2:0.0783:0.14485:0.06650 / 3-2-1:0.0560:0.09513:0.03916 / 1-3-2:0.0440:0.11837:0.07436 / 2-3-1:0.0328:0.06486:0.03201,0.3042 0.166 0.4314 0.0356 0.0129 0.0499,grade=5|a1=1|a12=3|c1cls=3|p1m=0.3042|p1k=0.3715
2026-10-01,唐津,5,✅低(堅),6,1-6-2 / 1-2-6 / 6-1-2 / 2-1-6 / 6-2-1 / 2-6-1,0.0798,1号石原 翼,6号赤坂 俊輔,2号梶山 涼斗,1.0,1.0,,,,,,model_new(old),1:1.3|2:8.4|3:5.1|4:11.7|5:23.5|6:7.3,1-6-2:0.0798:0.11591:0.03616 / 1-2-6:0.0747:0.10950:0.03475 / 6-1-2:0.0403:0.05757:0.01730 / 2-1-6:0.0370:0.05341:0.01639 / 6-2-1:0.0145:0.02153:0.00701 / 2-6-1:0.0142:0.02114:0.00691,leakfree-2026-06,1-2-6:0.0772:0.11197:0.03475 / 1-2-3:0.0665:0.11627:0.04975 / 1-6-2:0.0462:0.08232:0.03616 / 1-3-2:0.0267:0.08642:0.05972,0.6785 0.1374 0.0738 0.0301 0.0091 0.0711,grade=5|a1=1|a12=3|c1cls=2|p1m=0.6785|p1k=0.5701
2026-10-01,唐津,6,🌊最高(大荒),0,,0.0000,3号松本 博昭,5号須藤 博倫,2号森定 晃史,3.0,3.0,,,,,,model_new(old),1:3.7|2:1.2|3:3.7|4:0.0|5:0.0|6:0.0,,leakfree-2026-06,,0.4204 0.1342 0.2342 0.0686 0.1342 0.0084,grade=5|a1=1|a12=3|c1cls=3|p1m=0.4204|p1k=0.1967
2026-10-01,蒲郡,1,🌊最高(大荒),11,6-1-5 / 1-6-5 / 6-2-1 / 6-5-1 / 2-6-1 / 1-5-6 / 5-6-1 / 5-1-6 / 6-2-5 / 2-6-5 / 6-5-2,0.0155,1号三浦 裕貴,6号野長瀬 正孝,2号小坂 宗司,2.0,1.0,,,,,,model_new(old),1:1.3|2:4.7|3:5.7|4:8.1|5:57.0|6:11.4,6-1-5:0.0155:0.01670:0.00124 / 1-6-5:0.0143:0.01692:0.00262 / 6-2-1:0.0143:0.02163:0.00735 / 6-5-1:0.0133:0.01377:0.00051 / 2-6-1:0.0122:0.02037:0.00813 / 1-5-6:0.0119:0.01419:0.00231 / 5-6-1:0.0117:0.01215:0.00049 / 5-1-6:0.0113:0.01235:0.00104 / 6-2-5:0.0112:0.01139:0.00017 / 2-6-5:0.0105:0.01072:0.00019 / 6-5-2:0.0103:0.01042:0.00014,leakfree-2026-06,,0.2877 0.2499 0.1685 0.1685 0.0627 0.0627,grade=4|a1=0|a12=2|c1cls=3|p1m=0.2877|p1k=0.5549
2026-10-01,蒲郡,2,🌊最高(大荒),22,5-3-6 / 5-6-3 / 3-5-6 / 6-5-3 / 3-6-5 / 6-3-5 / 5-6-2 / 5-2-6 / 6-5-2 / 2-5-6 / 5-6-1 / 6-2-5 / 2-6-5 / 6-5-1 / 5-1-6 / 3-6-2 / 6-3-2 / 3-2-6 / 6-2-3 / 2-3-6 / 6-1-5 / 2-6-3,0.0190,5号川原 正明,3号田中 辰彦,2号水摩 敦,2.0,1.0,,,,,,model_new(old),1:1.8|2:3.0|3:3.9|4:0.0|5:5.1|6:33.7,5-3-6:0.0190:0.02005:0.00101 / 5-6-3:0.0181:0.01894:0.00081 / 3-5-6:0.0181:0.01917:0.00106 / 6-5-3:0.0167:0.01741:0.00071 / 3-6-5:0.0162:0.01711:0.00090 / 6-3-5:0.0157:0.01645:0.00075 / 5-6-2:0.0154:0.01647:0.00105 / 5-2-6:0.0152:0.01662:0.00143 / 6-5-2:0.0142:0.01513:0.00092 / 2-5-6:0.0138:0.01538:0.00162 / 5-6-1:0.0134:0.01515:0.00175 / 6-2-5:0.0127:0.01370:0.00105 / 2-6-5:0.0124:0.01379:0.00135 / 6-5-1:0.0124:0.01393:0.00153 / 5-1-6:0.0117:0.01493:0.00324 / 3-6-2:0.0112:0.01273:0.00153 / 6-3-2:0.0110:0.01223:0.00127 / 3-2-6:0.0107:0.01284:0.00212 / 6-2-3:0.0104:0.01172:0.00137 / 2-3-6:0.0101:0.01242:0.00228 / 6-1-5:0.0101:0.01234:0.00224 / 2-6-3:0.0100:0.01180:0.00177,leakfree-2026-06,,0.3614 0.1527 0.2157 0.0438 0.2016 0.0248,grade=4|a1=0|a12=2|c1cls=3|p1m=0.3614|p1k=0.4052
2026-10-01,蒲郡,3,⚠高(荒),12,2-1-4 / 2-4-1 / 1-2-4 / 2-5-4 / 2-4-5 / 2-6-4 / 2-4-6 / 4-2-1 / 5-2-4 / 4-2-5 / 1-4-2 / 4-1-2,0.0248,2号末永 祐輝,1号池田 剛規,5号堤 昇,4.0,2.0,,,,,,model_new(old),1:3.1|2:2.1|3:53.2|4:53.2|5:4.4|6:3.5,2-1-4:0.0248:0.02921:0.00445 / 2-4-1:0.0207:0.02359:0.00287 / 1-2-4:0.0185:0.02224:0.00379 / 2-5-4:0.0181:0.02074:0.00267 / 2-4-5:0.0164:0.01847:0.00202 / 2-6-4:0.0145:0.01821:0.00369 / 2-4-6:0.0142:0.01673:0.00254 / 4-2-1:0.0141:0.01599:0.00188 / 5-2-4:0.0129:0.01499:0.00208 / 4-2-5:0.0112:0.01252:0.00133 / 1-4-2:0.0110:0.01308:0.00207 / 4-1-2:0.0100:0.01165:0.00160,leakfree-2026-06,1-2-4:0.0555:0.05924:0.00379 / 1-2-3:0.0441:0.04787:0.00379 / 1-4-2:0.0367:0.03877:0.00207 / 1-2-6:0.0279:0.08548:0.05753,0.551 0.196 0.0504 0.0623 0.0504 0.09,grade=4|a1=1|a12=2|c1cls=3|p1m=0.5510|p1k=0.2391
2026-10-01,蒲郡,4,⚠高(荒),17,1-5-4 / 1-4-5 / 5-1-4 / 1-3-4 / 1-4-3 / 4-1-5 / 1-5-6 / 3-1-4 / 4-1-3 / 5-4-1 / 1-6-5 / 1-4-6 / 4-5-1 / 1-3-6 / 5-1-6 / 1-6-4 / 1-6-3,0.0230,1号宮武 英司,5号金田 諭,3号百武 翔,4.0,2.0,,,,,,model_new(old),1:2.0|2:3.4|3:5.7|4:17.2|5:3.6|6:17.2,1-5-4:0.0230:0.03468:0.01170 / 1-4-5:0.0210:0.02947:0.00851 / 5-1-4:0.0185:0.02777:0.00931 / 1-3-4:0.0176:0.02390:0.00629 / 1-4-3:0.0172:0.02256:0.00538 / 4-1-5:0.0159:0.02152:0.00563 / 1-5-6:0.0145:0.02625:0.01170 / 3-1-4:0.0135:0.01805:0.00457 / 4-1-3:0.0129:0.01648:0.00356 / 5-4-1:0.0127:0.01798:0.00531 / 1-6-5:0.0125:0.02102:0.00851 / 1-4-6:0.0122:0.01397:0.00178 / 4-5-1:0.0120:0.01640:0.00441 / 1-3-6:0.0118:0.01809:0.00629 / 5-1-6:0.0117:0.02102:0.00931 / 1-6-4:0.0114:0.01316:0.00178 / 1-6-3:0.0107:0.01609:0.00538,leakfree-2026-06,,0.4086 0.1727 0.1924 0.0883 0.1252 0.0128,grade=4|a1=1|a12=2|c1cls=3|p1m=0.4086|p1k=0.3667
2026-10-01,蒲郡,5,⚠高(荒),7,1-3-6 / 1-6-3 / 3-1-6 / 6-1-3 / 3-6-1 / 6-3-1 / 1-6-5,0.0268,1号岡本 翔太郎,3号北山 康介,6号河村 了,3.0,1.0,,,,,,model_new(old),1:1.6|2:6.5|3:3.3|4:10.0|5:10.6|6:12.8,1-3-6:0.0268:0.06196:0.03514 / 1-6-3:0.0261:0.04913:0.02300 / 3-1-6:0.0223:0.04667:0.02438 / 6-1-3:0.0199:0.03304:0.01315 / 3-6-1:0.0153:0.02594:0.01068 / 6-3-1:0.0144:0.02317:0.00880 / 1-6-5:0.0101:0.01722:0.00716,leakfree-2026-06,1-3-4:0.0570:0.10199:0.04498 / 3-1-4:0.0303:0.06154:0.03120,0.5394 0.0594 0.2366 0.0825 0.0342 0.048,grade=4|a1=1|a12=2|c1cls=3|p1m=0.5394|p1k=0.4615
2026-10-01,蒲郡,6,⚠高(荒),10,1-2-6 / 1-6-2 / 2-1-6 / 1-2-5 / 1-5-2 / 2-1-5 / 1-5-6 / 2-6-1 / 1-6-5 / 6-1-2,0.0194,1号酒井 俊弘,6号茅原 悠紀,2号藤原 孝斗,3.0,1.0,,,,,,model_new(old),1:2.8|2:9.0|3:3.2|4:14.3|5:11.8|6:2.4,1-2-6:0.0194:0.03328:0.01391 / 1-6-2:0.0165:0.03774:0.02125 / 2-1-6:0.0158:0.02694:0.01115 / 1-2-5:0.0143:0.01716:0.00283 / 1-5-2:0.0130:0.01572:0.00275 / 2-1-5:0.0116:0.01389:0.00227 / 1-5-6:0.0113:0.02162:0.01030 / 2-6-1:0.0107:0.02262:0.01195 / 1-6-5:0.0105:0.02676:0.01621 / 6-1-2:0.0103:0.03294:0.02261,leakfree-2026-06,1-2-3:0.0450:0.05543:0.01043 / 1-3-2:0.0432:0.05674:0.01351 / 2-1-3:0.0356:0.04393:0.00836 / 3-1-2:0.0326:0.04553:0.01293,0.3657 0.1995 0.2095 0.0438 0.0743 0.1072,grade=4|a1=1|a12=2|c1cls=3|p1m=0.3657|p1k=0.2641
2026-10-01,蒲郡,7,✅低(堅),9,1-4-3 / 1-3-4 / 1-4-6 / 4-1-3 / 1-6-4 / 1-4-2 / 1-4-5 / 4-1-6 / 1-2-4,0.0705,1号田中 辰彦,4号板橋 侑我,3号下寺 秀和,2.0,1.0,,,,,,model_new(old),1:1.6|2:15.5|3:2.8|4:7.5|5:8.0|6:15.5,1-4-3:0.0705:0.11829:0.04776 / 1-3-4:0.0364:0.11173:0.07535 / 1-4-6:0.0323:0.04090:0.00863 / 4-1-3:0.0274:0.05613:0.02876 / 1-6-4:0.0213:0.02905:0.00775 / 1-4-2:0.0203:0.02895:0.00863 / 1-4-5:0.0170:0.03371:0.01672 / 4-1-6:0.0142:0.01941:0.00520 / 1-2-4:0.0121:0.01981:0.00775,leakfree-2026-06,1-4-3:0.0952:0.14293:0.04776 / 1-3-4:0.0822:0.15755:0.07535 / 1-4-2:0.0368:0.04547:0.00863 / 4-1-3:0.0311:0.05982:0.02876,0.6353 0.0479 0.1505 0.1286 0.0276 0.01,grade=4|a1=1|a12=3|c1cls=2|p1m=0.6353|p1k=0.4564
2026-10-01,蒲郡,8,✅低(堅),11,1-5-3 / 1-3-5 / 5-1-3 / 3-1-5 / 1-5-2 / 1-5-6 / 5-1-2 / 5-1-4 / 1-2-5 / 5-3-1 / 3-5-1,0.0596,1号野中 一平,5号小坂 宗司,3号橋本 明,3.0,1.0,,,,,,model_new(old),1:1.0|2:25.8|3:14.4|4:5.2|5:18.1|6:61.4,1-5-3:0.0596:0.08337:0.02373 / 1-3-5:0.0457:0.07052:0.02484 / 5-1-3:0.0343:0.04102:0.00670 / 3-1-5:0.0257:0.03283:0.00709 / 1-5-2:0.0257:0.03891:0.01324 / 1-5-6:0.0158:0.02134:0.00556 / 5-1-2:0.0154:0.01914:0.00374 / 5-1-4:0.0154:0.03396:0.01856 / 1-2-5:0.0154:0.02797:0.01259 / 5-3-1:0.0129:0.01461:0.00170 / 3-5-1:0.0121:0.01382:0.00172,leakfree-2026-06,1-3-5:0.0364:0.06126:0.02484 / 1-5-3:0.0323:0.05598:0.02373 / 1-3-2:0.0321:0.04950:0.01743,0.754 0.0418 0.0685 0.0747 0.0518 0.0092,grade=4|a1=1|a12=3|c1cls=2|p1m=0.7540|p1k=0.7288
2026-10-01,蒲郡,9,✅低(堅),8,2-1-3 / 1-2-3 / 2-1-6 / 2-6-1 / 1-3-2 / 6-2-1 / 3-1-2 / 2-3-1,0.0223,1号北山 康介,2号新田 泰章,6号太田 和美,2.0,1.0,,,,,,model_new(old),1:1.1|2:5.3|3:20.5|4:13.7|5:49.3|6:7.7,2-1-3:0.0223:0.04137:0.01902 / 1-2-3:0.0205:0.06930:0.04877 / 2-1-6:0.0204:0.07109:0.05064 / 2-6-1:0.0140:0.02714:0.01310 / 1-3-2:0.0119:0.04412:0.03220 / 6-2-1:0.0118:0.02427:0.01248 / 3-1-2:0.0110:0.02225:0.01123 / 2-3-1:0.0101:0.01466:0.00457,leakfree-2026-06,1-2-3:0.0842:0.13301:0.04877 / 1-2-4:0.0600:0.13301:0.07298 / 2-1-3:0.0401:0.05910:0.01902 / 2-1-4:0.0306:0.05910:0.02846,0.6502 0.2127 0.0462 0.0462 0.0119 0.0329,grade=4|a1=2|a12=3|c1cls=2|p1m=0.6502|p1k=0.6637
2026-10-01,蒲郡,10,✅低(堅),12,1-2-3 / 1-2-4 / 1-3-2 / 1-2-6 / 1-4-2 / 1-6-2 / 1-3-6 / 1-3-4 / 1-4-3 / 1-6-3 / 1-4-6 / 1-6-4,0.0266,1号高野 哲史,2号三苫 晃幸,6号益田 啓司,2.0,1.0,,,,,,model_new(old),1:1.4|2:7.7|3:14.4|4:12.6|5:4.6|6:6.7,1-2-3:0.0266:0.04086:0.01424 / 1-2-4:0.0240:0.04029:0.01628 / 1-3-2:0.0237:0.03648:0.01275 / 1-2-6:0.0215:0.05214:0.03061 / 1-4-2:0.0210:0.03588:0.01483 / 1-6-2:0.0175:0.04935:0.03181 / 1-3-6:0.0159:0.03057:0.01465 / 1-3-4:0.0158:0.02362:0.00779 / 1-4-3:0.0156:0.02356:0.00793 / 1-6-3:0.0154:0.03240:0.01701 / 1-4-6:0.0130:0.03006:0.01704 / 1-6-4:0.0125:0.03195:0.01944,leakfree-2026-06,1-2-3:0.1228:0.13703:0.01424 / 1-2-4:0.0944:0.11073:0.01628 / 1-3-2:0.0836:0.09637:0.01275 / 1-4-2:0.0590:0.07384:0.01483 / 1-2-6:0.0322:0.06277:0.03061 / 2-1-3:0.0312:0.03867:0.00747 / 1-3-4:0.0303:0.03810:0.00779,0.7497 0.1132 0.0554 0.0447 0.0116 0.0254,grade=4|a1=2|a12=4|c1cls=1|p1m=0.7497|p1k=0.5254
2026-10-01,蒲郡,11,✅低(堅),0,,0.0000,1号末永 祐輝,4号三宅 健太,2号金田 諭,2.0,1.0,,,,,,model_new(old),1:1.0|2:14.6|3:9.7|4:0.0|5:29.2|6:9.7,,leakfree-2026-06,1-2-3:0.0437:0.11636:0.07263 / 2-1-3:0.0317:0.04977:0.01809,0.6328 0.1415 0.1077 0.096 0.011 0.011,grade=4|a1=2|a12=4|c1cls=1|p1m=0.6328|p1k=0.7640
2026-10-01,住之江,1,⚠高(荒),17,1-3-6 / 1-6-3 / 1-6-5 / 1-6-2 / 1-5-6 / 1-2-6 / 1-6-4 / 1-4-6 / 6-1-3 / 3-1-6 / 1-2-3 / 1-3-2 / 6-1-5 / 6-1-2 / 1-2-5 / 2-1-6 / 5-1-6,0.0276,1号大場 広孝,3号沢田 昭宏,5号入澤 友治,2.0,1.0,,,,,,model_new(old),1:1.5|2:9.3|3:5.7|4:4.2|5:6.4|6:34.2,1-3-6:0.0276:0.03421:0.00664 / 1-6-3:0.0272:0.03241:0.00520 / 1-6-5:0.0243:0.02892:0.00463 / 1-6-2:0.0239:0.02712:0.00319 / 1-5-6:0.0238:0.02955:0.00570 / 1-2-6:0.0237:0.02727:0.00361 / 1-6-4:0.0165:0.02353:0.00706 / 1-4-6:0.0127:0.02292:0.01021 / 6-1-3:0.0119:0.01461:0.00274 / 3-1-6:0.0118:0.01572:0.00391 / 1-2-3:0.0117:0.03334:0.02164 / 1-3-2:0.0106:0.03500:0.02441 / 6-1-5:0.0106:0.01303:0.00244 / 6-1-2:0.0105:0.01222:0.00168 / 1-2-5:0.0105:0.02975:0.01927 / 2-1-6:0.0103:0.01232:0.00201 / 5-1-6:0.0101:0.01343:0.00331,leakfree-2026-06,1-3-2:0.1469:0.17131:0.02441 / 1-2-3:0.1236:0.14527:0.02164 / 3-1-2:0.0647:0.07905:0.01440 / 2-1-3:0.0520:0.06410:0.01208,0.6172 0.1324 0.1704 0.0438 0.0248 0.0113,grade=5|a1=0|a12=1|c1cls=3|p1m=0.6172|p1k=0.4855
2026-10-01,住之江,2,🌊最高(大荒),9,1-3-4 / 1-4-3 / 1-3-5 / 3-1-4 / 1-3-2 / 1-5-3 / 4-1-3 / 3-1-5 / 1-3-6,0.0528,1号田邉 亮蔵,3号竹間 隆晟,4号桑原 啓,1.0,1.0,,,,,,model_new(old),1:2.1|2:3.4|3:4.1|4:6.6|5:6.6|6:33.0,1-3-4:0.0528:0.07671:0.02389 / 1-4-3:0.0364:0.05719:0.02082 / 1-3-5:0.0298:0.05372:0.02389 / 3-1-4:0.0274:0.04627:0.01886 / 1-3-2:0.0206:0.06698:0.04637 / 1-5-3:0.0162:0.03707:0.02082 / 4-1-3:0.0156:0.03077:0.01517 / 3-1-5:0.0135:0.03240:0.01886 / 1-3-6:0.0109:0.01567:0.00478,leakfree-2026-06,3-1-4:0.0688:0.08768:0.01886 / 1-3-4:0.0624:0.08631:0.02389 / 3-1-2:0.0611:0.09771:0.03661 / 1-3-2:0.0498:0.09619:0.04637 / 3-4-1:0.0339:0.04629:0.01243,0.3585 0.1275 0.3685 0.1144 0.0239 0.0072,grade=5|a1=1|a12=1|c1cls=3|p1m=0.3585|p1k=0.3534
2026-10-01,住之江,3,🌊最高(大荒),3,1-5-4 / 5-1-4 / 1-4-5,0.0155,1号奥平 拓也,2号三浦 敬太,5号安東 幸治,2.0,1.0,,,,,,model_new(old),1:1.9|2:2.0|3:14.3|4:17.2|5:4.7|6:0.0,1-5-4:0.0155:0.02447:0.00902 / 5-1-4:0.0131:0.01971:0.00657 / 1-4-5:0.0121:0.01934:0.00724,leakfree-2026-06,,0.3717 0.2603 0.143 0.0768 0.143 0.0051,grade=5|a1=1|a12=2|c1cls=3|p1m=0.3717|p1k=0.3850
2026-10-01,住之江,4,🌊最高(大荒),14,6-1-3 / 1-6-3 / 6-3-1 / 6-1-5 / 3-6-1 / 6-1-4 / 1-6-5 / 1-6-4 / 3-1-6 / 6-1-2 / 6-5-1 / 6-4-1 / 5-6-1 / 5-1-6,0.0487,1号森 貴洋,6号江夏 満,3号寺本 重宣,0.0,1.0,,,,,,model_new(old),1:1.1|2:10.7|3:5.7|4:15.0|5:15.0|6:15.0,6-1-3:0.0487:0.06328:0.01463 / 1-6-3:0.0357:0.07664:0.04091 / 6-3-1:0.0308:0.03594:0.00518 / 6-1-5:0.0261:0.03166:0.00556 / 3-6-1:0.0250:0.03064:0.00565 / 6-1-4:0.0231:0.02869:0.00556 / 1-6-5:0.0228:0.03835:0.01555 / 1-6-4:0.0192:0.03474:0.01555 / 3-1-6:0.0173:0.03913:0.02186 / 6-1-2:0.0153:0.02311:0.00779 / 6-5-1:0.0142:0.01602:0.00180 / 6-4-1:0.0126:0.01437:0.00180 / 5-6-1:0.0108:0.01261:0.00180 / 5-1-6:0.0101:0.01562:0.00556,leakfree-2026-06,3-1-6:0.0360:0.05789:0.02186 / 3-1-4:0.0333:0.05513:0.02186,0.4288 0.0643 0.2948 0.085 0.0378 0.0893,grade=5|a1=1|a12=2|c1cls=3|p1m=0.4288|p1k=0.6597
2026-10-01,住之江,5,✅低(堅),11,1-3-5 / 1-3-4 / 3-1-5 / 3-1-4 / 1-5-3 / 1-4-3 / 5-1-3 / 3-5-1 / 4-1-3 / 3-4-1 / 5-3-1,0.0679,1号松尾 昂明,3号青木 幸太郎,2号田中 和也,0.0,1.0,,,,,,model_new(old),1:1.0|2:6.6|3:6.8|4:39.7|5:66.2|6:66.2,1-3-5:0.0679:0.09026:0.02240 / 1-3-4:0.0486:0.08599:0.03735 / 3-1-5:0.0477:0.05424:0.00657 / 3-1-4:0.0407:0.05167:0.01096 / 1-5-3:0.0317:0.04541:0.01368 / 1-4-3:0.0195:0.04297:0.02351 / 5-1-3:0.0180:0.02165:0.00362 / 3-5-1:0.0143:0.01549:0.00114 / 4-1-3:0.0142:0.02043:0.00626 / 3-4-1:0.0128:0.01470:0.00192 / 5-3-1:0.0113:0.01229:0.00103,leakfree-2026-06,,0.4773 0.218 0.1893 0.0686 0.0384 0.0084,grade=5|a1=1|a12=3|c1cls=2|p1m=0.4773|p1k=0.7386
2026-10-01,住之江,6,⚠高(荒),8,1-2-4 / 2-1-4 / 1-2-6 / 1-2-3 / 2-1-6 / 1-6-2 / 2-1-3 / 1-3-2,0.0861,1号金山 立樹,2号庄司 樹良々,4号秦 英悟,1.0,1.0,,,,,,model_new(old),1:1.6|2:5.8|3:16.1|4:2.4|5:21.5|6:32.2,1-2-4:0.0861:0.16792:0.08180 / 2-1-4:0.0488:0.09930:0.05046 / 1-2-6:0.0373:0.04339:0.00610 / 1-2-3:0.0316:0.04381:0.01219 / 2-1-6:0.0219:0.02566:0.00376 / 1-6-2:0.0187:0.02352:0.00486 / 2-1-3:0.0184:0.02591:0.00752 / 1-3-2:0.0136:0.02377:0.01018,leakfree-2026-06,1-2-4:0.0270:0.10880:0.08180 / 2-1-4:0.0247:0.07513:0.05046,0.4316 0.1769 0.0561 0.3171 0.0099 0.0084,grade=5|a1=1|a12=2|c1cls=3|p1m=0.4316|p1k=0.4617
2026-10-01,住之江,7,🌊最高(大荒),6,1-6-4 / 6-1-4 / 1-4-6 / 4-1-6 / 1-6-5 / 1-6-2,0.0282,1号國弘 翔平,6号今泉 友吾,2号吉永 則雄,1.0,1.0,,,,,,model_new(old),1:1.7|2:2.8|3:10.0|4:9.2|5:40.0|6:5.4,1-6-4:0.0282:0.04708:0.01893 / 6-1-4:0.0203:0.03276:0.01246 / 1-4-6:0.0203:0.03704:0.01676 / 4-1-6:0.0126:0.02300:0.01036 / 1-6-5:0.0113:0.01565:0.00435 / 1-6-2:0.0108:0.07295:0.06220,leakfree-2026-06,,0.4155 0.2731 0.0827 0.0859 0.0343 0.1085,grade=5|a1=1|a12=2|c1cls=3|p1m=0.4155|p1k=0.4312
2026-10-01,住之江,8,✅低(堅),18,1-3-5 / 1-5-3 / 1-3-6 / 3-1-5 / 1-6-3 / 5-1-3 / 3-1-6 / 1-5-6 / 1-6-5 / 1-5-4 / 1-4-5 / 6-1-3 / 3-5-1 / 5-3-1 / 5-1-6 / 1-6-4 / 6-1-5 / 1-3-4,0.0894,1号沢田 昭宏,3号原田 才一郎,5号角谷 健吾,0.0,1.0,,,,,,model_new(old),1:2.1|2:3.6|3:3.5|4:4.0|5:41.3|6:26.7,1-3-5:0.0894:0.09411:0.00473 / 1-5-3:0.0671:0.07042:0.00327 / 1-3-6:0.0591:0.06640:0.00731 / 3-1-5:0.0438:0.04772:0.00388 / 1-6-3:0.0406:0.04579:0.00514 / 5-1-3:0.0303:0.03248:0.00216 / 3-1-6:0.0277:0.03366:0.00600 / 1-5-6:0.0261:0.02653:0.00043 / 1-6-5:0.0240:0.02445:0.00044 / 1-5-4:0.0207:0.02353:0.00286 / 1-4-5:0.0173:0.02123:0.00390 / 6-1-3:0.0171:0.02050:0.00343 / 3-5-1:0.0136:0.01585:0.00220 / 5-3-1:0.0127:0.01442:0.00176 / 5-1-6:0.0120:0.01224:0.00028 / 1-6-4:0.0108:0.01530:0.00450 / 6-1-5:0.0107:0.01095:0.00029 / 1-3-4:0.0101:0.05888:0.04879,leakfree-2026-06,1-3-5:0.1187:0.12338:0.00473 / 1-3-4:0.0746:0.12338:0.04879 / 3-1-5:0.0617:0.06556:0.00388 / 1-5-3:0.0504:0.05364:0.00327 / 1-3-2:0.0455:0.09969:0.05421,0.6003 0.0407 0.2478 0.0503 0.0503 0.0105,grade=5|a1=1|a12=3|c1cls=2|p1m=0.6003|p1k=0.3524
2026-10-01,住之江,9,✅低(堅),13,1-6-5 / 1-5-6 / 1-6-4 / 1-6-3 / 6-1-5 / 1-6-2 / 6-1-4 / 1-3-6 / 6-1-3 / 5-1-6 / 1-2-6 / 6-1-2 / 6-5-1,0.0373,1号丸岡 正典,6号青木 幸太郎,4号奈須 啓太,0.0,1.0,,,,,,model_new(old),1:1.3|2:21.3|3:40.7|4:2.9|5:8.9|6:12.1,1-6-5:0.0373:0.05332:0.01601 / 1-5-6:0.0251:0.04210:0.01696 / 1-6-4:0.0248:0.07388:0.04913 / 1-6-3:0.0247:0.02818:0.00350 / 6-1-5:0.0239:0.03145:0.00754 / 1-6-2:0.0214:0.02813:0.00669 / 6-1-4:0.0204:0.04359:0.02314 / 1-3-6:0.0169:0.02008:0.00315 / 6-1-3:0.0150:0.01662:0.00165 / 5-1-6:0.0144:0.02256:0.00818 / 1-2-6:0.0138:0.02004:0.00627 / 6-1-2:0.0134:0.01659:0.00315 / 6-5-1:0.0100:0.01339:0.00336,leakfree-2026-06,1-4-3:0.0920:0.12094:0.02897 / 1-4-2:0.0656:0.12094:0.05536 / 1-3-4:0.0459:0.05904:0.01316 / 1-2-4:0.0329:0.05904:0.02614,0.7385 0.0321 0.0321 0.1495 0.0321 0.0157,grade=5|a1=0|a12=4|c1cls=2|p1m=0.7385|p1k=0.5572
2026-10-01,住之江,10,✅低(堅),8,1-2-6 / 1-6-2 / 1-6-5 / 1-6-3 / 1-5-6 / 1-3-6 / 1-5-2 / 1-2-5,0.0411,1号里岡 右貴,2号安東 幸治,6号石川 吉鎬,0.0,1.0,,,,,,model_new(old),1:1.1|2:5.6|3:10.2|4:12.6|5:18.9|6:26.5,1-2-6:0.0411:0.07881:0.03774 / 1-6-2:0.0364:0.06112:0.02474 / 1-6-5:0.0175:0.02481:0.00733 / 1-6-3:0.0165:0.03006:0.01358 / 1-5-6:0.0162:0.02379:0.00761 / 1-3-6:0.0140:0.02993:0.01593 / 1-5-2:0.0114:0.04744:0.03603 / 1-2-5:0.0109:0.06380:0.05292,leakfree-2026-06,1-2-3:0.0567:0.15476:0.09806 / 1-3-2:0.0525:0.12791:0.07541 / 1-2-5:0.0363:0.08919:0.05292,0.8039 0.0797 0.0552 0.0197 0.0318 0.0098,grade=5|a1=1|a12=3|c1cls=1|p1m=0.8039|p1k=0.6706
2026-10-01,住之江,11,✅低(堅),7,1-5-4 / 1-4-5 / 1-5-3 / 1-5-2 / 5-1-4 / 1-2-5 / 1-3-5,0.0478,1号前沢 丈史,4号竹間 隆晟,5号大場 広孝,2.0,1.0,,,,,,model_new(old),1:1.1|2:19.5|3:7.8|4:3.9|5:39.0|6:0.0,1-5-4:0.0478:0.06946:0.02168 / 1-4-5:0.0354:0.08148:0.04606 / 1-5-3:0.0164:0.02721:0.01084 / 1-5-2:0.0162:0.02057:0.00434 / 5-1-4:0.0144:0.02185:0.00744 / 1-2-5:0.0131:0.01773:0.00461 / 1-3-5:0.0102:0.02433:0.01417,leakfree-2026-06,1-4-5:0.0528:0.09883:0.04606 / 1-5-4:0.0324:0.05410:0.02168,0.656 0.0466 0.0576 0.1812 0.0466 0.012,grade=5|a1=2|a12=3|c1cls=1|p1m=0.6560|p1k=0.6633
2026-10-01,丸亀,1,🌊最高(大荒),7,4-1-5 / 1-4-5 / 5-1-4 / 1-5-4 / 4-5-1 / 4-1-3 / 5-4-1,0.0270,1号渡邊 雄斗,4号中岡 健人,2号梅原 祥平,0.0,0.0,,,,,,model_new(old),1:1.0|2:6.1|3:16.3|4:7.0|5:19.6|6:0.0,4-1-5:0.0270:0.04159:0.01456 / 1-4-5:0.0222:0.06656:0.04434 / 5-1-4:0.0165:0.02669:0.01020 / 1-5-4:0.0153:0.04855:0.03328 / 4-5-1:0.0141:0.01742:0.00328 / 4-1-3:0.0140:0.03147:0.01751 / 5-4-1:0.0123:0.01532:0.00306,leakfree-2026-06,4-2-1:0.0451:0.05669:0.01162 / 2-4-1:0.0436:0.05539:0.01182 / 2-1-4:0.0161:0.06761:0.05151,0.3476 0.2389 0.1271 0.2563 0.03 0.0001,grade=5|a1=0|a12=0|c1cls=3|p1m=0.3476|p1k=0.7046
2026-10-01,丸亀,2,🌊最高(大荒),16,1-4-5 / 4-1-5 / 4-5-1 / 1-5-4 / 1-4-3 / 4-1-6 / 5-4-1 / 1-4-6 / 5-1-4 / 4-1-3 / 1-3-4 / 4-6-1 / 4-3-1 / 3-1-4 / 3-4-1 / 4-5-3,0.0307,4号安河内 健,1号小野 信樹,5号大澤 大夢,2.0,2.0,,,,,,model_new(old),1:3.1|2:4.7|3:15.6|4:1.5|5:15.6|6:70.5,1-4-5:0.0307:0.05900:0.02826 / 4-1-5:0.0282:0.07080:0.04260 / 4-5-1:0.0213:0.04595:0.02466 / 1-5-4:0.0202:0.03069:0.01048 / 1-4-3:0.0198:0.04806:0.02826 / 4-1-6:0.0195:0.02897:0.00943 / 5-4-1:0.0179:0.03098:0.01305 / 1-4-6:0.0179:0.02414:0.00625 / 5-1-4:0.0165:0.02483:0.00836 / 4-1-3:0.0151:0.05767:0.04260 / 1-3-4:0.0137:0.02414:0.01048 / 4-6-1:0.0114:0.01647:0.00505 / 4-3-1:0.0112:0.03584:0.02466 / 3-1-4:0.0107:0.01907:0.00836 / 3-4-1:0.0105:0.02359:0.01305 / 4-5-3:0.0103:0.01517:0.00490,leakfree-2026-06,,0.2317 0.1356 0.092 0.4588 0.0729 0.0089,grade=5|a1=1|a12=1|c1cls=3|p1m=0.2317|p1k=0.2399
2026-10-01,丸亀,3,🌊最高(大荒),8,5-1-3 / 1-5-3 / 5-3-1 / 1-3-5 / 3-1-5 / 3-5-1 / 5-1-4 / 1-5-4,0.0395,1号古場 輝義,5号原田 篤志,3号小林 甘寧,2.0,2.0,,,,,,model_new(old),1:1.8|2:2.9|3:6.2|4:20.7|5:4.6|6:41.5,5-1-3:0.0395:0.06150:0.02197 / 1-5-3:0.0371:0.06842:0.03130 / 5-3-1:0.0333:0.04640:0.01307 / 1-3-5:0.0315:0.06006:0.02854 / 3-1-5:0.0311:0.05018:0.01908 / 3-5-1:0.0307:0.04313:0.01245 / 5-1-4:0.0128:0.01936:0.00658 / 1-5-4:0.0122:0.02154:0.00938,leakfree-2026-06,,0.2753 0.1769 0.2583 0.1026 0.1769 0.01,grade=5|a1=1|a12=1|c1cls=3|p1m=0.2753|p1k=0.4111
2026-10-01,丸亀,4,✅低(堅),9,1-6-5 / 1-6-4 / 6-1-5 / 6-1-4 / 1-5-6 / 1-4-6 / 1-6-3 / 6-1-3 / 5-1-6,0.1286,1号岩永 雅人,6号平田 忠則,5号加藤 綾,2.0,2.0,,,,,,model_new(old),1:1.2|2:11.8|3:5.4|4:71.2|5:23.7|6:5.0,1-6-5:0.1286:0.15879:0.03014 / 1-6-4:0.0828:0.09283:0.01003 / 6-1-5:0.0599:0.07360:0.01368 / 6-1-4:0.0385:0.04303:0.00455 / 1-5-6:0.0300:0.05034:0.02031 / 1-4-6:0.0218:0.02817:0.00639 / 1-6-3:0.0198:0.15209:0.13228 / 6-1-3:0.0105:0.07049:0.06003 / 5-1-6:0.0100:0.01815:0.00811,leakfree-2026-06,1-6-5:0.0539:0.08406:0.03014 / 1-5-6:0.0350:0.05530:0.02031 / 1-6-4:0.0310:0.04107:0.01003,0.5921 0.034 0.0851 0.034 0.0696 0.1853,grade=5|a1=1|a12=2|c1cls=2|p1m=0.5921|p1k=0.6130
2026-10-01,丸亀,5,△中,6,1-5-2 / 1-5-4 / 1-2-5 / 5-1-2 / 1-4-5 / 5-1-4,0.0298,1号松尾 充,5号中村 桃佳,3号泉 啓文,1.0,1.0,,,,,,model_new(old),1:1.2|2:15.6|3:7.8|4:125.2|5:5.9|6:6.5,1-5-2:0.0298:0.06577:0.03598 / 1-5-4:0.0259:0.03038:0.00448 / 1-2-5:0.0179:0.04565:0.02773 / 5-1-2:0.0168:0.03266:0.01587 / 1-4-5:0.0161:0.01916:0.00308 / 5-1-4:0.0131:0.01509:0.00198,leakfree-2026-06,1-2-5:0.0924:0.12009:0.02773 / 1-5-2:0.0874:0.12341:0.03598 / 2-1-5:0.0433:0.05451:0.01123 / 5-1-2:0.0406:0.05647:0.01587 / 1-2-3:0.0382:0.05917:0.02097,0.6082 0.137 0.0709 0.0106 0.1439 0.0294,grade=5|a1=1|a12=3|c1cls=2|p1m=0.6082|p1k=0.6141
2026-10-01,丸亀,6,✅低(堅),6,1-2-6 / 1-6-2 / 1-2-5 / 1-5-2 / 1-2-3 / 1-2-4,0.0226,1号赤羽 克也,2号中岡 健人,6号福来 剛,1.0,1.0,,,,,,model_new(old),1:1.2|2:12.3|3:7.5|4:9.0|5:8.6|6:8.6,1-2-6:0.0226:0.04384:0.02126 / 1-6-2:0.0199:0.04286:0.02294 / 1-2-5:0.0178:0.03902:0.02126 / 1-5-2:0.0141:0.03700:0.02294 / 1-2-3:0.0138:0.03816:0.02437 / 1-2-4:0.0102:0.03055:0.02031,leakfree-2026-06,,0.7399 0.0501 0.0358 0.062 0.0501 0.062,grade=5|a1=2|a12=3|c1cls=1|p1m=0.7399|p1k=0.5988
2026-10-01,丸亀,7,✅低(堅),10,1-4-6 / 1-6-4 / 1-6-5 / 1-5-6 / 1-4-5 / 1-5-4 / 4-1-6 / 6-1-4 / 6-1-5 / 5-1-6,0.0647,1号芦澤 望,4号梅原 祥平,5号宇留田 翔平,1.0,1.0,,,,,,model_new(old),1:1.4|2:10.7|3:11.2|4:5.6|5:5.2|6:11.6,1-4-6:0.0647:0.09218:0.02751 / 1-6-4:0.0611:0.08398:0.02292 / 1-6-5:0.0487:0.07337:0.02469 / 1-5-6:0.0450:0.07556:0.03054 / 1-4-5:0.0377:0.09912:0.06138 / 1-5-4:0.0297:0.09300:0.06326 / 4-1-6:0.0234:0.03837:0.01498 / 6-1-4:0.0225:0.03404:0.01157 / 6-1-5:0.0173:0.02974:0.01246 / 5-1-6:0.0141:0.03089:0.01682,leakfree-2026-06,1-6-4:0.0900:0.11289:0.02292 / 1-4-6:0.0854:0.11289:0.02751 / 6-1-4:0.0467:0.05823:0.01157 / 4-1-6:0.0433:0.05823:0.01498,0.5646 0.0368 0.0228 0.156 0.0639 0.156,grade=5|a1=1|a12=3|c1cls=2|p1m=0.5646|p1k=0.5275
2026-10-01,丸亀,8,🌊最高(大荒),16,1-6-4 / 1-6-5 / 6-1-4 / 6-1-5 / 1-6-3 / 1-4-6 / 1-5-6 / 6-1-3 / 6-4-1 / 1-6-2 / 6-5-1 / 6-1-2 / 5-1-6 / 4-1-6 / 4-6-1 / 5-6-1,0.1030,1号中越 博紀,6号郷原 章平,4号森 悠稀,2.0,2.0,,,,,,model_new(old),1:2.2|2:20.4|3:2.5|4:4.0|5:9.8|6:9.5,1-6-4:0.1030:0.11509:0.01211 / 1-6-5:0.0843:0.08927:0.00494 / 6-1-4:0.0830:0.09171:0.00874 / 6-1-5:0.0676:0.07114:0.00357 / 1-6-3:0.0374:0.05680:0.01937 / 1-4-6:0.0373:0.05212:0.01478 / 1-5-6:0.0339:0.03885:0.00492 / 6-1-3:0.0313:0.04526:0.01398 / 6-4-1:0.0250:0.03192:0.00696 / 1-6-2:0.0236:0.02602:0.00237 / 6-5-1:0.0215:0.02401:0.00248 / 6-1-2:0.0190:0.02074:0.00171 / 5-1-6:0.0186:0.02217:0.00354 / 4-1-6:0.0183:0.03034:0.01206 / 4-6-1:0.0154:0.02332:0.00787 / 5-6-1:0.0147:0.01719:0.00247,leakfree-2026-06,1-4-2:0.0526:0.05948:0.00688 / 1-2-4:0.0406:0.04583:0.00527 / 1-4-6:0.0302:0.04495:0.01478,0.5558 0.081 0.0883 0.1643 0.0494 0.0612,grade=5|a1=0|a12=2|c1cls=3|p1m=0.5558|p1k=0.3340
2026-10-01,丸亀,9,✅低(堅),5,1-2-3 / 1-2-5 / 1-3-2 / 2-1-3 / 1-2-6,0.0664,1号上條 嘉嗣,2号原田 篤志,3号安河内 健,1.0,1.0,,,,,,model_new(old),1:1.0|2:8.4|3:10.7|4:15.9|5:18.7|6:26.9,1-2-3:0.0664:0.15644:0.09008 / 1-2-5:0.0300:0.08151:0.05154 / 1-3-2:0.0265:0.10811:0.08162 / 2-1-3:0.0197:0.04618:0.02644 / 1-2-6:0.0150:0.05084:0.03583,leakfree-2026-06,1-3-2:0.0421:0.12376:0.08162 / 3-1-2:0.0319:0.05536:0.02348,0.6175 0.1255 0.145 0.0514 0.0514 0.0091,grade=5|a1=3|a12=4|c1cls=1|p1m=0.6175|p1k=0.7320
2026-10-01,丸亀,10,✅低(堅),6,1-2-5 / 1-2-3 / 1-5-2 / 1-3-2 / 1-3-5 / 1-5-3,0.0372,1号福来 剛,2号平田 忠則,3号岩永 雅人,1.0,1.0,,,,,,model_new(old),1:1.3|2:4.4|3:5.7|4:17.6|5:18.9|6:10.7,1-2-5:0.0372:0.06652:0.02932 / 1-2-3:0.0304:0.12761:0.09722 / 1-5-2:0.0286:0.04872:0.02008 / 1-3-2:0.0272:0.11268:0.08552 / 1-3-5:0.0263:0.04617:0.01991 / 1-5-3:0.0228:0.03829:0.01550,leakfree-2026-06,1-2-3:0.1750:0.27221:0.09722 / 1-2-4:0.0627:0.09422:0.03149 / 2-1-3:0.0491:0.10042:0.05132 / 1-3-2:0.0377:0.12317:0.08552,0.7019 0.1921 0.0638 0.0221 0.0101 0.0101,grade=5|a1=3|a12=4|c1cls=1|p1m=0.7019|p1k=0.5594
2026-10-01,丸亀,11,✅低(堅),11,1-5-3 / 1-3-5 / 1-5-4 / 1-5-6 / 1-5-2 / 1-6-5 / 1-4-5 / 5-1-3 / 1-2-5 / 3-1-5 / 5-1-4,0.0614,1号岡村 慶太,3号中村 桃佳,5号芦澤 望,0.0,0.0,,,,,,model_new(old),1:1.0|2:51.3|3:3.9|4:11.4|5:68.5|6:41.1,1-5-3:0.0614:0.07848:0.01709 / 1-3-5:0.0453:0.09062:0.04537 / 1-5-4:0.0282:0.03401:0.00585 / 1-5-6:0.0277:0.02935:0.00162 / 1-5-2:0.0254:0.02668:0.00130 / 1-6-5:0.0237:0.02535:0.00166 / 1-4-5:0.0229:0.03010:0.00720 / 5-1-3:0.0227:0.02761:0.00496 / 1-2-5:0.0214:0.02273:0.00132 / 3-1-5:0.0171:0.03305:0.01593 / 5-1-4:0.0103:0.01197:0.00170,leakfree-2026-06,1-3-2:0.1116:0.17214:0.06058 / 1-2-3:0.0768:0.09988:0.02311 / 1-3-5:0.0538:0.09921:0.04537 / 1-5-3:0.0350:0.05207:0.01709,0.7489 0.0501 0.1344 0.0288 0.0288 0.0089,grade=5|a1=1|a12=3|c1cls=1|p1m=0.7489|p1k=0.7130
2026-10-01,下関,1,⚠高(荒),15,1-6-5 / 1-6-4 / 6-1-5 / 6-1-4 / 1-5-6 / 1-6-2 / 1-4-6 / 6-1-2 / 5-1-6 / 6-5-1 / 6-4-1 / 1-2-6 / 5-6-1 / 4-1-6 / 4-6-1,0.0406,1号村上 奈穂,6号黒澤 めぐみ,4号龍田 真白,3.0,3.0,,,,,,model_new(old),1:1.8|2:9.9|3:8.2|4:3.6|5:4.9|6:11.3,1-6-5:0.0406:0.05392:0.01330 / 1-6-4:0.0382:0.05632:0.01811 / 6-1-5:0.0322:0.04060:0.00837 / 6-1-4:0.0310:0.04241:0.01140 / 1-5-6:0.0271:0.04303:0.01591 / 1-6-2:0.0244:0.03102:0.00658 / 1-4-6:0.0208:0.04552:0.02476 / 6-1-2:0.0192:0.02336:0.00414 / 5-1-6:0.0179:0.02896:0.01103 / 6-5-1:0.0173:0.02284:0.00559 / 6-4-1:0.0159:0.02407:0.00818 / 1-2-6:0.0154:0.02215:0.00670 / 5-6-1:0.0143:0.02041:0.00615 / 4-1-6:0.0125:0.03083:0.01834 / 4-6-1:0.0120:0.02165:0.00962,leakfree-2026-06,1-5-2:0.0347:0.05286:0.01816,0.598 0.0758 0.0695 0.0758 0.1283 0.0525,grade=5|a1=0|a12=0|c1cls=3|p1m=0.5980|p1k=0.4119
2026-10-01,下関,2,🌊最高(大荒),11,3-5-1 / 5-3-1 / 3-5-4 / 3-1-5 / 5-3-4 / 3-4-5 / 5-1-3 / 4-3-5 / 5-4-3 / 3-4-1 / 4-5-3,0.0323,3号片岡 恵里,1号西澤 日花里,5号長尾 萌加,3.0,3.0,,,,,,model_new(old),1:2.0|2:4.3|3:3.0|4:12.0|5:7.2|6:15.4,3-5-1:0.0323:0.05130:0.01905 / 5-3-1:0.0276:0.04364:0.01600 / 3-5-4:0.0228:0.02595:0.00317 / 3-1-5:0.0200:0.05225:0.03228 / 5-3-4:0.0194:0.02208:0.00267 / 3-4-5:0.0182:0.02124:0.00299 / 5-1-3:0.0155:0.03521:0.01973 / 4-3-5:0.0136:0.01601:0.00240 / 5-4-3:0.0128:0.01492:0.00208 / 3-4-1:0.0113:0.02206:0.01075 / 4-5-3:0.0112:0.01322:0.00199,leakfree-2026-06,3-1-2:0.0220:0.07609:0.05405,0.2605 0.1525 0.3964 0.0752 0.1035 0.0119,grade=5|a1=0|a12=1|c1cls=3|p1m=0.2605|p1k=0.3695
2026-10-01,下関,3,⚠高(荒),8,1-4-3 / 1-3-4 / 4-1-3 / 1-4-2 / 4-1-2 / 3-1-4 / 4-3-1 / 3-4-1,0.0194,1号赤井 星璃菜,2号藤原 早菜,4号佐々木 裕美,2.0,2.0,,,,,,model_new(old),1:2.5|2:1.8|3:4.7|4:8.6|5:20.8|6:52.1,1-4-3:0.0194:0.02861:0.00920 / 1-3-4:0.0175:0.02791:0.01041 / 4-1-3:0.0171:0.02414:0.00709 / 1-4-2:0.0168:0.04083:0.02403 / 4-1-2:0.0159:0.03446:0.01851 / 3-1-4:0.0145:0.02320:0.00869 / 4-3-1:0.0131:0.01890:0.00579 / 3-4-1:0.0123:0.01861:0.00628,leakfree-2026-06,1-3-4:0.0464:0.05683:0.01041 / 1-3-2:0.0427:0.09244:0.04971 / 1-4-3:0.0357:0.04495:0.00920 / 3-1-4:0.0347:0.04337:0.00869,0.4101 0.2129 0.2269 0.1309 0.0097 0.0097,grade=5|a1=0|a12=2|c1cls=3|p1m=0.4101|p1k=0.2959
2026-10-01,下関,4,🌊最高(大荒),5,3-2-1 / 2-3-1 / 3-1-2 / 3-2-5 / 1-3-2,0.0314,2号若狭 奈美子,3号渡邉 真奈美,1号根岸 真優,2.0,2.0,,,,,,model_new(old),1:4.9|2:1.5|3:3.9|4:32.0|5:6.6|6:38.4,3-2-1:0.0314:0.09001:0.05858 / 2-3-1:0.0245:0.11899:0.09449 / 3-1-2:0.0158:0.04340:0.02763 / 3-2-5:0.0141:0.05759:0.04349 / 1-3-2:0.0108:0.03717:0.02635,leakfree-2026-06,,0.2176 0.4192 0.2176 0.0099 0.1274 0.0084,grade=5|a1=1|a12=2|c1cls=3|p1m=0.2176|p1k=0.1528
2026-10-01,下関,5,✅低(堅),11,1-5-2 / 1-2-5 / 1-5-4 / 1-5-3 / 5-1-2 / 1-5-6 / 2-1-5 / 1-3-5 / 1-6-5 / 1-2-3 / 1-2-6,0.0737,1号竹井 奈美,5号土屋 実沙希,2号濱崎 寿里矢,3.0,3.0,,,,,,model_new(old),1:1.1|2:13.7|3:20.6|4:3.8|5:17.9|6:31.7,1-5-2:0.0737:0.08741:0.01366 / 1-2-5:0.0626:0.07689:0.01424 / 1-5-4:0.0313:0.08055:0.04924 / 1-5-3:0.0290:0.03812:0.00908 / 5-1-2:0.0242:0.02903:0.00487 / 1-5-6:0.0240:0.02991:0.00590 / 2-1-5:0.0196:0.02479:0.00514 / 1-3-5:0.0194:0.02833:0.00893 / 1-6-5:0.0161:0.02167:0.00558 / 1-2-3:0.0121:0.02449:0.01238 / 1-2-6:0.0112:0.01922:0.00804,leakfree-2026-06,1-5-4:0.0704:0.11962:0.04924 / 1-5-2:0.0692:0.08290:0.01366 / 1-2-5:0.0687:0.08290:0.01424 / 1-2-4:0.0525:0.11962:0.06710 / 1-4-5:0.0455:0.14359:0.09809,0.8037 0.0537 0.0112 0.0775 0.0537 0.0001,grade=5|a1=1|a12=2|c1cls=1|p1m=0.8037|p1k=0.6582
2026-10-01,下関,6,✅低(堅),10,1-2-6 / 1-6-2 / 1-6-3 / 1-6-5 / 1-5-6 / 1-3-6 / 1-2-5 / 1-5-2 / 1-6-4 / 1-4-6,0.0293,1号高田 ひかる,3号野田 彩加,2号黒澤 めぐみ,4.0,4.0,,,,,,model_new(old),1:1.2|2:9.1|3:4.7|4:11.7|5:14.5|6:27.5,1-2-6:0.0293:0.04124:0.01193 / 1-6-2:0.0279:0.03796:0.01009 / 1-6-3:0.0250:0.04458:0.01954 / 1-6-5:0.0211:0.02744:0.00633 / 1-5-6:0.0206:0.02741:0.00680 / 1-3-6:0.0203:0.05127:0.03101 / 1-2-5:0.0184:0.04102:0.02263 / 1-5-2:0.0172:0.03771:0.02055 / 1-6-4:0.0125:0.02033:0.00785 / 1-4-6:0.0105:0.01926:0.00875,leakfree-2026-06,1-2-4:0.0639:0.09194:0.02805 / 1-2-3:0.0628:0.13266:0.06982 / 1-4-2:0.0458:0.07220:0.02645,0.7331 0.1007 0.0797 0.0553 0.0197 0.0115,grade=5|a1=1|a12=2|c1cls=1|p1m=0.7331|p1k=0.6188
2026-10-01,下関,7,🌊最高(大荒),10,5-3-6 / 3-5-6 / 5-6-3 / 5-3-4 / 6-5-3 / 3-5-4 / 3-6-5 / 5-4-3 / 6-3-5 / 5-3-1,0.0313,5号平山 智加,3号喜井 つかさ,6号龍田 真白,4.0,4.0,,,,,,model_new(old),1:3.5|2:2.9|3:3.2|4:20.7|5:3.4|6:14.0,5-3-6:0.0313:0.03736:0.00607 / 3-5-6:0.0249:0.03104:0.00617 / 5-6-3:0.0246:0.02918:0.00459 / 5-3-4:0.0189:0.02296:0.00410 / 6-5-3:0.0173:0.02111:0.00380 / 3-5-4:0.0149:0.01907:0.00418 / 3-6-5:0.0146:0.01941:0.00476 / 5-4-3:0.0135:0.01651:0.00304 / 6-3-5:0.0130:0.01690:0.00387 / 5-3-1:0.0110:0.03525:0.02427,leakfree-2026-06,1-3-5:0.0500:0.07382:0.02381 / 3-1-5:0.0494:0.07382:0.02442 / 1-5-3:0.0358:0.05906:0.02325 / 3-5-1:0.0344:0.05906:0.02470,0.3068 0.1218 0.3068 0.0306 0.2102 0.0238,grade=5|a1=1|a12=2|c1cls=3|p1m=0.3068|p1k=0.2106
2026-10-01,下関,8,✅低(堅),14,1-6-4 / 1-6-3 / 1-6-5 / 1-4-6 / 1-3-6 / 1-5-6 / 1-6-2 / 6-1-4 / 6-1-3 / 6-1-5 / 4-1-6 / 3-1-6 / 1-2-6 / 5-1-6,0.0708,1号小芦 るり華,6号渡邉 真奈美,4号中谷 朋子,3.0,3.0,,,,,,model_new(old),1:1.4|2:4.7|3:6.1|4:6.8|5:9.2|6:32.9,1-6-4:0.0708:0.07632:0.00553 / 1-6-3:0.0665:0.07264:0.00616 / 1-6-5:0.0595:0.06363:0.00409 / 1-4-6:0.0561:0.06284:0.00678 / 1-3-6:0.0513:0.05908:0.00781 / 1-5-6:0.0456:0.05026:0.00467 / 1-6-2:0.0258:0.03380:0.00800 / 6-1-4:0.0213:0.02399:0.00272 / 6-1-3:0.0198:0.02284:0.00303 / 6-1-5:0.0180:0.02000:0.00201 / 4-1-6:0.0153:0.01892:0.00365 / 3-1-6:0.0135:0.01773:0.00427 / 1-2-6:0.0131:0.02436:0.01124 / 5-1-6:0.0125:0.01498:0.00244,leakfree-2026-06,1-3-4:0.0612:0.09901:0.03781 / 1-4-3:0.0589:0.09543:0.03657 / 1-3-2:0.0533:0.10796:0.05470 / 1-4-2:0.0480:0.09543:0.04747 / 1-2-3:0.0473:0.10796:0.06064 / 1-2-4:0.0446:0.09901:0.05440,0.7638 0.0737 0.0737 0.0676 0.0107 0.0107,grade=5|a1=1|a12=2|c1cls=1|p1m=0.7638|p1k=0.5187
2026-10-01,下関,9,🌊最高(大荒),3,4-2-1 / 4-1-2 / 2-4-1,0.0127,1号土屋 実沙希,4号関野 文,3号松尾 夏海,4.0,4.0,,,,,,model_new(old),1:1.6|2:9.0|3:3.0|4:4.2|5:32.6|6:37.2,4-2-1:0.0127:0.02329:0.01058 / 4-1-2:0.0117:0.03306:0.02141 / 2-4-1:0.0115:0.02099:0.00951,leakfree-2026-06,,0.4185 0.1272 0.2173 0.2173 0.0099 0.0099,grade=5|a1=0|a12=3|c1cls=3|p1m=0.4185|p1k=0.4578
2026-10-01,下関,10,✅低(堅),10,1-5-2 / 1-2-5 / 1-5-3 / 1-5-4 / 1-3-5 / 5-1-2 / 1-4-5 / 5-1-3 / 5-1-4 / 2-1-5,0.0616,1号平川 香織,5号藤原 早菜,2号北村 寧々,4.0,4.0,,,,,,model_new(old),1:1.3|2:4.3|3:12.7|4:4.8|5:12.3|6:51.0,1-5-2:0.0616:0.09291:0.03127 / 1-2-5:0.0443:0.08774:0.04347 / 1-5-3:0.0383:0.04884:0.01059 / 1-5-4:0.0343:0.06233:0.02802 / 1-3-5:0.0281:0.03863:0.01054 / 5-1-2:0.0219:0.03670:0.01483 / 1-4-5:0.0152:0.05188:0.03665 / 5-1-3:0.0143:0.01929:0.00502 / 5-1-4:0.0113:0.02462:0.01329 / 2-1-5:0.0108:0.03413:0.02331,leakfree-2026-06,1-2-5:0.0480:0.09146:0.04347 / 1-5-2:0.0478:0.07906:0.03127 / 1-5-3:0.0337:0.04427:0.01059 / 1-2-3:0.0318:0.07390:0.04210 / 1-3-5:0.0313:0.04182:0.01054 / 1-3-2:0.0302:0.06034:0.03015,0.7641 0.0798 0.0447 0.0447 0.0553 0.0115,grade=5|a1=0|a12=3|c1cls=2|p1m=0.7641|p1k=0.5535
2026-10-01,下関,11,✅低(堅),14,1-3-5 / 1-5-3 / 1-3-4 / 1-4-3 / 3-1-5 / 1-5-4 / 5-1-3 / 1-4-5 / 3-1-4 / 4-1-3 / 5-1-4 / 4-1-5 / 3-5-1 / 5-3-1,0.0350,1号千葉 真弥,3号原田 佑実,5号喜井 つかさ,3.0,3.0,,,,,,model_new(old),1:1.1|2:4.0|3:11.5|4:20.8|5:13.0|6:26.0,1-3-5:0.0350:0.05590:0.02085 / 1-5-3:0.0318:0.05218:0.02036 / 1-3-4:0.0284:0.04142:0.01303 / 1-4-3:0.0237:0.03560:0.01191 / 3-1-5:0.0232:0.03109:0.00789 / 1-5-4:0.0210:0.03222:0.01126 / 5-1-3:0.0206:0.02823:0.00764 / 1-4-5:0.0191:0.02967:0.01054 / 3-1-4:0.0181:0.02304:0.00493 / 4-1-3:0.0142:0.01861:0.00438 / 5-1-4:0.0132:0.01744:0.00423 / 4-1-5:0.0116:0.01551:0.00387 / 3-5-1:0.0114:0.01406:0.00262 / 5-3-1:0.0111:0.01368:0.00260,leakfree-2026-06,1-3-5:0.0728:0.09361:0.02085 / 1-3-4:0.0577:0.07073:0.01303 / 1-5-3:0.0437:0.06405:0.02036 / 1-3-2:0.0343:0.10207:0.06777 / 1-4-3:0.0339:0.04583:0.01191 / 3-1-5:0.0337:0.04158:0.00789,0.6289 0.0756 0.1646 0.0524 0.0693 0.0093,grade=5|a1=0|a12=4|c1cls=2|p1m=0.6289|p1k=0.6450
2026-10-01,大村,1,⚠高(荒),4,1-6-2 / 1-6-3 / 1-6-5 / 1-2-5,0.0119,1号川島 拓郎,2号山本 浩輔,3号星野 太郎,4.0,3.0,,,,,,model_new(old),1:1.6|2:4.0|3:5.6|4:7.0|5:28.2|6:8.4,1-6-2:0.0119:0.04314:0.03125 / 1-6-3:0.0114:0.03373:0.02232 / 1-6-5:0.0105:0.01498:0.00443 / 1-2-5:0.0105:0.02238:0.01187,leakfree-2026-06,1-3-2:0.0828:0.13478:0.05198 / 3-1-2:0.0549:0.08711:0.03219 / 1-2-3:0.0465:0.10627:0.05978 / 1-3-4:0.0322:0.06188:0.02970,0.5018 0.157 0.2292 0.0721 0.0294 0.0104,grade=5|a1=0|a12=0|c1cls=3|p1m=0.5018|p1k=0.4626
2026-10-01,大村,2,🌊最高(大荒),14,1-4-6 / 1-6-4 / 4-1-6 / 1-4-2 / 4-1-2 / 1-2-4 / 1-4-3 / 6-1-4 / 4-6-1 / 4-1-3 / 1-4-5 / 6-4-1 / 2-1-4 / 1-3-4,0.0729,1号田頭 虎親,4号岸本 隆,6号榎 幸司,3.0,2.0,,,,,,model_new(old),1:1.6|2:5.6|3:6.5|4:11.6|5:139.7|6:3.2,1-4-6:0.0729:0.09852:0.02565 / 1-6-4:0.0443:0.08360:0.03929 / 4-1-6:0.0435:0.05838:0.01483 / 1-4-2:0.0418:0.05649:0.01466 / 4-1-2:0.0250:0.03347:0.00847 / 1-2-4:0.0238:0.04087:0.01708 / 1-4-3:0.0238:0.03638:0.01263 / 6-1-4:0.0190:0.04656:0.02760 / 4-6-1:0.0152:0.02519:0.01003 / 4-1-3:0.0143:0.02156:0.00730 / 1-4-5:0.0141:0.01473:0.00059 / 6-4-1:0.0115:0.02368:0.01219 / 2-1-4:0.0107:0.02130:0.01064 / 1-3-4:0.0105:0.02459:0.01409,leakfree-2026-06,1-3-2:0.0925:0.12169:0.02919 / 1-3-4:0.0718:0.08590:0.01409 / 3-1-2:0.0581:0.07594:0.01782 / 1-2-3:0.0471:0.07757:0.03048 / 3-1-4:0.0450:0.05361:0.00860 / 1-4-3:0.0378:0.05044:0.01263,0.5258 0.107 0.2401 0.0755 0.0093 0.0423,grade=5|a1=0|a12=2|c1cls=3|p1m=0.5258|p1k=0.4585
2026-10-01,大村,3,🌊最高(大荒),9,1-6-2 / 1-2-6 / 6-1-2 / 2-1-6 / 6-2-1 / 2-6-1 / 1-2-3 / 1-6-5 / 1-6-3,0.0325,1号小宮 涼雅,6号佐々木 大河,2号松竹 大輔,4.0,3.0,,,,,,model_new(old),1:4.1|2:4.5|3:2.3|4:20.1|5:18.2|6:2.8,1-6-2:0.0325:0.04915:0.01667 / 1-2-6:0.0289:0.04308:0.01416 / 6-1-2:0.0252:0.04372:0.01854 / 2-1-6:0.0216:0.03547:0.01389 / 6-2-1:0.0147:0.03275:0.01803 / 2-6-1:0.0144:0.03031:0.01590 / 1-2-3:0.0108:0.02808:0.01724 / 1-6-5:0.0107:0.01482:0.00412 / 1-6-3:0.0102:0.04281:0.03261,leakfree-2026-06,1-2-3:0.0856:0.10284:0.01724 / 1-3-2:0.0759:0.09853:0.02259 / 2-1-3:0.0704:0.08734:0.01691 / 3-1-2:0.0546:0.08189:0.02724 / 2-3-1:0.0433:0.06483:0.02148 / 3-2-1:0.0370:0.06344:0.02640,0.3721 0.2606 0.2445 0.0151 0.0307 0.0769,grade=5|a1=2|a12=2|c1cls=3|p1m=0.3721|p1k=0.1790
2026-10-01,大村,4,⚠高(荒),12,1-2-5 / 1-5-2 / 2-1-5 / 1-5-3 / 5-1-2 / 1-3-5 / 5-1-3 / 2-5-1 / 5-2-1 / 5-3-1 / 3-1-5 / 3-5-1,0.0319,1号山下 拓巳,2号西野 翔太,3号平田 健之佑,4.0,3.0,,,,,,model_new(old),1:2.2|2:3.2|3:2.3|4:13.4|5:15.8|6:181.8,1-2-5:0.0319:0.04491:0.01298 / 1-5-2:0.0284:0.03743:0.00907 / 2-1-5:0.0261:0.03732:0.01119 / 1-5-3:0.0235:0.03608:0.01262 / 5-1-2:0.0218:0.02810:0.00630 / 1-3-5:0.0196:0.04245:0.02290 / 5-1-3:0.0183:0.02709:0.00877 / 2-5-1:0.0180:0.02463:0.00667 / 5-2-1:0.0169:0.02225:0.00538 / 5-3-1:0.0126:0.02117:0.00856 / 3-1-5:0.0125:0.03491:0.02240 / 3-5-1:0.0111:0.02319:0.01205,leakfree-2026-06,,0.2924 0.3058 0.2924 0.0253 0.0798 0.0042,grade=5|a1=1|a12=3|c1cls=3|p1m=0.2924|p1k=0.3379
2026-10-01,大村,5,✅低(堅),8,1-5-2 / 1-2-5 / 1-5-3 / 1-5-6 / 1-3-5 / 1-2-3 / 1-3-2 / 1-5-4,0.0340,1号鶴本 崇文,6号金子 萌,2号松尾 祭,4.0,3.0,,,,,,model_new(old),1:1.0|2:10.3|3:17.2|4:22.5|5:25.8|6:5.3,1-5-2:0.0340:0.04985:0.01590 / 1-2-5:0.0334:0.05209:0.01871 / 1-5-3:0.0246:0.03408:0.00952 / 1-5-6:0.0226:0.05349:0.03089 / 1-3-5:0.0222:0.03222:0.01002 / 1-2-3:0.0131:0.04119:0.02806 / 1-3-2:0.0122:0.03726:0.02510 / 1-5-4:0.0119:0.01915:0.00728,leakfree-2026-06,1-3-2:0.0813:0.10639:0.02510 / 1-2-3:0.0783:0.10639:0.02806 / 3-1-2:0.0304:0.03819:0.00783,0.6785 0.1046 0.1046 0.0091 0.0295 0.0738,grade=5|a1=1|a12=3|c1cls=1|p1m=0.6785|p1k=0.7007
2026-10-01,大村,6,⚠高(荒),21,1-6-3 / 1-6-2 / 1-6-5 / 6-1-3 / 6-1-2 / 1-3-6 / 6-1-5 / 1-5-6 / 1-6-4 / 1-2-6 / 6-1-4 / 3-1-6 / 1-4-6 / 5-1-6 / 6-3-1 / 6-2-1 / 6-5-1 / 3-6-1 / 2-1-6 / 5-6-1 / 2-6-1,0.0506,1号半田 尚也,6号荒井 輝年,2号松井 賢治,4.0,3.0,,,,,,model_new(old),1:1.9|2:2.8|3:4.6|4:10.1|5:8.6|6:26.0,1-6-3:0.0506:0.05555:0.00497 / 1-6-2:0.0480:0.05619:0.00816 / 1-6-5:0.0435:0.04620:0.00266 / 6-1-3:0.0357:0.03883:0.00313 / 6-1-2:0.0341:0.03928:0.00513 / 1-3-6:0.0331:0.03953:0.00642 / 6-1-5:0.0306:0.03230:0.00167 / 1-5-6:0.0288:0.03176:0.00295 / 1-6-4:0.0281:0.03033:0.00226 / 1-2-6:0.0264:0.04008:0.01368 / 6-1-4:0.0198:0.02120:0.00142 / 3-1-6:0.0190:0.02369:0.00468 / 1-4-6:0.0173:0.01971:0.00245 / 5-1-6:0.0167:0.01871:0.00197 / 6-3-1:0.0159:0.01817:0.00225 / 6-2-1:0.0142:0.01841:0.00423 / 6-5-1:0.0137:0.01477:0.00110 / 3-6-1:0.0130:0.01558:0.00260 / 2-1-6:0.0127:0.02405:0.01136 / 5-6-1:0.0113:0.01245:0.00117 / 2-6-1:0.0102:0.01580:0.00558,leakfree-2026-06,1-2-3:0.0519:0.12918:0.07730 / 1-3-2:0.0516:0.11119:0.05962 / 2-1-3:0.0462:0.11039:0.06419 / 3-1-2:0.0451:0.08848:0.04342 / 2-3-1:0.0358:0.07454:0.03877 / 3-2-1:0.0354:0.06942:0.03401,0.389 0.285 0.2322 0.0336 0.0267 0.0336,grade=5|a1=1|a12=3|c1cls=3|p1m=0.3890|p1k=0.3885
2026-10-01,大村,7,✅低(堅),5,2-1-3 / 3-1-2 / 2-1-4 / 1-2-3 / 4-1-2,0.0271,1号森野 正弘,2号伊久間 陽優,3号高倉 孝太,4.0,3.0,,,,,,model_new(old),1:1.0|2:204.0|3:102.0|4:102.0|5:0.0|6:0.0,2-1-3:0.0271:0.02944:0.00235 / 3-1-2:0.0185:0.02160:0.00314 / 2-1-4:0.0178:0.02017:0.00235 / 1-2-3:0.0112:0.10879:0.09761 / 4-1-2:0.0102:0.01337:0.00314,leakfree-2026-06,1-3-2:0.1131:0.24320:0.13014 / 1-2-3:0.1099:0.20753:0.09761 / 3-1-2:0.0439:0.04706:0.00314 / 2-1-3:0.0371:0.03944:0.00235,0.8221 0.0637 0.0805 0.0202 0.0092 0.0043,grade=5|a1=1|a12=3|c1cls=1|p1m=0.8221|p1k=0.9761
2026-10-02,平和島,1,🌊最高(大荒),6,6-1-3 / 1-6-3 / 6-3-1 / 3-1-6 / 1-3-6 / 3-6-1,0.0332,1号高橋 真吾,6号村田 修次,3号松江 秀徳,1.0,3.0,,,,,,model_new(old),1:1.6|2:4.6|3:5.7|4:11.2|5:12.6|6:5.9,6-1-3:0.0332:0.05375:0.02057 / 1-6-3:0.0314:0.06475:0.03339 / 6-3-1:0.0263:0.03768:0.01143 / 3-1-6:0.0254:0.04630:0.02090 / 1-3-6:0.0250:0.05876:0.03375 / 3-6-1:0.0243:0.03577:0.01148,leakfree-2026-06,,0.4289 0.1726 0.202 0.0519 0.0519 0.0927,grade=4|a1=0|a12=2|c1cls=3|p1m=0.4289|p1k=0.4609
2026-10-02,浜名湖,1,⚠高(荒),0,,0.0000,1号吉田 彩乃,5号山口 晃朋,4号藤本 元輝,3.0,2.0,,,,,,model_new(old),1:1.1|2:4.5|3:6.7|4:13.5|5:0.0|6:0.0,,leakfree-2026-06,,0.4765 0.1448 0.1448 0.0778 0.1448 0.0113,grade=5|a1=0|a12=2|c1cls=3|p1m=0.4765|p1k=0.6711
2026-10-02,津,1,⚠高(荒),6,1-3-4 / 1-4-3 / 3-1-4 / 4-1-3 / 3-4-1 / 4-3-1,0.0755,1号荒川 健太,3号都築 正治,4号渡邊 裕貴,6.0,5.0,,,,,,model_new(old),1:1.5|2:3.6|3:4.5|4:9.1|5:36.7|6:12.2,1-3-4:0.0755:0.10841:0.03288 / 1-4-3:0.0503:0.07713:0.02682 / 3-1-4:0.0488:0.06913:0.02032 / 4-1-3:0.0281:0.04319:0.01511 / 3-4-1:0.0185:0.02804:0.00958 / 4-3-1:0.0159:0.02462:0.00874,leakfree-2026-06,1-3-4:0.0950:0.12792:0.03288 / 1-3-2:0.0784:0.16154:0.08311 / 1-4-3:0.0483:0.07515:0.02682 / 3-1-4:0.0419:0.06223:0.02032 / 3-1-2:0.0272:0.07859:0.05136,0.6123 0.0929 0.2031 0.0736 0.009 0.009,grade=5|a1=0|a12=1|c1cls=2|p1m=0.6123|p1k=0.4811
2026-10-02,津,2,🌊最高(大荒),12,1-3-2 / 1-3-4 / 1-2-3 / 1-4-3 / 3-1-2 / 3-1-4 / 4-1-3 / 1-4-2 / 2-1-3 / 1-2-4 / 3-4-1 / 3-2-1,0.0360,1号松本 庸平,2号加藤 高史,3号松田 竜馬,6.0,5.0,,,,,,model_new(old),1:2.4|2:3.0|3:5.6|4:6.7|5:6.7|6:8.4,1-3-2:0.0360:0.06236:0.02640 / 1-3-4:0.0297:0.04149:0.01182 / 1-2-3:0.0294:0.06265:0.03325 / 1-4-3:0.0246:0.03595:0.01138 / 3-1-2:0.0241:0.04515:0.02102 / 3-1-4:0.0206:0.03003:0.00941 / 4-1-3:0.0154:0.02419:0.00883 / 1-4-2:0.0151:0.03630:0.02124 / 2-1-3:0.0149:0.04546:0.03052 / 1-2-4:0.0143:0.04208:0.02779 / 3-4-1:0.0106:0.01752:0.00694 / 3-2-1:0.0101:0.02902:0.01892,leakfree-2026-06,1-3-2:0.0785:0.10491:0.02640 / 1-2-3:0.0584:0.09161:0.03325 / 3-1-2:0.0491:0.07011:0.02102 / 1-3-4:0.0363:0.04816:0.01182,0.4747 0.1688 0.214 0.0775 0.0537 0.0112,grade=5|a1=0|a12=0|c1cls=3|p1m=0.4747|p1k=0.3095
2026-10-02,尼崎,1,⚠高(荒),5,1-5-3 / 1-2-3 / 1-2-5 / 1-5-2 / 5-1-3,0.0208,1号樋江井 舞,3号武田 光史,2号坂井 康嗣,2.0,0.0,,,,,,model_new(old),1:1.8|2:11.7|3:1.8|4:10.6|5:23.4|6:23.4,1-5-3:0.0208:0.03582:0.01500 / 1-2-3:0.0151:0.04687:0.03175 / 1-2-5:0.0139:0.01629:0.00244 / 1-5-2:0.0133:0.01558:0.00231 / 5-1-3:0.0111:0.02032:0.00923,leakfree-2026-06,1-3-2:0.0393:0.12727:0.08802 / 1-2-3:0.0315:0.06321:0.03175,0.514 0.0839 0.2863 0.077 0.0266 0.0121,grade=5|a1=0|a12=1|c1cls=3|p1m=0.5140|p1k=0.4036
2026-10-02,尼崎,2,⚠高(荒),1,1-4-5,0.0100,1号登 みひ果,3号井手 良太,4号川島 圭司,2.0,0.0,,,,,,model_new(old),1:1.8|2:7.7|3:2.6|4:4.3|5:69.3|6:34.6,1-4-5:0.0100:0.01315:0.00314,leakfree-2026-06,,0.4707 0.097 0.2443 0.1674 0.0111 0.0094,grade=5|a1=0|a12=2|c1cls=3|p1m=0.4707|p1k=0.4128
2026-10-02,鳴門,5,△中,8,1-6-3 / 1-3-6 / 6-1-3 / 3-1-6 / 6-3-1 / 3-6-1 / 1-6-4 / 6-1-4,0.0633,1号岡田 憲行,6号鈴木 博,3号荒牧 凪沙,3.0,3.0,,,,,,model_new(old),1:1.2|2:8.8|3:6.6|4:13.2|5:11.3|6:12.2,1-6-3:0.0633:0.09834:0.03505 / 1-3-6:0.0531:0.09496:0.04182 / 6-1-3:0.0433:0.05746:0.01419 / 3-1-6:0.0368:0.05475:0.01792 / 6-3-1:0.0213:0.02675:0.00548 / 3-6-1:0.0206:0.02640:0.00580 / 1-6-4:0.0159:0.03341:0.01752 / 6-1-4:0.0124:0.01952:0.00710,leakfree-2026-06,1-3-6:0.0452:0.08707:0.04182 / 1-6-3:0.0329:0.06798:0.03505,0.5949 0.0655 0.1599 0.0655 0.0233 0.091,grade=5|a1=1|a12=2|c1cls=2|p1m=0.5949|p1k=0.6197
2026-10-02,鳴門,6,✅低(堅),14,1-5-6 / 1-6-5 / 1-5-2 / 1-6-4 / 1-4-6 / 1-2-6 / 1-5-3 / 1-6-2 / 1-2-5 / 1-5-4 / 1-3-5 / 1-4-3 / 1-3-4 / 1-2-3,0.0328,1号枝尾 賢,4号川田 正人,5号市川 哲也,2.0,2.0,,,,,,model_new(old),1:1.2|2:7.5|3:128.2|4:3.8|5:9.8|6:64.1,1-5-6:0.0328:0.03730:0.00447 / 1-6-5:0.0266:0.03030:0.00370 / 1-5-2:0.0265:0.06466:0.03817 / 1-6-4:0.0222:0.03175:0.00955 / 1-4-6:0.0212:0.03987:0.01869 / 1-2-6:0.0190:0.02526:0.00631 / 1-5-3:0.0183:0.02054:0.00223 / 1-6-2:0.0178:0.02262:0.00484 / 1-2-5:0.0174:0.05863:0.04125 / 1-5-4:0.0154:0.09075:0.07534 / 1-3-5:0.0139:0.01568:0.00182 / 1-4-3:0.0126:0.02196:0.00935 / 1-3-4:0.0117:0.01644:0.00470 / 1-2-3:0.0108:0.01391:0.00315,leakfree-2026-06,1-2-3:0.0741:0.07728:0.00315 / 1-3-2:0.0652:0.06761:0.00238 / 1-3-5:0.0450:0.04686:0.00182 / 1-5-3:0.0446:0.04686:0.00223 / 1-3-4:0.0422:0.04686:0.00470 / 1-4-3:0.0375:0.04686:0.00935 / 1-2-5:0.0360:0.07728:0.04125,0.7528 0.0786 0.0545 0.0545 0.0545 0.0053,grade=5|a1=1|a12=2|c1cls=2|p1m=0.7528|p1k=0.6149
2026-10-02,鳴門,7,🌊最高(大荒),16,1-6-3 / 1-3-6 / 1-5-3 / 1-3-5 / 1-3-2 / 1-4-3 / 1-3-4 / 6-1-3 / 1-2-3 / 5-1-3 / 4-1-3 / 1-6-5 / 1-5-6 / 2-1-3 / 1-6-4 / 1-4-6,0.0341,1号松下 誉士,3号笠置 博之,6号高橋 正男,2.0,2.0,,,,,,model_new(old),1:9.0|2:54.0|3:1.0|4:21.6|5:21.6|6:15.4,1-6-3:0.0341:0.03838:0.00429 / 1-3-6:0.0288:0.05583:0.02707 / 1-5-3:0.0279:0.03090:0.00301 / 1-3-5:0.0273:0.04657:0.01930 / 1-3-2:0.0247:0.03244:0.00772 / 1-4-3:0.0247:0.02768:0.00301 / 1-3-4:0.0231:0.04237:0.01930 / 6-1-3:0.0213:0.02542:0.00413 / 1-2-3:0.0193:0.02045:0.00117 / 5-1-3:0.0172:0.02008:0.00285 / 4-1-3:0.0150:0.01783:0.00285 / 1-6-5:0.0129:0.01310:0.00020 / 1-5-6:0.0125:0.01265:0.00020 / 2-1-3:0.0118:0.01291:0.00109 / 1-6-4:0.0117:0.01192:0.00020 / 1-4-6:0.0111:0.01133:0.00020,leakfree-2026-06,1-3-2:0.0570:0.06474:0.00772 / 1-3-4:0.0454:0.06474:0.01930 / 3-1-2:0.0349:0.06647:0.03162 / 1-3-6:0.0323:0.05938:0.02707,0.3619 0.0783 0.3785 0.0783 0.0313 0.0718,grade=5|a1=1|a12=2|c1cls=3|p1m=0.3619|p1k=0.0863
2026-10-02,児島,1,✅低(堅),12,1-3-6 / 1-6-3 / 1-3-4 / 1-3-5 / 1-4-3 / 1-5-3 / 3-1-6 / 1-6-5 / 3-1-4 / 6-1-3 / 1-5-6 / 3-1-5,0.0267,1号大池 佑来,3号守屋 美穂,4号白神 優,3.0,3.0,,,,,,model_new(old),1:1.7|2:5.0|3:7.8|4:4.7|5:16.3|6:5.9,1-3-6:0.0267:0.04565:0.01892 / 1-6-3:0.0234:0.04366:0.02022 / 1-3-4:0.0229:0.04666:0.02375 / 1-3-5:0.0188:0.02562:0.00685 / 1-4-3:0.0176:0.04494:0.02734 / 1-5-3:0.0153:0.02154:0.00620 / 3-1-6:0.0138:0.02561:0.01185 / 1-6-5:0.0118:0.02151:0.00967 / 3-1-4:0.0113:0.02618:0.01488 / 6-1-3:0.0109:0.02405:0.01311 / 1-5-6:0.0107:0.01891:0.00820 / 3-1-5:0.0101:0.01437:0.00429,leakfree-2026-06,1-3-2:0.0576:0.07993:0.02233 / 1-3-4:0.0496:0.07331:0.02375 / 1-2-3:0.0444:0.06956:0.02513 / 1-3-5:0.0379:0.04476:0.00685 / 1-4-3:0.0349:0.06219:0.02734,0.664 0.0798 0.113 0.0732 0.0447 0.0253,grade=2|a1=6|a12=6|c1cls=1|p1m=0.6640|p1k=0.4325
2026-10-02,児島,2,✅低(堅),17,1-6-4 / 1-4-6 / 1-6-2 / 1-6-3 / 1-3-6 / 1-6-5 / 6-1-4 / 4-1-6 / 1-4-3 / 1-5-6 / 6-1-2 / 1-3-4 / 6-1-3 / 1-2-6 / 3-1-6 / 6-1-5 / 1-4-5,0.0655,1号下條 雄太郎,6号松本 純平,4号海野 康志郎,3.0,3.0,,,,,,model_new(old),1:1.3|2:2.6|3:17.2|4:17.2|5:11.5|6:34.5,1-6-4:0.0655:0.06804:0.00258 / 1-4-6:0.0564:0.05909:0.00271 / 1-6-2:0.0484:0.06545:0.01706 / 1-6-3:0.0410:0.04362:0.00258 / 1-3-6:0.0317:0.03440:0.00271 / 1-6-5:0.0284:0.03225:0.00386 / 6-1-4:0.0258:0.02694:0.00117 / 4-1-6:0.0212:0.02249:0.00126 / 1-4-3:0.0204:0.02585:0.00544 / 1-5-6:0.0201:0.02439:0.00428 / 6-1-2:0.0182:0.02592:0.00776 / 1-3-4:0.0180:0.02347:0.00544 / 6-1-3:0.0161:0.01727:0.00117 / 1-2-6:0.0131:0.05625:0.04319 / 3-1-6:0.0114:0.01271:0.00126 / 6-1-5:0.0110:0.01277:0.00175 / 1-4-5:0.0110:0.01911:0.00814,leakfree-2026-06,1-2-4:0.1443:0.23095:0.08664 / 1-4-2:0.1407:0.17675:0.03601 / 4-1-2:0.0354:0.05216:0.01673 / 1-4-3:0.0325:0.03793:0.00544 / 2-1-4:0.0181:0.07147:0.05336,0.7311 0.1312 0.0282 0.089 0.0102 0.0102,grade=2|a1=6|a12=6|c1cls=1|p1m=0.7311|p1k=0.5550
2026-10-02,徳山,4,✅低(堅),10,1-4-5 / 1-5-4 / 1-5-6 / 1-4-6 / 1-6-5 / 1-6-4 / 1-5-3 / 1-4-3 / 1-3-5 / 1-3-4,0.0374,1号濱野 斗馬,5号宮崎 心之介,4号田中 宏典,3.0,3.0,,,,,,model_new(old),1:1.1|2:6.3|3:35.7|4:8.2|5:5.9|6:53.6,1-4-5:0.0374:0.10918:0.07176 / 1-5-4:0.0368:0.11900:0.08218 / 1-5-6:0.0359:0.04850:0.01257 / 1-4-6:0.0291:0.03704:0.00790 / 1-6-5:0.0272:0.03580:0.00861 / 1-6-4:0.0236:0.02980:0.00619 / 1-5-3:0.0170:0.03588:0.01888 / 1-4-3:0.0155:0.02741:0.01186 / 1-3-5:0.0124:0.02559:0.01318 / 1-3-4:0.0118:0.02130:0.00948,leakfree-2026-06,1-2-3:0.0573:0.07437:0.01711 / 1-3-2:0.0360:0.04835:0.01234 / 1-2-4:0.0328:0.10731:0.07451,0.6714 0.1449 0.0461 0.0665 0.0665 0.0044,grade=5|a1=1|a12=2|c1cls=1|p1m=0.6714|p1k=0.6466
2026-10-02,徳山,5,✅低(堅),7,1-3-5 / 1-5-3 / 3-1-5 / 5-1-3 / 1-5-4 / 1-5-6 / 1-3-6,0.0778,1号水谷 理人,3号中村 栄治,5号藤森 陸斗,2.0,2.0,,,,,,model_new(old),1:1.1|2:20.2|3:9.3|4:4.6|5:17.3|6:30.3,1-3-5:0.0778:0.10248:0.02471 / 1-5-3:0.0712:0.09287:0.02169 / 3-1-5:0.0316:0.04064:0.00907 / 5-1-3:0.0282:0.03587:0.00767 / 1-5-4:0.0209:0.06478:0.04385 / 1-5-6:0.0132:0.01990:0.00666 / 1-3-6:0.0130:0.02708:0.01411,leakfree-2026-06,1-3-2:0.0398:0.06097:0.02116 / 1-3-5:0.0363:0.06097:0.02471 / 1-2-3:0.0360:0.05418:0.01821 / 1-5-3:0.0325:0.05418:0.02169,0.7451 0.0512 0.0738 0.0738 0.0512 0.0049,grade=5|a1=1|a12=3|c1cls=1|p1m=0.7451|p1k=0.6615
2026-10-02,徳山,6,⚠高(荒),11,1-5-3 / 5-1-3 / 1-3-5 / 1-5-4 / 1-4-5 / 1-5-2 / 5-1-4 / 1-3-2 / 1-2-3 / 1-2-5 / 5-1-2,0.0382,1号市川 健太,3号井本 昌也,5号川原 涼,2.0,2.0,,,,,,model_new(old),1:3.0|2:31.5|3:1.7|4:3.5|5:9.0|6:0.0,1-5-3:0.0382:0.05573:0.01752 / 5-1-3:0.0254:0.03975:0.01438 / 1-3-5:0.0251:0.06211:0.03703 / 1-5-4:0.0235:0.03197:0.00851 / 1-4-5:0.0183:0.02888:0.01054 / 1-5-2:0.0168:0.01774:0.00095 / 5-1-4:0.0158:0.02280:0.00698 / 1-3-2:0.0144:0.02498:0.01058 / 1-2-3:0.0136:0.01819:0.00460 / 1-2-5:0.0135:0.01439:0.00087 / 5-1-2:0.0119:0.01265:0.00078,leakfree-2026-06,1-3-5:0.0379:0.07495:0.03703,0.4002 0.0366 0.3023 0.1423 0.1106 0.008,grade=5|a1=1|a12=2|c1cls=3|p1m=0.4002|p1k=0.2469
2026-10-02,福岡,1,✅低(堅),8,1-3-6 / 1-6-3 / 1-6-5 / 3-1-6 / 1-6-4 / 6-1-3 / 1-5-6 / 1-4-6,0.0439,1号岡村 仁,3号宮村 勇哉,6号橋本 年光,3.0,3.0,,,,,,model_new(old),1:1.1|2:26.6|3:5.3|4:13.3|5:8.8|6:26.6,1-3-6:0.0439:0.08353:0.03962 / 1-6-3:0.0413:0.06650:0.02520 / 1-6-5:0.0196:0.03483:0.01518 / 3-1-6:0.0189:0.03418:0.01529 / 1-6-4:0.0178:0.02785:0.01004 / 6-1-3:0.0169:0.02555:0.00861 / 1-5-6:0.0154:0.03401:0.01858 / 1-4-6:0.0149:0.02593:0.01104,leakfree-2026-06,1-3-6:0.0480:0.08761:0.03962 / 1-3-5:0.0348:0.15454:0.11976,0.7618 0.0132 0.1156 0.0291 0.0513 0.0291,grade=5|a1=1|a12=1|c1cls=1|p1m=0.7618|p1k=0.6676
2026-10-02,唐津,5,✅低(堅),12,1-4-5 / 1-4-6 / 1-5-4 / 1-6-4 / 1-6-5 / 1-5-6 / 4-1-6 / 4-1-5 / 6-1-4 / 5-1-4 / 6-1-5 / 5-1-6,0.0392,1号重木 輝彦,4号小池 礼乃,6号森定 晃史,5.0,5.0,,,,,,model_new(old),1:1.0|2:11.4|3:15.4|4:11.4|5:36.1|6:24.0,1-4-5:0.0392:0.06617:0.02698 / 1-4-6:0.0363:0.07691:0.04058 / 1-5-4:0.0350:0.05624:0.02124 / 1-6-4:0.0347:0.06829:0.03361 / 1-6-5:0.0329:0.04353:0.01061 / 1-5-6:0.0316:0.04167:0.01009 / 4-1-6:0.0200:0.03026:0.01029 / 4-1-5:0.0192:0.02603:0.00684 / 6-1-4:0.0178:0.02600:0.00821 / 5-1-4:0.0160:0.02114:0.00513 / 6-1-5:0.0140:0.01657:0.00259 / 5-1-6:0.0132:0.01566:0.00244,leakfree-2026-06,1-4-2:0.0529:0.13832:0.08543 / 1-4-5:0.0399:0.06688:0.02698,0.7292 0.0607 0.035 0.1241 0.0294 0.0216,grade=5|a1=1|a12=3|c1cls=1|p1m=0.7292|p1k=0.7635
2026-10-02,唐津,6,🌊最高(大荒),12,3-4-1 / 3-4-2 / 3-4-5 / 3-1-4 / 4-3-1 / 3-4-6 / 4-3-5 / 3-5-4 / 4-3-6 / 1-3-4 / 3-6-4 / 5-3-4,0.0303,3号戸塚 邦好,4号富永 修一,2号吉村 正明,5.0,5.0,,,,,,model_new(old),1:6.8|2:1.6|3:3.7|4:3.5|5:23.4|6:117.0,3-4-1:0.0303:0.03928:0.00902 / 3-4-2:0.0241:0.06241:0.03832 / 3-4-5:0.0232:0.02577:0.00262 / 3-1-4:0.0222:0.02992:0.00772 / 4-3-1:0.0213:0.03043:0.00914 / 3-4-6:0.0180:0.01856:0.00052 / 4-3-5:0.0173:0.01997:0.00266 / 3-5-4:0.0163:0.01834:0.00202 / 4-3-6:0.0138:0.01438:0.00053 / 1-3-4:0.0132:0.02010:0.00695 / 3-6-4:0.0124:0.01276:0.00039 / 5-3-4:0.0102:0.01186:0.00168,leakfree-2026-06,3-4-2:0.0404:0.07872:0.03832 / 3-4-1:0.0342:0.04324:0.00902,0.1195 0.2175 0.3931 0.2175 0.0445 0.0079,grade=5|a1=1|a12=3|c1cls=3|p1m=0.1195|p1k=0.1066
2026-10-02,唐津,7,🌊最高(大荒),17,5-4-2 / 4-5-2 / 5-4-1 / 4-5-1 / 5-2-4 / 5-4-3 / 4-5-3 / 5-1-4 / 2-5-4 / 4-2-5 / 5-3-4 / 2-4-5 / 4-1-5 / 1-5-4 / 4-3-5 / 1-4-5 / 3-5-4,0.0603,5号石原 翼,4号深井 利寿,2号森安 弘雅,5.0,5.0,,,,,,model_new(old),1:2.3|2:4.1|3:2.3|4:5.5|5:16.5|6:0.0,5-4-2:0.0603:0.06165:0.00137 / 4-5-2:0.0495:0.05099:0.00152 / 5-4-1:0.0484:0.05080:0.00245 / 4-5-1:0.0393:0.04202:0.00270 / 5-2-4:0.0383:0.03972:0.00146 / 5-4-3:0.0365:0.03899:0.00245 / 4-5-3:0.0295:0.03225:0.00270 / 5-1-4:0.0284:0.03157:0.00317 / 2-5-4:0.0247:0.02643:0.00170 / 4-2-5:0.0244:0.02622:0.00182 / 5-3-4:0.0201:0.02332:0.00317 / 2-4-5:0.0192:0.02109:0.00192 / 4-1-5:0.0169:0.02099:0.00407 / 1-5-4:0.0161:0.02058:0.00446 / 4-3-5:0.0115:0.01562:0.00407 / 1-4-5:0.0114:0.01655:0.00519 / 3-5-4:0.0104:0.01488:0.00446,leakfree-2026-06,,0.2584 0.2244 0.1513 0.1771 0.1771 0.0118,grade=5|a1=1|a12=3|c1cls=3|p1m=0.2584|p1k=0.3207
2026-10-02,平和島,2,🌊最高(大荒),8,6-1-3 / 1-6-3 / 6-3-1 / 3-6-1 / 1-3-6 / 3-1-6 / 6-1-5 / 1-6-5,0.0342,6号北村 征嗣,1号北川 敏弘,3号服部 幸男,3.0,3.0,,,,,,model_new(old),1:3.5|2:4.9|3:3.1|4:5.2|5:9.9|6:4.1,6-1-3:0.0342:0.05262:0.01837 / 1-6-3:0.0309:0.04999:0.01909 / 6-3-1:0.0302:0.04943:0.01924 / 3-6-1:0.0245:0.04519:0.02071 / 1-3-6:0.0225:0.04360:0.02112 / 3-1-6:0.0201:0.04196:0.02188 / 6-1-5:0.0123:0.01804:0.00575 / 1-6-5:0.0112:0.01714:0.00598,leakfree-2026-06,1-3-4:0.0445:0.06118:0.01665 / 3-1-4:0.0439:0.06118:0.01725 / 1-4-3:0.0331:0.04730:0.01416 / 3-4-1:0.0320:0.04730:0.01532,0.3019 0.0776 0.3019 0.1856 0.0379 0.095,grade=4|a1=1|a12=3|c1cls=3|p1m=0.3019|p1k=0.2117
2026-10-02,平和島,3,⚠高(荒),16,1-6-3 / 1-6-5 / 1-3-6 / 1-6-4 / 1-5-6 / 6-1-3 / 1-6-2 / 6-1-5 / 1-4-6 / 6-1-4 / 3-1-6 / 6-1-2 / 1-2-6 / 5-1-6 / 6-3-1 / 4-1-6,0.0281,1号塚田 修二,6号中澤 和志,5号飯島 昌弘,3.0,3.0,,,,,,model_new(old),1:3.7|2:2.9|3:6.0|4:5.3|5:3.8|6:8.2,1-6-3:0.0281:0.03199:0.00388 / 1-6-5:0.0276:0.03370:0.00612 / 1-3-6:0.0233:0.02734:0.00406 / 1-6-4:0.0223:0.02668:0.00439 / 1-5-6:0.0220:0.02915:0.00717 / 6-1-3:0.0202:0.02360:0.00341 / 1-6-2:0.0201:0.02814:0.00802 / 6-1-5:0.0195:0.02486:0.00538 / 1-4-6:0.0173:0.02198:0.00471 / 6-1-4:0.0158:0.01968:0.00386 / 3-1-6:0.0148:0.01855:0.00371 / 6-1-2:0.0137:0.02076:0.00706 / 1-2-6:0.0130:0.02341:0.01043 / 5-1-6:0.0128:0.01991:0.00712 / 6-3-1:0.0110:0.01405:0.00308 / 4-1-6:0.0102:0.01460:0.00438,leakfree-2026-06,,0.3766 0.1111 0.1111 0.1111 0.188 0.1019,grade=4|a1=1|a12=2|c1cls=3|p1m=0.3766|p1k=0.1994
2026-10-02,平和島,4,✅低(堅),10,1-5-6 / 1-6-5 / 5-1-6 / 1-5-2 / 1-5-3 / 6-1-5 / 1-2-5 / 5-1-2 / 1-6-3 / 1-3-6,0.0570,1号伊藤 誠二,5号谷村 一哉,3号原 豊土,3.0,3.0,,,,,,model_new(old),1:1.5|2:11.0|3:4.5|4:5.9|5:5.1|6:38.6,1-5-6:0.0570:0.06388:0.00689 / 1-6-5:0.0374:0.04258:0.00516 / 5-1-6:0.0295:0.03362:0.00413 / 1-5-2:0.0282:0.05238:0.02419 / 1-5-3:0.0197:0.07885:0.05912 / 6-1-5:0.0168:0.01949:0.00270 / 1-2-5:0.0138:0.03386:0.02004 / 5-1-2:0.0131:0.02757:0.01450 / 1-6-3:0.0121:0.01793:0.00585 / 1-3-6:0.0105:0.01869:0.00823,leakfree-2026-06,,0.5117 0.0468 0.1555 0.1184 0.1555 0.0121,grade=4|a1=2|a12=3|c1cls=1|p1m=0.5117|p1k=0.4862
2026-10-02,平和島,5,🌊最高(大荒),12,1-6-3 / 1-3-6 / 1-6-4 / 1-4-6 / 6-1-3 / 6-1-4 / 3-1-6 / 6-3-1 / 4-1-6 / 3-6-1 / 6-4-1 / 4-6-1,0.0175,1号尾形 栄治,3号山田 竜一,4号仲口 博崇,3.0,3.0,,,,,,model_new(old),1:3.0|2:5.6|3:3.4|4:3.0|5:7.5|6:13.2,1-6-3:0.0175:0.02324:0.00578 / 1-3-6:0.0169:0.02444:0.00753 / 1-6-4:0.0165:0.02303:0.00655 / 1-4-6:0.0151:0.02413:0.00902 / 6-1-3:0.0150:0.01960:0.00461 / 6-1-4:0.0142:0.01942:0.00522 / 3-1-6:0.0140:0.02129:0.00725 / 6-3-1:0.0120:0.01645:0.00442 / 4-1-6:0.0120:0.02097:0.00902 / 3-6-1:0.0117:0.01699:0.00534 / 6-4-1:0.0110:0.01625:0.00522 / 4-6-1:0.0102:0.01675:0.00655,leakfree-2026-06,,0.3445 0.0994 0.236 0.2017 0.0751 0.0433,grade=4|a1=1|a12=3|c1cls=3|p1m=0.3445|p1k=0.2472
2026-10-02,浜名湖,2,🌊最高(大荒),13,1-6-2 / 1-6-3 / 1-2-6 / 1-3-6 / 6-1-2 / 6-1-3 / 3-1-6 / 1-3-2 / 6-3-1 / 3-6-1 / 6-2-1 / 3-1-2 / 1-6-4,0.0499,1号明石 正之,2号杉山 正樹,6号刑部 亜里紗,3.0,2.0,,,,,,model_new(old),1:4.6|2:1.2|3:5.8|4:23.2|5:23.2|6:15.5,1-6-2:0.0499:0.05661:0.00674 / 1-6-3:0.0400:0.04137:0.00139 / 1-2-6:0.0382:0.06100:0.02276 / 1-3-6:0.0375:0.03900:0.00155 / 6-1-2:0.0364:0.04233:0.00595 / 6-1-3:0.0297:0.03093:0.00123 / 3-1-6:0.0268:0.02825:0.00149 / 1-3-2:0.0257:0.04566:0.01998 / 6-3-1:0.0189:0.02008:0.00118 / 3-6-1:0.0182:0.01945:0.00129 / 6-2-1:0.0164:0.03006:0.01365 / 3-1-2:0.0138:0.03308:0.01923 / 1-6-4:0.0114:0.01172:0.00035,leakfree-2026-06,3-1-2:0.0705:0.08969:0.01923 / 1-3-2:0.0697:0.08969:0.01998 / 3-2-1:0.0343:0.08573:0.05140 / 1-2-3:0.0249:0.08573:0.06084,0.2995 0.281 0.2995 0.0353 0.0353 0.0495,grade=5|a1=1|a12=3|c1cls=3|p1m=0.2995|p1k=0.1582
2026-10-02,浜名湖,3,⚠高(荒),18,1-4-5 / 1-5-4 / 1-5-3 / 4-1-5 / 5-1-4 / 1-4-6 / 1-4-3 / 1-4-2 / 1-5-2 / 5-1-3 / 1-5-6 / 4-5-1 / 5-4-1 / 1-6-4 / 1-2-5 / 1-2-4 / 1-6-5 / 4-1-6,0.0224,1号樋口 範政,3号柳内 敬太,4号宇佐見 淳,3.0,2.0,,,,,,model_new(old),1:3.4|2:6.7|3:1.4|4:8.4|5:14.3|6:34.9,1-4-5:0.0224:0.02415:0.00171 / 1-5-4:0.0218:0.02348:0.00163 / 1-5-3:0.0170:0.02680:0.00977 / 4-1-5:0.0170:0.01845:0.00147 / 5-1-4:0.0163:0.01765:0.00135 / 1-4-6:0.0132:0.01389:0.00070 / 1-4-3:0.0128:0.03031:0.01748 / 1-4-2:0.0126:0.01622:0.00365 / 1-5-2:0.0123:0.01434:0.00204 / 5-1-3:0.0120:0.02014:0.00809 / 1-5-6:0.0119:0.01228:0.00039 / 4-5-1:0.0117:0.01286:0.00119 / 5-4-1:0.0115:0.01265:0.00115 / 1-6-4:0.0114:0.01208:0.00064 / 1-2-5:0.0109:0.01315:0.00222 / 1-2-4:0.0107:0.01446:0.00377 / 1-6-5:0.0106:0.01099:0.00038 / 4-1-6:0.0100:0.01061:0.00060,leakfree-2026-06,1-4-2:0.0552:0.05885:0.00365 / 1-2-4:0.0551:0.05885:0.00377 / 1-4-3:0.0481:0.06559:0.01748 / 1-2-3:0.0430:0.06559:0.02263 / 4-1-2:0.0307:0.03388:0.00314 / 2-1-4:0.0306:0.03388:0.00333,0.5061 0.1421 0.1584 0.1421 0.0407 0.0105,grade=5|a1=1|a12=3|c1cls=3|p1m=0.5061|p1k=0.2139
2026-10-02,浜名湖,4,✅低(堅),11,1-6-5 / 1-5-6 / 1-6-4 / 1-6-2 / 6-1-5 / 6-1-2 / 6-1-4 / 5-1-6 / 1-4-6 / 1-6-3 / 6-1-3,0.0515,1号佐藤 大介,6号村松 将平,2号抹香 雄三,3.0,2.0,,,,,,model_new(old),1:1.0|2:8.4|3:9.6|4:13.9|5:27.9|6:21.4,1-6-5:0.0515:0.06122:0.00972 / 1-5-6:0.0384:0.04779:0.00941 / 1-6-4:0.0313:0.05084:0.01952 / 1-6-2:0.0311:0.06343:0.03230 / 6-1-5:0.0251:0.02786:0.00276 / 6-1-2:0.0197:0.02887:0.00917 / 6-1-4:0.0176:0.02313:0.00554 / 5-1-6:0.0175:0.02010:0.00265 / 1-4-6:0.0171:0.03826:0.02113 / 1-6-3:0.0151:0.04332:0.02826 / 6-1-3:0.0117:0.01971:0.00802,leakfree-2026-06,1-2-4:0.0748:0.13844:0.06362 / 1-4-2:0.0665:0.12027:0.05382,0.7761 0.0855 0.0372 0.0646 0.023 0.0135,grade=5|a1=1|a12=1|c1cls=1|p1m=0.7761|p1k=0.7258
2026-10-02,津,3,🌊最高(大荒),16,6-4-3 / 4-6-3 / 6-4-5 / 4-6-5 / 6-5-4 / 4-3-6 / 4-5-6 / 5-6-4 / 5-4-6 / 6-5-3 / 6-4-2 / 4-6-2 / 6-3-5 / 6-4-1 / 4-6-1 / 4-3-5,0.0355,6号林 美憲,4号平見 真彦,3号廣瀬 将亨,5.0,3.0,,,,,,model_new(old),1:7.0|2:7.5|3:1.9|4:8.1|5:52.8|6:2.4,6-4-3:0.0355:0.06108:0.02562 / 4-6-3:0.0350:0.05452:0.01955 / 6-4-5:0.0284:0.02928:0.00092 / 4-6-5:0.0254:0.02614:0.00070 / 6-5-4:0.0202:0.02103:0.00082 / 4-3-6:0.0181:0.04071:0.02256 / 4-5-6:0.0160:0.01647:0.00047 / 5-6-4:0.0149:0.01544:0.00058 / 5-4-6:0.0131:0.01354:0.00044 / 6-5-3:0.0127:0.01615:0.00349 / 6-4-2:0.0125:0.01896:0.00649 / 4-6-2:0.0120:0.01692:0.00495 / 6-3-5:0.0119:0.01965:0.00771 / 6-4-1:0.0119:0.01888:0.00695 / 4-6-1:0.0115:0.01685:0.00531 / 4-3-5:0.0104:0.01140:0.00103,leakfree-2026-06,3-4-2:0.0422:0.05295:0.01070 / 4-3-2:0.0414:0.04867:0.00722 / 3-2-4:0.0331:0.04392:0.01085 / 4-2-3:0.0314:0.03608:0.00465,0.12 0.1768 0.3219 0.2623 0.0658 0.0532,grade=5|a1=1|a12=3|c1cls=4|p1m=0.1200|p1k=0.1049
2026-10-02,津,4,🌊最高(大荒),14,3-5-4 / 5-3-1 / 5-3-4 / 5-1-3 / 3-5-1 / 3-4-5 / 5-4-3 / 4-3-5 / 1-5-3 / 4-5-3 / 5-1-4 / 1-5-4 / 5-4-1 / 1-4-5,0.0166,3号古結 宏,1号浅井 翼,5号黒崎 竜也,5.0,3.0,,,,,,model_new(old),1:2.7|2:2.9|3:2.3|4:15.7|5:9.8|6:22.5,3-5-4:0.0166:0.01928:0.00273 / 5-3-1:0.0166:0.02821:0.01166 / 5-3-4:0.0157:0.01767:0.00201 / 5-1-3:0.0149:0.02575:0.01082 / 3-5-1:0.0149:0.03079:0.01586 / 3-4-5:0.0145:0.01715:0.00261 / 5-4-3:0.0127:0.01413:0.00138 / 4-3-5:0.0127:0.01452:0.00186 / 1-5-3:0.0125:0.02628:0.01375 / 4-5-3:0.0117:0.01306:0.00134 / 5-1-4:0.0115:0.01309:0.00158 / 1-5-4:0.0113:0.01336:0.00201 / 5-4-1:0.0103:0.01147:0.00118 / 1-4-5:0.0101:0.01200:0.00193,leakfree-2026-06,,0.1434 0.1988 0.3728 0.1434 0.1304 0.0111,grade=5|a1=2|a12=4|c1cls=4|p1m=0.1434|p1k=0.2723
2026-10-02,津,5,✅低(堅),13,2-1-5 / 5-1-2 / 2-1-3 / 2-1-4 / 1-2-5 / 2-5-1 / 5-2-1 / 2-3-1 / 4-1-2 / 3-2-1 / 1-5-2 / 3-1-2 / 5-1-3,0.0345,1号吉田 凌太朗,2号鈴木 峻佑,5号福嶋 智之,6.0,5.0,,,,,,model_new(old),1:1.0|2:40.0|3:26.6|4:80.0|5:60.0|6:240.0,2-1-5:0.0345:0.03950:0.00501 / 5-1-2:0.0266:0.03102:0.00444 / 2-1-3:0.0224:0.03368:0.01129 / 2-1-4:0.0193:0.02308:0.00375 / 1-2-5:0.0171:0.07299:0.05588 / 2-5-1:0.0153:0.01568:0.00034 / 5-2-1:0.0144:0.01470:0.00033 / 2-3-1:0.0123:0.01309:0.00077 / 4-1-2:0.0121:0.01529:0.00315 / 3-2-1:0.0113:0.01205:0.00078 / 1-5-2:0.0111:0.06115:0.05000 / 3-1-2:0.0110:0.02485:0.01389 / 5-1-3:0.0107:0.01736:0.00668,leakfree-2026-06,2-1-3:0.0395:0.05083:0.01129 / 1-2-4:0.0390:0.08092:0.04191 / 1-2-5:0.0250:0.08092:0.05588,0.6743 0.1508 0.0743 0.0454 0.0454 0.0099,grade=5|a1=1|a12=1|c1cls=1|p1m=0.6743|p1k=0.9125
2026-10-02,津,6,🌊最高(大荒),27,1-3-5 / 1-5-3 / 1-3-2 / 1-2-3 / 5-1-3 / 2-1-3 / 5-3-1 / 2-3-1 / 1-5-2 / 1-2-5 / 5-1-2 / 1-4-3 / 2-1-5 / 5-3-2 / 5-2-1 / 2-5-1 / 2-3-5 / 4-1-3 / 5-2-3 / 2-5-3 / 1-5-4 / 1-2-4 / 1-3-4 / 1-4-5 / 5-1-4 / 1-4-2 / 2-1-4,0.0264,1号中島 真二,3号松尾 拓,5号乙藤 智史,7.0,5.0,,,,,,model_new(old),1:54.3|2:135.8|3:1.0|4:58.2|5:135.8|6:815.2,1-3-5:0.0264:0.03013:0.00377 / 1-5-3:0.0261:0.02618:0.00012 / 1-3-2:0.0253:0.02908:0.00377 / 1-2-3:0.0249:0.02500:0.00012 / 5-1-3:0.0233:0.02343:0.00012 / 2-1-3:0.0221:0.02221:0.00012 / 5-3-1:0.0201:0.02293:0.00279 / 2-3-1:0.0190:0.02175:0.00279 / 1-5-2:0.0176:0.01763:0.00000 / 1-2-5:0.0174:0.01745:0.00000 / 5-1-2:0.0158:0.01578:0.00000 / 1-4-3:0.0156:0.01584:0.00029 / 2-1-5:0.0155:0.01550:0.00000 / 5-3-2:0.0136:0.01471:0.00112 / 5-2-1:0.0136:0.01356:0.00000 / 2-5-1:0.0135:0.01346:0.00000 / 2-3-5:0.0133:0.01445:0.00112 / 4-1-3:0.0130:0.01326:0.00029 / 5-2-3:0.0129:0.01292:0.00005 / 2-5-3:0.0128:0.01282:0.00005 / 1-5-4:0.0122:0.01217:0.00000 / 1-2-4:0.0116:0.01163:0.00000 / 1-3-4:0.0113:0.02008:0.00879 / 1-4-5:0.0111:0.01105:0.00000 / 5-1-4:0.0109:0.01089:0.00000 / 1-4-2:0.0107:0.01067:0.00000 / 2-1-4:0.0103:0.01033:0.00000,leakfree-2026-06,1-3-2:0.0719:0.07569:0.00377 / 1-2-3:0.0497:0.04984:0.00012 / 1-3-4:0.0404:0.04923:0.00879 / 2-1-3:0.0394:0.03949:0.00012 / 2-3-1:0.0367:0.03949:0.00279 / 1-3-5:0.0310:0.03475:0.00377,0.3311 0.1559 0.3311 0.1014 0.0716 0.0088,grade=5|a1=1|a12=4|c1cls=3|p1m=0.3311|p1k=0.0175
2026-10-02,尼崎,3,🌊最高(大荒),19,1-5-3 / 1-3-5 / 5-1-3 / 3-1-5 / 5-3-1 / 3-5-1 / 1-5-2 / 1-5-6 / 5-1-2 / 5-1-6 / 1-6-5 / 1-3-6 / 6-1-5 / 1-2-5 / 5-6-1 / 1-6-3 / 6-5-1 / 5-2-1 / 3-1-6,0.0525,1号藤森 拓海,5号蜂須 瑞生,3号盛本 真輔,5.0,3.0,,,,,,model_new(old),1:3.5|2:1.8|3:3.1|4:19.1|5:17.5|6:11.0,1-5-3:0.0525:0.05596:0.00350 / 1-3-5:0.0478:0.05250:0.00473 / 5-1-3:0.0436:0.04650:0.00289 / 3-1-5:0.0372:0.04212:0.00490 / 5-3-1:0.0308:0.03380:0.00300 / 3-5-1:0.0289:0.03262:0.00376 / 1-5-2:0.0271:0.03312:0.00604 / 1-5-6:0.0271:0.02805:0.00099 / 5-1-2:0.0225:0.02753:0.00498 / 5-1-6:0.0225:0.02331:0.00081 / 1-6-5:0.0206:0.02166:0.00102 / 1-3-6:0.0155:0.02302:0.00753 / 6-1-5:0.0146:0.01551:0.00087 / 1-2-5:0.0146:0.02643:0.01179 / 5-6-1:0.0138:0.01452:0.00068 / 1-6-3:0.0132:0.01895:0.00577 / 6-5-1:0.0118:0.01251:0.00070 / 5-2-1:0.0108:0.01761:0.00677 / 3-1-6:0.0107:0.01846:0.00780,leakfree-2026-06,1-3-5:0.0337:0.03843:0.00473 / 1-3-6:0.0328:0.04036:0.00753,0.3982 0.1393 0.2617 0.0461 0.0755 0.0793,grade=5|a1=0|a12=3|c1cls=3|p1m=0.3982|p1k=0.2094
2026-10-02,尼崎,4,🌊最高(大荒),2,1-2-3 / 1-3-2,0.0125,1号川北 浩貴,5号金子 賢志,2号重野 哲之,6.0,4.0,,,,,,model_new(old),1:2.0|2:4.7|3:8.4|4:23.5|5:2.4|6:15.3,1-2-3:0.0125:0.02943:0.01694 / 1-3-2:0.0111:0.02591:0.01479,leakfree-2026-06,1-2-3:0.0859:0.10285:0.01694 / 1-3-2:0.0617:0.07651:0.01479 / 2-1-3:0.0597:0.07242:0.01268 / 3-1-2:0.0373:0.04757:0.01023,0.4664 0.2421 0.1417 0.0426 0.0962 0.011,grade=5|a1=2|a12=3|c1cls=3|p1m=0.4664|p1k=0.3686
2026-10-02,尼崎,5,✅低(堅),7,1-4-6 / 4-1-6 / 1-6-4 / 1-2-6 / 1-6-2 / 6-1-4 / 4-1-2,0.0369,1号畑 竜生,4号井上 遥妃,2号金子 和之,1.0,0.0,,,,,,model_new(old),1:1.3|2:5.5|3:8.4|4:3.6|5:31.5|6:110.2,1-4-6:0.0369:0.04346:0.00660 / 4-1-6:0.0238:0.02748:0.00368 / 1-6-4:0.0214:0.02513:0.00369 / 1-2-6:0.0158:0.01919:0.00337 / 1-6-2:0.0127:0.01511:0.00242 / 6-1-4:0.0111:0.01279:0.00166 / 4-1-2:0.0107:0.08435:0.07370,leakfree-2026-06,2-1-4:0.0444:0.09733:0.05297 / 1-2-4:0.0428:0.14599:0.10319 / 4-1-2:0.0236:0.09733:0.07370,0.4792 0.2189 0.0631 0.2189 0.01 0.01,grade=5|a1=1|a12=3|c1cls=2|p1m=0.4792|p1k=0.5539
2026-10-02,尼崎,6,✅低(堅),4,4-1-3 / 1-4-3 / 4-1-5 / 4-3-1,0.0297,1号山一 鉄也,4号田中 信一郎,3号津田 裕絵,3.0,0.0,,,,,,model_new(old),1:1.2|2:22.5|3:17.5|4:3.0|5:15.7|6:31.5,4-1-3:0.0297:0.08703:0.05734 / 1-4-3:0.0214:0.13284:0.11139 / 4-1-5:0.0158:0.07971:0.06391 / 4-3-1:0.0110:0.02265:0.01161,leakfree-2026-06,4-1-3:0.0606:0.11789:0.05734 / 1-4-3:0.0433:0.15464:0.11139 / 4-1-2:0.0371:0.08170:0.04459,0.4994 0.0492 0.071 0.3434 0.0283 0.0087,grade=5|a1=1|a12=2|c1cls=2|p1m=0.4994|p1k=0.6111
2026-10-02,鳴門,8,✅低(堅),11,1-6-3 / 1-6-2 / 6-1-3 / 1-6-4 / 1-2-6 / 1-6-5 / 6-1-2 / 1-3-6 / 1-4-6 / 1-5-6 / 6-1-4,0.0333,1号門間 雄大,3号福田 翔吾,6号坂元 浩仁,2.0,2.0,,,,,,model_new(old),1:1.4|2:8.8|3:3.3|4:10.6|5:21.3|6:15.2,1-6-3:0.0333:0.06388:0.03058 / 1-6-2:0.0233:0.03481:0.01147 / 6-1-3:0.0221:0.03708:0.01499 / 1-6-4:0.0179:0.02740:0.00952 / 1-2-6:0.0172:0.02971:0.01254 / 1-6-5:0.0155:0.02023:0.00474 / 6-1-2:0.0146:0.02021:0.00562 / 1-3-6:0.0124:0.06563:0.05320 / 1-4-6:0.0124:0.02241:0.01003 / 1-5-6:0.0113:0.01591:0.00458 / 6-1-4:0.0112:0.01590:0.00467,leakfree-2026-06,1-3-2:0.0350:0.12692:0.09189 / 1-2-3:0.0257:0.08349:0.05778 / 1-3-6:0.0179:0.07107:0.05320,0.5863 0.0931 0.2028 0.0521 0.0135 0.0521,grade=5|a1=1|a12=2|c1cls=2|p1m=0.5863|p1k=0.5338
2026-10-02,鳴門,9,⚠高(荒),6,4-1-6 / 1-4-6 / 1-6-4 / 6-1-4 / 4-6-1 / 6-4-1,0.0322,1号近藤 稔也,4号山本 寛久,6号津久井 拓也,2.0,2.0,,,,,,model_new(old),1:1.1|2:19.2|3:21.3|4:4.3|5:9.1|6:27.4,4-1-6:0.0322:0.05183:0.01963 / 1-4-6:0.0233:0.07075:0.04742 / 1-6-4:0.0223:0.04863:0.02636 / 6-1-4:0.0207:0.03007:0.00933 / 4-6-1:0.0202:0.02450:0.00431 / 6-4-1:0.0170:0.02069:0.00368,leakfree-2026-06,4-1-2:0.0361:0.06413:0.02802,0.4465 0.0669 0.0541 0.3271 0.0669 0.0386,grade=5|a1=0|a12=2|c1cls=3|p1m=0.4465|p1k=0.6554
2026-10-02,鳴門,10,✅低(堅),10,1-4-2 / 1-2-4 / 1-4-5 / 4-1-2 / 2-1-4 / 1-4-6 / 1-5-4 / 1-2-5 / 1-5-2 / 1-2-6,0.0798,1号海野 ゆかり,4号荒牧 凪沙,2号室田 泰史,2.0,2.0,,,,,,model_new(old),1:1.2|2:11.8|3:5.1|4:6.9|5:20.7|6:18.4,1-4-2:0.0798:0.11685:0.03709 / 1-2-4:0.0644:0.09647:0.03206 / 1-4-5:0.0296:0.05076:0.02114 / 4-1-2:0.0278:0.04390:0.01611 / 2-1-4:0.0213:0.03458:0.01327 / 1-4-6:0.0187:0.04245:0.02379 / 1-5-4:0.0179:0.03477:0.01689 / 1-2-5:0.0176:0.02832:0.01069 / 1-5-2:0.0136:0.02349:0.00988 / 1-2-6:0.0117:0.02368:0.01202,leakfree-2026-06,1-3-2:0.0600:0.11786:0.05791 / 1-2-3:0.0479:0.09123:0.04338,0.6705 0.0811 0.1373 0.0811 0.02 0.01,grade=5|a1=1|a12=3|c1cls=1|p1m=0.6705|p1k=0.6120
2026-10-02,児島,3,✅低(堅),13,1-6-2 / 1-2-6 / 1-6-5 / 1-5-6 / 1-6-4 / 1-5-2 / 6-1-2 / 1-2-5 / 1-4-6 / 1-6-3 / 6-1-5 / 2-1-6 / 5-1-6,0.0333,1号吉村 誠,2号原田 幸哉,6号竹田 和哉,2.0,3.0,,,,,,model_new(old),1:1.7|2:4.4|3:5.6|4:5.6|5:8.1|6:15.0,1-6-2:0.0333:0.04524:0.01193 / 1-2-6:0.0320:0.04745:0.01543 / 1-6-5:0.0286:0.03511:0.00648 / 1-5-6:0.0270:0.03405:0.00704 / 1-6-4:0.0178:0.02718:0.00937 / 1-5-2:0.0153:0.03932:0.02402 / 6-1-2:0.0149:0.02201:0.00713 / 1-2-5:0.0140:0.04253:0.02857 / 1-4-6:0.0138:0.02488:0.01113 / 1-6-3:0.0133:0.02263:0.00937 / 6-1-5:0.0132:0.01708:0.00387 / 2-1-6:0.0130:0.02350:0.01052 / 5-1-6:0.0120:0.01638:0.00440,leakfree-2026-06,1-3-2:0.0736:0.11152:0.03795 / 1-2-3:0.0530:0.09437:0.04133 / 1-3-4:0.0489:0.07872:0.02982 / 3-1-2:0.0304:0.05525:0.02482,0.5861 0.1193 0.1646 0.0842 0.0336 0.0122,grade=2|a1=6|a12=6|c1cls=1|p1m=0.5861|p1k=0.4316
2026-10-02,児島,4,✅低(堅),6,1-2-3 / 1-3-2 / 1-2-6 / 1-6-2 / 1-3-6 / 1-6-3,0.0289,1号石丸 海渡,3号松井 繁,2号船岡 洋一郎,4.0,3.0,,,,,,model_new(old),1:1.2|2:10.3|3:6.6|4:11.1|5:11.1|6:10.7,1-2-3:0.0289:0.06967:0.04073 / 1-3-2:0.0287:0.07538:0.04671 / 1-2-6:0.0218:0.04690:0.02512 / 1-6-2:0.0194:0.04429:0.02491 / 1-3-6:0.0172:0.06217:0.04496 / 1-6-3:0.0154:0.05426:0.03887,leakfree-2026-06,1-3-2:0.0913:0.13797:0.04671 / 1-2-3:0.0596:0.10035:0.04073 / 1-3-5:0.0523:0.09562:0.04334,0.7082 0.0702 0.1306 0.0286 0.0486 0.0138,grade=2|a1=6|a12=6|c1cls=1|p1m=0.7082|p1k=0.6147
2026-10-02,児島,5,✅低(堅),10,1-4-6 / 1-6-4 / 1-4-5 / 4-1-6 / 1-4-3 / 1-5-4 / 6-1-4 / 4-1-5 / 1-6-5 / 4-1-3,0.0848,1号柳生 泰二,4号小池 修平,6号池田 浩二,2.0,3.0,,,,,,model_new(old),1:1.4|2:6.4|3:7.6|4:5.3|5:18.7|6:8.7,1-4-6:0.0848:0.12355:0.03873 / 1-6-4:0.0529:0.08624:0.03334 / 1-4-5:0.0414:0.05947:0.01802 / 4-1-6:0.0349:0.05626:0.02134 / 1-4-3:0.0326:0.07689:0.04434 / 1-5-4:0.0220:0.03594:0.01390 / 6-1-4:0.0182:0.03552:0.01728 / 4-1-5:0.0172:0.02708:0.00993 / 1-6-5:0.0112:0.02065:0.00945 / 4-1-3:0.0106:0.03502:0.02443,leakfree-2026-06,1-4-3:0.0997:0.14409:0.04434 / 1-3-4:0.0550:0.09438:0.03941 / 1-4-2:0.0472:0.09986:0.05265 / 4-1-3:0.0358:0.06024:0.02443,0.6534 0.0544 0.0785 0.171 0.0114 0.0314,grade=2|a1=6|a12=6|c1cls=1|p1m=0.6534|p1k=0.5255
2026-10-02,児島,6,✅低(堅),17,1-4-2 / 1-2-4 / 4-1-2 / 2-1-4 / 1-2-3 / 1-3-2 / 1-4-3 / 1-2-5 / 2-1-3 / 4-2-1 / 2-4-1 / 1-3-4 / 1-4-5 / 4-1-3 / 1-5-2 / 3-1-2 / 2-1-5,0.0576,1号海野 康志郎,4号宮地 元輝,2号井上 忠政,3.0,3.0,,,,,,model_new(old),1:1.3|2:16.7|3:12.5|4:7.1|5:25.1|6:3.8,1-4-2:0.0576:0.07619:0.01855 / 1-2-4:0.0562:0.07190:0.01568 / 4-1-2:0.0353:0.04425:0.00893 / 2-1-4:0.0337:0.04081:0.00708 / 1-2-3:0.0288:0.03774:0.00891 / 1-3-2:0.0230:0.03229:0.00926 / 1-4-3:0.0206:0.04539:0.02478 / 1-2-5:0.0179:0.02230:0.00444 / 2-1-3:0.0174:0.02142:0.00402 / 4-2-1:0.0172:0.02063:0.00343 / 2-4-1:0.0169:0.02016:0.00322 / 1-3-4:0.0148:0.03664:0.02179 / 1-4-5:0.0145:0.02681:0.01234 / 4-1-3:0.0144:0.02636:0.01193 / 1-5-2:0.0133:0.01754:0.00427 / 3-1-2:0.0129:0.01716:0.00425 / 2-1-5:0.0107:0.01266:0.00200,leakfree-2026-06,1-2-4:0.1351:0.15082:0.01568 / 1-4-2:0.1323:0.15082:0.01855 / 2-1-4:0.0646:0.07168:0.00708 / 4-1-2:0.0627:0.07168:0.00893 / 1-2-3:0.0477:0.05661:0.00891 / 1-4-3:0.0318:0.05661:0.02478 / 1-3-2:0.0311:0.04039:0.00926,0.5993 0.1568 0.0589 0.1568 0.0178 0.0104,grade=2|a1=6|a12=6|c1cls=1|p1m=0.5993|p1k=0.5686
2026-10-02,徳山,7,⚠高(荒),13,1-5-2 / 5-1-2 / 1-5-4 / 1-5-6 / 1-5-3 / 5-1-4 / 5-1-6 / 1-6-5 / 1-4-5 / 5-1-3 / 5-2-1 / 1-3-5 / 6-1-5,0.0391,1号佐藤 太亮,5号安河内 鈴之介,2号畑田 汰一,3.0,3.0,,,,,,model_new(old),1:1.4|2:2.3|3:19.8|4:16.3|5:10.3|6:34.7,1-5-2:0.0391:0.09528:0.05618 / 5-1-2:0.0342:0.06352:0.02929 / 1-5-4:0.0281:0.03602:0.00793 / 1-5-6:0.0279:0.03162:0.00372 / 1-5-3:0.0203:0.02687:0.00653 / 5-1-4:0.0199:0.02401:0.00413 / 5-1-6:0.0191:0.02108:0.00194 / 1-6-5:0.0177:0.02106:0.00333 / 1-4-5:0.0169:0.02437:0.00746 / 5-1-3:0.0145:0.01791:0.00340 / 5-2-1:0.0120:0.03175:0.01972 / 1-3-5:0.0116:0.01760:0.00604 / 6-1-5:0.0100:0.01170:0.00165,leakfree-2026-06,1-5-2:0.0390:0.09518:0.05618,0.4925 0.2249 0.0708 0.049 0.1541 0.0087,grade=5|a1=1|a12=2|c1cls=3|p1m=0.4925|p1k=0.5150
2026-10-02,徳山,8,🌊最高(大荒),6,6-1-4 / 6-4-1 / 1-6-4 / 4-6-1 / 1-4-6 / 4-1-6,0.0538,6号宮脇 遼太,4号島川 海輝,1号眞崎 武蔵,3.0,3.0,,,,,,model_new(old),1:4.6|2:5.2|3:5.6|4:2.8|5:8.7|6:3.5,6-1-4:0.0538:0.07226:0.01844 / 6-4-1:0.0519:0.07400:0.02210 / 1-6-4:0.0511:0.06839:0.01732 / 4-6-1:0.0473:0.07102:0.02370 / 1-4-6:0.0451:0.06407:0.01892 / 4-1-6:0.0434:0.06496:0.02160,leakfree-2026-06,1-4-6:0.0358:0.05470:0.01892 / 4-1-6:0.0347:0.05626:0.02160 / 1-4-2:0.0331:0.04580:0.01274 / 4-1-2:0.0326:0.04711:0.01454,0.297 0.1323 0.0647 0.3166 0.0313 0.1581,grade=5|a1=1|a12=2|c1cls=3|p1m=0.2970|p1k=0.1615
2026-10-02,徳山,9,🌊最高(大荒),11,1-2-5 / 1-5-2 / 2-1-5 / 5-1-2 / 1-2-3 / 1-2-6 / 2-1-3 / 2-5-1 / 5-2-1 / 1-3-2 / 2-1-6,0.0276,1号樅山 拓馬,2号西岡 顕心,4号宮崎 心之介,3.0,3.0,,,,,,model_new(old),1:1.9|2:3.1|3:41.1|4:2.7|5:10.8|6:102.7,1-2-5:0.0276:0.05627:0.02867 / 1-5-2:0.0247:0.04430:0.01960 / 2-1-5:0.0202:0.04313:0.02296 / 5-1-2:0.0173:0.03012:0.01282 / 1-2-3:0.0166:0.02411:0.00753 / 1-2-6:0.0143:0.01734:0.00302 / 2-1-3:0.0124:0.01848:0.00603 / 2-5-1:0.0122:0.02443:0.01226 / 5-2-1:0.0117:0.02167:0.01001 / 1-3-2:0.0116:0.01635:0.00471 / 2-1-6:0.0109:0.01329:0.00241,leakfree-2026-06,1-2-3:0.0419:0.04945:0.00753,0.4703 0.2375 0.0685 0.1627 0.0518 0.0092,grade=5|a1=1|a12=2|c1cls=3|p1m=0.4703|p1k=0.3910
2026-10-02,徳山,10,🌊最高(大荒),9,3-1-4 / 4-1-3 / 3-4-1 / 4-3-1 / 3-1-2 / 3-2-1 / 4-1-2 / 2-3-1 / 2-1-3,0.0436,1号中野 仁照,3号鈴木 孝明,4号三馬 崇史,3.0,3.0,,,,,,model_new(old),1:1.0|2:105.7|3:35.2|4:105.7|5:0.0|6:0.0,3-1-4:0.0436:0.05687:0.01331 / 4-1-3:0.0361:0.04267:0.00653 / 3-4-1:0.0282:0.02844:0.00025 / 4-3-1:0.0258:0.02607:0.00024 / 3-1-2:0.0158:0.02907:0.01331 / 3-2-1:0.0129:0.01310:0.00025 / 4-1-2:0.0124:0.01458:0.00217 / 2-3-1:0.0109:0.01110:0.00024 / 2-1-3:0.0106:0.01710:0.00653,leakfree-2026-06,3-1-4:0.0699:0.08322:0.01331 / 4-1-3:0.0388:0.04530:0.00653 / 3-1-2:0.0324:0.04567:0.01331,0.6186 0.0515 0.2034 0.0938 0.0091 0.0236,grade=5|a1=1|a12=2|c1cls=4|p1m=0.6186|p1k=0.9548
2026-10-02,福岡,2,🌊最高(大荒),10,1-4-5 / 1-5-4 / 1-4-3 / 1-4-6 / 1-3-4 / 1-5-3 / 1-6-4 / 1-3-5 / 4-1-3 / 1-5-6,0.0216,1号岡部 浩,4号安達 裕樹,5号浜先 真範,4.0,4.0,,,,,,model_new(old),1:4.1|2:4.4|3:10.1|4:2.5|5:3.3|6:11.8,1-4-5:0.0216:0.04898:0.02737 / 1-5-4:0.0202:0.04431:0.02410 / 1-4-3:0.0172:0.02612:0.00894 / 1-4-6:0.0149:0.02255:0.00765 / 1-3-4:0.0139:0.02015:0.00629 / 1-5-3:0.0128:0.01877:0.00596 / 1-6-4:0.0117:0.01701:0.00531 / 1-3-5:0.0112:0.01601:0.00477 / 4-1-3:0.0112:0.02160:0.01040 / 1-5-6:0.0111:0.01621:0.00510,leakfree-2026-06,,0.299 0.1642 0.0882 0.2436 0.1922 0.0128,grade=5|a1=1|a12=2|c1cls=3|p1m=0.2990|p1k=0.1796
2026-10-02,福岡,3,⚠高(荒),8,1-3-2 / 1-2-3 / 1-3-4 / 2-1-3 / 1-4-3 / 1-3-5 / 1-5-3 / 4-1-3,0.0979,1号栗山 繁洋,3号上村 純一,2号岩井 繁,4.0,4.0,,,,,,model_new(old),1:3.9|2:17.1|3:1.0|4:77.2|5:38.6|6:0.0,1-3-2:0.0979:0.20155:0.10370 / 1-2-3:0.0644:0.07412:0.00972 / 1-3-4:0.0502:0.07315:0.02297 / 2-1-3:0.0312:0.03942:0.00823 / 1-4-3:0.0217:0.02376:0.00206 / 1-3-5:0.0162:0.06217:0.04594 / 1-5-3:0.0158:0.01999:0.00417 / 4-1-3:0.0103:0.01194:0.00169,leakfree-2026-06,1-3-4:0.0969:0.11985:0.02297 / 3-1-4:0.0712:0.14248:0.07125 / 3-4-1:0.0573:0.07769:0.02035 / 1-4-3:0.0504:0.05242:0.00206 / 4-3-1:0.0452:0.05054:0.00537 / 4-1-3:0.0389:0.04054:0.00169,0.3289 0.0493 0.4355 0.1323 0.0493 0.0048,grade=5|a1=1|a12=1|c1cls=3|p1m=0.3289|p1k=0.1894
2026-10-02,福岡,4,🌊最高(大荒),9,1-4-6 / 1-4-2 / 4-1-2 / 1-4-5 / 4-1-6 / 1-2-4 / 4-1-5 / 1-5-4 / 2-1-4,0.0331,1号中島 浩哉,4号篠原 晟弥,6号定松 勇樹,4.0,4.0,,,,,,model_new(old),1:2.7|2:8.2|3:8.2|4:3.4|5:11.9|6:2.8,1-4-6:0.0331:0.07605:0.04297 / 1-4-2:0.0317:0.04632:0.01467 / 4-1-2:0.0240:0.03759:0.01361 / 1-4-5:0.0223:0.03237:0.01011 / 4-1-6:0.0218:0.06171:0.03987 / 1-2-4:0.0186:0.03031:0.01173 / 4-1-5:0.0169:0.02627:0.00938 / 1-5-4:0.0124:0.02014:0.00774 / 2-1-4:0.0105:0.01984:0.00935,leakfree-2026-06,1-4-2:0.0308:0.04546:0.01467 / 1-4-3:0.0308:0.04546:0.01467,0.3542 0.1038 0.1038 0.2867 0.0204 0.1311,grade=5|a1=1|a12=2|c1cls=3|p1m=0.3542|p1k=0.2744
2026-10-02,福岡,5,🌊最高(大荒),18,4-3-6 / 3-4-6 / 4-6-3 / 4-3-1 / 4-3-5 / 3-4-1 / 6-4-3 / 3-6-4 / 3-4-5 / 4-1-3 / 6-3-4 / 4-5-3 / 4-3-2 / 4-6-1 / 4-6-5 / 4-1-6 / 4-5-6 / 1-4-3,0.0375,4号宮田 龍馬,3号末永 由楽,6号中島 友和,5.0,5.0,,,,,,model_new(old),1:3.8|2:3.6|3:3.3|4:6.4|5:3.0|6:48.0,4-3-6:0.0375:0.03817:0.00068 / 3-4-6:0.0327:0.03347:0.00077 / 4-6-3:0.0282:0.02868:0.00052 / 4-3-1:0.0268:0.03540:0.00858 / 4-3-5:0.0246:0.03547:0.01087 / 3-4-1:0.0213:0.03104:0.00978 / 6-4-3:0.0209:0.02133:0.00046 / 3-6-4:0.0208:0.02148:0.00067 / 3-4-5:0.0187:0.03110:0.01238 / 4-1-3:0.0180:0.02619:0.00821 / 6-3-4:0.0177:0.01822:0.00053 / 4-5-3:0.0150:0.02625:0.01125 / 4-3-2:0.0135:0.02257:0.00905 / 4-6-1:0.0120:0.01243:0.00045 / 4-6-5:0.0119:0.01245:0.00057 / 4-1-6:0.0117:0.01224:0.00056 / 4-5-6:0.0115:0.01226:0.00077 / 1-4-3:0.0103:0.01929:0.00902,leakfree-2026-06,4-3-1:0.0890:0.09759:0.00858 / 3-4-1:0.0712:0.08103:0.00978 / 4-1-3:0.0609:0.06907:0.00821 / 4-3-2:0.0434:0.05243:0.00905 / 1-4-3:0.0396:0.04864:0.00902 / 3-1-4:0.0338:0.04490:0.01110 / 3-4-2:0.0332:0.04353:0.01032,0.1561 0.0839 0.2842 0.4057 0.0581 0.0121,grade=5|a1=1|a12=3|c1cls=3|p1m=0.1561|p1k=0.1943
2026-10-02,唐津,8,🌊最高(大荒),24,4-3-6 / 4-3-5 / 4-5-3 / 4-6-3 / 3-4-6 / 3-4-5 / 5-4-3 / 4-5-6 / 4-6-5 / 6-4-3 / 3-5-4 / 5-4-6 / 5-3-4 / 3-6-4 / 6-4-5 / 6-3-4 / 5-6-4 / 6-5-4 / 3-5-6 / 3-6-5 / 5-3-6 / 6-3-5 / 5-6-3 / 6-5-3,0.0313,4号須藤 博倫,3号泥谷 一毅,5号南 彩寧,6.0,6.0,,,,,,model_new(old),1:2.7|2:3.8|3:4.1|4:2.7|5:12.3|6:49.5,4-3-6:0.0313:0.03318:0.00188 / 4-3-5:0.0313:0.03882:0.00756 / 4-5-3:0.0296:0.03584:0.00619 / 4-6-3:0.0277:0.02914:0.00144 / 3-4-6:0.0271:0.02879:0.00166 / 3-4-5:0.0270:0.03369:0.00670 / 5-4-3:0.0249:0.02964:0.00478 / 4-5-6:0.0246:0.02516:0.00051 / 4-6-5:0.0234:0.02393:0.00048 / 6-4-3:0.0223:0.02337:0.00106 / 3-5-4:0.0210:0.02578:0.00481 / 5-4-6:0.0204:0.02081:0.00040 / 5-3-4:0.0204:0.02457:0.00419 / 3-6-4:0.0200:0.02114:0.00113 / 6-4-5:0.0188:0.01919:0.00035 / 6-3-4:0.0186:0.01954:0.00094 / 5-6-4:0.0153:0.01559:0.00028 / 6-5-4:0.0148:0.01512:0.00027 / 3-5-6:0.0120:0.01223:0.00026 / 3-6-5:0.0115:0.01173:0.00025 / 5-3-6:0.0114:0.01166:0.00023 / 6-3-5:0.0106:0.01084:0.00021 / 5-6-3:0.0104:0.01054:0.00019 / 6-5-3:0.0100:0.01022:0.00018,leakfree-2026-06,,0.2243 0.1618 0.2763 0.2763 0.0487 0.0126,grade=5|a1=1|a12=1|c1cls=3|p1m=0.2243|p1k=0.2745
2026-10-02,唐津,9,🌊最高(大荒),7,5-1-4 / 5-1-2 / 5-2-1 / 5-2-4 / 1-5-2 / 1-5-4 / 2-5-1,0.0146,5号大久保 信一郎,4号北野 輝季,1号中岡 駿,6.0,6.0,,,,,,model_new(old),1:3.9|2:7.8|3:7.8|4:1.5|5:6.7|6:22.2,5-1-4:0.0146:0.03026:0.01567 / 5-1-2:0.0136:0.01662:0.00301 / 5-2-1:0.0124:0.01502:0.00266 / 5-2-4:0.0122:0.01908:0.00692 / 1-5-2:0.0119:0.01524:0.00330 / 1-5-4:0.0106:0.02775:0.01717 / 2-5-1:0.0102:0.01284:0.00262,leakfree-2026-06,,0.2069 0.1857 0.095 0.3219 0.1768 0.0137,grade=5|a1=1|a12=3|c1cls=3|p1m=0.2069|p1k=0.1866
2026-10-02,唐津,10,🌊最高(大荒),12,4-1-3 / 1-4-3 / 4-1-5 / 4-3-1 / 1-4-5 / 4-5-1 / 3-4-1 / 1-3-4 / 5-4-1 / 4-3-5 / 3-1-4 / 4-5-3,0.0483,4号尾嶋 一広,1号梶山 涼斗,3号岩崎 正哉,7.0,7.0,,,,,,model_new(old),1:2.5|2:5.1|3:4.2|4:3.2|5:5.1|6:61.8,4-1-3:0.0483:0.08064:0.03238 / 1-4-3:0.0382:0.07349:0.03533 / 4-1-5:0.0377:0.06431:0.02666 / 4-3-1:0.0308:0.05667:0.02589 / 1-4-5:0.0295:0.05861:0.02910 / 4-5-1:0.0221:0.04236:0.02027 / 3-4-1:0.0187:0.04291:0.02417 / 1-3-4:0.0140:0.04573:0.03168 / 5-4-1:0.0127:0.03090:0.01824 / 4-3-5:0.0111:0.02381:0.01269 / 3-1-4:0.0109:0.03799:0.02711 / 4-5-3:0.0102:0.02231:0.01206,leakfree-2026-06,1-4-2:0.0443:0.07335:0.02910 / 1-2-4:0.0364:0.06106:0.02466 / 1-4-3:0.0305:0.06582:0.03533,0.4291 0.1526 0.1369 0.2227 0.0486 0.0101,grade=5|a1=2|a12=3|c1cls=3|p1m=0.4291|p1k=0.2943
2026-10-02,蒲郡,1,⚠高(荒),4,1-5-6 / 1-4-6 / 1-6-5 / 1-6-4,0.0152,1号佐藤 旭,5号百武 翔,4号一色 颯輝,4.0,2.0,,,,,,model_new(old),1:1.5|2:8.0|3:6.3|4:4.9|5:4.9|6:88.5,1-5-6:0.0152:0.01840:0.00320 / 1-4-6:0.0132:0.01635:0.00320 / 1-6-5:0.0120:0.01431:0.00231 / 1-6-4:0.0108:0.01315:0.00231,leakfree-2026-06,,0.5718 0.0813 0.0813 0.1513 0.1026 0.0118,grade=4|a1=0|a12=1|c1cls=3|p1m=0.5718|p1k=0.4867
2026-10-02,蒲郡,2,⚠高(荒),19,1-5-4 / 1-3-4 / 1-3-5 / 1-5-3 / 5-1-4 / 1-2-4 / 3-1-4 / 3-1-5 / 5-1-3 / 1-3-2 / 1-5-2 / 2-1-4 / 1-4-6 / 1-4-2 / 1-2-3 / 1-2-5 / 1-6-4 / 3-5-1 / 5-3-1,0.0227,1号酒見 峻介,4号末永 祐輝,3号岡本 翔太郎,4.0,2.0,,,,,,model_new(old),1:4.9|2:43.0|3:9.9|4:1.0|5:12.9|6:129.0,1-5-4:0.0227:0.03085:0.00817 / 1-3-4:0.0205:0.03141:0.01088 / 1-3-5:0.0176:0.01846:0.00084 / 1-5-3:0.0176:0.01839:0.00083 / 5-1-4:0.0168:0.02422:0.00740 / 1-2-4:0.0157:0.01808:0.00234 / 3-1-4:0.0147:0.02472:0.01002 / 3-1-5:0.0138:0.01453:0.00078 / 5-1-3:0.0137:0.01444:0.00075 / 1-3-2:0.0116:0.01185:0.00025 / 1-5-2:0.0114:0.01164:0.00019 / 2-1-4:0.0114:0.01340:0.00204 / 1-4-6:0.0112:0.01559:0.00442 / 1-4-2:0.0111:0.02432:0.01325 / 1-2-3:0.0105:0.01078:0.00024 / 1-2-5:0.0104:0.01063:0.00018 / 1-6-4:0.0102:0.01097:0.00077 / 3-5-1:0.0101:0.01078:0.00070 / 5-3-1:0.0101:0.01076:0.00069,leakfree-2026-06,1-3-2:0.0606:0.06083:0.00025 / 1-2-3:0.0521:0.05230:0.00024 / 1-3-4:0.0500:0.06083:0.01088 / 1-3-5:0.0473:0.04817:0.00084 / 1-5-3:0.0382:0.03902:0.00083 / 3-1-2:0.0341:0.03435:0.00023 / 1-2-4:0.0331:0.03549:0.00234,0.5254 0.1083 0.1597 0.1083 0.0858 0.0124,grade=4|a1=1|a12=2|c1cls=3|p1m=0.5254|p1k=0.1444
2026-10-02,蒲郡,3,⚠高(荒),20,1-3-5 / 1-5-6 / 1-3-6 / 1-6-5 / 1-6-3 / 3-1-5 / 1-5-3 / 3-1-6 / 5-1-6 / 6-1-5 / 1-3-2 / 6-1-3 / 1-2-3 / 1-6-2 / 3-6-1 / 1-2-6 / 3-1-2 / 1-3-4 / 6-3-1 / 6-5-1,0.0270,1号土屋 太朗,5号下寺 秀和,3号坂口 貴彦,4.0,2.0,,,,,,model_new(old),1:3.5|2:4.1|3:8.2|4:7.6|5:1.8|6:49.5,1-3-5:0.0270:0.04092:0.01395 / 1-5-6:0.0237:0.02791:0.00425 / 1-3-6:0.0226:0.02315:0.00051 / 1-6-5:0.0214:0.02345:0.00209 / 1-6-3:0.0201:0.02052:0.00046 / 3-1-5:0.0190:0.03106:0.01211 / 1-5-3:0.0175:0.04316:0.02564 / 3-1-6:0.0171:0.01757:0.00044 / 5-1-6:0.0161:0.02181:0.00567 / 6-1-5:0.0149:0.01661:0.00167 / 1-3-2:0.0147:0.02082:0.00613 / 6-1-3:0.0142:0.01453:0.00037 / 1-2-3:0.0110:0.01806:0.00703 / 1-6-2:0.0110:0.01193:0.00092 / 3-6-1:0.0109:0.01125:0.00034 / 1-2-6:0.0105:0.01168:0.00116 / 3-1-2:0.0105:0.01580:0.00531 / 1-3-4:0.0102:0.01352:0.00330 / 6-3-1:0.0102:0.01050:0.00032 / 6-5-1:0.0102:0.01241:0.00225,leakfree-2026-06,1-3-5:0.0426:0.05655:0.01395 / 3-1-5:0.0334:0.04553:0.01211 / 1-5-3:0.0309:0.05655:0.02564,0.3618 0.1061 0.2073 0.1021 0.2073 0.0153,grade=4|a1=1|a12=2|c1cls=3|p1m=0.3618|p1k=0.2103
2026-10-02,蒲郡,4,⚠高(荒),7,1-2-5 / 1-5-2 / 1-4-2 / 1-2-4 / 5-1-2 / 1-2-3 / 1-3-2,0.0173,1号藤原 孝斗,2号高野 哲史,4号水摩 敦,5.0,3.0,,,,,,model_new(old),1:5.3|2:1.7|3:6.4|4:4.9|5:7.0|6:14.0,1-2-5:0.0173:0.03490:0.01756 / 1-5-2:0.0162:0.02609:0.00989 / 1-4-2:0.0122:0.02719:0.01503 / 1-2-4:0.0110:0.03610:0.02508 / 5-1-2:0.0110:0.02051:0.00952 / 1-2-3:0.0109:0.03012:0.01920 / 1-3-2:0.0109:0.02186:0.01096,leakfree-2026-06,1-2-3:0.0507:0.06994:0.01920 / 1-2-4:0.0484:0.07345:0.02508 / 2-1-3:0.0407:0.06994:0.02925 / 2-1-4:0.0352:0.07345:0.03821 / 1-3-2:0.0324:0.04340:0.01096 / 1-4-2:0.0311:0.04617:0.01503,0.3359 0.3359 0.1352 0.1419 0.0407 0.0105,grade=4|a1=1|a12=2|c1cls=3|p1m=0.3359|p1k=0.1396
2026-10-02,蒲郡,5,🌊最高(大荒),20,1-5-6 / 1-6-5 / 5-1-6 / 6-1-5 / 5-6-1 / 6-5-1 / 1-5-3 / 5-1-3 / 1-3-5 / 1-6-3 / 1-3-6 / 1-6-2 / 6-1-3 / 5-3-1 / 1-5-4 / 3-1-5 / 6-1-2 / 5-1-4 / 3-1-6 / 3-5-1,0.0292,1号栗原 直也,5号近江 翔吾,6号金田 諭,4.0,2.0,,,,,,model_new(old),1:3.4|2:1.3|3:7.6|4:44.6|5:9.5|6:26.7,1-5-6:0.0292:0.03002:0.00083 / 1-6-5:0.0269:0.02763:0.00078 / 5-1-6:0.0263:0.02698:0.00071 / 6-1-5:0.0229:0.02355:0.00063 / 5-6-1:0.0211:0.02163:0.00056 / 6-5-1:0.0200:0.02051:0.00053 / 1-5-3:0.0179:0.02080:0.00292 / 5-1-3:0.0162:0.01869:0.00248 / 1-3-5:0.0144:0.01745:0.00301 / 1-6-3:0.0143:0.01528:0.00097 / 1-3-6:0.0129:0.01393:0.00107 / 1-6-2:0.0125:0.01815:0.00568 / 6-1-3:0.0122:0.01302:0.00078 / 5-3-1:0.0117:0.01382:0.00213 / 1-5-4:0.0117:0.01218:0.00050 / 3-1-5:0.0114:0.01400:0.00261 / 6-1-2:0.0109:0.01547:0.00458 / 5-1-4:0.0105:0.01095:0.00042 / 3-1-6:0.0102:0.01117:0.00093 / 3-5-1:0.0102:0.01233:0.00217,leakfree-2026-06,1-3-5:0.0458:0.04885:0.00301 / 1-5-3:0.0431:0.04602:0.00292 / 1-3-2:0.0352:0.05717:0.02198,0.4552 0.1619 0.1619 0.0682 0.1383 0.0146,grade=4|a1=2|a12=3|c1cls=3|p1m=0.4552|p1k=0.2163
2026-10-02,蒲郡,6,🌊最高(大荒),6,1-2-3 / 1-3-2 / 1-2-6 / 1-6-2 / 1-6-3 / 2-1-3,0.0129,1号中野 夢斗,2号川原 正明,5号板橋 侑我,3.0,1.0,,,,,,model_new(old),1:3.1|2:5.9|3:19.0|4:2.7|5:4.0|6:5.5,1-2-3:0.0129:0.01533:0.00244 / 1-3-2:0.0118:0.01391:0.00215 / 1-2-6:0.0117:0.02013:0.00843 / 1-6-2:0.0108:0.01938:0.00855 / 1-6-3:0.0102:0.01288:0.00266 / 2-1-3:0.0101:0.01226:0.00212,leakfree-2026-06,,0.2778 0.2263 0.0568 0.1786 0.082 0.1786,grade=4|a1=1|a12=3|c1cls=3|p1m=0.2778|p1k=0.2395
2026-10-02,蒲郡,7,✅低(堅),10,1-6-5 / 1-5-6 / 1-6-3 / 1-6-4 / 1-6-2 / 1-4-6 / 1-2-6 / 1-5-2 / 1-2-5 / 1-3-6,0.0286,1号小坂 宗司,5号酒井 俊弘,3号太田 和美,3.0,1.0,,,,,,model_new(old),1:1.5|2:17.5|3:4.2|4:8.9|5:4.6|6:13.4,1-6-5:0.0286:0.04670:0.01810 / 1-5-6:0.0286:0.05205:0.02346 / 1-6-3:0.0170:0.03685:0.01983 / 1-6-4:0.0157:0.02503:0.00936 / 1-6-2:0.0152:0.01999:0.00476 / 1-4-6:0.0135:0.02349:0.00996 / 1-2-6:0.0135:0.01810:0.00463 / 1-5-2:0.0131:0.03109:0.01797 / 1-2-5:0.0118:0.02524:0.01349 / 1-3-6:0.0110:0.03784:0.02685,leakfree-2026-06,1-4-5:0.0497:0.07867:0.02901 / 1-4-3:0.0469:0.07867:0.03177 / 1-5-4:0.0433:0.07867:0.03533 / 1-3-4:0.0382:0.07867:0.04043,0.6561 0.0317 0.1002 0.1002 0.1002 0.0115,grade=4|a1=1|a12=3|c1cls=2|p1m=0.6561|p1k=0.4879
2026-10-02,蒲郡,8,△中,19,1-6-3 / 1-6-4 / 1-6-5 / 1-4-6 / 6-1-3 / 1-5-6 / 6-1-4 / 6-1-5 / 1-6-2 / 4-1-6 / 5-1-6 / 1-4-5 / 1-2-6 / 1-5-4 / 1-5-3 / 1-4-3 / 6-1-2 / 6-4-1 / 4-6-1,0.0696,1号野長瀬 正孝,6号三苫 晃幸,3号茅原 悠紀,4.0,2.0,,,,,,model_new(old),1:2.1|2:23.1|3:1.4|4:23.1|5:42.3|6:28.2,1-6-3:0.0696:0.08231:0.01273 / 1-6-4:0.0569:0.05764:0.00077 / 1-6-5:0.0446:0.04499:0.00042 / 1-4-6:0.0423:0.04307:0.00078 / 6-1-3:0.0371:0.04550:0.00842 / 1-5-6:0.0317:0.03215:0.00042 / 6-1-4:0.0314:0.03187:0.00051 / 6-1-5:0.0246:0.02487:0.00028 / 1-6-2:0.0215:0.02231:0.00077 / 4-1-6:0.0208:0.02134:0.00052 / 5-1-6:0.0154:0.01564:0.00027 / 1-4-5:0.0146:0.01516:0.00052 / 1-2-6:0.0140:0.01479:0.00078 / 1-5-4:0.0140:0.01450:0.00051 / 1-5-3:0.0123:0.02071:0.00837 / 1-4-3:0.0121:0.02774:0.01569 / 6-1-2:0.0118:0.01233:0.00051 / 6-4-1:0.0117:0.01204:0.00033 / 4-6-1:0.0105:0.01079:0.00034,leakfree-2026-06,1-3-5:0.0511:0.09913:0.04804 / 1-5-3:0.0318:0.04018:0.00837,0.5353 0.0357 0.2962 0.0489 0.0489 0.0349,grade=4|a1=1|a12=3|c1cls=2|p1m=0.5353|p1k=0.3564
2026-10-02,蒲郡,9,△中,15,1-5-2 / 1-5-6 / 1-2-5 / 1-6-5 / 1-5-4 / 1-5-3 / 5-1-2 / 5-1-6 / 2-1-5 / 1-3-5 / 1-2-6 / 1-6-2 / 6-1-5 / 5-1-3 / 5-1-4,0.0339,1号百武 翔,5号河村 了,4号田中 辰彦,3.0,1.0,,,,,,model_new(old),1:1.9|2:12.3|3:7.6|4:2.0|5:12.3|6:22.3,1-5-2:0.0339:0.03792:0.00401 / 1-5-6:0.0294:0.03157:0.00221 / 1-2-5:0.0289:0.03290:0.00401 / 1-6-5:0.0243:0.02638:0.00211 / 1-5-4:0.0217:0.04634:0.02465 / 1-5-3:0.0209:0.02735:0.00649 / 5-1-2:0.0203:0.02295:0.00262 / 5-1-6:0.0177:0.01911:0.00144 / 2-1-5:0.0161:0.01870:0.00262 / 1-3-5:0.0154:0.02230:0.00695 / 1-2-6:0.0152:0.01739:0.00221 / 1-6-2:0.0146:0.01674:0.00211 / 6-1-5:0.0134:0.01473:0.00134 / 5-1-3:0.0123:0.01655:0.00424 / 5-1-4:0.0119:0.02805:0.01611,leakfree-2026-06,1-2-4:0.0317:0.05634:0.02465 / 1-5-4:0.0317:0.05634:0.02465,0.5942 0.0854 0.0783 0.1444 0.0854 0.0123,grade=4|a1=1|a12=3|c1cls=2|p1m=0.5942|p1k=0.3855
2026-10-02,蒲郡,10,✅低(堅),0,,0.0000,1号高野 哲史,4号新田 泰章,5号一色 颯輝,4.0,2.0,,,,,,model_new(old),,,,,,
2026-10-02,住之江,1,🌊最高(大荒),7,1-4-5 / 1-6-4 / 1-6-5 / 1-4-6 / 1-5-4 / 1-5-6 / 4-1-6,0.0118,1号中井 俊祐,3号奥平 拓也,4号佐藤 大騎,4.0,2.0,,,,,,model_new(old),1:1.3|2:5.2|3:4.4|4:8.5|5:46.8|6:18.7,1-4-5:0.0118:0.01639:0.00463 / 1-6-4:0.0113:0.02152:0.01025 / 1-6-5:0.0111:0.01294:0.00186 / 1-4-6:0.0110:0.02261:0.01158 / 1-5-4:0.0108:0.01465:0.00387 / 1-5-6:0.0104:0.01216:0.00176 / 4-1-6:0.0100:0.01566:0.00561,leakfree-2026-06,,0.554 0.1734 0.1481 0.0796 0.0253 0.0196,grade=5|a1=0|a12=0|c1cls=3|p1m=0.5540|p1k=0.5569
2026-10-02,住之江,2,🌊最高(大荒),19,1-6-5 / 1-5-6 / 1-6-3 / 1-3-5 / 1-3-6 / 1-6-2 / 1-2-6 / 1-2-5 / 6-1-5 / 1-3-2 / 1-2-3 / 6-1-3 / 3-1-6 / 6-1-2 / 2-1-6 / 3-1-5 / 3-1-2 / 2-1-3 / 1-6-4,0.0406,1号加藤 政彦,5号奈須 啓太,6号吉永 則雄,6.0,3.0,,,,,,model_new(old),1:4.2|2:10.9|3:10.2|4:10.2|5:1.2|6:30.6,1-6-5:0.0406:0.04418:0.00360 / 1-5-6:0.0376:0.05016:0.01260 / 1-6-3:0.0282:0.02864:0.00042 / 1-3-5:0.0281:0.03959:0.01147 / 1-3-6:0.0275:0.02798:0.00045 / 1-6-2:0.0250:0.02536:0.00040 / 1-2-6:0.0236:0.02406:0.00042 / 1-2-5:0.0234:0.03406:0.01067 / 6-1-5:0.0225:0.02558:0.00306 / 1-3-2:0.0215:0.02273:0.00126 / 1-2-3:0.0208:0.02208:0.00126 / 6-1-3:0.0162:0.01658:0.00036 / 3-1-6:0.0156:0.01602:0.00040 / 6-1-2:0.0143:0.01468:0.00034 / 2-1-6:0.0132:0.01360:0.00037 / 3-1-5:0.0124:0.02268:0.01023 / 3-1-2:0.0119:0.01302:0.00113 / 2-1-3:0.0114:0.01248:0.00111 / 1-6-4:0.0101:0.01053:0.00042,leakfree-2026-06,1-3-5:0.1212:0.13267:0.01147 / 1-5-3:0.0949:0.13267:0.03779 / 3-1-5:0.0593:0.06949:0.01023 / 1-3-2:0.0481:0.04940:0.00126 / 1-2-3:0.0344:0.03561:0.00126,0.5635 0.062 0.1666 0.0284 0.1666 0.0129,grade=5|a1=0|a12=3|c1cls=3|p1m=0.5635|p1k=0.1711
2026-10-02,住之江,3,🌊最高(大荒),7,3-1-4 / 1-3-4 / 3-4-1 / 4-3-1 / 1-4-3 / 4-1-3 / 3-1-5,0.0303,3号里岡 右貴,1号山口 修路,4号寺本 重宣,3.0,1.0,,,,,,model_new(old),1:4.0|2:2.9|3:2.3|4:6.4|5:10.7|6:16.1,3-1-4:0.0303:0.05156:0.02127 / 1-3-4:0.0268:0.04451:0.01767 / 3-4-1:0.0255:0.04414:0.01861 / 4-3-1:0.0207:0.03490:0.01424 / 1-4-3:0.0190:0.03139:0.01240 / 4-1-3:0.0173:0.02875:0.01142 / 3-1-5:0.0108:0.02355:0.01272,leakfree-2026-06,3-1-4:0.0639:0.08514:0.02127 / 3-4-1:0.0490:0.06758:0.01861 / 1-3-4:0.0459:0.06353:0.01767 / 4-3-1:0.0311:0.04534:0.01424,0.2391 0.1313 0.4322 0.1537 0.0395 0.0041,grade=5|a1=1|a12=2|c1cls=3|p1m=0.2391|p1k=0.1864
2026-10-02,住之江,4,🌊最高(大荒),12,1-2-6 / 1-6-2 / 1-5-2 / 1-4-5 / 1-4-6 / 1-5-4 / 6-1-2 / 5-1-2 / 1-2-5 / 1-6-4 / 4-1-5 / 4-1-6,0.0174,1号木下 陽介,2号秦 英悟,4号安東 幸治,4.0,2.0,,,,,,model_new(old),1:3.1|2:1.5|3:10.0|4:5.4|5:17.3|6:31.7,1-2-6:0.0174:0.03016:0.01276 / 1-6-2:0.0162:0.02092:0.00473 / 1-5-2:0.0157:0.02459:0.00890 / 1-4-5:0.0134:0.01629:0.00284 / 1-4-6:0.0126:0.01420:0.00155 / 1-5-4:0.0123:0.01473:0.00247 / 6-1-2:0.0121:0.01584:0.00370 / 5-1-2:0.0118:0.01892:0.00710 / 1-2-5:0.0112:0.03461:0.02337 / 1-6-4:0.0112:0.01253:0.00131 / 4-1-5:0.0109:0.01336:0.00251 / 4-1-6:0.0103:0.01165:0.00137,leakfree-2026-06,1-2-4:0.0639:0.13883:0.07488 / 2-1-4:0.0516:0.16342:0.11184 / 1-4-2:0.0410:0.07375:0.03276 / 4-1-2:0.0331:0.06200:0.02894 / 2-4-1:0.0277:0.10954:0.08183,0.317 0.4198 0.0274 0.1875 0.0384 0.0099,grade=5|a1=1|a12=2|c1cls=3|p1m=0.3170|p1k=0.2365
2026-10-02,住之江,5,🌊最高(大荒),6,4-1-5 / 5-1-4 / 5-4-1 / 4-5-1 / 1-4-5 / 1-5-4,0.0220,1号永井 亮次,5号松尾 昂明,4号富田 恕生,3.0,1.0,,,,,,model_new(old),1:1.4|2:5.4|3:6.4|4:7.5|5:6.1|6:45.2,4-1-5:0.0220:0.03936:0.01733 / 5-1-4:0.0215:0.04033:0.01887 / 5-4-1:0.0200:0.02866:0.00870 / 4-5-1:0.0199:0.02842:0.00848 / 1-4-5:0.0178:0.05034:0.03257 / 1-5-4:0.0166:0.05114:0.03458,leakfree-2026-06,,0.3115 0.2356 0.1545 0.1153 0.1699 0.0132,grade=5|a1=0|a12=2|c1cls=3|p1m=0.3115|p1k=0.5194
2026-10-02,住之江,6,✅低(堅),12,2-1-5 / 1-2-5 / 2-1-6 / 1-2-6 / 2-5-1 / 1-5-2 / 2-1-4 / 5-2-1 / 2-1-3 / 5-1-2 / 1-2-3 / 2-6-1,0.0671,1号青木 幸太郎,2号丸岡 正典,4号前沢 丈史,5.0,2.0,,,,,,model_new(old),1:2.0|2:3.2|3:23.8|4:3.1|5:13.6|6:9.5,2-1-5:0.0671:0.08201:0.01495 / 1-2-5:0.0657:0.08390:0.01822 / 2-1-6:0.0411:0.06251:0.02140 / 1-2-6:0.0379:0.06395:0.02608 / 2-5-1:0.0241:0.03252:0.00837 / 1-5-2:0.0215:0.03413:0.01265 / 2-1-4:0.0171:0.08263:0.06557 / 5-2-1:0.0147:0.02151:0.00681 / 2-1-3:0.0144:0.02293:0.00854 / 5-1-2:0.0136:0.02207:0.00845 / 1-2-3:0.0130:0.02345:0.01041 / 2-6-1:0.0116:0.02404:0.01239,leakfree-2026-06,1-2-4:0.1304:0.21035:0.07993 / 1-2-5:0.0996:0.11779:0.01822 / 2-1-5:0.0487:0.06364:0.01495 / 2-1-4:0.0481:0.11365:0.06557 / 1-5-2:0.0337:0.04634:0.01265,0.5999 0.2594 0.011 0.0761 0.0426 0.011,grade=5|a1=1|a12=3|c1cls=2|p1m=0.5999|p1k=0.3688
2026-10-02,住之江,7,🌊最高(大荒),10,2-3-1 / 3-2-1 / 2-3-5 / 2-3-4 / 2-5-3 / 2-5-1 / 2-3-6 / 2-4-3 / 3-2-5 / 2-1-5,0.0412,2号原田 才一郎,1号石川 吉鎬,3号庄司 樹良々,2.0,1.0,,,,,,model_new(old),1:1.8|2:2.2|3:6.1|4:7.8|5:27.5|6:36.7,2-3-1:0.0412:0.08568:0.04450 / 3-2-1:0.0197:0.05346:0.03374 / 2-3-5:0.0171:0.01996:0.00291 / 2-3-4:0.0166:0.02684:0.01027 / 2-5-3:0.0128:0.01528:0.00249 / 2-5-1:0.0117:0.02018:0.00843 / 2-3-6:0.0117:0.01384:0.00218 / 2-4-3:0.0115:0.02130:0.00980 / 3-2-5:0.0102:0.01246:0.00221 / 2-1-5:0.0100:0.03074:0.02074,leakfree-2026-06,2-1-3:0.0831:0.17661:0.09349 / 2-3-1:0.0698:0.11430:0.04450 / 3-2-1:0.0342:0.06797:0.03374,0.2756 0.4947 0.1503 0.056 0.0117 0.0117,grade=5|a1=1|a12=2|c1cls=3|p1m=0.2756|p1k=0.4067
2026-10-02,住之江,8,✅低(堅),9,1-3-5 / 1-3-6 / 1-5-3 / 1-3-4 / 1-3-2 / 1-6-3 / 1-4-3 / 3-1-5 / 3-1-6,0.0342,1号佃 來紀,3号三浦 敬太,2号奈須 啓太,5.0,2.0,,,,,,model_new(old),1:2.7|2:2.6|3:2.9|4:20.7|5:7.7|6:15.5,1-3-5:0.0342:0.05442:0.02026 / 1-3-6:0.0267:0.03680:0.01006 / 1-5-3:0.0255:0.04060:0.01509 / 1-3-4:0.0215:0.02900:0.00754 / 1-3-2:0.0192:0.07922:0.06000 / 1-6-3:0.0188:0.02576:0.00696 / 1-4-3:0.0146:0.01976:0.00512 / 3-1-5:0.0118:0.03156:0.01974 / 3-1-6:0.0115:0.02134:0.00981,leakfree-2026-06,1-2-3:0.0381:0.10214:0.06406 / 1-3-2:0.0338:0.09380:0.06000 / 1-2-5:0.0307:0.05488:0.02413,0.516 0.1835 0.1568 0.0472 0.0843 0.0122,grade=5|a1=2|a12=4|c1cls=2|p1m=0.5160|p1k=0.2759
2026-10-02,住之江,9,✅低(堅),6,1-4-3 / 1-3-4 / 4-1-3 / 3-1-4 / 4-3-1 / 3-4-1,0.0703,1号寺本 重宣,3号田中 和也,4号松尾 昂明,4.0,2.0,,,,,,model_new(old),1:1.3|2:5.4|3:5.1|4:7.6|5:30.6|6:38.2,1-4-3:0.0703:0.12913:0.05882 / 1-3-4:0.0690:0.13790:0.06892 / 4-1-3:0.0338:0.06158:0.02781 / 3-1-4:0.0327:0.06708:0.03442 / 4-3-1:0.0113:0.02335:0.01208 / 3-4-1:0.0111:0.02382:0.01276,leakfree-2026-06,1-3-4:0.0934:0.16237:0.06892 / 1-4-3:0.0718:0.13066:0.05882 / 3-1-4:0.0494:0.08379:0.03442 / 4-1-3:0.0353:0.06316:0.02781,0.5828 0.07 0.1916 0.1369 0.0101 0.0086,grade=5|a1=1|a12=3|c1cls=2|p1m=0.5828|p1k=0.5737
2026-10-02,住之江,10,✅低(堅),12,1-2-6 / 1-6-2 / 1-6-3 / 1-6-5 / 1-3-6 / 1-6-4 / 1-5-6 / 1-4-6 / 1-2-3 / 2-1-6 / 6-1-2 / 1-3-2,0.0470,1号江夏 満,2号金山 立樹,5号秦 英悟,4.0,2.0,,,,,,model_new(old),1:1.1|2:9.4|3:13.4|4:23.5|5:4.9|6:31.3,1-2-6:0.0470:0.06090:0.01391 / 1-6-2:0.0463:0.05780:0.01149 / 1-6-3:0.0289:0.03693:0.00806 / 1-6-5:0.0283:0.05038:0.02203 / 1-3-6:0.0254:0.03435:0.00895 / 1-6-4:0.0163:0.02090:0.00459 / 1-5-6:0.0138:0.05069:0.03688 / 1-4-6:0.0131:0.01784:0.00471 / 1-2-3:0.0131:0.04556:0.03248 / 2-1-6:0.0131:0.01813:0.00506 / 6-1-2:0.0131:0.01701:0.00395 / 1-3-2:0.0104:0.04023:0.02980,leakfree-2026-06,1-5-3:0.0435:0.12967:0.08614 / 1-3-5:0.0350:0.09216:0.05717,0.75 0.0542 0.0542 0.0193 0.1109 0.0113,grade=5|a1=2|a12=3|c1cls=1|p1m=0.7500|p1k=0.6642
2026-10-02,住之江,11,✅低(堅),0,,0.0000,1号今泉 友吾,4号丸岡 正典,3号大場 広孝,4.0,2.0,,,,,,model_new(old),1:1.0|2:4.2|3:0.0|4:6.3|5:0.0|6:0.0,,leakfree-2026-06,,0.7257 0.0287 0.0498 0.1566 0.0287 0.0104,grade=5|a1=1|a12=4|c1cls=1|p1m=0.7257|p1k=0.7159
2026-10-02,丸亀,1,🌊最高(大荒),5,1-6-2 / 1-6-3 / 1-2-6 / 1-6-4 / 1-3-6,0.0253,1号泉 啓文,2号松井 貫太,6号中越 博紀,5.0,5.0,,,,,,model_new(old),1:1.9|2:2.4|3:11.5|4:8.6|5:34.5|6:5.7,1-6-2:0.0253:0.07857:0.05325 / 1-6-3:0.0130:0.02407:0.01111 / 1-2-6:0.0117:0.09649:0.08477 / 1-6-4:0.0109:0.02577:0.01486 / 1-3-6:0.0100:0.01982:0.00978,leakfree-2026-06,1-3-2:0.0345:0.05776:0.02323 / 1-2-3:0.0333:0.07527:0.04201,0.4367 0.235 0.1356 0.1174 0.0085 0.0668,grade=5|a1=0|a12=0|c1cls=3|p1m=0.4367|p1k=0.3897
2026-10-02,丸亀,2,⚠高(荒),8,6-1-4 / 6-4-1 / 4-6-1 / 4-1-6 / 6-5-1 / 6-1-2 / 5-6-1 / 6-1-5,0.0201,1号大澤 大夢,6号中岡 健人,4号長谷川 雅和,1.0,1.0,,,,,,model_new(old),1:1.0|2:31.5|3:15.7|4:10.5|5:7.8|6:10.5,6-1-4:0.0201:0.03539:0.01525 / 6-4-1:0.0170:0.02094:0.00397 / 4-6-1:0.0161:0.02010:0.00397 / 4-1-6:0.0160:0.03127:0.01525 / 6-5-1:0.0125:0.01798:0.00550 / 6-1-2:0.0119:0.01698:0.00508 / 5-6-1:0.0113:0.01691:0.00564 / 6-1-5:0.0107:0.03120:0.02053,leakfree-2026-06,1-3-2:0.0436:0.05346:0.00985 / 1-2-3:0.0385:0.04751:0.00903 / 1-3-4:0.0379:0.06751:0.02956 / 1-4-3:0.0320:0.06452:0.03248,0.5948 0.0855 0.1211 0.1079 0.0784 0.0124,grade=5|a1=0|a12=0|c1cls=3|p1m=0.5948|p1k=0.7072
2026-10-02,丸亀,3,🌊最高(大荒),11,1-4-6 / 1-6-4 / 4-1-6 / 6-1-4 / 4-6-1 / 6-4-1 / 1-6-5 / 1-5-6 / 6-1-5 / 4-1-5 / 1-4-5,0.0456,1号妻鳥 晋也,4号寺田 空詩,6号大江 純,1.0,1.0,,,,,,model_new(old),1:1.3|2:6.6|3:4.9|4:5.6|5:24.5|6:24.5,1-4-6:0.0456:0.06062:0.01503 / 1-6-4:0.0438:0.05521:0.01143 / 4-1-6:0.0380:0.04566:0.00767 / 6-1-4:0.0344:0.03967:0.00524 / 4-6-1:0.0257:0.02854:0.00288 / 6-4-1:0.0246:0.02722:0.00258 / 1-6-5:0.0171:0.01967:0.00261 / 1-5-6:0.0135:0.01609:0.00261 / 6-1-5:0.0129:0.01413:0.00120 / 4-1-5:0.0123:0.01994:0.00767 / 1-4-5:0.0114:0.02647:0.01503,leakfree-2026-06,4-1-3:0.0354:0.07376:0.03837 / 1-4-6:0.0340:0.04905:0.01503 / 4-1-6:0.0320:0.03963:0.00767,0.4093 0.0586 0.1575 0.269 0.0209 0.0846,grade=5|a1=0|a12=0|c1cls=3|p1m=0.4093|p1k=0.5554
2026-10-02,丸亀,4,⚠高(荒),7,1-5-3 / 5-1-3 / 1-5-4 / 5-1-4 / 1-5-2 / 5-1-2 / 1-4-5,0.0431,1号守屋 大地,5号郷原 章平,3号小林 甘寧,2.0,2.0,,,,,,model_new(old),1:1.9|2:12.5|3:2.2|4:41.7|5:3.7|6:83.5,1-5-3:0.0431:0.14169:0.09860 / 5-1-3:0.0367:0.11230:0.07558 / 1-5-4:0.0305:0.03570:0.00520 / 5-1-4:0.0243:0.02830:0.00399 / 1-5-2:0.0225:0.03989:0.01735 / 5-1-2:0.0183:0.03161:0.01330 / 1-4-5:0.0148:0.01846:0.00363,leakfree-2026-06,,0.4196 0.0603 0.2916 0.0241 0.2043 0.0001,grade=5|a1=0|a12=1|c1cls=3|p1m=0.4196|p1k=0.3850
2026-10-02,丸亀,5,⚠高(荒),8,1-2-4 / 1-2-6 / 1-4-2 / 1-2-3 / 1-6-2 / 1-2-5 / 2-1-4 / 2-1-6,0.0411,1号佐藤 世那,2号森 悠稀,4号小野 信樹,2.0,2.0,,,,,,model_new(old),1:1.7|2:4.6|3:5.2|4:5.5|5:7.2|6:22.6,1-2-4:0.0411:0.08061:0.03952 / 1-2-6:0.0288:0.03842:0.00962 / 1-4-2:0.0251:0.06224:0.03715 / 1-2-3:0.0193:0.06113:0.04180 / 1-6-2:0.0186:0.02597:0.00734 / 1-2-5:0.0183:0.04851:0.03019 / 2-1-4:0.0136:0.04035:0.02672 / 2-1-6:0.0127:0.01923:0.00650,leakfree-2026-06,1-2-3:0.1092:0.15099:0.04180 / 2-1-3:0.0966:0.12492:0.02827 / 1-2-4:0.0651:0.10464:0.03952 / 2-1-4:0.0598:0.08657:0.02672 / 1-2-5:0.0544:0.08455:0.03019 / 2-1-5:0.0495:0.06995:0.02041,0.4829 0.375 0.0612 0.0424 0.0343 0.0041,grade=5|a1=0|a12=1|c1cls=3|p1m=0.4829|p1k=0.4316
2026-10-02,丸亀,6,✅低(堅),3,1-2-3 / 1-3-2 / 1-3-5,0.0748,1号芝田 浩治,2号岩永 雅人,3号芦澤 望,2.0,2.0,,,,,,model_new(old),1:1.3|2:3.5|3:7.9|4:18.5|5:7.9|6:0.0,1-2-3:0.0748:0.18691:0.11212 / 1-3-2:0.0679:0.14173:0.07386 / 1-3-5:0.0121:0.04482:0.03272,leakfree-2026-06,1-3-2:0.0979:0.17180:0.07386 / 1-2-3:0.0597:0.17180:0.11212,0.68 0.1254 0.1254 0.0269 0.0377 0.0045,grade=5|a1=0|a12=3|c1cls=2|p1m=0.6800|p1k=0.5647
2026-10-02,丸亀,7,✅低(堅),10,1-3-2 / 1-6-2 / 1-2-3 / 1-3-5 / 1-5-2 / 1-3-6 / 1-5-3 / 1-2-6 / 1-6-3 / 1-3-4,0.0254,1号赤羽 克也,2号安河内 健,3号長谷川 雅和,1.0,1.0,,,,,,model_new(old),1:1.4|2:2.9|3:14.8|4:7.8|5:18.5|6:24.7,1-3-2:0.0254:0.05959:0.03421 / 1-6-2:0.0165:0.03611:0.01957 / 1-2-3:0.0146:0.08147:0.06688 / 1-3-5:0.0145:0.01983:0.00536 / 1-5-2:0.0140:0.04070:0.02673 / 1-3-6:0.0138:0.01786:0.00402 / 1-5-3:0.0134:0.01867:0.00524 / 1-2-6:0.0132:0.05326:0.04008 / 1-6-3:0.0127:0.01656:0.00383 / 1-3-4:0.0101:0.02282:0.01272,leakfree-2026-06,1-2-3:0.1006:0.16746:0.06688 / 1-3-2:0.0728:0.10699:0.03421,0.6832 0.1619 0.0743 0.0515 0.0183 0.0108,grade=5|a1=2|a12=3|c1cls=1|p1m=0.6832|p1k=0.5293
2026-10-02,丸亀,8,🌊最高(大荒),0,,0.0000,1号中岡 健人,4号小林 甘寧,3号大江 純,2.0,2.0,,,,,,model_new(old),,,,,,
2026-10-02,丸亀,9,△中,11,1-6-5 / 1-6-4 / 6-1-5 / 1-6-2 / 6-1-4 / 6-1-2 / 1-6-3 / 6-1-3 / 1-4-6 / 6-5-1 / 1-5-6,0.0537,1号郷原 章平,6号森 悠稀,5号寺田 空詩,4.0,4.0,,,,,,model_new(old),1:1.1|2:13.3|3:10.9|4:11.4|5:9.0|6:9.7,1-6-5:0.0537:0.09773:0.04407 / 1-6-4:0.0487:0.08349:0.03479 / 6-1-5:0.0376:0.05377:0.01621 / 1-6-2:0.0348:0.06458:0.02982 / 6-1-4:0.0331:0.04594:0.01280 / 6-1-2:0.0246:0.03553:0.01097 / 1-6-3:0.0178:0.05420:0.03639 / 6-1-3:0.0164:0.02982:0.01338 / 1-4-6:0.0125:0.04585:0.03339 / 6-5-1:0.0103:0.01541:0.00509 / 1-5-6:0.0100:0.05510:0.04506,leakfree-2026-06,1-4-2:0.0610:0.08533:0.02435 / 1-2-4:0.0530:0.07661:0.02358 / 1-4-5:0.0453:0.08126:0.03598 / 1-5-4:0.0335:0.07184:0.03834,0.7212 0.0689 0.014 0.0903 0.0656 0.04,grade=5|a1=0|a12=2|c1cls=2|p1m=0.7212|p1k=0.6597
2026-10-02,丸亀,10,✅低(堅),13,1-4-5 / 1-5-4 / 4-1-5 / 1-4-6 / 1-5-2 / 5-1-4 / 1-5-6 / 1-6-4 / 1-6-5 / 4-1-6 / 1-2-5 / 4-1-2 / 5-1-2,0.0275,1号芦澤 望,4号大澤 大夢,2号妻鳥 晋也,5.0,5.0,,,,,,model_new(old),1:1.1|2:6.4|3:7.3|4:10.1|5:24.0|6:18.8,1-4-5:0.0275:0.04169:0.01421 / 1-5-4:0.0243:0.03672:0.01238 / 4-1-5:0.0169:0.02222:0.00534 / 1-4-6:0.0165:0.03461:0.01814 / 1-5-2:0.0143:0.03379:0.01954 / 5-1-4:0.0142:0.01861:0.00445 / 1-5-6:0.0136:0.02028:0.00665 / 1-6-4:0.0131:0.02930:0.01622 / 1-6-5:0.0127:0.01950:0.00683 / 4-1-6:0.0116:0.01844:0.00681 / 1-2-5:0.0109:0.03716:0.02630 / 4-1-2:0.0107:0.03073:0.02001 / 5-1-2:0.0101:0.01713:0.00703,leakfree-2026-06,1-4-2:0.1280:0.18129:0.05328 / 1-2-4:0.0896:0.15210:0.06250 / 4-1-2:0.0512:0.07119:0.02001 / 2-1-4:0.0328:0.05734:0.02455,0.6658 0.1133 0.0448 0.1489 0.0157 0.0116,grade=5|a1=0|a12=1|c1cls=2|p1m=0.6658|p1k=0.6511
2026-10-02,下関,1,🌊最高(大荒),8,1-2-3 / 1-3-2 / 1-2-6 / 2-1-3 / 3-1-2 / 2-1-6 / 1-6-2 / 6-1-2,0.0447,1号佐々木 裕美,3号濱崎 寿里矢,2号向井田 真紀,4.0,4.0,,,,,,model_new(old),1:1.0|2:13.7|3:9.3|4:16.0|5:72.3|6:11.5,1-2-3:0.0447:0.10738:0.06273 / 1-3-2:0.0388:0.11066:0.07190 / 1-2-6:0.0257:0.07647:0.05073 / 2-1-3:0.0244:0.04140:0.01697 / 3-1-2:0.0230:0.04300:0.01999 / 2-1-6:0.0158:0.02948:0.01372 / 1-6-2:0.0150:0.06851:0.05349 / 6-1-2:0.0110:0.02564:0.01463,leakfree-2026-06,1-3-2:0.1875:0.25940:0.07190 / 1-2-3:0.1092:0.17194:0.06273 / 3-1-2:0.0825:0.10253:0.01999 / 2-1-3:0.0453:0.06229:0.01697,0.6751 0.1032 0.1779 0.016 0.0118 0.016,grade=5|a1=0|a12=0|c1cls=3|p1m=0.6751|p1k=0.7442
2026-10-02,下関,2,🌊最高(大荒),26,3-1-6 / 6-1-3 / 1-3-6 / 3-6-1 / 6-3-1 / 1-6-3 / 3-2-1 / 2-3-1 / 3-1-5 / 1-3-5 / 3-1-2 / 6-2-1 / 3-6-2 / 1-5-3 / 3-2-6 / 2-6-1 / 6-3-2 / 3-5-1 / 2-3-6 / 5-1-3 / 6-1-5 / 1-6-5 / 6-2-3 / 2-6-3 / 5-3-1 / 1-5-6,0.0359,1号前原 哉,3号間庭 菜摘,6号野田 彩加,5.0,5.0,,,,,,model_new(old),1:1.0|2:6.2|3:30.0|4:255.0|5:127.5|6:34.0,3-1-6:0.0359:0.03916:0.00326 / 6-1-3:0.0294:0.03255:0.00319 / 1-3-6:0.0287:0.04532:0.01662 / 3-6-1:0.0282:0.02873:0.00056 / 6-3-1:0.0263:0.02684:0.00056 / 1-6-3:0.0240:0.04032:0.01630 / 3-2-1:0.0231:0.02653:0.00347 / 2-3-1:0.0206:0.02447:0.00389 / 3-1-5:0.0194:0.02029:0.00087 / 1-3-5:0.0191:0.02349:0.00443 / 3-1-2:0.0189:0.03680:0.01787 / 6-2-1:0.0143:0.01734:0.00304 / 3-6-2:0.0140:0.01410:0.00009 / 1-5-3:0.0139:0.01786:0.00394 / 3-2-6:0.0138:0.01386:0.00010 / 2-6-1:0.0137:0.01712:0.00342 / 6-3-2:0.0131:0.01317:0.00009 / 3-5-1:0.0129:0.01306:0.00015 / 2-3-6:0.0127:0.01278:0.00011 / 5-1-3:0.0123:0.01309:0.00076 / 6-1-5:0.0121:0.01286:0.00075 / 1-6-5:0.0121:0.01593:0.00384 / 6-2-3:0.0118:0.01188:0.00010 / 2-6-3:0.0116:0.01173:0.00011 / 5-3-1:0.0109:0.01107:0.00014 / 1-5-6:0.0101:0.01361:0.00347,leakfree-2026-06,3-1-2:0.0748:0.09264:0.01787 / 2-3-1:0.0710:0.07488:0.00389 / 3-2-1:0.0697:0.07319:0.00347 / 2-1-3:0.0449:0.09924:0.05434,0.3713 0.272 0.2552 0.0116 0.045 0.045,grade=5|a1=0|a12=1|c1cls=3|p1m=0.3713|p1k=0.8092
2026-10-02,下関,3,🌊最高(大荒),4,5-1-2 / 5-2-1 / 2-5-1 / 1-5-2,0.0353,1号嶋田 有里,5号中谷 朋子,2号松尾 夏海,5.0,5.0,,,,,,model_new(old),1:1.8|2:3.2|3:6.5|4:7.7|5:5.6|6:42.3,5-1-2:0.0353:0.06674:0.03143 / 5-2-1:0.0353:0.05786:0.02257 / 2-5-1:0.0276:0.05310:0.02548 / 1-5-2:0.0205:0.06676:0.04626,leakfree-2026-06,2-1-3:0.0809:0.11986:0.03898 / 1-2-3:0.0533:0.10414:0.05084 / 2-3-1:0.0450:0.06631:0.02134 / 2-1-5:0.0361:0.08132:0.04524,0.3303 0.4181 0.1271 0.0382 0.0862 0.0001,grade=5|a1=0|a12=2|c1cls=3|p1m=0.3303|p1k=0.4103
2026-10-02,下関,4,🌊最高(大荒),0,,0.0000,1号小林 愛実,5号平川 香織,2号小芦 るり華,5.0,5.0,,,,,,model_new(old),1:2.2|2:2.7|3:6.9|4:10.8|5:3.8|6:38.0,,leakfree-2026-06,1-2-3:0.0328:0.07097:0.03816,0.417 0.3055 0.0902 0.0625 0.1138 0.0111,grade=5|a1=1|a12=2|c1cls=3|p1m=0.4170|p1k=0.3362
2026-10-02,下関,5,△中,10,1-4-2 / 1-4-3 / 1-4-6 / 4-1-2 / 4-1-3 / 1-4-5 / 4-1-6 / 1-6-4 / 1-2-4 / 4-1-5,0.0697,1号原田 佑実,4号片岡 恵里,2号土屋 実沙希,5.0,5.0,,,,,,model_new(old),1:1.5|2:6.2|3:5.6|4:5.3|5:7.2|6:79.5,1-4-2:0.0697:0.11477:0.04509 / 1-4-3:0.0546:0.10457:0.04992 / 1-4-6:0.0390:0.04256:0.00352 / 4-1-2:0.0383:0.06477:0.02648 / 4-1-3:0.0297:0.05902:0.02932 / 1-4-5:0.0271:0.06597:0.03883 / 4-1-6:0.0220:0.02402:0.00207 / 1-6-4:0.0167:0.01929:0.00259 / 1-2-4:0.0151:0.05780:0.04271 / 4-1-5:0.0144:0.03723:0.02280,leakfree-2026-06,1-4-3:0.0710:0.12088:0.04992 / 1-4-2:0.0506:0.09572:0.04509 / 1-3-4:0.0433:0.09222:0.04892,0.6632 0.0657 0.083 0.1432 0.0368 0.0081,grade=5|a1=0|a12=2|c1cls=2|p1m=0.6632|p1k=0.4950
2026-10-02,下関,6,△中,9,1-5-4 / 1-5-6 / 5-1-4 / 5-1-6 / 1-5-3 / 1-5-2 / 5-1-2 / 5-1-3 / 1-6-5,0.0515,1号角 ひとみ,5号若狭 奈美子,4号間庭 菜摘,5.0,5.0,,,,,,model_new(old),1:1.2|2:7.1|3:9.7|4:9.0|5:6.0|6:29.3,1-5-4:0.0515:0.10283:0.05135 / 1-5-6:0.0500:0.06577:0.01577 / 5-1-4:0.0345:0.05785:0.02335 / 5-1-6:0.0298:0.03700:0.00717 / 1-5-3:0.0285:0.07618:0.04765 / 1-5-2:0.0270:0.09214:0.06510 / 5-1-2:0.0222:0.05184:0.02960 / 5-1-3:0.0212:0.04286:0.02166 / 1-6-5:0.0180:0.02975:0.01177,leakfree-2026-06,5-1-3:0.0427:0.06439:0.02166 / 1-5-3:0.0413:0.08896:0.04765 / 5-1-4:0.0410:0.06439:0.02335 / 1-5-4:0.0376:0.08896:0.05135,0.4705 0.0545 0.0973 0.0973 0.2686 0.0119,grade=5|a1=1|a12=2|c1cls=2|p1m=0.4705|p1k=0.5999
2026-10-02,下関,7,🌊最高(大荒),12,5-1-2 / 5-1-3 / 1-5-3 / 1-5-2 / 5-3-1 / 1-3-5 / 3-5-1 / 3-1-5 / 5-1-6 / 5-1-4 / 1-5-6 / 1-5-4,0.0930,5号竹井 奈美,1号大廣 咲季,2号関野 文,3.0,3.0,,,,,,model_new(old),1:2.8|2:1.8|3:10.6|4:10.6|5:4.6|6:34.3,5-1-2:0.0930:0.12963:0.03660 / 5-1-3:0.0893:0.09552:0.00621 / 1-5-3:0.0848:0.09193:0.00709 / 1-5-2:0.0830:0.12474:0.04176 / 5-3-1:0.0333:0.03793:0.00464 / 1-3-5:0.0288:0.03494:0.00612 / 3-5-1:0.0200:0.02421:0.00418 / 3-1-5:0.0183:0.02317:0.00484 / 5-1-6:0.0170:0.01896:0.00192 / 5-1-4:0.0164:0.02257:0.00621 / 1-5-6:0.0161:0.01824:0.00219 / 1-5-4:0.0146:0.02172:0.00709,leakfree-2026-06,2-5-1:0.0329:0.10317:0.07024,0.2344 0.4209 0.0687 0.0476 0.2185 0.0099,grade=5|a1=1|a12=2|c1cls=3|p1m=0.2344|p1k=0.2650
2026-10-02,下関,8,✅低(堅),6,1-4-2 / 1-2-4 / 1-3-4 / 4-1-2 / 1-4-3 / 2-1-4,0.0275,1号喜井 つかさ,2号高田 ひかる,3号佐々木 裕美,2.0,2.0,,,,,,model_new(old),1:1.4|2:2.3|3:8.8|4:17.6|5:35.3|6:31.8,1-4-2:0.0275:0.05913:0.03163 / 1-2-4:0.0208:0.10438:0.08356 / 1-3-4:0.0159:0.02498:0.00912 / 4-1-2:0.0158:0.03168:0.01591 / 1-4-3:0.0156:0.02385:0.00827 / 2-1-4:0.0103:0.06912:0.05883,leakfree-2026-06,1-3-2:0.0836:0.15341:0.06978 / 1-2-3:0.0637:0.23085:0.16711 / 3-1-2:0.0358:0.07250:0.03666,0.5897 0.2253 0.1319 0.0397 0.0087 0.0047,grade=5|a1=1|a12=2|c1cls=2|p1m=0.5897|p1k=0.5179
2026-10-02,下関,9,⚠高(荒),3,1-2-6 / 2-1-6 / 2-6-1,0.0132,2号平山 智加,1号滝沢 織寧,3号小林 愛実,2.0,2.0,,,,,,model_new(old),1:2.9|2:1.5|3:9.0|4:11.3|5:7.2|6:66.2,1-2-6:0.0132:0.02022:0.00705 / 2-1-6:0.0127:0.02305:0.01030 / 2-6-1:0.0111:0.01648:0.00533,leakfree-2026-06,2-3-4:0.0344:0.04613:0.01171 / 2-4-3:0.0330:0.04431:0.01127,0.2012 0.4463 0.1587 0.1424 0.0408 0.0105,grade=5|a1=1|a12=3|c1cls=3|p1m=0.2012|p1k=0.2526
2026-10-02,下関,10,△中,13,1-6-5 / 1-6-3 / 1-5-6 / 1-6-2 / 6-1-5 / 1-3-6 / 1-2-6 / 6-1-3 / 6-1-2 / 5-1-6 / 1-6-4 / 3-1-6 / 2-1-6,0.0535,1号片岡 恵里,6号三嶌 さらら,5号角 ひとみ,4.0,4.0,,,,,,model_new(old),1:1.2|2:7.8|3:9.8|4:10.7|5:6.9|6:19.6,1-6-5:0.0535:0.07223:0.01870 / 1-6-3:0.0393:0.05250:0.01317 / 1-5-6:0.0370:0.06036:0.02339 / 1-6-2:0.0369:0.05348:0.01654 / 6-1-5:0.0279:0.03537:0.00746 / 1-3-6:0.0258:0.04063:0.01478 / 1-2-6:0.0217:0.04153:0.01981 / 6-1-3:0.0205:0.02571:0.00526 / 6-1-2:0.0196:0.02619:0.00660 / 5-1-6:0.0178:0.02783:0.01006 / 1-6-4:0.0158:0.02782:0.01206 / 3-1-6:0.0121:0.01821:0.00614 / 2-1-6:0.0102:0.01864:0.00840,leakfree-2026-06,1-2-3:0.0753:0.11489:0.03961 / 1-3-2:0.0603:0.09745:0.03713 / 1-2-5:0.0366:0.09283:0.05626,0.772 0.084 0.0582 0.0267 0.047 0.0121,grade=5|a1=0|a12=2|c1cls=2|p1m=0.7720|p1k=0.6159
2026-10-02,大村,1,🌊最高(大荒),13,6-4-1 / 6-4-5 / 6-1-4 / 6-5-4 / 4-6-1 / 4-6-5 / 6-1-5 / 6-5-1 / 5-6-4 / 1-6-4 / 6-4-3 / 4-5-6 / 6-4-2,0.0150,6号小宮 涼雅,4号山下 拓巳,1号八戸 琉楓,4.0,3.0,,,,,,model_new(old),1:3.0|2:5.6|3:3.5|4:3.8|5:5.0|6:12.3,6-4-1:0.0150:0.01926:0.00422 / 6-4-5:0.0146:0.01712:0.00253 / 6-1-4:0.0142:0.01874:0.00454 / 6-5-4:0.0137:0.01612:0.00238 / 4-6-1:0.0128:0.01777:0.00494 / 4-6-5:0.0128:0.01580:0.00296 / 6-1-5:0.0118:0.01529:0.00345 / 6-5-1:0.0118:0.01480:0.00302 / 5-6-4:0.0116:0.01428:0.00263 / 1-6-4:0.0113:0.01698:0.00568 / 6-4-3:0.0105:0.01409:0.00362 / 4-5-6:0.0101:0.01347:0.00336 / 6-4-2:0.0100:0.01227:0.00226,leakfree-2026-06,,0.1988 0.1349 0.2949 0.2088 0.1029 0.0598,grade=5|a1=0|a12=0|c1cls=4|p1m=0.1988|p1k=0.2484
2026-10-02,大村,2,⚠高(荒),6,2-4-5 / 4-2-5 / 4-5-2 / 2-5-4 / 5-4-2 / 5-2-4,0.0146,4号岸本 隆,2号星野 太郎,1号仁科 さやか,4.0,3.0,,,,,,model_new(old),1:2.5|2:3.2|3:5.6|4:2.7|5:18.3|6:41.2,2-4-5:0.0146:0.02155:0.00698 / 4-2-5:0.0145:0.02193:0.00740 / 4-5-2:0.0124:0.01775:0.00531 / 2-5-4:0.0124:0.01707:0.00472 / 5-4-2:0.0111:0.01510:0.00401 / 5-2-4:0.0110:0.01478:0.00377,leakfree-2026-06,,0.3398 0.2489 0.16 0.201 0.0411 0.009,grade=5|a1=0|a12=1|c1cls=3|p1m=0.3398|p1k=0.2984
2026-10-02,大村,3,△中,4,1-4-5 / 1-5-4 / 1-4-2 / 1-4-6,0.0412,1号伊久間 陽優,4号柴田 大輔,3号幸田 智裕,4.0,3.0,,,,,,model_new(old),1:1.1|2:16.2|3:5.5|4:6.5|5:12.8|6:81.2,1-4-5:0.0412:0.08921:0.04801 / 1-5-4:0.0298:0.06893:0.03914 / 1-4-2:0.0177:0.05562:0.03793 / 1-4-6:0.0149:0.02244:0.00757,leakfree-2026-06,,0.5539 0.0441 0.1465 0.1715 0.0787 0.0053,grade=5|a1=0|a12=2|c1cls=2|p1m=0.5539|p1k=0.6508
2026-10-02,大村,4,🌊最高(大荒),9,1-5-4 / 5-1-4 / 1-4-5 / 5-4-1 / 4-1-5 / 4-5-1 / 5-1-2 / 5-1-6 / 1-5-6,0.0302,1号山本 浩輔,5号後藤 美翼,4号高倉 孝太,5.0,4.0,,,,,,model_new(old),1:2.4|2:3.3|3:6.1|4:4.5|5:7.6|6:9.1,1-5-4:0.0302:0.04235:0.01216 / 5-1-4:0.0300:0.03934:0.00931 / 1-4-5:0.0263:0.04002:0.01372 / 5-4-1:0.0261:0.03354:0.00749 / 4-1-5:0.0245:0.03588:0.01134 / 4-5-1:0.0243:0.03237:0.00809 / 5-1-2:0.0115:0.02418:0.01269 / 5-1-6:0.0107:0.01529:0.00460 / 1-5-6:0.0105:0.01646:0.00601,leakfree-2026-06,1-2-4:0.0427:0.07837:0.03565 / 1-4-2:0.0323:0.06388:0.03159,0.4073 0.2432 0.0881 0.1639 0.0848 0.0127,grade=5|a1=0|a12=2|c1cls=3|p1m=0.4073|p1k=0.3093
2026-10-02,大村,5,🌊最高(大荒),17,1-6-4 / 6-1-4 / 1-6-2 / 6-1-2 / 1-2-6 / 1-6-5 / 6-1-5 / 6-4-1 / 2-1-6 / 6-2-1 / 1-6-3 / 1-5-6 / 2-6-1 / 6-1-3 / 1-3-6 / 5-1-6 / 6-5-1,0.0329,1号岡本 大,6号松竹 大輔,4号榎 幸司,3.0,2.0,,,,,,model_new(old),1:2.4|2:6.8|3:13.6|4:1.6|5:29.6|6:16.1,1-6-4:0.0329:0.04727:0.01438 / 6-1-4:0.0297:0.04014:0.01045 / 1-6-2:0.0262:0.02960:0.00338 / 6-1-2:0.0227:0.02513:0.00246 / 1-2-6:0.0201:0.02388:0.00375 / 1-6-5:0.0191:0.01983:0.00078 / 6-1-5:0.0163:0.01684:0.00056 / 6-4-1:0.0160:0.02973:0.01369 / 2-1-6:0.0149:0.01785:0.00291 / 6-2-1:0.0148:0.01668:0.00188 / 1-6-3:0.0147:0.01636:0.00169 / 1-5-6:0.0142:0.01495:0.00075 / 2-6-1:0.0127:0.01469:0.00201 / 6-1-3:0.0127:0.01389:0.00123 / 1-3-6:0.0103:0.01206:0.00171 / 5-1-6:0.0102:0.01072:0.00054 / 6-5-1:0.0102:0.01057:0.00039,leakfree-2026-06,1-4-6:0.0387:0.07862:0.03997 / 1-6-4:0.0341:0.04851:0.01438,0.4524 0.0978 0.0678 0.2701 0.0141 0.0978,grade=5|a1=0|a12=1|c1cls=3|p1m=0.4524|p1k=0.3068
2026-10-02,大村,6,✅低(堅),2,5-1-3 / 1-5-3,0.0130,1号松井 賢治,5号小宮 涼雅,6号日笠 勝弘,4.0,3.0,,,,,,model_new(old),1:1.0|2:18.0|3:13.5|4:10.8|5:18.0|6:0.0,5-1-3:0.0130:0.02484:0.01186 / 1-5-3:0.0107:0.06290:0.05217,leakfree-2026-06,1-5-3:0.0624:0.11460:0.05217 / 1-3-5:0.0577:0.11460:0.05692 / 1-5-2:0.0535:0.09260:0.03913 / 1-2-5:0.0461:0.08524:0.03913 / 1-3-2:0.0357:0.09260:0.05692 / 1-2-3:0.0331:0.08524:0.05217,0.8227 0.0444 0.055 0.0115 0.055 0.0115,grade=5|a1=0|a12=1|c1cls=2|p1m=0.8227|p1k=0.7826
